Claim_ID,Para_Index,Ledger_Row_IDs,Tradition,Claim_Family,Books_Named,Hadith_Numbers_Guess,Flags,Harvest_Status,Conflict_Type,Triage_Bucket,Evidence_Note,Recommended_Disposition,Author_Decision,Print_Safe,Manuscript_Text_Excerpt,Live_DOCX_Para_Excerpt
B1-C00008,323,REF-003,SHIA,SHIA_NARRATION,al-Kafi,al-Kafi:2|al-Kafi:2,CITATION_BULLET|PAGE_CHECK_MARKER|SHIA_BOOK|HADITH_WORD,CONFLICT,SHIA_RECENSION_OR_PAGE,SHIA_RECENSION_OR_PAGE,SOURCE_EXISTENCE ≠ CLAIM_SUPPORT; harvest CONFLICT retained,EDITION-LOCK + PAGE-CHECK — thaqalayn blocked; AUTHOR DECISION on edition,,NO,"•  তসবিহে মা সাইয়্যিদা ফাতিমাতুয্ যাহরা (আলাইহাস্ সালাম) ৩৪-৩৩-৩৩: আল-কাফি, খণ্ড ২, কিতাবুদ দোয়া, ঘুমের আগের দোয়ার বাব (ইমাম সাদিক (আলাইহিস্ সালাম) থেকে হিশাম ইবনে সালিমের বর্ণনা) — PAGE-CHECK (হাদীস নম্বর মেলানো বাকি)।","•  তসবিহে মা সাইয়্যিদা ফাতিমাতুয্ যাহরা (আলাইহাস্ সালাম) ৩৪-৩৩-৩৩: আল-কাফি, খণ্ড ২, কিতাবুদ দোয়া, ঘুমের আগের দোয়ার বাব (ইমাম সাদিক (আলাইহিস্ সালাম) থেকে হিশাম ইবনে সালিমের বর্ণনা) — PAGE-CHECK (হাদীস নম্বর মেলানো বাকি)।"
B1-C00012,401,REF-004,SUNNI,SUNNI_NARRATION,Jami_al-Tirmidhi,,CITATION_BULLET|PAGE_CHECK_MARKER|SUNNI_BOOK,CONFLICT,SUNNI_SIX_NUMBER_OR_WORDING,SUNNI_SIX_NUMBER_OR_WORDING,SOURCE_EXISTENCE ≠ CLAIM_SUPPORT; harvest CONFLICT retained,PAGE-CHECK / re-verify with verify_sunni.py — number/wording conflict; AUTHOR DECISION if print changes,,NO,"•  «সাদাকাহ গুনাহ নিভিয়ে দেয়, যেমন পানি আগুন» — তিরমিযিতে বর্ণিত বলে প্রচলিত; PAGE-CHECK (নম্বর মেলানো বাকি, ছাপায় নম্বর ছাড়া)।","•  «সাদাকাহ গুনাহ নিভিয়ে দেয়, যেমন পানি আগুন» — তিরমিযিতে বর্ণিত বলে প্রচলিত; PAGE-CHECK (নম্বর মেলানো বাকি, ছাপায় নম্বর ছাড়া)।"
B1-C00017,502,REF-005,SUNNI,SUNNI_NARRATION,Sunan_Ibn_Majah,Sunan_Ibn_Majah:2198|Sunan_Ibn_Majah:2198|HADITH:2198,CITATION_BULLET|PAGE_CHECK_MARKER|SUTRA_MARKER|SUNNI_BOOK|HADITH_WORD,CONFLICT,SUNNI_SIX_NUMBER_OR_WORDING,SUNNI_SIX_NUMBER_OR_WORDING,SOURCE_EXISTENCE ≠ CLAIM_SUPPORT; harvest CONFLICT retained,PAGE-CHECK / re-verify with verify_sunni.py — number/wording conflict; AUTHOR DECISION if print changes,,NO,"•  কুঠার কিনে দেওয়ার ঘটনা: সুনানে ইবনে মাজাহ, কিতাবুত তিজারাত, হাদীস ২১৯৮ — খাতার সূত্র; PAGE-CHECK।","•  কুঠার কিনে দেওয়ার ঘটনা: সুনানে ইবনে মাজাহ, কিতাবুত তিজারাত, হাদীস ২১৯৮ — খাতার সূত্র; PAGE-CHECK।"
B1-C00027,586,REF-010,SUNNI,SUNNI_NARRATION,Jami_al-Tirmidhi,Jami_al-Tirmidhi:3775|Jami_al-Tirmidhi:3775,CITATION_BULLET|PAGE_CHECK_MARKER|SUTRA_MARKER|SUNNI_BOOK,CONFLICT,SUNNI_SIX_NUMBER_OR_WORDING,SUNNI_SIX_NUMBER_OR_WORDING,SOURCE_EXISTENCE ≠ CLAIM_SUPPORT; harvest CONFLICT retained,PAGE-CHECK / re-verify with verify_sunni.py — number/wording conflict; AUTHOR DECISION if print changes,,NO,"•  «হুসাইন আমার অংশ, আর আমি হুসাইনের অংশ। যে হুসাইনকে ভালোবাসে, আল্লাহ তাকে ভালোবাসেন।» — জামে তিরমিযি ৩৭৭৫ (খাতার সূত্র); PAGE-CHECK।","•  «হুসাইন আমার অংশ, আর আমি হুসাইনের অংশ। যে হুসাইনকে ভালোবাসে, আল্লাহ তাকে ভালোবাসেন।» — জামে তিরমিযি ৩৭৭৫ (খাতার সূত্র); PAGE-CHECK।"
B1-C00028,587,REF-011,SUNNI,SUNNI_NARRATION,Jami_al-Tirmidhi|Musnad_Ahmad|Mustadrak_al-Hakim,Jami_al-Tirmidhi:3786|Jami_al-Tirmidhi:3786|Musnad_Ahmad:3786|Musnad_Ahmad:3786|Musnad_Ahmad:3786|Musnad_Ahmad:3786,CITATION_BULLET|BARNITA_MARKER|SUNNI_BOOK|HADITH_WORD,CONFLICT,MIXED_SUNNI_SHIA_OR_CORPUS,MIXED_SUNNI_SHIA_OR_CORPUS,SOURCE_EXISTENCE ≠ CLAIM_SUPPORT; harvest CONFLICT retained,SPLIT / KEEP SEPARATE — Sunni and Shia lines must not merge; AUTHOR DECISION on print form,,NO,"•  «আমার আহলুল বাইত হচ্ছে নূহ (আলাইহিস্ সালাম)-এর নৌকার মতো। যারা এতে চড়ে, তারা নাজাত পায়; যারা বিমুখ হয়, তারা ডুবে যায়।» — খাতায় «মুসনাদে আহমদ ৩৭৮৬»; এই নম্বর সন্দেহজনক (তিরমিযি ৩৭৮৬ সাকালাইনের হাদীস)। PRINT BLOCKED নম্বরটি; ছাপায় «বর্ণিত আছে» যতক্ষণ সঠিক উৎস (হাকিম/তাবারানি) মেলানো না হয়।","•  «আমার আহলুল বাইত হচ্ছে নূহ (আলাইহিস্ সালাম)-এর নৌকার মতো। যারা এতে চড়ে, তারা নাজাত পায়; যারা বিমুখ হয়, তারা ডুবে যায়।» — খাতায় «মুসনাদে আহমদ ৩৭৮৬»; এই নম্বর সন্দেহজনক (তিরমিযি ৩৭৮৬ সাকালাইনের হাদীস)। PRINT BLOCKED নম্বরটি; ছাপায় «বর্ণিত আছে» যতক্ষণ সঠিক উৎস (হাকিম/তাবারানি) মেলানো না হয়।"
B1-C00029,588,REF-012,SUNNI,SUNNI_NARRATION,Jami_al-Tirmidhi,Jami_al-Tirmidhi:3713|Jami_al-Tirmidhi:3713|Jami_al-Tirmidhi:3768|Jami_al-Tirmidhi:3768,CITATION_BULLET|PAGE_CHECK_MARKER|SUTRA_MARKER|SUNNI_BOOK,CONFLICT,SUNNI_SIX_NUMBER_OR_WORDING,SUNNI_SIX_NUMBER_OR_WORDING,SOURCE_EXISTENCE ≠ CLAIM_SUPPORT; harvest CONFLICT retained,PAGE-CHECK / re-verify with verify_sunni.py — number/wording conflict; AUTHOR DECISION if print changes,,NO,"•  «আমি যার মাওলা, আলীও তার মাওলা» — জামে তিরমিযি ৩৭১৩; «হাসান ও হুসাইন জান্নাতের যুবকদের নেতা» — জামে তিরমিযি ৩৭৬৮ (খাতার সূত্র); PAGE-CHECK।","•  «আমি যার মাওলা, আলীও তার মাওলা» — জামে তিরমিযি ৩৭১৩; «হাসান ও হুসাইন জান্নাতের যুবকদের নেতা» — জামে তিরমিযি ৩৭৬৮ (খাতার সূত্র); PAGE-CHECK।"
B1-C00038,825,REF-013,SUNNI,SUNNI_NARRATION,Sunan_Abu_Dawud,Sunan_Abu_Dawud:5021|Sunan_Abu_Dawud:5021,CITATION_BULLET|PAGE_CHECK_MARKER|SUNNI_BOOK|HADITH_WORD,CONFLICT,SUNNI_SIX_NUMBER_OR_WORDING,SUNNI_SIX_NUMBER_OR_WORDING,SOURCE_EXISTENCE ≠ CLAIM_SUPPORT; harvest CONFLICT retained,PAGE-CHECK / re-verify with verify_sunni.py — number/wording conflict; AUTHOR DECISION if print changes,,NO,"•  «যে স্বপ্নে আমাকে দেখল সে সত্যিই আমাকে দেখল» ও স্বপ্নের তিন প্রকার — শ্রোতা ০৪-এ «আবু দাউদ, হাদিস : ৫০২১»; PAGE-CHECK।","•  «যে স্বপ্নে আমাকে দেখল সে সত্যিই আমাকে দেখল» ও স্বপ্নের তিন প্রকার — শ্রোতা ০৪-এ «আবু দাউদ, হাদিস : ৫০২১»; PAGE-CHECK।"
B1-C00044,1030,REF-016,UNSPECIFIED,ATTRIBUTION_ONLY,,,CITATION_BULLET|PAGE_CHECK_MARKER|BARNITA_MARKER,CONFLICT,ATTRIBUTION_VS_SOURCE_LOCK,ATTRIBUTION_VS_SOURCE_LOCK,SOURCE_EXISTENCE ≠ CLAIM_SUPPORT; harvest CONFLICT retained,KEEP ATTRIBUTION-ONLY or author decision — no silent deletion; PAGE-CHECK until source locked,,NO,•  «চিন্তাসহ দুই রাকাত সারা রাতের নফলের চেয়ে উত্তম» ও «দোয়া সর্বোচ্চ ইবাদত» — শ্রোতা ০৪-এ জনির নোট; মূল কিতাবের পৃষ্ঠা মেলানো হয়নি — «বর্ণিত আছে» / PAGE-CHECK।,•  «চিন্তাসহ দুই রাকাত সারা রাতের নফলের চেয়ে উত্তম» ও «দোয়া সর্বোচ্চ ইবাদত» — শ্রোতা ০৪-এ জনির নোট; মূল কিতাবের পৃষ্ঠা মেলানো হয়নি — «বর্ণিত আছে» / PAGE-CHECK।
B1-C00052,1172,REF-019,QURAN,QURAN,,,CITATION_BULLET|PAGE_CHECK_MARKER|BARNITA_MARKER|QURAN_MARKER,CONFLICT,ATTRIBUTION_VS_SOURCE_LOCK,ATTRIBUTION_VS_SOURCE_LOCK,SOURCE_EXISTENCE ≠ CLAIM_SUPPORT; harvest CONFLICT retained,KEEP ATTRIBUTION-ONLY or author decision — no silent deletion; PAGE-CHECK until source locked,,NO,•  ইবলিসের সিজদা-অস্বীকার: সূরা আল-আ'রাফ ৭:১২ — api.alquran.cloud — CONFIRMED। «সর্বত্র সেজদার প্রস্তাব» — তাফসীরের বর্ণনা; মূল বই-পৃষ্ঠা মেলানো হয়নি — «বর্ণিত আছে» / PAGE-CHECK।,•  ইবলিসের সিজদা-অস্বীকার: সূরা আল-আ'রাফ ৭:১২ — api.alquran.cloud — CONFIRMED। «সর্বত্র সেজদার প্রস্তাব» — তাফসীরের বর্ণনা; মূল বই-পৃষ্ঠা মেলানো হয়নি — «বর্ণিত আছে» / PAGE-CHECK।
B1-C00062,1442,REF-023,UNSPECIFIED,ATTRIBUTION_ONLY,,,BARNITA_MARKER|QURAN_MARKER,CONFLICT,ATTRIBUTION_VS_SOURCE_LOCK,ATTRIBUTION_VS_SOURCE_LOCK,SOURCE_EXISTENCE ≠ CLAIM_SUPPORT; harvest CONFLICT retained,KEEP ATTRIBUTION-ONLY or author decision — no silent deletion; PAGE-CHECK until source locked,,NO,"“নিজেরাই। তাঁরা জানতেন, বিসমিল্লাহ ছাড়লে নামাজের একটা অংশ চুরি হয়ে যায়।” বুরুল্লাহ একটু থামল। “ইমাম মুহাম্মাদ আল-বাকির (আলাইহিস্ সালাম)-এর একটি কথা তাফসীরের কিতাবে বর্ণিত আছে: ‘তারা আল্লাহর কিতাবের সবচেয়ে সম্মানিত আয়াত চুরি করেছে, বিসমিল্লাহির রাহমানির রাহিম।’”","“নিজেরাই। তাঁরা জানতেন, বিসমিল্লাহ ছাড়লে নামাজের একটা অংশ চুরি হয়ে যায়।” বুরুল্লাহ একটু থামল। “ইমাম মুহাম্মাদ আল-বাকির (আলাইহিস্ সালাম)-এর একটি কথা তাফসীরের কিতাবে বর্ণিত আছে: ‘তারা আল্লাহর কিতাবের সবচেয়ে সম্মানিত আয়াত চুরি করেছে, বিসমিল্লাহির রাহমানির রাহিম।’”"
B1-C00063,1445,REF-024,SHIA,SHIA_NARRATION,al-Kafi,,BARNITA_MARKER|SHIA_BOOK|HADITH_WORD,CONFLICT,ATTRIBUTION_VS_SOURCE_LOCK,ATTRIBUTION_VS_SOURCE_LOCK,SOURCE_EXISTENCE ≠ CLAIM_SUPPORT; harvest CONFLICT retained,KEEP ATTRIBUTION-ONLY or author decision — no silent deletion; PAGE-CHECK until source locked,,NO,"“আল-কাফিতে ইমাম সাদিক (আলাইহিস্ সালাম) থেকে আছে, বিসমিল্লাহর ‘বা’ হলো আল্লাহর ‘বাহা’, তাঁর সৌন্দর্য, তাঁর জ্যোতি। এটা হাদিস।” সে গলা নামাল। “আর আমাদের বুজুর্গদের মুখে শুনেছি, বর্ণিত আছে, সেই ‘বা’-এর নিচের বিন্দু হলেন আলী (আলাইহিস্ সালাম)। এটা হাদিসের কিতাবের কথা নয়, রাকিকা। এটা হৃদয়ের কথা। আমি যখন বিসমিল্লাহ পড়ি, ‘বা’-তে এসে আমার হৃদয় একটু থামে। মনে হয়, আল্লাহর সৌন্দর্যের দরজায় দাঁড়িয়ে আছি","“আল-কাফিতে ইমাম সাদিক (আলাইহিস্ সালাম) থেকে আছে, বিসমিল্লাহর ‘বা’ হলো আল্লাহর ‘বাহা’, তাঁর সৌন্দর্য, তাঁর জ্যোতি। এটা হাদিস।” সে গলা নামাল। “আর আমাদের বুজুর্গদের মুখে শুনেছি, বর্ণিত আছে, সেই ‘বা’-এর নিচের বিন্দু হলেন আলী (আলাইহিস্ সালাম)। এটা হাদিসের কিতাবের কথা নয়, রাকিকা। এটা হৃদয়ের কথা। আমি যখন বিসমিল্লাহ পড়ি, ‘বা’-তে এসে আমার হৃদয় একটু থামে। মনে হয়, আল্লাহর সৌন্দর্যের দরজায় দাঁড়িয়ে আছি"
B1-C00064,1464,REF-025,UNSPECIFIED,ATTRIBUTION_ONLY,,,BARNITA_MARKER|RASUL_SAID,CONFLICT,ATTRIBUTION_VS_SOURCE_LOCK,ATTRIBUTION_VS_SOURCE_LOCK,SOURCE_EXISTENCE ≠ CLAIM_SUPPORT; harvest CONFLICT retained,KEEP ATTRIBUTION-ONLY or author decision — no silent deletion; PAGE-CHECK until source locked,,NO,"“হাসার মতোই শব্দ,” বুরুল্লাহও হাসল। “কিন্তু কথাটা কাঁদার মতো। বর্ণিত আছে, রাসূলুল্লাহ ﷺ বলেছেন: হে আমার উম্মতীরা তোমরা আমার উপর লেজ কাটা দরূদ পড়বে না। তখন সাহাবীরা বলল লেজকাটা দরূদ কি? তখন রাসূলুল্লাহ ﷺ বললেন, ‘আল্লাহুম্মা সাল্লে আলা মুহাম্মাদ’ বলে থেমে যাবে না। ‘আল্লাহুম্মা সাল্লে আলা মুহাম্মাদ ওয়া আলে মুহাম্মাদ’ পুরাটা বলবে। আমার সাথে আমার ‘আ’ল’ আহলুল বাইতকে সবসময় সংযুক্ত রাখবে। সাহাবারা জিজ্","“হাসার মতোই শব্দ,” বুরুল্লাহও হাসল। “কিন্তু কথাটা কাঁদার মতো। বর্ণিত আছে, রাসূলুল্লাহ ﷺ বলেছেন: হে আমার উম্মতীরা তোমরা আমার উপর লেজ কাটা দরূদ পড়বে না। তখন সাহাবীরা বলল লেজকাটা দরূদ কি? তখন রাসূলুল্লাহ ﷺ বললেন, ‘আল্লাহুম্মা সাল্লে আলা মুহাম্মাদ’ বলে থেমে যাবে না। ‘আল্লাহুম্মা সাল্লে আলা মুহাম্মাদ ওয়া আলে মুহাম্মাদ’ পুরাটা বলবে। আমার সাথে আমার ‘আ’ল’ আহলুল বাইতকে সবসময় সংযুক্ত রাখবে। সাহাবারা জিজ্"
B1-C00072,1589,REF-027,UNSPECIFIED,ATTRIBUTION_ONLY,,,BARNITA_MARKER,CONFLICT,ATTRIBUTION_VS_SOURCE_LOCK,ATTRIBUTION_VS_SOURCE_LOCK,SOURCE_EXISTENCE ≠ CLAIM_SUPPORT; harvest CONFLICT retained,KEEP ATTRIBUTION-ONLY or author decision — no silent deletion; PAGE-CHECK until source locked,,NO,"“বর্ণিত আছে, আল্লাহ সবার আগে সৃষ্টি করেছেন মুহাম্মাদ ও আলে মুহাম্মাদের নূর। বাকি সব সৃষ্টি তার পরে। যিনি আগে ছিলেন, তিনিই দেখেছেন পরে কী হলো। আল্লাহ সৃষ্টি করেছেন, তাঁরা সাক্ষী ছিলেন, আর তাঁরাই আমাদের শেখান।” বুরুল্লাহ বইটা বন্ধ করল। “তাই আল্লাহর পরিচয় আমাদের কাছে আনতে পারেন কেবল মুহাম্মাদ ও আলে মুহাম্মাদ। অন্য কেউ যা বলবে, সে শুনে বলবে। তাঁরা বলেন দেখে।”","“বর্ণিত আছে, আল্লাহ সবার আগে সৃষ্টি করেছেন মুহাম্মাদ ও আলে মুহাম্মাদের নূর। বাকি সব সৃষ্টি তার পরে। যিনি আগে ছিলেন, তিনিই দেখেছেন পরে কী হলো। আল্লাহ সৃষ্টি করেছেন, তাঁরা সাক্ষী ছিলেন, আর তাঁরাই আমাদের শেখান।” বুরুল্লাহ বইটা বন্ধ করল। “তাই আল্লাহর পরিচয় আমাদের কাছে আনতে পারেন কেবল মুহাম্মাদ ও আলে মুহাম্মাদ। অন্য কেউ যা বলবে, সে শুনে বলবে। তাঁরা বলেন দেখে।”"
B1-C00081,1642,REF-032,SHIA,SHIA_NARRATION,Bihar_al-Anwar,Bihar_al-Anwar:85|Bihar_al-Anwar:20|Bihar_al-Anwar:85|Bihar_al-Anwar:20,CITATION_BULLET|PAGE_CHECK_MARKER|QURAN_MARKER|SHIA_BOOK,CONFLICT,SHIA_RECENSION_OR_PAGE,SHIA_RECENSION_OR_PAGE,SOURCE_EXISTENCE ≠ CLAIM_SUPPORT; harvest CONFLICT retained,EDITION-LOCK + PAGE-CHECK — thaqalayn blocked; AUTHOR DECISION on edition,,NO,"•  «তারা আল্লাহর কিতাবের সবচেয়ে সম্মানিত আয়াত চুরি করেছে» (অংশ ৪৭): আবু হামযা, ইমাম বাকির (আলাইহিস্ সালাম) থেকে: «سرقوا أكرم آية في كتاب الله: بسم الله الرحمن الرحيم»। তাফসীরে আইয়াশি (সনদবিহীন, মুরসাল), বিহারুল আনওয়ার (বৈরুত/ওয়াফা) খণ্ড ৮৫, পৃ. ২০-এ উদ্ধৃত। আইয়াশির মূল পৃষ্ঠা PAGE-CHECK।","•  «তারা আল্লাহর কিতাবের সবচেয়ে সম্মানিত আয়াত চুরি করেছে» (অংশ ৪৭): আবু হামযা, ইমাম বাকির (আলাইহিস্ সালাম) থেকে: «سرقوا أكرم آية في كتاب الله: بسم الله الرحمن الرحيم»। তাফসীরে আইয়াশি (সনদবিহীন, মুরসাল), বিহারুল আনওয়ার (বৈরুত/ওয়াফা) খণ্ড ৮৫, পৃ. ২০-এ উদ্ধৃত। আইয়াশির মূল পৃষ্ঠা PAGE-CHECK।"
B1-C00082,1643,REF-033,SHIA,SHIA_NARRATION,al-Kafi,al-Kafi:1|al-Kafi:114|al-Kafi:1|al-Kafi:114,CITATION_BULLET|PAGE_CHECK_MARKER|BARNITA_MARKER|SHIA_BOOK|HADITH_WORD,CONFLICT,ATTRIBUTION_VS_SOURCE_LOCK,ATTRIBUTION_VS_SOURCE_LOCK,SOURCE_EXISTENCE ≠ CLAIM_SUPPORT; harvest CONFLICT retained,KEEP ATTRIBUTION-ONLY or author decision — no silent deletion; PAGE-CHECK until source locked,,NO,"•  «বা» (অংশ ৫০): «الباء بهاء الله، والسين سناء الله، والميم مجد الله», ইমাম সাদিক (আলাইহিস্ সালাম), আল-কাফি, খণ্ড ১, কিতাবুত তাওহীদ, পৃ. ১১৪, হাদিস ১ (PAGE-CHECK)। «আমি বা-এর নিচের বিন্দু» কথাটি পরবর্তী যুগের ইরফানি গ্রন্থে (রজব বুরসি, মাশারিকু আনওয়ারিল ইয়াকিন; কুন্দুযি, ইয়ানাবিউল মাওয়াদ্দা) পাওয়া যায়, সনদ নেই; তাই অধ্যায়ে হাদিস হিসেবে নয়, «বর্ণিত আছে» বলে।","•  «বা» (অংশ ৫০): «الباء بهاء الله، والسين سناء الله، والميم مجد الله», ইমাম সাদিক (আলাইহিস্ সালাম), আল-কাফি, খণ্ড ১, কিতাবুত তাওহীদ, পৃ. ১১৪, হাদিস ১ (PAGE-CHECK)। «আমি বা-এর নিচের বিন্দু» কথাটি পরবর্তী যুগের ইরফানি গ্রন্থে (রজব বুরসি, মাশারিকু আনওয়ারিল ইয়াকিন; কুন্দুযি, ইয়ানাবিউল মাওয়াদ্দা) পাওয়া যায়, সনদ নেই; তাই অধ্যায়ে হাদিস হিসেবে নয়, «বর্ণিত আছে» বলে।"
B1-C00083,1644,REF-034,SHIA,SHIA_NARRATION,al-Amali|al-Kafi,al-Kafi:2|al-Kafi:2|al-Amali:36|al-Amali:12|al-Amali:36|al-Amali:12,CITATION_BULLET|BARNITA_MARKER|SHIA_BOOK|HADITH_WORD,CONFLICT,ATTRIBUTION_VS_SOURCE_LOCK,ATTRIBUTION_VS_SOURCE_LOCK,SOURCE_EXISTENCE ≠ CLAIM_SUPPORT; harvest CONFLICT retained,KEEP ATTRIBUTION-ONLY or author decision — no silent deletion; PAGE-CHECK until source locked,,NO,"•  দরুদ কেটে না ফেলা (অংশ ৬৯): আল-কাফি, খণ্ড ২, কিতাবুদ দুআ, বাবুস সালাতি আলান নাবিয়্যি ওয়া আহলি বাইতিহি, হাদিস ২১: «يَا عَبْدَ الله لا تَبْتُرْهَا لا تَظْلِمْنَا حَقَّنَا قُلِ اللهمَّ صَلِّ عَلَى مُحَمَّدٍ وَأَهْلِ بَيْتِهِ»। https://thaqalayn.net/hadith/2/2/20/21 । আরও: শেখ সাদূক, আল-আমালী, মজলিস ৩৬, হাদিস ১২: «مَنْ صَلَّى عَلَيَّ وَلَمْ يُصَلِّ عَلَى آلِي لَمْ يَجِدْ رِيحَ الْجَنَّةِ», https:","•  দরুদ কেটে না ফেলা (অংশ ৬৯): আল-কাফি, খণ্ড ২, কিতাবুদ দুআ, বাবুস সালাতি আলান নাবিয়্যি ওয়া আহলি বাইতিহি, হাদিস ২১: «يَا عَبْدَ الله لا تَبْتُرْهَا لا تَظْلِمْنَا حَقَّنَا قُلِ اللهمَّ صَلِّ عَلَى مُحَمَّدٍ وَأَهْلِ بَيْتِهِ»। https://thaqalayn.net/hadith/2/2/20/21 । আরও: শেখ সাদূক, আল-আমালী, মজলিস ৩৬, হাদিস ১২: «مَنْ صَلَّى عَلَيَّ وَلَمْ يُصَلِّ عَلَى آلِي لَمْ يَجِدْ رِيحَ الْجَنَّةِ», https:"
B1-C00085,1646,REF-035,SHIA,SHIA_NARRATION,al-Kafi,al-Kafi:2|al-Kafi:2,CITATION_BULLET|PAGE_CHECK_MARKER|SHIA_BOOK|HADITH_WORD,CONFLICT,SHIA_RECENSION_OR_PAGE,SHIA_RECENSION_OR_PAGE,SOURCE_EXISTENCE ≠ CLAIM_SUPPORT; harvest CONFLICT retained,EDITION-LOCK + PAGE-CHECK — thaqalayn blocked; AUTHOR DECISION on edition,,NO,"•  আমলের সওয়াবে বেলায়াতের শর্ত (অংশ ৯৮): আল-কাফি, খণ্ড ২, কিতাবুল ঈমান ওয়াল কুফর, বাবু দাআইমিল ইসলাম, হাদিস ৫, যুরারা, ইমাম বাকির (আলাইহিস্ সালাম) থেকে; মজলিসী: সহিহ (মিরআতুল উকুল ৭/১০২): «…لَوْ أَنَّ رَجُلاً قَامَ لَيْلَهُ وَصَامَ نَهَارَهُ وَتَصَدَّقَ بِجَمِيعِ مَالِهِ وَحَجَّ جَمِيعَ دَهْرِهِ وَلَمْ يَعْرِفْ وَلايَةَ وَلِيِّ الله فَيُوَالِيَهُ وَيَكُونَ جَمِيعُ أَعْمَالِهِ بِدَلالَتِهِ إِلَي","•  আমলের সওয়াবে বেলায়াতের শর্ত (অংশ ৯৮): আল-কাফি, খণ্ড ২, কিতাবুল ঈমান ওয়াল কুফর, বাবু দাআইমিল ইসলাম, হাদিস ৫, যুরারা, ইমাম বাকির (আলাইহিস্ সালাম) থেকে; মজলিসী: সহিহ (মিরআতুল উকুল ৭/১০২): «…لَوْ أَنَّ رَجُلاً قَامَ لَيْلَهُ وَصَامَ نَهَارَهُ وَتَصَدَّقَ بِجَمِيعِ مَالِهِ وَحَجَّ جَمِيعَ دَهْرِهِ وَلَمْ يَعْرِفْ وَلايَةَ وَلِيِّ الله فَيُوَالِيَهُ وَيَكُونَ جَمِيعُ أَعْمَالِهِ بِدَلالَتِهِ إِلَي"
B1-C00087,1648,REF-037,SHIA|SUNNI,MIXED_CITATION,Sahih_Muslim|al-Kafi,al-Kafi:1|al-Kafi:1,CITATION_BULLET|PAGE_CHECK_MARKER|SUNNI_BOOK|SHIA_BOOK|HADITH_WORD,CONFLICT,MIXED_SUNNI_SHIA_OR_CORPUS,MIXED_SUNNI_SHIA_OR_CORPUS,SOURCE_EXISTENCE ≠ CLAIM_SUPPORT; harvest CONFLICT retained,SPLIT / KEEP SEPARATE — Sunni and Shia lines must not merge; AUTHOR DECISION on print form,,NO,"•  «من أصبح من هذه الأمة لا إمام له…» (অংশ ১১৫): আল-কাফি, খণ্ড ১, কিতাবুল হুজ্জাহ, বাবু মারিফাতিল ইমাম ওয়ার রাদ্দি ইলাইহি, হাদিস ৮, মুহাম্মাদ ইবনে মুসলিম, ইমাম বাকির (আলাইহিস্ সালাম) থেকে; পৃ. ১৮৩–১৮৪ (PAGE-CHECK)। পাঠ দেখা হয়েছে: https://forums.alkafeel.net/node/16377","•  «من أصبح من هذه الأمة لا إمام له…» (অংশ ১১৫): আল-কাফি, খণ্ড ১, কিতাবুল হুজ্জাহ, বাবু মারিফাতিল ইমাম ওয়ার রাদ্দি ইলাইহি, হাদিস ৮, মুহাম্মাদ ইবনে মুসলিম, ইমাম বাকির (আলাইহিস্ সালাম) থেকে; পৃ. ১৮৩–১৮৪ (PAGE-CHECK)। পাঠ দেখা হয়েছে: https://forums.alkafeel.net/node/16377"
B1-C00092,1653,REF-039,SUNNI,SUNNI_NARRATION,Sahih_Muslim,Sahih_Muslim:2175|Sahih_Muslim:2175,CITATION_BULLET|PAGE_CHECK_MARKER|SUNNI_BOOK|HADITH_WORD,CONFLICT,SUNNI_SIX_NUMBER_OR_WORDING,SUNNI_SIX_NUMBER_OR_WORDING,SOURCE_EXISTENCE ≠ CLAIM_SUPPORT; harvest CONFLICT retained,PAGE-CHECK / re-verify with verify_sunni.py — number/wording conflict; AUTHOR DECISION if print changes,,NO,"•  শয়তান রক্তের পথে চলে (অংশ ১১৮): «إن الشيطان يجري من ابن آدم مجرى الدم», সহিহ বুখারী (সাফিয়্যার ঘটনা; যেমন হাদিস ৭১৭১) ও সহিহ মুসলিম, হাদিস ২১৭৫ (নম্বর PAGE-CHECK)। https://hadithprophet.com/hadith-37589.html","•  শয়তান রক্তের পথে চলে (অংশ ১১৮): «إن الشيطان يجري من ابن آدم مجرى الدم», সহিহ বুখারী (সাফিয়্যার ঘটনা; যেমন হাদিস ৭১৭১) ও সহিহ মুসলিম, হাদিস ২১৭৫ (নম্বর PAGE-CHECK)। https://hadithprophet.com/hadith-37589.html"
B1-C00094,1655,REF-041,UNSPECIFIED,ATTRIBUTION_ONLY,,,CITATION_BULLET|BARNITA_MARKER,CONFLICT,ATTRIBUTION_VS_SOURCE_LOCK,ATTRIBUTION_VS_SOURCE_LOCK,SOURCE_EXISTENCE ≠ CLAIM_SUPPORT; harvest CONFLICT retained,KEEP ATTRIBUTION-ONLY or author decision — no silent deletion; PAGE-CHECK until source locked,,NO,•  নূরের প্রথম সৃষ্টি (অংশ ১২৬): «বর্ণিত আছে»; সনদসহ উৎস এই অধ্যায়ে দেওয়া হয়নি।,•  নূরের প্রথম সৃষ্টি (অংশ ১২৬): «বর্ণিত আছে»; সনদসহ উৎস এই অধ্যায়ে দেওয়া হয়নি।
B1-C00098,1659,REF-043,SUNNI,SUNNI_NARRATION,Jami_al-Tirmidhi|Sahih_Muslim,Sahih_Muslim:2408|Jami_al-Tirmidhi:3786|Jami_al-Tirmidhi:3786,CITATION_BULLET|PAGE_CHECK_MARKER|SUNNI_BOOK|HADITH_WORD,CONFLICT,SUNNI_SIX_NUMBER_OR_WORDING,SUNNI_SIX_NUMBER_OR_WORDING,SOURCE_EXISTENCE ≠ CLAIM_SUPPORT; harvest CONFLICT retained,PAGE-CHECK / re-verify with verify_sunni.py — number/wording conflict; AUTHOR DECISION if print changes,,NO,"•  সাকালাইনের (কিতাবুল্লাহ ও আহলে বাইত) সুন্নি পাঠ: জামে তিরমিযি, হাদিস ৩৭৮৬ (জাবির ইবনে আবদিল্লাহ, আরাফার খুতবা): «تركت فيكم ما إن أخذتم به لن تضلوا كتاب الله وعترتي أهل بيتي»; তিরমিযি: হাসান গরিব; মান নিয়ে মতভেদ আছে (আলবানী সহিহ, শুআইব/বাশশার হাসান, যুবাইর আলী যাঈ দাঈফ)। পাঠ খোলা হয়েছে আরবি পাঠ-সংস্করণে (hadith-api, jsDelivr; sunnah.com ৪০৩); ছাপা পাতা PAGE-CHECK। সহিহ মুসলিম ২৪০৮a-তে শব্দ «وأ","•  সাকালাইনের (কিতাবুল্লাহ ও আহলে বাইত) সুন্নি পাঠ: জামে তিরমিযি, হাদিস ৩৭৮৬ (জাবির ইবনে আবদিল্লাহ, আরাফার খুতবা): «تركت فيكم ما إن أخذتم به لن تضلوا كتاب الله وعترتي أهل بيتي»; তিরমিযি: হাসান গরিব; মান নিয়ে মতভেদ আছে (আলবানী সহিহ, শুআইব/বাশশার হাসান, যুবাইর আলী যাঈ দাঈফ)। পাঠ খোলা হয়েছে আরবি পাঠ-সংস্করণে (hadith-api, jsDelivr; sunnah.com ৪০৩); ছাপা পাতা PAGE-CHECK। সহিহ মুসলিম ২৪০৮a-তে শব্দ «وأ"
B1-C00099,1660,REF-044,UNSPECIFIED,SOURCE_BLOCK_NOTE,,,CITATION_BULLET|PAGE_CHECK_MARKER,CONFLICT,SOURCE_BLOCK_INTERNAL,SOURCE_BLOCK_INTERNAL,SOURCE_EXISTENCE ≠ CLAIM_SUPPORT; harvest CONFLICT retained,AUTHOR DECISION REQUIRED — honest PAGE-CHECK / CONFLICT retained; no fake VERIFIED,,NO,"•  ঈদের খুতবা নামাজের পরে: সহিহ বুখারী ৯৫৬ (আবু সাঈদ খুদরি; মারওয়ান আগে খুতবা দিলেন, «غيرتم والله») ও ৯৫৭ (ইবনে উমর: «يصلي في الأضحى والفطر ثم يخطب بعد الصلاة»)। অবস্থা: পাঠ খোলা ও মেলানো (আরবি পাঠ-সংস্করণে, sunnah.com ৪০৩); ছাপা পাতা PAGE-CHECK। দেখুন SOURCE_REGISTER.md (CL-HAD-005/006)।","•  ঈদের খুতবা নামাজের পরে: সহিহ বুখারী ৯৫৬ (আবু সাঈদ খুদরি; মারওয়ান আগে খুতবা দিলেন, «غيرتم والله») ও ৯৫৭ (ইবনে উমর: «يصلي في الأضحى والفطر ثم يخطب بعد الصلاة»)। অবস্থা: পাঠ খোলা ও মেলানো (আরবি পাঠ-সংস্করণে, sunnah.com ৪০৩); ছাপা পাতা PAGE-CHECK। দেখুন SOURCE_REGISTER.md (CL-HAD-005/006)।"
B1-C00100,1661,REF-045,SUNNI,QURAN,Sahih_Muslim,Sahih_Muslim:863|Sahih_Muslim:863,CITATION_BULLET|PAGE_CHECK_MARKER|SUNNI_BOOK|HADITH_WORD,CONFLICT,QURAN_CITATION_CONFLICT,QURAN_CITATION_CONFLICT,SOURCE_EXISTENCE ≠ CLAIM_SUPPORT; harvest CONFLICT retained,PAGE-CHECK ayah binding — do not invent; AUTHOR DECISION if manuscript ayah text differs,,NO,"•  ৬২:১১ ও বারোজন (অংশ ১৪৮): সহিহ বুখারী, হাদিস ৯৩৬ (জাবির): «…حَتَّى مَا بَقِيَ مَعَ النَّبِيِّ ﷺ إِلاَّ اثْنَا عَشَرَ رَجُلاً»; সহিহ মুসলিম (আবদুল বাকি ৮৬৩): খুতবার সময় (নম্বর PAGE-CHECK)।","•  ৬২:১১ ও বারোজন (অংশ ১৪৮): সহিহ বুখারী, হাদিস ৯৩৬ (জাবির): «…حَتَّى مَا بَقِيَ مَعَ النَّبِيِّ ﷺ إِلاَّ اثْنَا عَشَرَ رَجُلاً»; সহিহ মুসলিম (আবদুল বাকি ৮৬৩): খুতবার সময় (নম্বর PAGE-CHECK)।"
B1-C00104,1665,REF-046,SHIA,SHIA_NARRATION,Bihar_al-Anwar,Bihar_al-Anwar:27|Bihar_al-Anwar:27,CITATION_BULLET|PAGE_CHECK_MARKER|SHIA_BOOK|HADITH_WORD,CONFLICT,SHIA_RECENSION_OR_PAGE,SHIA_RECENSION_OR_PAGE,SOURCE_EXISTENCE ≠ CLAIM_SUPPORT; harvest CONFLICT retained,EDITION-LOCK + PAGE-CHECK — thaqalayn blocked; AUTHOR DECISION on edition,,NO,"•  রুকন ও মাকামের মাঝে ইবাদত, বেলায়াত ছাড়া (অংশ ১৭ঢ): ইমাম যাইনুল আবেদীন (আ.) থেকে আবু হামযা সুমালির বর্ণনা। পাঠ নেওয়া হয়েছে বিহারুল আনওয়ার, খণ্ড ২৭ (মুয়াসসাসাতুল ওয়াফা, বৈরুত), বাব ৭ «أنه لا تقبل الأعمال إلا بالولاية», হাদিস ১৬, পৃ. ১৭২–১৭৩ থেকে (https://lib.eshia.ir/11008/27/173), যার মূল উৎস আমালি আত-তুসি। একই বর্ণনা সাওয়াবুল আমাল (পৃ. ১৯৭; শব্দভেদ «لم ينتفع بذلك شيئا») ও আল-মাহাসিন (পৃ","•  রুকন ও মাকামের মাঝে ইবাদত, বেলায়াত ছাড়া (অংশ ১৭ঢ): ইমাম যাইনুল আবেদীন (আ.) থেকে আবু হামযা সুমালির বর্ণনা। পাঠ নেওয়া হয়েছে বিহারুল আনওয়ার, খণ্ড ২৭ (মুয়াসসাসাতুল ওয়াফা, বৈরুত), বাব ৭ «أنه لا تقبل الأعمال إلا بالولاية», হাদিস ১৬, পৃ. ১৭২–১৭৩ থেকে (https://lib.eshia.ir/11008/27/173), যার মূল উৎস আমালি আত-তুসি। একই বর্ণনা সাওয়াবুল আমাল (পৃ. ১৯৭; শব্দভেদ «لم ينتفع بذلك شيئا») ও আল-মাহাসিন (পৃ"
B1-C00119,1827,REF-048,UNSPECIFIED,ATTRIBUTION_ONLY,,,BARNITA_MARKER|RASUL_SAID,CONFLICT,ATTRIBUTION_VS_SOURCE_LOCK,ATTRIBUTION_VS_SOURCE_LOCK,SOURCE_EXISTENCE ≠ CLAIM_SUPPORT; harvest CONFLICT retained,KEEP ATTRIBUTION-ONLY or author decision — no silent deletion; PAGE-CHECK until source locked,,NO,"“না। বিসাল হলো রাতকেও রোযার নিয়তে টেনে নেওয়া। এখানে রাত এসেছে, রোযা শেষ হয়ে গেছে। শুধু খাওয়া হয়নি। দুটো এক জিনিস নয়।” সে একটু হাসল। “আর বর্ণিত আছে, রাসূলুল্লাহ ﷺ পানি কিংবা খেজুর দিয়ে রোযা খুলতে বলেছেন। এক চুমুক পানি। একটা খেজুর।”","“না। বিসাল হলো রাতকেও রোযার নিয়তে টেনে নেওয়া। এখানে রাত এসেছে, রোযা শেষ হয়ে গেছে। শুধু খাওয়া হয়নি। দুটো এক জিনিস নয়।” সে একটু হাসল। “আর বর্ণিত আছে, রাসূলুল্লাহ ﷺ পানি কিংবা খেজুর দিয়ে রোযা খুলতে বলেছেন। এক চুমুক পানি। একটা খেজুর।”"
B1-C00126,1904,REF-049,UNSPECIFIED,ATTRIBUTION_ONLY,,HADITH:694|HADITH:1815,CITATION_BULLET|SUTRA_MARKER|BARNITA_MARKER|HADITH_WORD,CONFLICT,ATTRIBUTION_VS_SOURCE_LOCK,ATTRIBUTION_VS_SOURCE_LOCK,SOURCE_EXISTENCE ≠ CLAIM_SUPPORT; harvest CONFLICT retained,KEEP ATTRIBUTION-ONLY or author decision — no silent deletion; PAGE-CHECK until source locked,,NO,"•  উমর ও উসমানের ইফতার: মুয়াত্তা ইমাম মালিক, কিতাবুস সিয়াম (লেখকের ব্যবহৃত বাংলা সংস্করণে ১ম খণ্ড, পৃ. ২৩৯, হাদীস ৬৯৪)। «যখন পূর্ব দিক থেকে অন্ধকার আসে…»: সহীহ বুখারী, কিতাবুস সাওম, উমর ইবনুল খাত্তাবের সূত্রে (লেখকের ব্যবহৃত আধুনিক প্রকাশনী সংস্করণে হাদীস ১৮১৫)। আনাসের দুধের ঘটনা: মূল আরবি, মাকারিমুল আখলাক (তাবরিসি), রাসূলুল্লাহ ﷺ-এর পানীয় অধ্যায়, আনাসের নিজের ভাষায়; অধ্যায়ে ঘটনাটি শুধু এই আ","•  উমর ও উসমানের ইফতার: মুয়াত্তা ইমাম মালিক, কিতাবুস সিয়াম (লেখকের ব্যবহৃত বাংলা সংস্করণে ১ম খণ্ড, পৃ. ২৩৯, হাদীস ৬৯৪)। «যখন পূর্ব দিক থেকে অন্ধকার আসে…»: সহীহ বুখারী, কিতাবুস সাওম, উমর ইবনুল খাত্তাবের সূত্রে (লেখকের ব্যবহৃত আধুনিক প্রকাশনী সংস্করণে হাদীস ১৮১৫)। আনাসের দুধের ঘটনা: মূল আরবি, মাকারিমুল আখলাক (তাবরিসি), রাসূলুল্লাহ ﷺ-এর পানীয় অধ্যায়, আনাসের নিজের ভাষায়; অধ্যায়ে ঘটনাটি শুধু এই আ"
B1-C00133,1966,REF-050,UNSPECIFIED,ATTRIBUTION_ONLY,,,BARNITA_MARKER,CONFLICT,ATTRIBUTION_VS_SOURCE_LOCK,ATTRIBUTION_VS_SOURCE_LOCK,SOURCE_EXISTENCE ≠ CLAIM_SUPPORT; harvest CONFLICT retained,KEEP ATTRIBUTION-ONLY or author decision — no silent deletion; PAGE-CHECK until source locked,,NO,"আমি উৎসাহিত হয়ে বললাম, “ঠিক বলেছ, ফয়সাল। বর্ণিত আছে, ইমাম রেজা (আলাইহিস্ সালাম) বলেছেন: ‘আল্লাহ মহিমান্বিত ও পরাক্রমশালী, সাইয়্যিদা ফাতিমাতুয্ যাহরা (আলাইহাস্ সালাম)-এর মোহরানা (মাহর) হিসেবে পৃথিবীর এক-পঞ্চমাংশ নির্ধারণ করেছেন।’”","আমি উৎসাহিত হয়ে বললাম, “ঠিক বলেছ, ফয়সাল। বর্ণিত আছে, ইমাম রেজা (আলাইহিস্ সালাম) বলেছেন: ‘আল্লাহ মহিমান্বিত ও পরাক্রমশালী, সাইয়্যিদা ফাতিমাতুয্ যাহরা (আলাইহাস্ সালাম)-এর মোহরানা (মাহর) হিসেবে পৃথিবীর এক-পঞ্চমাংশ নির্ধারণ করেছেন।’”"
B1-C00139,2084,REF-051,UNSPECIFIED,ATTRIBUTION_ONLY,,,BARNITA_MARKER|RASUL_SAID,CONFLICT,ATTRIBUTION_VS_SOURCE_LOCK,ATTRIBUTION_VS_SOURCE_LOCK,SOURCE_EXISTENCE ≠ CLAIM_SUPPORT; harvest CONFLICT retained,KEEP ATTRIBUTION-ONLY or author decision — no silent deletion; PAGE-CHECK until source locked,,NO,"তারপর তিনি ঘটনাটা বললেন। বর্ণিত আছে, রাসূলুল্লাহ ﷺ-এর একজন সাহাবি, হযরত আবু যার আল-গিফারী বলেন: “আমি একদিন রাসূলুল্লাহ ﷺ-এর সঙ্গে যোহরের সালাত আদায় করছিলাম। হঠাৎ একজন ভিক্ষুক মসজিদে প্রবেশ করল, কিন্তু কেউ তাকে সাহায্য করল না। সে দু’হাত তুলে আল্লাহর কাছে ফরিয়াদ করল— ‘ইয়া আল্লাহ, আমি সাহায্য চাইলাম, কিন্তু কেউ কিছু দিল না।’ সেই সময় হযরত আলী ইবনে আবু তালিব (আলাইহিস্ সালাম) রুকু অবস্থায় ছিলেন। তি","তারপর তিনি ঘটনাটা বললেন। বর্ণিত আছে, রাসূলুল্লাহ ﷺ-এর একজন সাহাবি, হযরত আবু যার আল-গিফারী বলেন: “আমি একদিন রাসূলুল্লাহ ﷺ-এর সঙ্গে যোহরের সালাত আদায় করছিলাম। হঠাৎ একজন ভিক্ষুক মসজিদে প্রবেশ করল, কিন্তু কেউ তাকে সাহায্য করল না। সে দু’হাত তুলে আল্লাহর কাছে ফরিয়াদ করল— ‘ইয়া আল্লাহ, আমি সাহায্য চাইলাম, কিন্তু কেউ কিছু দিল না।’ সেই সময় হযরত আলী ইবনে আবু তালিব (আলাইহিস্ সালাম) রুকু অবস্থায় ছিলেন। তি"
B1-C00145,2191,REF-053,SUNNI,SUNNI_NARRATION,Sahih_Muslim|Sahih_al-Bukhari,Sahih_al-Bukhari:1129|Sahih_al-Bukhari:761|Sahih_al-Bukhari:1129|Sahih_al-Bukhari:761|Sahih_Muslim:761|Sahih_Muslim:761|Sahih_Muslim:4,CITATION_BULLET|PAGE_CHECK_MARKER|SUNNI_BOOK,CONFLICT,SUNNI_SIX_NUMBER_OR_WORDING,SUNNI_SIX_NUMBER_OR_WORDING,SOURCE_EXISTENCE ≠ CLAIM_SUPPORT; harvest CONFLICT retained,PAGE-CHECK / re-verify with verify_sunni.py — number/wording conflict; AUTHOR DECISION if print changes,,NO,"•  রাসূলুল্লাহ ﷺ রমজানের রাতে মসজিদে কয়েক রাত নামাজ, তারপর বন্ধ («خشيت أن تفرض عليكم») — বুখারি ১১২৯ / মুসলিম ৭৬১ (আয়েশা) — PAGE-CHECK (sunnah.com 403; বাহ্যিক যাচাই তালিকায়)।","•  রাসূলুল্লাহ ﷺ রমজানের রাতে মসজিদে কয়েক রাত নামাজ, তারপর বন্ধ («خشيت أن تفرض عليكم») — বুখারি ১১২৯ / মুসলিম ৭৬১ (আয়েশা) — PAGE-CHECK (sunnah.com 403; বাহ্যিক যাচাই তালিকায়)।"
B1-C00146,2192,REF-054,SUNNI,SUNNI_NARRATION,Sahih_al-Bukhari,Sahih_al-Bukhari:2010|Sahih_al-Bukhari:2010,CITATION_BULLET|PAGE_CHECK_MARKER|SUNNI_BOOK,CONFLICT,SUNNI_SIX_NUMBER_OR_WORDING,SUNNI_SIX_NUMBER_OR_WORDING,SOURCE_EXISTENCE ≠ CLAIM_SUPPORT; harvest CONFLICT retained,PAGE-CHECK / re-verify with verify_sunni.py — number/wording conflict; AUTHOR DECISION if print changes,,NO,•  উমর: «نعمت البدعة هذه» — বুখারি ২০১০ — PAGE-CHECK।,•  উমর: «نعمت البدعة هذه» — বুখারি ২০১০ — PAGE-CHECK।
B1-C00156,2202,REF-056,SHIA|SUNNI,QURAN,Mustadrak_al-Hakim|al-Kafi,al-Kafi:1|al-Kafi:1,CITATION_BULLET|BARNITA_MARKER|SUNNI_BOOK|SHIA_BOOK|HADITH_WORD,CONFLICT,MIXED_TRADITION_CITATION,MIXED_TRADITION_CITATION,SOURCE_EXISTENCE ≠ CLAIM_SUPPORT; harvest CONFLICT retained,SPLIT / KEEP SEPARATE — Sunni and Shia lines must not merge; AUTHOR DECISION on print form,,NO,"•  রুকুতে দান (অংশ ১৫৪–১৫৭): আংটির বর্ণনা তাবারি, জামিউল বায়ান, ৫:৫৫ (আস-সুদ্দি, উতবা ইবনে আবি হাকিম, মুজাহিদ থেকে)। https://quran.ksu.edu.sa/tafseer/tabary/sura5-aya55.html । চাদরের (হুল্লা) বর্ণনা এবং «প্রত্যেক ইমাম এই গুণের» কথা আল-কাফি, খণ্ড ১, কিতাবুল হুজ্জাহ, বাব «ما نص الله عز وجل ورسوله على الأئمة», হাদিস ৩। https://thaqalayn.net/chapter/1/4/64 । আবু যার আল-গিফারীর বর্ণনার পাঠ লেখকের খাতা","•  রুকুতে দান (অংশ ১৫৪–১৫৭): আংটির বর্ণনা তাবারি, জামিউল বায়ান, ৫:৫৫ (আস-সুদ্দি, উতবা ইবনে আবি হাকিম, মুজাহিদ থেকে)। https://quran.ksu.edu.sa/tafseer/tabary/sura5-aya55.html । চাদরের (হুল্লা) বর্ণনা এবং «প্রত্যেক ইমাম এই গুণের» কথা আল-কাফি, খণ্ড ১, কিতাবুল হুজ্জাহ, বাব «ما نص الله عز وجل ورسوله على الأئمة», হাদিস ৩। https://thaqalayn.net/chapter/1/4/64 । আবু যার আল-গিফারীর বর্ণনার পাঠ লেখকের খাতা"
B1-C00157,2203,REF-057,UNSPECIFIED,ATTRIBUTION_ONLY,,,CITATION_BULLET|BARNITA_MARKER|HADITH_WORD,CONFLICT,ATTRIBUTION_VS_SOURCE_LOCK,ATTRIBUTION_VS_SOURCE_LOCK,SOURCE_EXISTENCE ≠ CLAIM_SUPPORT; harvest CONFLICT retained,KEEP ATTRIBUTION-ONLY or author decision — no silent deletion; PAGE-CHECK until source locked,,NO,"•  ফাতিমা (আলাইহাস্ সালাম)-এর মোহর হিসেবে পৃথিবীর এক-পঞ্চমাংশ (অংশ ৫১) ও দর্জির সূঁচের খুমস (অংশ ৫৯): লেখকের খাতায় ফিকহুর রেজা গ্রন্থের নামে আছে; মূল পাতা মেলানো হয়নি, তাই «বর্ণিত আছে» / «এক হাদিসে বর্ণিত হয়েছে»।","•  ফাতিমা (আলাইহাস্ সালাম)-এর মোহর হিসেবে পৃথিবীর এক-পঞ্চমাংশ (অংশ ৫১) ও দর্জির সূঁচের খুমস (অংশ ৫৯): লেখকের খাতায় ফিকহুর রেজা গ্রন্থের নামে আছে; মূল পাতা মেলানো হয়নি, তাই «বর্ণিত আছে» / «এক হাদিসে বর্ণিত হয়েছে»।"
B1-C00161,2294,REF-059,SHIA,SHIA_NARRATION,al-Kafi,al-Kafi:1|al-Kafi:6|al-Kafi:1|al-Kafi:6,CITATION_BULLET|PAGE_CHECK_MARKER|SUTRA_MARKER|SHIA_BOOK,CONFLICT,SHIA_RECENSION_OR_PAGE,SHIA_RECENSION_OR_PAGE,SOURCE_EXISTENCE ≠ CLAIM_SUPPORT; harvest CONFLICT retained,EDITION-LOCK + PAGE-CHECK — thaqalayn blocked; AUTHOR DECISION on edition,,NO,"•  «من مات ولم يعرف إمام زمانه مات ميتة جاهلية» — শিয়া সূত্রে কামালুদ্দীন (শেখ সাদুক) প্রভৃতি; অনুরূপ পাঠ আল-কাফি ১, কিতাবুল হুজ্জাহ (অধ্যায় ৬-এর নমুনার সূত্র দেখুন) — PAGE-CHECK।","•  «من مات ولم يعرف إمام زمانه مات ميتة جاهلية» — শিয়া সূত্রে কামালুদ্দীন (শেখ সাদুক) প্রভৃতি; অনুরূপ পাঠ আল-কাফি ১, কিতাবুল হুজ্জাহ (অধ্যায় ৬-এর নমুনার সূত্র দেখুন) — PAGE-CHECK।"
B1-C00166,2377,REF-063,SHIA,SHIA_NARRATION,Bihar_al-Anwar|Ilal_al-Sharai,Bihar_al-Anwar:43|Bihar_al-Anwar:43,CITATION_BULLET|PAGE_CHECK_MARKER|SHIA_BOOK,CONFLICT,SHIA_RECENSION_OR_PAGE,SHIA_RECENSION_OR_PAGE,SOURCE_EXISTENCE ≠ CLAIM_SUPPORT; harvest CONFLICT retained,EDITION-LOCK + PAGE-CHECK — thaqalayn blocked; AUTHOR DECISION on edition,,NO,"•  মা সাইয়্যিদা ফাতিমাতুয্ যাহরা (আলাইহাস্ সালাম)-এর জুমার রাতের দোয়া, «الجار ثم الدار» — ইলালুশ শারায়ে (শেখ সাদুক) ও বিহারুল আনওয়ার ৪৩ — PAGE-CHECK।","•  মা সাইয়্যিদা ফাতিমাতুয্ যাহরা (আলাইহাস্ সালাম)-এর জুমার রাতের দোয়া, «الجار ثم الدار» — ইলালুশ শারায়ে (শেখ সাদুক) ও বিহারুল আনওয়ার ৪৩ — PAGE-CHECK।"
B1-C00167,2378,REF-064,SHIA,SHIA_NARRATION,al-Kafi,al-Kafi:3|al-Kafi:3,CITATION_BULLET|PAGE_CHECK_MARKER|SUTRA_MARKER|SHIA_BOOK|HADITH_WORD,CONFLICT,SHIA_RECENSION_OR_PAGE,SHIA_RECENSION_OR_PAGE,SOURCE_EXISTENCE ≠ CLAIM_SUPPORT; harvest CONFLICT retained,EDITION-LOCK + PAGE-CHECK — thaqalayn blocked; AUTHOR DECISION on edition,,NO,"•  তাসবিহে যাহরা ও খাদেমের ঘটনা — শিয়া সূত্রে (মান লা ইয়াহদুরুহুল ফাকিহ ১; আল-কাফি ৩) ও সুন্নি সূত্রে (সহিহ বুখারী, খাদেম চাওয়ার হাদীস) — PAGE-CHECK; ক্রম (৩৪-৩৩-৩৩) শিয়া পাঠ অনুযায়ী।","•  তাসবিহে যাহরা ও খাদেমের ঘটনা — শিয়া সূত্রে (মান লা ইয়াহদুরুহুল ফাকিহ ১; আল-কাফি ৩) ও সুন্নি সূত্রে (সহিহ বুখারী, খাদেম চাওয়ার হাদীস) — PAGE-CHECK; ক্রম (৩৪-৩৩-৩৩) শিয়া পাঠ অনুযায়ী।"
B1-C00178,2533,REF-065,SUNNI,SUNNI_NARRATION,Sahih_al-Bukhari,Sahih_al-Bukhari:1385|Sahih_al-Bukhari:1385|HADITH:1385,CITATION_BULLET|PAGE_CHECK_MARKER|SUNNI_BOOK|HADITH_WORD,CONFLICT,SUNNI_SIX_NUMBER_OR_WORDING,SUNNI_SIX_NUMBER_OR_WORDING,SOURCE_EXISTENCE ≠ CLAIM_SUPPORT; harvest CONFLICT retained,PAGE-CHECK / re-verify with verify_sunni.py — number/wording conflict; AUTHOR DECISION if print changes,,NO,"•  «প্রত্যেক নবজাতক ফিতরাতের ওপর জন্মায়…» — সহীহ বুখারি, কিতাবুল জানায়িয, হাদীস ১৩৮৫ — PAGE-CHECK (নম্বর নকশা থেকে; মূল পাতায় মেলানো বাকি)।","•  «প্রত্যেক নবজাতক ফিতরাতের ওপর জন্মায়…» — সহীহ বুখারি, কিতাবুল জানায়িয, হাদীস ১৩৮৫ — PAGE-CHECK (নম্বর নকশা থেকে; মূল পাতায় মেলানো বাকি)।"
B1-C00179,2553,REF-066,UNSPECIFIED,ATTRIBUTION_ONLY,,,BARNITA_MARKER,CONFLICT,ATTRIBUTION_VS_SOURCE_LOCK,ATTRIBUTION_VS_SOURCE_LOCK,SOURCE_EXISTENCE ≠ CLAIM_SUPPORT; harvest CONFLICT retained,KEEP ATTRIBUTION-ONLY or author decision — no silent deletion; PAGE-CHECK until source locked,,NO,"""এই তসবিহ যার, সে আমার মা। বুরুল্লাহর দাদি। প্রতি নামাজের পর তিনি তিনটি বাক্য পড়তেন। চৌত্রিশবার আল্লাহু আকবার। তেত্রিশবার আলহামদুলিল্লাহ। তেত্রিশবার সুবহানাল্লাহ। একে বলে তাসবিহে যাহরা। বর্ণিত আছে, রাসূলুল্লাহ ﷺ নিজের মেয়েকে এটি শিখিয়েছিলেন, যখন ঘরের কাজে তাঁর হাতে ফোসকা পড়েছিল।""","""এই তসবিহ যার, সে আমার মা। বুরুল্লাহর দাদি। প্রতি নামাজের পর তিনি তিনটি বাক্য পড়তেন। চৌত্রিশবার আল্লাহু আকবার। তেত্রিশবার আলহামদুলিল্লাহ। তেত্রিশবার সুবহানাল্লাহ। একে বলে তাসবিহে যাহরা। বর্ণিত আছে, রাসূলুল্লাহ ﷺ নিজের মেয়েকে এটি শিখিয়েছিলেন, যখন ঘরের কাজে তাঁর হাতে ফোসকা পড়েছিল।"""
B1-C00181,2595,REF-067,SHIA|SUNNI,MIXED_CITATION,Sahih_al-Bukhari|al-Kafi,Sahih_al-Bukhari:370|Sahih_al-Bukhari:370|al-Kafi:3|al-Kafi:3|HADITH:3705,CITATION_BULLET|PAGE_CHECK_MARKER|SUNNI_BOOK|SHIA_BOOK|HADITH_WORD,CONFLICT,MIXED_SUNNI_SHIA_OR_CORPUS,MIXED_SUNNI_SHIA_OR_CORPUS,SOURCE_EXISTENCE ≠ CLAIM_SUPPORT; harvest CONFLICT retained,SPLIT / KEEP SEPARATE — Sunni and Shia lines must not merge; AUTHOR DECISION on print form,,NO,"•  তাসবিহে যাহরা (৩৪ আল্লাহু আকবার, ৩৩ আলহামদুলিল্লাহ, ৩৩ সুবহানাল্লাহ) — আল-কাফি, খণ্ড ৩, কিতাবুস সালাত, «বাবুত তা'কীব» — PAGE-CHECK। জাঁতা ও সাহায্যকারী চাওয়ার ঘটনা: সহীহ বুখারি, কিতাবু ফাদাইলি আসহাবিন নাবী, হাদীস ৩৭০৫ (আলী আলাইহিস্ সালাম-এর বর্ণনা) — PAGE-CHECK।","•  তাসবিহে যাহরা (৩৪ আল্লাহু আকবার, ৩৩ আলহামদুলিল্লাহ, ৩৩ সুবহানাল্লাহ) — আল-কাফি, খণ্ড ৩, কিতাবুস সালাত, «বাবুত তা'কীব» — PAGE-CHECK। জাঁতা ও সাহায্যকারী চাওয়ার ঘটনা: সহীহ বুখারি, কিতাবু ফাদাইলি আসহাবিন নাবী, হাদীস ৩৭০৫ (আলী আলাইহিস্ সালাম-এর বর্ণনা) — PAGE-CHECK।"
B1-C00182,2596,REF-068,SUNNI,SUNNI_NARRATION,Jami_al-Tirmidhi|Sunan_Abu_Dawud,Jami_al-Tirmidhi:3872|Jami_al-Tirmidhi:3872|Sunan_Abu_Dawud:5217|Sunan_Abu_Dawud:5217|HADITH:5217|HADITH:3872,CITATION_BULLET|PAGE_CHECK_MARKER|SUNNI_BOOK|HADITH_WORD,CONFLICT,SUNNI_SIX_NUMBER_OR_WORDING,SUNNI_SIX_NUMBER_OR_WORDING,SOURCE_EXISTENCE ≠ CLAIM_SUPPORT; harvest CONFLICT retained,PAGE-CHECK / re-verify with verify_sunni.py — number/wording conflict; AUTHOR DECISION if print changes,,NO,"•  «রাসূলুল্লাহ ﷺ তাঁর সম্মানে দাঁড়িয়ে যেতেন» — সুনানে আবু দাউদ, কিতাবুল আদাব, হাদীস ৫২১৭; সুনানে তিরমিযি, হাদীস ৩৮৭২ — PAGE-CHECK।","•  «রাসূলুল্লাহ ﷺ তাঁর সম্মানে দাঁড়িয়ে যেতেন» — সুনানে আবু দাউদ, কিতাবুল আদাব, হাদীস ৫২১৭; সুনানে তিরমিযি, হাদীস ৩৮৭২ — PAGE-CHECK।"
B1-C00183,2597,REF-069,UNSPECIFIED,ATTRIBUTION_ONLY,,,CITATION_BULLET|BARNITA_MARKER,CONFLICT,ATTRIBUTION_VS_SOURCE_LOCK,ATTRIBUTION_VS_SOURCE_LOCK,SOURCE_EXISTENCE ≠ CLAIM_SUPPORT; harvest CONFLICT retained,KEEP ATTRIBUTION-ONLY or author decision — no silent deletion; PAGE-CHECK until source locked,,NO,•  «উম্মে আবিহা» উপাধি — বর্ণিত আছে।,•  «উম্মে আবিহা» উপাধি — বর্ণিত আছে।
B1-C00188,2672,REF-070,QURAN,QURAN,,,CITATION_BULLET|PAGE_CHECK_MARKER|BARNITA_MARKER|QURAN_MARKER,CONFLICT,ATTRIBUTION_VS_SOURCE_LOCK,ATTRIBUTION_VS_SOURCE_LOCK,SOURCE_EXISTENCE ≠ CLAIM_SUPPORT; harvest CONFLICT retained,KEEP ATTRIBUTION-ONLY or author decision — no silent deletion; PAGE-CHECK until source locked,,NO,"•  কুরআন ২৫:৭৪ (وَٱلَّذِينَ يَقُولُونَ رَبَّنَا هَبْ لَنَا مِنْ أَزْوَٰجِنَا وَذُرِّيَّٰتِنَا قُرَّةَ أَعْيُنٍ وَٱجْعَلْنَا لِلْمُتَّقِينَ إِمَامًا) — api.alquran.cloud, CONFIRMED। «স্ত্রী = খাদিজা, বংশধর = ফাতিমা, চোখের আনন্দ = হাসান-হুসাইন» ব্যাখ্যা — আহলুল বাইতের বর্ণনা হিসেবে «বর্ণিত আছে» (তাফসীরে কুম্মি, ২৫:৭৪ — PAGE-CHECK)।","•  কুরআন ২৫:৭৪ (وَٱلَّذِينَ يَقُولُونَ رَبَّنَا هَبْ لَنَا مِنْ أَزْوَٰجِنَا وَذُرِّيَّٰتِنَا قُرَّةَ أَعْيُنٍ وَٱجْعَلْنَا لِلْمُتَّقِينَ إِمَامًا) — api.alquran.cloud, CONFIRMED। «স্ত্রী = খাদিজা, বংশধর = ফাতিমা, চোখের আনন্দ = হাসান-হুসাইন» ব্যাখ্যা — আহলুল বাইতের বর্ণনা হিসেবে «বর্ণিত আছে» (তাফসীরে কুম্মি, ২৫:৭৪ — PAGE-CHECK)।"
B1-C00190,2674,REF-071,SUNNI,FADAK,Mustadrak_al-Hakim|Sunan_Abu_Dawud,Sunan_Abu_Dawud:4213|Sunan_Abu_Dawud:4213|HADITH:4213,CITATION_BULLET|PAGE_CHECK_MARKER|BARNITA_MARKER|SUNNI_BOOK|HADITH_WORD|FADAK,CONFLICT,FADAK_RECENSION,FADAK_RECENSION,SOURCE_EXISTENCE ≠ CLAIM_SUPPORT; harvest CONFLICT retained,KEEP RECENSIONS SEPARATE — Baladhuri ≠ al-Ihtijaj; AUTHOR DECISION on dialogue wording,,NO,"•  «فداك أبي وأمي» ও সফরের শুরু-শেষ ফাতিমার কাছে (ইবনে উমর; সাওবান) — সাওবানের বর্ণনা: সুনানে আবু দাউদ, কিতাবুত তারাজ্জুল, হাদীস ৪২১৩ — PAGE-CHECK; ইবনে উমরের বর্ণনা ও «ফাদাকি আবি ওয়া উম্মি» — হাকিম, আল-মুস্তাদরাক — PAGE-CHECK। ইবনে আব্বাসের চুমুর বর্ণনা — বর্ণিত আছে।","•  «فداك أبي وأمي» ও সফরের শুরু-শেষ ফাতিমার কাছে (ইবনে উমর; সাওবান) — সাওবানের বর্ণনা: সুনানে আবু দাউদ, কিতাবুত তারাজ্জুল, হাদীস ৪২১৩ — PAGE-CHECK; ইবনে উমরের বর্ণনা ও «ফাদাকি আবি ওয়া উম্মি» — হাকিম, আল-মুস্তাদরাক — PAGE-CHECK। ইবনে আব্বাসের চুমুর বর্ণনা — বর্ণিত আছে।"
B1-C00191,2675,REF-072,SUNNI,SUNNI_NARRATION,Sahih_al-Bukhari,Sahih_al-Bukhari:3714|Sahih_al-Bukhari:4|Sahih_al-Bukhari:3714|Sahih_al-Bukhari:4,CITATION_BULLET|BARNITA_MARKER|SUNNI_BOOK,CONFLICT,ATTRIBUTION_VS_SOURCE_LOCK,ATTRIBUTION_VS_SOURCE_LOCK,SOURCE_EXISTENCE ≠ CLAIM_SUPPORT; harvest CONFLICT retained,KEEP ATTRIBUTION-ONLY or author decision — no silent deletion; PAGE-CHECK until source locked,,NO,"•  «ফাতিমা আমার অংশ» (فاطمة بضعة مني) — সহীহ বুখারি ৩৭১৪, CONFIRMED (বাইবেল §৪)। «ফাতিমা আমার অন্তরের ধন» — বর্ণিত আছে।","•  «ফাতিমা আমার অংশ» (فاطمة بضعة مني) — সহীহ বুখারি ৩৭১৪, CONFIRMED (বাইবেল §৪)। «ফাতিমা আমার অন্তরের ধন» — বর্ণিত আছে।"
B1-C00192,2676,REF-073,SUNNI,SUNNI_NARRATION,Jami_al-Tirmidhi,Jami_al-Tirmidhi:3874|Jami_al-Tirmidhi:3874|Jami_al-Tirmidhi:3868|Jami_al-Tirmidhi:3868|Jami_al-Tirmidhi:3819|Jami_al-Tirmidhi:3819|HADITH:3874,CITATION_BULLET|PAGE_CHECK_MARKER|BARNITA_MARKER|SUNNI_BOOK|HADITH_WORD|AUS,CONFLICT,ATTRIBUTION_VS_SOURCE_LOCK,ATTRIBUTION_VS_SOURCE_LOCK,SOURCE_EXISTENCE ≠ CLAIM_SUPPORT; harvest CONFLICT retained,KEEP ATTRIBUTION-ONLY or author decision — no silent deletion; PAGE-CHECK until source locked,,NO,"•  জুমাই ইবনে উমায়রের বর্ণনা (আয়েশা: ফাতিমা, পুরুষে তাঁর স্বামী) — সুনানে তিরমিযি, কিতাবুল মানাকিব, হাদীস ৩৮৭৪ — PAGE-CHECK। বুরাইদার বর্ণনা — তিরমিযি ৩৮৬৮ — PAGE-CHECK। উসামার বর্ণনা («ফাতিমা বিনতে মুহাম্মদ») — তিরমিযি ৩৮১৯ — PAGE-CHECK। আবু হুরাইরা ও কুফার মিম্বরের বর্ণনা («সে তোমার চেয়ে প্রিয়, তুমি তার চেয়ে স্নেহশীল») — বর্ণিত আছে (তাবারানি, আল-মু'জামুল আওসাত — PAGE-CHECK)।","•  জুমাই ইবনে উমায়রের বর্ণনা (আয়েশা: ফাতিমা, পুরুষে তাঁর স্বামী) — সুনানে তিরমিযি, কিতাবুল মানাকিব, হাদীস ৩৮৭৪ — PAGE-CHECK। বুরাইদার বর্ণনা — তিরমিযি ৩৮৬৮ — PAGE-CHECK। উসামার বর্ণনা («ফাতিমা বিনতে মুহাম্মদ») — তিরমিযি ৩৮১৯ — PAGE-CHECK। আবু হুরাইরা ও কুফার মিম্বরের বর্ণনা («সে তোমার চেয়ে প্রিয়, তুমি তার চেয়ে স্নেহশীল») — বর্ণিত আছে (তাবারানি, আল-মু'জামুল আওসাত — PAGE-CHECK)।"
B1-C00207,2757,REF-075,SUNNI,SUNNI_NARRATION,Sahih_al-Bukhari,,CITATION_BULLET|PAGE_CHECK_MARKER|SUNNI_BOOK,CONFLICT,SUNNI_SIX_NUMBER_OR_WORDING,SUNNI_SIX_NUMBER_OR_WORDING,SOURCE_EXISTENCE ≠ CLAIM_SUPPORT; harvest CONFLICT retained,PAGE-CHECK / re-verify with verify_sunni.py — number/wording conflict; AUTHOR DECISION if print changes,,NO,"•  প্রমাণ ০১–০৪: সহীহ বুখারির আরবিতে «فَاطِمَةَ عَلَيْهَا السَّلاَمُ» — খাতার বাংলা-সংস্করণ নম্বর ২৮৭৪, ৩৪৪৬, ৬২৭০, ৪৯৬ — PAGE-CHECK (ছাপা ও ক্রমিক অনুযায়ী নম্বর বদলায়; sunnah.com নম্বর মেলাতে হবে)। প্রমাণ-০৪-এর আরবি অংশ: «…عَلَيْهَا السَّلاَمُ ـ وَهْىَ جُوَيْرِيَةٌ، فَأَقْبَلَتْ تَسْعَى…»।","•  প্রমাণ ০১–০৪: সহীহ বুখারির আরবিতে «فَاطِمَةَ عَلَيْهَا السَّلاَمُ» — খাতার বাংলা-সংস্করণ নম্বর ২৮৭৪, ৩৪৪৬, ৬২৭০, ৪৯৬ — PAGE-CHECK (ছাপা ও ক্রমিক অনুযায়ী নম্বর বদলায়; sunnah.com নম্বর মেলাতে হবে)। প্রমাণ-০৪-এর আরবি অংশ: «…عَلَيْهَا السَّلاَمُ ـ وَهْىَ جُوَيْرِيَةٌ، فَأَقْبَلَتْ تَسْعَى…»।"
B1-C00208,2758,REF-076,SUNNI,SUNNI_NARRATION,Sahih_al-Bukhari,Sahih_al-Bukhari:3714|Sahih_al-Bukhari:3714,CITATION_BULLET|BARNITA_MARKER|SUNNI_BOOK,CONFLICT,ATTRIBUTION_VS_SOURCE_LOCK,ATTRIBUTION_VS_SOURCE_LOCK,SOURCE_EXISTENCE ≠ CLAIM_SUPPORT; harvest CONFLICT retained,KEEP ATTRIBUTION-ONLY or author decision — no silent deletion; PAGE-CHECK until source locked,,NO,"•  «ফাতিমা আমার অংশ, যে তাকে কষ্ট দেয়…» — বুখারি ৩৭১৪ (فمن أغضبها أغضبني), CONFIRMED; «যার প্রতি সে সন্তুষ্ট…» অংশ — বর্ণিত আছে।","•  «ফাতিমা আমার অংশ, যে তাকে কষ্ট দেয়…» — বুখারি ৩৭১৪ (فمن أغضبها أغضبني), CONFIRMED; «যার প্রতি সে সন্তুষ্ট…» অংশ — বর্ণিত আছে।"
B1-C00217,2790,REF-078,UNSPECIFIED,FADAK,,,BARNITA_MARKER|QURAN_MARKER|FADAK,CONFLICT,FADAK_DEED_AUTHORSHIP,FADAK_DEED_AUTHORSHIP,SOURCE_EXISTENCE ≠ CLAIM_SUPPORT; harvest CONFLICT retained,AUTHOR DECISION REQUIRED — keep Prophet-writer dialogue vs al-Ihtijaj Abu Bakr-writer separate; do not silent-reconcile,,NO,"ভাঙা কাপটা তিনি নিজের হাতে রাখলেন। এক চুমুক দিলেন। তারপর বললেন, ""এক নম্বর কথা। রাসূলুল্লাহ ﷺ নিজে মেয়েকে ফাদাক দিয়ে গেছেন। বর্ণিত আছে, লিখেও দিয়ে গেছেন। যাঁর কথা কুরআনের পরেই চূড়ান্ত, তাঁর দেওয়া জিনিসের জন্য আবার সাক্ষী লাগবে? এটা মেয়ের জন্য অপমান না?""","ভাঙা কাপটা তিনি নিজের হাতে রাখলেন। এক চুমুক দিলেন। তারপর বললেন, ""এক নম্বর কথা। রাসূলুল্লাহ ﷺ নিজে মেয়েকে ফাদাক দিয়ে গেছেন। বর্ণিত আছে, লিখেও দিয়ে গেছেন। যাঁর কথা কুরআনের পরেই চূড়ান্ত, তাঁর দেওয়া জিনিসের জন্য আবার সাক্ষী লাগবে? এটা মেয়ের জন্য অপমান না?"""
B1-C00227,2842,REF-079,SUNNI,FADAK,Sahih_al-Bukhari|Sunan_Abu_Dawud,Sahih_al-Bukhari:4240|Sahih_al-Bukhari:4241|Sahih_al-Bukhari:4240|Sahih_al-Bukhari:4241|Sunan_Abu_Dawud:2968|Sunan_Abu_Dawud:2968,CITATION_BULLET|PAGE_CHECK_MARKER|SUNNI_BOOK|FADAK,CONFLICT,FADAK_RECENSION,FADAK_RECENSION,SOURCE_EXISTENCE ≠ CLAIM_SUPPORT; harvest CONFLICT retained,KEEP RECENSIONS SEPARATE — Baladhuri ≠ al-Ihtijaj; AUTHOR DECISION on dialogue wording,,NO,"•  প্রমাণ ০৫–০৭ (খাতা ¶1870–1886): সহীহ বুখারি ৪২৪০–৪২৪১ (ফাতিমা আলাইহাস সালাম মদিনা, ফাদাক ও খাইবারের খুমুসের অবশিষ্ট থেকে মিরাস চাইলেন; «فَأَبَى أَبُو بَكْرٍ أَنْ يَدْفَعَ إِلَى فَاطِمَةَ…») — বাইবেল §৪-এ ৪২৪০ উল্লিখিত, CONFIRMED (একবচন «فهجرته»)। সুনানে আবু দাউদ ২৯৬৮ (একই ঘটনা, «فَاطِمَةَ عَلَيْهَا السَّلَام») ও ২৯৭২ (উমর ইবনে আব্দুল আযীযের ফাদাক ফেরত; আবু দাউদের মতে «ضعيف») — PAGE-CHECK।","•  প্রমাণ ০৫–০৭ (খাতা ¶1870–1886): সহীহ বুখারি ৪২৪০–৪২৪১ (ফাতিমা আলাইহাস সালাম মদিনা, ফাদাক ও খাইবারের খুমুসের অবশিষ্ট থেকে মিরাস চাইলেন; «فَأَبَى أَبُو بَكْرٍ أَنْ يَدْفَعَ إِلَى فَاطِمَةَ…») — বাইবেল §৪-এ ৪২৪০ উল্লিখিত, CONFIRMED (একবচন «فهجرته»)। সুনানে আবু দাউদ ২৯৬৮ (একই ঘটনা, «فَاطِمَةَ عَلَيْهَا السَّلَام») ও ২৯৭২ (উমর ইবনে আব্দুল আযীযের ফাদাক ফেরত; আবু দাউদের মতে «ضعيف») — PAGE-CHECK।"
B1-C00228,2843,REF-080,SUNNI,QURAN,Sahih_Muslim,Sahih_Muslim:2404|Sahih_Muslim:2404,CITATION_BULLET|PAGE_CHECK_MARKER|QURAN_MARKER|SUNNI_BOOK,CONFLICT,QURAN_CITATION_CONFLICT,QURAN_CITATION_CONFLICT,SOURCE_EXISTENCE ≠ CLAIM_SUPPORT; harvest CONFLICT retained,PAGE-CHECK ayah binding — do not invent; AUTHOR DECISION if manuscript ayah text differs,,NO,"•  কুরআন ৩৩:৩৩ (আয়াতুত তাতহীর) — CONFIRMED। মুবাহালা ৩:৬১ — CONFIRMED; মুবাহালায় আলী, ফাতিমা, হাসান, হুসাইন — সহীহ মুসলিম ২৪০৪ — PAGE-CHECK।","•  কুরআন ৩৩:৩৩ (আয়াতুত তাতহীর) — CONFIRMED। মুবাহালা ৩:৬১ — CONFIRMED; মুবাহালায় আলী, ফাতিমা, হাসান, হুসাইন — সহীহ মুসলিম ২৪০৪ — PAGE-CHECK।"
B1-C00229,2844,REF-081,SHIA,UMM_AYMAN,al-Ihtijaj,al-Ihtijaj:1|al-Ihtijaj:1,CITATION_BULLET|PAGE_CHECK_MARKER|BARNITA_MARKER|SHIA_BOOK|UMM_AYMAN|AUS,CONFLICT,UMM_AYMAN_CONTROL,UMM_AYMAN_CONTROL,SOURCE_EXISTENCE ≠ CLAIM_SUPPORT; harvest CONFLICT retained,AUTHOR DECISION REQUIRED — apply S-181; keep Aus counter-testimony separate; grade paradise report,,NO,"•  উম্মে আইমানের সাক্ষ্য, আলী (আলাইহিস্ সালাম)-এর সাক্ষ্য, মসজিদে আবু বকরের সাথে বিতর্ক, আউস ইবনুল হাদাসান — কিতাবু সুলাইম ইবনে কায়স; আত-তাবারসি, আল-ইহতিজাজ, খণ্ড ১ — PAGE-CHECK; খাতার নিজের নোট অনুযায়ী আউসের বিবরণ আলাদাভাবে মেলানো যায়নি, তাই ছাপার আগে পর্যন্ত «বর্ণিত আছে»।","•  উম্মে আইমানের সাক্ষ্য, আলী (আলাইহিস্ সালাম)-এর সাক্ষ্য, মসজিদে আবু বকরের সাথে বিতর্ক, আউস ইবনুল হাদাসান — কিতাবু সুলাইম ইবনে কায়স; আত-তাবারসি, আল-ইহতিজাজ, খণ্ড ১ — PAGE-CHECK; খাতার নিজের নোট অনুযায়ী আউসের বিবরণ আলাদাভাবে মেলানো যায়নি, তাই ছাপার আগে পর্যন্ত «বর্ণিত আছে»।"
B1-C00230,2845,REF-082,SUNNI,UMM_AYMAN,Ibn_Saad_Tabaqat,,CITATION_BULLET|PAGE_CHECK_MARKER|UMM_AYMAN,CONFLICT,UMM_AYMAN_CONTROL,UMM_AYMAN_CONTROL,SOURCE_EXISTENCE ≠ CLAIM_SUPPORT; harvest CONFLICT retained,AUTHOR DECISION REQUIRED — apply S-181; keep Aus counter-testimony separate; grade paradise report,,NO,"•  «উম্মে আইমান জান্নাতি» — ইবনে সা'দ, আত-তাবাকাত — PAGE-CHECK।","•  «উম্মে আইমান জান্নাতি» — ইবনে সা'দ, আত-তাবাকাত — PAGE-CHECK।"
B1-C00233,2908,REF-083,SHIA|SUNNI,MIXED_CITATION,Sahih_Muslim|al-Kafi,Sahih_Muslim:3|Sahih_Muslim:1478|Sahih_Muslim:3|Sahih_Muslim:1478|Sahih_Muslim:1851|Sahih_Muslim:1851|al-Kafi:1|al-Kafi:1|HADITH:1851,CITATION_BULLET|PAGE_CHECK_MARKER|SUTRA_MARKER|SUNNI_BOOK|SHIA_BOOK|HADITH_WORD,CONFLICT,MIXED_SUNNI_SHIA_OR_CORPUS,MIXED_SUNNI_SHIA_OR_CORPUS,SOURCE_EXISTENCE ≠ CLAIM_SUPPORT; harvest CONFLICT retained,SPLIT / KEEP SEPARATE — Sunni and Shia lines must not merge; AUTHOR DECISION on print form,,NO,"•  «যে ইমামকে না চিনে মারা যায়, তার মৃত্যু জাহিলিয়াতের মৃত্যু»: খাতায় সূত্র «সহীহ মুসলিম, খণ্ড ৩, পৃ. ১৪৭৮»। মুসলিমের কিতাবুল ইমারাহ (হাদীস ১৮৫১)-এ শব্দ «مَنْ مَاتَ وَلَيْسَ فِي عُنُقِهِ بَيْعَةٌ مَاتَ مِيتَةً جَاهِلِيَّةً» (গলায় বাইয়াত না থাকা) — PAGE-CHECK। «ইমামকে না চিনে» শব্দে: আল-কাফি, খণ্ড ১, কিতাবুল হুজ্জাহ («مَنْ مَاتَ لَا يَعْرِفُ إِمَامَهُ مَاتَ مِيتَةً جَاهِلِيَّةً») — PAGE-CHECK।","•  «যে ইমামকে না চিনে মারা যায়, তার মৃত্যু জাহিলিয়াতের মৃত্যু»: খাতায় সূত্র «সহীহ মুসলিম, খণ্ড ৩, পৃ. ১৪৭৮»। মুসলিমের কিতাবুল ইমারাহ (হাদীস ১৮৫১)-এ শব্দ «مَنْ مَاتَ وَلَيْسَ فِي عُنُقِهِ بَيْعَةٌ مَاتَ مِيتَةً جَاهِلِيَّةً» (গলায় বাইয়াত না থাকা) — PAGE-CHECK। «ইমামকে না চিনে» শব্দে: আল-কাফি, খণ্ড ১, কিতাবুল হুজ্জাহ («مَنْ مَاتَ لَا يَعْرِفُ إِمَامَهُ مَاتَ مِيتَةً جَاهِلِيَّةً») — PAGE-CHECK।"
B1-C00251,3019,REF-085,SUNNI,SUNNI_NARRATION,Jami_al-Tirmidhi|Sahih_al-Bukhari,Sahih_al-Bukhari:3624|Sahih_al-Bukhari:3624|Jami_al-Tirmidhi:3768|Jami_al-Tirmidhi:3768|HADITH:3624,CITATION_BULLET|PAGE_CHECK_MARKER|SUNNI_BOOK|HADITH_WORD,CONFLICT,SUNNI_SIX_NUMBER_OR_WORDING,SUNNI_SIX_NUMBER_OR_WORDING,SOURCE_EXISTENCE ≠ CLAIM_SUPPORT; harvest CONFLICT retained,PAGE-CHECK / re-verify with verify_sunni.py — number/wording conflict; AUTHOR DECISION if print changes,,NO,"•  «ফাতিমা জান্নাতি নারীদের সর্দার» (سَيِّدَةُ نِسَاءِ أَهْلِ الْجَنَّةِ) — সহীহ বুখারি, কিতাবুল মানাকিব, হাদীস ৩৬২৪ — PAGE-CHECK। «হাসান ও হুসাইন জান্নাতের যুবকদের সর্দার» — সুনানে তিরমিযি ৩৭৬৮ — PAGE-CHECK।","•  «ফাতিমা জান্নাতি নারীদের সর্দার» (سَيِّدَةُ نِسَاءِ أَهْلِ الْجَنَّةِ) — সহীহ বুখারি, কিতাবুল মানাকিব, হাদীস ৩৬২৪ — PAGE-CHECK। «হাসান ও হুসাইন জান্নাতের যুবকদের সর্দার» — সুনানে তিরমিযি ৩৭৬৮ — PAGE-CHECK।"
B1-C00295,3531,REF-086,SUNNI,SUNNI_NARRATION,Kanz_al-Ummal,Kanz_al-Ummal:6|Kanz_al-Ummal:219|Kanz_al-Ummal:6|Kanz_al-Ummal:219,CITATION_BULLET|PAGE_CHECK_MARKER,CONFLICT,GENERAL_HARVEST_CONFLICT,GENERAL_HARVEST_CONFLICT,SOURCE_EXISTENCE ≠ CLAIM_SUPPORT; harvest CONFLICT retained,AUTHOR DECISION REQUIRED — honest PAGE-CHECK / CONFLICT retained; no fake VERIFIED,,NO,"•  «إن الله فطم ابنتي فاطمة…» — খাতায় কানযুল উম্মাল, খণ্ড ৬, পৃ. ২১৯; খণ্ড/পৃষ্ঠা মেলানো হয়নি — PAGE-CHECK।","•  «إن الله فطم ابنتي فاطمة…» — খাতায় কানযুল উম্মাল, খণ্ড ৬, পৃ. ২১৯; খণ্ড/পৃষ্ঠা মেলানো হয়নি — PAGE-CHECK।"
B1-C00296,3532,REF-087,UNSPECIFIED,ATTRIBUTION_ONLY,,,CITATION_BULLET|SUTRA_MARKER|BARNITA_MARKER,CONFLICT,ATTRIBUTION_VS_SOURCE_LOCK,ATTRIBUTION_VS_SOURCE_LOCK,SOURCE_EXISTENCE ≠ CLAIM_SUPPORT; harvest CONFLICT retained,KEEP ATTRIBUTION-ONLY or author decision — no silent deletion; PAGE-CHECK until source locked,,NO,•  «অন্তরে সরিষা দানা পরিমাণ অহংকার» — এই শব্দে সূত্র খাতায় নেই — «বর্ণিত আছে»।,•  «অন্তরে সরিষা দানা পরিমাণ অহংকার» — এই শব্দে সূত্র খাতায় নেই — «বর্ণিত আছে»।
B1-C00301,3636,REF-089,SHIA,SHIA_NARRATION,al-Kafi,al-Kafi:2|al-Kafi:2,CITATION_BULLET|PAGE_CHECK_MARKER|SHIA_BOOK,CONFLICT,SHIA_RECENSION_OR_PAGE,SHIA_RECENSION_OR_PAGE,SOURCE_EXISTENCE ≠ CLAIM_SUPPORT; harvest CONFLICT retained,EDITION-LOCK + PAGE-CHECK — thaqalayn blocked; AUTHOR DECISION on edition,,NO,"•  ইমাম রেযা (আলাইহিস্ সালাম): «মুমিন হবে না যতক্ষণ না তিন সুন্নাত — রবের, নবীর, ওলীর» — আল-কাফি খণ্ড ২ ও উয়ুন আখবারির রিদা-য় বর্ণিত বলে জানা; পৃষ্ঠা মেলানো হয়নি — PAGE-CHECK।","•  ইমাম রেযা (আলাইহিস্ সালাম): «মুমিন হবে না যতক্ষণ না তিন সুন্নাত — রবের, নবীর, ওলীর» — আল-কাফি খণ্ড ২ ও উয়ুন আখবারির রিদা-য় বর্ণিত বলে জানা; পৃষ্ঠা মেলানো হয়নি — PAGE-CHECK।"
B1-C00310,3868,REF-094,SUNNI,SUNNI_NARRATION,al-Bayhaqi,al-Bayhaqi:373|al-Bayhaqi:373|HADITH:373,CITATION_BULLET|PAGE_CHECK_MARKER|HADITH_WORD,CONFLICT,GENERAL_HARVEST_CONFLICT,GENERAL_HARVEST_CONFLICT,SOURCE_EXISTENCE ≠ CLAIM_SUPPORT; harvest CONFLICT retained,AUTHOR DECISION REQUIRED — honest PAGE-CHECK / CONFLICT retained; no fake VERIFIED,,NO,"•  «নিজের নফসের বিরুদ্ধে জিহাদই সর্বশ্রেষ্ঠ জিহাদ» — খাতায়: আল-বায়হাকী, আল-যুহদ আল-কাবীর, হাদীস ৩৭৩ (জাবির থেকে); মেলানো হয়নি — PAGE-CHECK।","•  «নিজের নফসের বিরুদ্ধে জিহাদই সর্বশ্রেষ্ঠ জিহাদ» — খাতায়: আল-বায়হাকী, আল-যুহদ আল-কাবীর, হাদীস ৩৭৩ (জাবির থেকে); মেলানো হয়নি — PAGE-CHECK।"
B1-C00311,3869,REF-095,UNSPECIFIED,ATTRIBUTION_ONLY,,,CITATION_BULLET|SUTRA_MARKER|BARNITA_MARKER,CONFLICT,ATTRIBUTION_VS_SOURCE_LOCK,ATTRIBUTION_VS_SOURCE_LOCK,SOURCE_EXISTENCE ≠ CLAIM_SUPPORT; harvest CONFLICT retained,KEEP ATTRIBUTION-ONLY or author decision — no silent deletion; PAGE-CHECK until source locked,,NO,•  «তোমার সবচেয়ে বড় শত্রু… তোমার নফস» — ইমাম আলী (আলাইহিস্ সালাম)-এর নামে প্রচলিত; সূত্র খাতায় নেই — «বর্ণিত আছে»।,•  «তোমার সবচেয়ে বড় শত্রু… তোমার নফস» — ইমাম আলী (আলাইহিস্ সালাম)-এর নামে প্রচলিত; সূত্র খাতায় নেই — «বর্ণিত আছে»।
B1-C00319,4059,REF-096,SUNNI,SUNNI_NARRATION,Jami_al-Tirmidhi|Sahih_Muslim,,CITATION_BULLET|PAGE_CHECK_MARKER|BARNITA_MARKER|SUNNI_BOOK|HADITH_WORD,CONFLICT,ATTRIBUTION_VS_SOURCE_LOCK,ATTRIBUTION_VS_SOURCE_LOCK,SOURCE_EXISTENCE ≠ CLAIM_SUPPORT; harvest CONFLICT retained,KEEP ATTRIBUTION-ONLY or author decision — no silent deletion; PAGE-CHECK until source locked,,NO,"•  চাদরের হাদীস (হাদীসে কিসা, জাবির ইবনে আব্দুল্লাহ আনসারীর বর্ণনা) — শ্রোতা ০৪ L478; জনির নোটে আহলে সুন্নাহর একাধিক উৎসের তালিকা (সহীহ মুসলিম, তিরমিযি…) — এই দীর্ঘ পাঠের শব্দে মেলানো হয়নি — «বর্ণিত আছে»; সংক্ষিপ্ত চাদর-রেওয়ায়েত সহীহ মুসলিমে (ফাযায়েলুস সাহাবা) — PAGE-CHECK।","•  চাদরের হাদীস (হাদীসে কিসা, জাবির ইবনে আব্দুল্লাহ আনসারীর বর্ণনা) — শ্রোতা ০৪ L478; জনির নোটে আহলে সুন্নাহর একাধিক উৎসের তালিকা (সহীহ মুসলিম, তিরমিযি…) — এই দীর্ঘ পাঠের শব্দে মেলানো হয়নি — «বর্ণিত আছে»; সংক্ষিপ্ত চাদর-রেওয়ায়েত সহীহ মুসলিমে (ফাযায়েলুস সাহাবা) — PAGE-CHECK।"
B1-C00325,4135,REF-099,QURAN,QURAN,,,CITATION_BULLET|PAGE_CHECK_MARKER,CONFLICT,QURAN_CITATION_CONFLICT,QURAN_CITATION_CONFLICT,SOURCE_EXISTENCE ≠ CLAIM_SUPPORT; harvest CONFLICT retained,PAGE-CHECK ayah binding — do not invent; AUTHOR DECISION if manuscript ayah text differs,,NO,•  ৯৮:৭ ও «খাইরুল বারিয়্যাহ» — জাবির (রা.)-এর বর্ণনা; সুয়ুতির দুররে মানসূর-এ ৯৮:৭-এর অধীনে বর্ণিত বলে প্রচলিত — PAGE-CHECK।,•  ৯৮:৭ ও «খাইরুল বারিয়্যাহ» — জাবির (রা.)-এর বর্ণনা; সুয়ুতির দুররে মানসূর-এ ৯৮:৭-এর অধীনে বর্ণিত বলে প্রচলিত — PAGE-CHECK।
B1-C00329,4222,REF-101,SHIA,SHIA_NARRATION,al-Ihtijaj,,CITATION_BULLET|BARNITA_MARKER|QURAN_MARKER|SHIA_BOOK,CONFLICT,ATTRIBUTION_VS_SOURCE_LOCK,ATTRIBUTION_VS_SOURCE_LOCK,SOURCE_EXISTENCE ≠ CLAIM_SUPPORT; harvest CONFLICT retained,KEEP ATTRIBUTION-ONLY or author decision — no silent deletion; PAGE-CHECK until source locked,,NO,"•  বিদ্রূপকারী আমর ইবনুল আস («হে আবুল আবতার»), মসজিদে, হাকাম ইবনুল আসের সাথে — তাফসীরে হুব্বে আলী, সূরা আল-কাউসার, হা. ১০ (ইবনে বাবুওয়াইহ; হুবেআলী.কম হা. ৯৪৯৯) — VERIFIED (স্থানীয় কপি: [LOCAL-PATH-REDACTED] Fatima Zahra SA Nobuwat & Imamat Bondhon\__REWRITTEN\Tafseer e Hubbe Ali en to Bn\hubbe_ali_ch108_আল-কাউসার_bangla.md ল. ২৪৬–২৪৯); পিতা আস ইবনে ওয়াইল — একই তাফসীর হা. ১১ (আল-ইহতিজাজ)। «পুত্র","•  বিদ্রূপকারী আমর ইবনুল আস («হে আবুল আবতার»), মসজিদে, হাকাম ইবনুল আসের সাথে — তাফসীরে হুব্বে আলী, সূরা আল-কাউসার, হা. ১০ (ইবনে বাবুওয়াইহ; হুবেআলী.কম হা. ৯৪৯৯) — VERIFIED (স্থানীয় কপি: F:\HZ Fatima Zahra SA Nobuwat & Imamat Bondhon\__REWRITTEN\Tafseer e Hubbe Ali en to Bn\hubbe_ali_ch108_আল-কাউসার_bangla.md ল. ২৪৬–২৪৯); পিতা আস ইবনে ওয়াইল — একই তাফসীর হা. ১১ (আল-ইহতিজাজ)। «পুত্র ইব্রাহিম» প্রসঙ"
B1-C00331,4224,REF-103,SUNNI,SUNNI_NARRATION,al-Tabarani,,CITATION_BULLET|SUTRA_MARKER|BARNITA_MARKER,CONFLICT,ATTRIBUTION_VS_SOURCE_LOCK,ATTRIBUTION_VS_SOURCE_LOCK,SOURCE_EXISTENCE ≠ CLAIM_SUPPORT; harvest CONFLICT retained,KEEP ATTRIBUTION-ONLY or author decision — no silent deletion; PAGE-CHECK until source locked,,NO,•  «আল্লাহ সকল নবির বংশ তাঁদের ঔরসে… আমার বংশ আলীর ঔরসে» — আহলুস সুন্নাহর কিতাবে (তাবারানী ধাঁচের) বর্ণিত বলে খাতায়; নির্দিষ্ট সূত্র নেই — «বর্ণিত আছে»।,•  «আল্লাহ সকল নবির বংশ তাঁদের ঔরসে… আমার বংশ আলীর ঔরসে» — আহলুস সুন্নাহর কিতাবে (তাবারানী ধাঁচের) বর্ণিত বলে খাতায়; নির্দিষ্ট সূত্র নেই — «বর্ণিত আছে»।
B1-C00333,4226,REF-105,UNSPECIFIED,ATTRIBUTION_ONLY,,,CITATION_BULLET|SUTRA_MARKER|BARNITA_MARKER,CONFLICT,ATTRIBUTION_VS_SOURCE_LOCK,ATTRIBUTION_VS_SOURCE_LOCK,SOURCE_EXISTENCE ≠ CLAIM_SUPPORT; harvest CONFLICT retained,KEEP ATTRIBUTION-ONLY or author decision — no silent deletion; PAGE-CHECK until source locked,,NO,•  ইবনে আব্বাস: «আল কাওসার কী?» — খাতায় সূত্রহীন — «বর্ণিত আছে»।,•  ইবনে আব্বাস: «আল কাওসার কী?» — খাতায় সূত্রহীন — «বর্ণিত আছে»।
B1-C00339,4316,REF-106,SUNNI,SUNNI_NARRATION,al-Durr_al-Manthur,al-Durr_al-Manthur:2|al-Durr_al-Manthur:39|al-Durr_al-Manthur:2|al-Durr_al-Manthur:39,CITATION_BULLET|PAGE_CHECK_MARKER,CONFLICT,GENERAL_HARVEST_CONFLICT,GENERAL_HARVEST_CONFLICT,SOURCE_EXISTENCE ≠ CLAIM_SUPPORT; harvest CONFLICT retained,AUTHOR DECISION REQUIRED — honest PAGE-CHECK / CONFLICT retained; no fake VERIFIED,,NO,"•  মুবাহালার ঘটনা (হুসাইন কোলে, হাসান হাত ধরে, পেছনে ফাতিমা ও আলী (আলাইহিমুস্ সালাম), খ্রিস্টান যাজকের উক্তি, «বানর-শূকর») — জনির নোটে: তাফসিরে জালালাইন ১/৬০, বায়দ্বাভী ১/১১৮, দুররুল মানসুর ২/৩৯ (মিশর মুদ্রণ) — PAGE-CHECK।","•  মুবাহালার ঘটনা (হুসাইন কোলে, হাসান হাত ধরে, পেছনে ফাতিমা ও আলী (আলাইহিমুস্ সালাম), খ্রিস্টান যাজকের উক্তি, «বানর-শূকর») — জনির নোটে: তাফসিরে জালালাইন ১/৬০, বায়দ্বাভী ১/১১৮, দুররুল মানসুর ২/৩৯ (মিশর মুদ্রণ) — PAGE-CHECK।"
B1-C00340,4317,REF-107,SUNNI,SUNNI_NARRATION,Sahih_Muslim,Sahih_Muslim:2|Sahih_Muslim:2|HADITH:6062,CITATION_BULLET|PAGE_CHECK_MARKER|QURAN_MARKER|SUNNI_BOOK|HADITH_WORD,CONFLICT,SUNNI_SIX_NUMBER_OR_WORDING,SUNNI_SIX_NUMBER_OR_WORDING,SOURCE_EXISTENCE ≠ CLAIM_SUPPORT; harvest CONFLICT retained,PAGE-CHECK / re-verify with verify_sunni.py — number/wording conflict; AUTHOR DECISION if print changes,,NO,"•  সা’দ ইবনে আবি ওয়াক্কাসের হাদীস (তিন কথা; মুবাহালার আয়াতে আলী, ফাতিমা, হাসান, হুসাইনকে ডাকা — «এরাই আমার পরিবার») — সহীহ মুসলিম, ফাযায়েলুস সাহাবা (আন্তর্জাতিক নম্বর ২৪০৪); জনির নোটে বাংলা সংস্করণ পৃ. ৯১৭, হাদীস ৬০৬২ — PAGE-CHECK।","•  সা’দ ইবনে আবি ওয়াক্কাসের হাদীস (তিন কথা; মুবাহালার আয়াতে আলী, ফাতিমা, হাসান, হুসাইনকে ডাকা — «এরাই আমার পরিবার») — সহীহ মুসলিম, ফাযায়েলুস সাহাবা (আন্তর্জাতিক নম্বর ২৪০৪); জনির নোটে বাংলা সংস্করণ পৃ. ৯১৭, হাদীস ৬০৬২ — PAGE-CHECK।"
B1-C00378,4951,REF-116,UNSPECIFIED,FADAK,,,CITATION_BULLET|PAGE_CHECK_MARKER|BARNITA_MARKER|FADAK,CONFLICT,FADAK_RECENSION,FADAK_RECENSION,SOURCE_EXISTENCE ≠ CLAIM_SUPPORT; harvest CONFLICT retained,KEEP RECENSIONS SEPARATE — Baladhuri ≠ al-Ihtijaj; AUTHOR DECISION on dialogue wording,,NO,"•  ফাদাকের খেজুরবাগান মুসা (আলাইহিস্ সালাম)-এর অনুসারীদের রোপণ, মদিনা থেকে «প্রায় ১৫৩ কিলোমিটার», নূহ (আলাইহিস্ সালাম)-এর পুত্র হামের উত্তরাধিকার — বর্ণিত আছে; PAGE-CHECK।","•  ফাদাকের খেজুরবাগান মুসা (আলাইহিস্ সালাম)-এর অনুসারীদের রোপণ, মদিনা থেকে «প্রায় ১৫৩ কিলোমিটার», নূহ (আলাইহিস্ সালাম)-এর পুত্র হামের উত্তরাধিকার — বর্ণিত আছে; PAGE-CHECK।"
B1-C00396,5212,REF-117,SHIA,FADAK,al-Ihtijaj,al-Ihtijaj:1|al-Ihtijaj:1,CITATION_BULLET|PAGE_CHECK_MARKER|SHIA_BOOK|FADAK,CONFLICT,FADAK_RECENSION,FADAK_RECENSION,SOURCE_EXISTENCE ≠ CLAIM_SUPPORT; harvest CONFLICT retained,KEEP RECENSIONS SEPARATE — Baladhuri ≠ al-Ihtijaj; AUTHOR DECISION on dialogue wording,,NO,"•  ফাদাকের খুতবা — আল-ইহতিজাজ (তাবারসি), খণ্ড ১, মা সাইয়্যিদা (আলাইহাস্ সালাম)-এর ইহতিজাজ-অধ্যায়; বালাগাতুন নিসা (ইবনে তাইফুর)-তেও আছে — PAGE-CHECK (খণ্ড-পৃষ্ঠা ও বাংলা অনুবাদের উৎস মেলানো বাকি)।","•  ফাদাকের খুতবা — আল-ইহতিজাজ (তাবারসি), খণ্ড ১, মা সাইয়্যিদা (আলাইহাস্ সালাম)-এর ইহতিজাজ-অধ্যায়; বালাগাতুন নিসা (ইবনে তাইফুর)-তেও আছে — PAGE-CHECK (খণ্ড-পৃষ্ঠা ও বাংলা অনুবাদের উৎস মেলানো বাকি)।"
B1-C00398,5214,REF-118,SHIA,SHIA_NARRATION,al-Ihtijaj,al-Ihtijaj:1|al-Ihtijaj:1,CITATION_BULLET|PAGE_CHECK_MARKER|SHIA_BOOK,CONFLICT,SHIA_RECENSION_OR_PAGE,SHIA_RECENSION_OR_PAGE,SOURCE_EXISTENCE ≠ CLAIM_SUPPORT; harvest CONFLICT retained,EDITION-LOCK + PAGE-CHECK — thaqalayn blocked; AUTHOR DECISION on edition,,NO,•  আবদুল্লাহ ইবনে হাসান থেকে «পর্দা গ্রহণ করে মসজিদে আসা» — আল-ইহতিজাজ খণ্ড ১ — PAGE-CHECK।,•  আবদুল্লাহ ইবনে হাসান থেকে «পর্দা গ্রহণ করে মসজিদে আসা» — আল-ইহতিজাজ খণ্ড ১ — PAGE-CHECK।
B1-C00434,5343,REF-121,SUNNI,FADAK,al-Tabarani,,CITATION_BULLET|PAGE_CHECK_MARKER|FADAK,CONFLICT,FADAK_RECENSION,FADAK_RECENSION,SOURCE_EXISTENCE ≠ CLAIM_SUPPORT; harvest CONFLICT retained,KEEP RECENSIONS SEPARATE — Baladhuri ≠ al-Ihtijaj; AUTHOR DECISION on dialogue wording,,NO,"•  খাইবারের পরে ফাদাক দান (১৭:২৬ প্রসঙ্গে) — খাতায়: তাবারানী, আল-মু‘জামুল কাবীর; সুয়ূতী, আদ-দুররুল মানসূর — PAGE-CHECK।","•  খাইবারের পরে ফাদাক দান (১৭:২৬ প্রসঙ্গে) — খাতায়: তাবারানী, আল-মু‘জামুল কাবীর; সুয়ূতী, আদ-দুররুল মানসূর — PAGE-CHECK।"
B1-C00435,5344,REF-122,SUNNI,SUNNI_NARRATION,al-Baladhuri,,CITATION_BULLET|PAGE_CHECK_MARKER,CONFLICT,GENERAL_HARVEST_CONFLICT,GENERAL_HARVEST_CONFLICT,SOURCE_EXISTENCE ≠ CLAIM_SUPPORT; harvest CONFLICT retained,AUTHOR DECISION REQUIRED — honest PAGE-CHECK / CONFLICT retained; no fake VERIFIED,,NO,"•  আবু বকরের রাষ্ট্রীয় সম্পত্তি ঘোষণা — খাতায়: বালাযুরী, ফুতুহুল বুলদান; তাবারী — PAGE-CHECK। দলিল ছিঁড়ে ফেলা — খাতায়: সুয়ূতী, তারিখুল খুলাফা; ইবনে আবিল হাদীদ, শারহু নাহজিল বালাগা খণ্ড ১৬ — PAGE-CHECK।","•  আবু বকরের রাষ্ট্রীয় সম্পত্তি ঘোষণা — খাতায়: বালাযুরী, ফুতুহুল বুলদান; তাবারী — PAGE-CHECK। দলিল ছিঁড়ে ফেলা — খাতায়: সুয়ূতী, তারিখুল খুলাফা; ইবনে আবিল হাদীদ, শারহু নাহজিল বালাগা খণ্ড ১৬ — PAGE-CHECK।"
B1-C00436,5345,REF-123,SUNNI,SUNNI_NARRATION,Sahih_Muslim|Sahih_al-Bukhari,Sahih_al-Bukhari:1759|Sahih_al-Bukhari:1759|Sahih_Muslim:1759|Sahih_Muslim:1759,CITATION_BULLET|PAGE_CHECK_MARKER|SUNNI_BOOK,CONFLICT,SUNNI_SIX_NUMBER_OR_WORDING,SUNNI_SIX_NUMBER_OR_WORDING,SOURCE_EXISTENCE ≠ CLAIM_SUPPORT; harvest CONFLICT retained,PAGE-CHECK / re-verify with verify_sunni.py — number/wording conflict; AUTHOR DECISION if print changes,,NO,"•  «আমরা নবীগণ উত্তরাধিকার রেখে যাই না» — খাতায়: বুখারি (খুমুস/ফারায়িদ), মুসলিম ১৭৫৯ — PAGE-CHECK।","•  «আমরা নবীগণ উত্তরাধিকার রেখে যাই না» — খাতায়: বুখারি (খুমুস/ফারায়িদ), মুসলিম ১৭৫৯ — PAGE-CHECK।"
B1-C00438,5347,REF-125,UNSPECIFIED,FADAK,,,CITATION_BULLET|SUTRA_MARKER|BARNITA_MARKER|FADAK,CONFLICT,FADAK_RECENSION,FADAK_RECENSION,SOURCE_EXISTENCE ≠ CLAIM_SUPPORT; harvest CONFLICT retained,KEEP RECENSIONS SEPARATE — Baladhuri ≠ al-Ihtijaj; AUTHOR DECISION on dialogue wording,,NO,•  ফাদাক সাইয়্যেদা খাদিজা (আলাইহাস্ সালাম)-এর মোহরানা — বর্ণিত আছে; সূত্র খোলা।,•  ফাদাক সাইয়্যেদা খাদিজা (আলাইহাস্ সালাম)-এর মোহরানা — বর্ণিত আছে; সূত্র খোলা।
B1-C00450,5423,REF-126,SUNNI,SUNNI_NARRATION,Sahih_al-Bukhari,Sahih_al-Bukhari:4240|Sahih_al-Bukhari:4240,CITATION_BULLET|PAGE_CHECK_MARKER|SUNNI_BOOK,CONFLICT,SUNNI_SIX_NUMBER_OR_WORDING,SUNNI_SIX_NUMBER_OR_WORDING,SOURCE_EXISTENCE ≠ CLAIM_SUPPORT; harvest CONFLICT retained,PAGE-CHECK / re-verify with verify_sunni.py — number/wording conflict; AUTHOR DECISION if print changes,,NO,"•  সহীহ বুখারি ৪২৪০ (কিতাবুল মাগাযি, খায়বার অধ্যায়, আয়িশা থেকে): «فَوَجَدَتْ فَاطِمَةُ عَلَى أَبِي بَكْرٍ فِي ذَلِكَ فَهَجَرَتْهُ فَلَمْ تُكَلِّمْهُ حَتَّى تُوُفِّيَتْ، وَعَاشَتْ بَعْدَ النَّبِيِّ صلى الله عليه وسلم سِتَّةَ أَشْهُرٍ» — CONFIRMED (SECOND_NOTEBOOK/CITATION_RISK #১৩; একবচন «فهجرته»); বাংলা অর্থ এখানে Claude-এর অর্থানুবাদ; বাংলা সংস্করণের নম্বর PAGE-CHECK।","•  সহীহ বুখারি ৪২৪০ (কিতাবুল মাগাযি, খায়বার অধ্যায়, আয়িশা থেকে): «فَوَجَدَتْ فَاطِمَةُ عَلَى أَبِي بَكْرٍ فِي ذَلِكَ فَهَجَرَتْهُ فَلَمْ تُكَلِّمْهُ حَتَّى تُوُفِّيَتْ، وَعَاشَتْ بَعْدَ النَّبِيِّ صلى الله عليه وسلم سِتَّةَ أَشْهُرٍ» — CONFIRMED (SECOND_NOTEBOOK/CITATION_RISK #১৩; একবচন «فهجرته»); বাংলা অর্থ এখানে Claude-এর অর্থানুবাদ; বাংলা সংস্করণের নম্বর PAGE-CHECK।"
B1-C00456,5502,REF-127,QURAN,QURAN,,,CITATION_BULLET|PAGE_CHECK_MARKER|QURAN_MARKER,CONFLICT,QURAN_CITATION_CONFLICT,QURAN_CITATION_CONFLICT,SOURCE_EXISTENCE ≠ CLAIM_SUPPORT; harvest CONFLICT retained,PAGE-CHECK ayah binding — do not invent; AUTHOR DECISION if manuscript ayah text differs,,NO,"•  কুরআন ৩০:৩৮ — api.alquran.cloud-এ মেলানো, CONFIRMED (খাতায় «وَآتِ»; মুসহাফে ৩০:৩৮ «فَآتِ», ১৭:২৬ «وَآتِ» — দুটোর পার্থক্য PAGE-CHECK)।","•  কুরআন ৩০:৩৮ — api.alquran.cloud-এ মেলানো, CONFIRMED (খাতায় «وَآتِ»; মুসহাফে ৩০:৩৮ «فَآتِ», ১৭:২৬ «وَآتِ» — দুটোর পার্থক্য PAGE-CHECK)।"
B1-C00457,5503,REF-128,SUNNI,FADAK,Mustadrak_al-Hakim,,CITATION_BULLET|PAGE_CHECK_MARKER|SUNNI_BOOK|FADAK,CONFLICT,FADAK_RECENSION,FADAK_RECENSION,SOURCE_EXISTENCE ≠ CLAIM_SUPPORT; harvest CONFLICT retained,KEEP RECENSIONS SEPARATE — Baladhuri ≠ al-Ihtijaj; AUTHOR DECISION on dialogue wording,,NO,"•  ৩০:৩৮ নাযিলে ফাদাক দান (ইবনে আব্বাস) — হাকিম হাসকানী, শাওয়াহিদুত তানযীল — PAGE-CHECK।","•  ৩০:৩৮ নাযিলে ফাদাক দান (ইবনে আব্বাস) — হাকিম হাসকানী, শাওয়াহিদুত তানযীল — PAGE-CHECK।"
B1-C00459,5505,REF-130,SHIA,SHIA_NARRATION,Bihar_al-Anwar,Bihar_al-Anwar:43|Bihar_al-Anwar:43,CITATION_BULLET|PAGE_CHECK_MARKER|SHIA_BOOK,CONFLICT,SHIA_RECENSION_OR_PAGE,SHIA_RECENSION_OR_PAGE,SOURCE_EXISTENCE ≠ CLAIM_SUPPORT; harvest CONFLICT retained,EDITION-LOCK + PAGE-CHECK — thaqalayn blocked; AUTHOR DECISION on edition,,NO,•  ওফাতের পরে সময়কাল ও বয়সে ভিন্ন বর্ণনা (৪০ দিন থেকে ৮ মাস; ১৮ থেকে ২৮) — খাতায়: বিহারুল আনওয়ার খণ্ড ৪৩ — PAGE-CHECK।,•  ওফাতের পরে সময়কাল ও বয়সে ভিন্ন বর্ণনা (৪০ দিন থেকে ৮ মাস; ১৮ থেকে ২৮) — খাতায়: বিহারুল আনওয়ার খণ্ড ৪৩ — PAGE-CHECK।
B1-C00460,5506,REF-131,SUNNI,SUNNI_NARRATION,Sahih_al-Bukhari,Sahih_al-Bukhari:4240|Sahih_al-Bukhari:13|Sahih_al-Bukhari:4240|Sahih_al-Bukhari:13|Sahih_al-Bukhari:4240|Sahih_al-Bukhari:4240,CITATION_BULLET|PAGE_CHECK_MARKER|BARNITA_MARKER|SUNNI_BOOK|HADITH_WORD,CONFLICT,ATTRIBUTION_VS_SOURCE_LOCK,ATTRIBUTION_VS_SOURCE_LOCK,SOURCE_EXISTENCE ≠ CLAIM_SUPPORT; harvest CONFLICT retained,KEEP ATTRIBUTION-ONLY or author decision — no silent deletion; PAGE-CHECK until source locked,,NO,"•  ফুপুর না-পড়া লাইন — সহীহ বুখারি ৪২৪০-এর পরের অংশ (CITATION_RISK #১৩-এর একই হাদীস), CONFIRMED; রাতে গোসল-কাফন-দাফন ও কবর গোপন রাখার ওসিয়ত — বর্ণিত আছে, PAGE-CHECK (খাতায় বুখারি ৪২৪০ লেখা, কিন্তু সেখানে গোপনের ওসিয়তের শব্দ নেই)।","•  ফুপুর না-পড়া লাইন — সহীহ বুখারি ৪২৪০-এর পরের অংশ (CITATION_RISK #১৩-এর একই হাদীস), CONFIRMED; রাতে গোসল-কাফন-দাফন ও কবর গোপন রাখার ওসিয়ত — বর্ণিত আছে, PAGE-CHECK (খাতায় বুখারি ৪২৪০ লেখা, কিন্তু সেখানে গোপনের ওসিয়তের শব্দ নেই)।"
B1-C00491,5675,REF-132,SUNNI,SUNNI_NARRATION,Sahih_Muslim|Sahih_al-Bukhari,Sahih_al-Bukhari:3623|Sahih_al-Bukhari:3624|Sahih_al-Bukhari:2450|Sahih_al-Bukhari:3623|Sahih_al-Bukhari:3624|Sahih_al-Bukhari:2450|Sahih_Muslim:2450|Sahih_Muslim:2450,CITATION_BULLET|PAGE_CHECK_MARKER|SUNNI_BOOK,CONFLICT,SUNNI_SIX_NUMBER_OR_WORDING,SUNNI_SIX_NUMBER_OR_WORDING,SOURCE_EXISTENCE ≠ CLAIM_SUPPORT; harvest CONFLICT retained,PAGE-CHECK / re-verify with verify_sunni.py — number/wording conflict; AUTHOR DECISION if print changes,,NO,"•  গোপন কথা, কান্না ও হাসি (আয়িশা থেকে) — সহীহ বুখারি ৩৬২৩–৩৬২৪, সহীহ মুসলিম ২৪৫০ — PAGE-CHECK (শব্দ মেলানো বাকি)।","•  গোপন কথা, কান্না ও হাসি (আয়িশা থেকে) — সহীহ বুখারি ৩৬২৩–৩৬২৪, সহীহ মুসলিম ২৪৫০ — PAGE-CHECK (শব্দ মেলানো বাকি)।"
B1-C00493,5677,REF-134,SUNNI,SUNNI_NARRATION,Sahih_al-Bukhari,,CITATION_BULLET|PAGE_CHECK_MARKER|BARNITA_MARKER|SUNNI_BOOK,CONFLICT,ATTRIBUTION_VS_SOURCE_LOCK,ATTRIBUTION_VS_SOURCE_LOCK,SOURCE_EXISTENCE ≠ CLAIM_SUPPORT; harvest CONFLICT retained,KEEP ATTRIBUTION-ONLY or author decision — no silent deletion; PAGE-CHECK until source locked,,NO,•  কাগজ-কলম ও «কোরআনই আমাদের জন্য যথেষ্ট» (বৃহস্পতিবারের ঘটনা) — সহীহ বুখারি (কিতাবুল ইলম ও মাগাযি) — PAGE-CHECK; «কাবা মানুষের কাছে যায় না» — বর্ণিত আছে।,•  কাগজ-কলম ও «কোরআনই আমাদের জন্য যথেষ্ট» (বৃহস্পতিবারের ঘটনা) — সহীহ বুখারি (কিতাবুল ইলম ও মাগাযি) — PAGE-CHECK; «কাবা মানুষের কাছে যায় না» — বর্ণিত আছে।
B1-C00494,5678,REF-135,SHIA,SHIA_NARRATION,Bihar_al-Anwar,Bihar_al-Anwar:43|Bihar_al-Anwar:43,CITATION_BULLET|PAGE_CHECK_MARKER|SHIA_BOOK,CONFLICT,SHIA_RECENSION_OR_PAGE,SHIA_RECENSION_OR_PAGE,SOURCE_EXISTENCE ≠ CLAIM_SUPPORT; harvest CONFLICT retained,EDITION-LOCK + PAGE-CHECK — thaqalayn blocked; AUTHOR DECISION on edition,,NO,•  বয়স ও সময়কালের ভিন্নতা — খাতায়: বিহারুল আনওয়ার খণ্ড ৪৩ — PAGE-CHECK।,•  বয়স ও সময়কালের ভিন্নতা — খাতায়: বিহারুল আনওয়ার খণ্ড ৪৩ — PAGE-CHECK।
B1-C00516,5812,REF-136,QURAN,FADAK,,,CITATION_BULLET|PAGE_CHECK_MARKER|BARNITA_MARKER|FADAK,CONFLICT,FADAK_RECENSION,FADAK_RECENSION,SOURCE_EXISTENCE ≠ CLAIM_SUPPORT; harvest CONFLICT retained,KEEP RECENSIONS SEPARATE — Baladhuri ≠ al-Ihtijaj; AUTHOR DECISION on dialogue wording,,NO,•  ইমাম সাদিক (আলাইহিস্ সালাম) থেকে ১৭:২৬ ও ফাদাক — বর্ণিত আছে; PAGE-CHECK।,•  ইমাম সাদিক (আলাইহিস্ সালাম) থেকে ১৭:২৬ ও ফাদাক — বর্ণিত আছে; PAGE-CHECK।
B1-C00517,5813,REF-137,UNSPECIFIED,SOURCE_BLOCK_NOTE,,,CITATION_BULLET|PAGE_CHECK_MARKER,CONFLICT,SOURCE_BLOCK_INTERNAL,SOURCE_BLOCK_INTERNAL,SOURCE_EXISTENCE ≠ CLAIM_SUPPORT; harvest CONFLICT retained,AUTHOR DECISION REQUIRED — honest PAGE-CHECK / CONFLICT retained; no fake VERIFIED,,NO,"•  ইমাম যায়নুল আবেদীন (আলাইহিস্ সালাম) ও শামদেশীয় লোক — খাতায়: ইবনে জারীর তাবারী; বাজ্জার, আবু ইয়ালা, ইবনে আবি হাতিম, ইবনে মারদুইয়্যা (আবু সাঈদ খুদরী ও ইবনে আব্বাস); মিরাজুন নাবুয়্যাত — PAGE-CHECK।","•  ইমাম যায়নুল আবেদীন (আলাইহিস্ সালাম) ও শামদেশীয় লোক — খাতায়: ইবনে জারীর তাবারী; বাজ্জার, আবু ইয়ালা, ইবনে আবি হাতিম, ইবনে মারদুইয়্যা (আবু সাঈদ খুদরী ও ইবনে আব্বাস); মিরাজুন নাবুয়্যাত — PAGE-CHECK।"
B1-C00518,5814,REF-138,UNSPECIFIED,SOURCE_BLOCK_NOTE,,,CITATION_BULLET|PAGE_CHECK_MARKER,CONFLICT,SOURCE_BLOCK_INTERNAL,SOURCE_BLOCK_INTERNAL,SOURCE_EXISTENCE ≠ CLAIM_SUPPORT; harvest CONFLICT retained,AUTHOR DECISION REQUIRED — honest PAGE-CHECK / CONFLICT retained; no fake VERIFIED,,NO,•  আতিয়্যা আল-আউফির বর্ণনা ও আবু সাঈদ খুদরী পর্যন্ত সনদ — PAGE-CHECK; তাবারসী (মাজমাউল বায়ান) — PAGE-CHECK।,•  আতিয়্যা আল-আউফির বর্ণনা ও আবু সাঈদ খুদরী পর্যন্ত সনদ — PAGE-CHECK; তাবারসী (মাজমাউল বায়ান) — PAGE-CHECK।
B1-C00521,5817,REF-141,UNSPECIFIED,FADAK,,,CITATION_BULLET|PAGE_CHECK_MARKER|FADAK,CONFLICT,FADAK_RECENSION,FADAK_RECENSION,SOURCE_EXISTENCE ≠ CLAIM_SUPPORT; harvest CONFLICT retained,KEEP RECENSIONS SEPARATE — Baladhuri ≠ al-Ihtijaj; AUTHOR DECISION on dialogue wording,,NO,"•  উম্মে হানী ও আবু বকরের কথোপকথন — খাতায়: জাওহারী, আস-সাকিফা ওয়া ফাদাক, «খণ্ড ৪, পৃষ্ঠা ৮১» — PAGE-CHECK (এই খণ্ড-নম্বর সম্ভবত শারহু নাহজিল বালাগার; মেলানো বাকি)।","•  উম্মে হানী ও আবু বকরের কথোপকথন — খাতায়: জাওহারী, আস-সাকিফা ওয়া ফাদাক, «খণ্ড ৪, পৃষ্ঠা ৮১» — PAGE-CHECK (এই খণ্ড-নম্বর সম্ভবত শারহু নাহজিল বালাগার; মেলানো বাকি)।"
B1-C00526,6006,REF-142,SUNNI,SUNNI_NARRATION,Sahih_al-Bukhari,Sahih_al-Bukhari:3714|Sahih_al-Bukhari:3714,CITATION_BULLET|PAGE_CHECK_MARKER|SUNNI_BOOK,CONFLICT,SUNNI_SIX_NUMBER_OR_WORDING,SUNNI_SIX_NUMBER_OR_WORDING,SOURCE_EXISTENCE ≠ CLAIM_SUPPORT; harvest CONFLICT retained,PAGE-CHECK / re-verify with verify_sunni.py — number/wording conflict; AUTHOR DECISION if print changes,,NO,"•  «ফাতিমা আমার অংশ; যে তাকে রাগান্বিত করে সে আমাকে রাগান্বিত করে» — সহীহ বুখারি ৩৭১৪ («فمن أغضبها أغضبني») — CONFIRMED (STYLE §৪ ফাঁদ-তালিকা); «যে তাকে খুশি করে…» অংশ — অন্য বর্ণনায়, PAGE-CHECK।","•  «ফাতিমা আমার অংশ; যে তাকে রাগান্বিত করে সে আমাকে রাগান্বিত করে» — সহীহ বুখারি ৩৭১৪ («فمن أغضبها أغضبني») — CONFIRMED (STYLE §৪ ফাঁদ-তালিকা); «যে তাকে খুশি করে…» অংশ — অন্য বর্ণনায়, PAGE-CHECK।"
B1-C00532,6107,REF-143,SUNNI,SUNNI_NARRATION,Sahih_Muslim|Sahih_al-Bukhari,Sahih_al-Bukhari:7222|Sahih_al-Bukhari:7222|Sahih_Muslim:7222|Sahih_Muslim:7222,CITATION_BULLET|PAGE_CHECK_MARKER|SUNNI_BOOK,CONFLICT,SUNNI_SIX_NUMBER_OR_WORDING,SUNNI_SIX_NUMBER_OR_WORDING,SOURCE_EXISTENCE ≠ CLAIM_SUPPORT; harvest CONFLICT retained,PAGE-CHECK / re-verify with verify_sunni.py — number/wording conflict; AUTHOR DECISION if print changes,,NO,"•  বারো খলিফা — সহীহ মুসলিম (কিতাবুল ইমারাহ), বুখারি ৭২২২ — PAGE-CHECK (খাতার শব্দ ও নম্বর মেলানো বাকি)।","•  বারো খলিফা — সহীহ মুসলিম (কিতাবুল ইমারাহ), বুখারি ৭২২২ — PAGE-CHECK (খাতার শব্দ ও নম্বর মেলানো বাকি)।"
B1-C00533,6108,REF-144,SUNNI,QURAN,Jami_al-Tirmidhi,Jami_al-Tirmidhi:33|Jami_al-Tirmidhi:33|Jami_al-Tirmidhi:33|Jami_al-Tirmidhi:33,CITATION_BULLET|PAGE_CHECK_MARKER|QURAN_MARKER|SUNNI_BOOK,CONFLICT,QURAN_CITATION_CONFLICT,QURAN_CITATION_CONFLICT,SOURCE_EXISTENCE ≠ CLAIM_SUPPORT; harvest CONFLICT retained,PAGE-CHECK ayah binding — do not invent; AUTHOR DECISION if manuscript ayah text differs,,NO,"•  ছয় মাস ফজরে দরজায় ৩৩:৩৩ পাঠ (আনাস) — জামে তিরমিযি — PAGE-CHECK; কুরআন ৩৩:৩৩ — api.alquran.cloud, CONFIRMED।","•  ছয় মাস ফজরে দরজায় ৩৩:৩৩ পাঠ (আনাস) — জামে তিরমিযি — PAGE-CHECK; কুরআন ৩৩:৩৩ — api.alquran.cloud, CONFIRMED।"
B1-C00548,6305,REF-152,SUNNI,SUNNI_NARRATION,Sahih_Muslim|Sahih_al-Bukhari,Sahih_al-Bukhari:7222|Sahih_al-Bukhari:7222|Sahih_Muslim:7222|Sahih_Muslim:7222,CITATION_BULLET|PAGE_CHECK_MARKER|SUNNI_BOOK,CONFLICT,SUNNI_SIX_NUMBER_OR_WORDING,SUNNI_SIX_NUMBER_OR_WORDING,SOURCE_EXISTENCE ≠ CLAIM_SUPPORT; harvest CONFLICT retained,PAGE-CHECK / re-verify with verify_sunni.py — number/wording conflict; AUTHOR DECISION if print changes,,NO,"•  বারো খলিফা — সহীহ মুসলিম (কিতাবুল ইমারাহ), বুখারি ৭২২২ — PAGE-CHECK।","•  বারো খলিফা — সহীহ মুসলিম (কিতাবুল ইমারাহ), বুখারি ৭২২২ — PAGE-CHECK।"
B1-C00549,6306,REF-153,SUNNI,SUNNI_NARRATION,Sahih_al-Bukhari,Sahih_al-Bukhari:3714|Sahih_al-Bukhari:3714,CITATION_BULLET|PAGE_CHECK_MARKER|SUNNI_BOOK,CONFLICT,SUNNI_SIX_NUMBER_OR_WORDING,SUNNI_SIX_NUMBER_OR_WORDING,SOURCE_EXISTENCE ≠ CLAIM_SUPPORT; harvest CONFLICT retained,PAGE-CHECK / re-verify with verify_sunni.py — number/wording conflict; AUTHOR DECISION if print changes,,NO,"•  «ফাতিমা আমার অংশ…» — বুখারি ৩৭১৪ (শুধু «فمن أغضبها أغضبني»), বাকি অংশ — PAGE-CHECK।","•  «ফাতিমা আমার অংশ…» — বুখারি ৩৭১৪ (শুধু «فمن أغضبها أغضبني»), বাকি অংশ — PAGE-CHECK।"
B1-C00550,6307,REF-154,UNSPECIFIED,ATTRIBUTION_ONLY,,,CITATION_BULLET|PAGE_CHECK_MARKER|BARNITA_MARKER,CONFLICT,ATTRIBUTION_VS_SOURCE_LOCK,ATTRIBUTION_VS_SOURCE_LOCK,SOURCE_EXISTENCE ≠ CLAIM_SUPPORT; harvest CONFLICT retained,KEEP ATTRIBUTION-ONLY or author decision — no silent deletion; PAGE-CHECK until source locked,,NO,•  «সর্বপ্রথম আল্লাহ নূরকে সৃষ্টি করেছেন… সকল বস্তু আমার নূর থেকে» — বর্ণিত আছে (জাবির থেকে); PAGE-CHECK।,•  «সর্বপ্রথম আল্লাহ নূরকে সৃষ্টি করেছেন… সকল বস্তু আমার নূর থেকে» — বর্ণিত আছে (জাবির থেকে); PAGE-CHECK।
B1-C00551,6308,REF-155,UNSPECIFIED,ATTRIBUTION_ONLY,,,CITATION_BULLET|PAGE_CHECK_MARKER|BARNITA_MARKER,CONFLICT,ATTRIBUTION_VS_SOURCE_LOCK,ATTRIBUTION_VS_SOURCE_LOCK,SOURCE_EXISTENCE ≠ CLAIM_SUPPORT; harvest CONFLICT retained,KEEP ATTRIBUTION-ONLY or author decision — no silent deletion; PAGE-CHECK until source locked,,NO,•  উম্মে আবিহা — বর্ণিত আছে; PAGE-CHECK।,•  উম্মে আবিহা — বর্ণিত আছে; PAGE-CHECK।
B1-C00556,6456,REF-157,SUNNI,SUNNI_NARRATION,Jami_al-Tirmidhi|Sahih_Muslim,Sahih_Muslim:2408|Sahih_Muslim:3786|Sahih_Muslim:2408|Sahih_Muslim:3786|Jami_al-Tirmidhi:3786|Jami_al-Tirmidhi:3788|Jami_al-Tirmidhi:3786|Jami_al-Tirmidhi:3788|Jami_al-Tirmidhi:173,CITATION_BULLET|PAGE_CHECK_MARKER|SUNNI_BOOK,CONFLICT,SUNNI_SIX_NUMBER_OR_WORDING,SUNNI_SIX_NUMBER_OR_WORDING,SOURCE_EXISTENCE ≠ CLAIM_SUPPORT; harvest CONFLICT retained,PAGE-CHECK / re-verify with verify_sunni.py — number/wording conflict; AUTHOR DECISION if print changes,,NO,"•  সাকালাইন («কিতাবুল্লাহ ও আমার ইতরাত, আহলুল বাইত») — মুসলিম ২৪০৮ (যায়েদ ইবনে আরকাম), তিরমিযি ৩৭৮৬ (জাবির), ৩৭৮৮ — CONFIRMED (S-173); আবু সাঈদ ও যায়েদ ইবনে সাবিতের বর্ণনা — PAGE-CHECK।","•  সাকালাইন («কিতাবুল্লাহ ও আমার ইতরাত, আহলুল বাইত») — মুসলিম ২৪০৮ (যায়েদ ইবনে আরকাম), তিরমিযি ৩৭৮৬ (জাবির), ৩৭৮৮ — CONFIRMED (S-173); আবু সাঈদ ও যায়েদ ইবনে সাবিতের বর্ণনা — PAGE-CHECK।"
B1-C00558,6458,REF-158,SHIA|SUNNI,MIXED_CITATION,Bihar_al-Anwar|Sahih_Muslim|Sahih_al-Bukhari,Sahih_Muslim:3|Sahih_Muslim:364|Sahih_Muslim:2|Sahih_Muslim:3|Sahih_Muslim:364|Sahih_Muslim:2|Bihar_al-Anwar:22|Bihar_al-Anwar:469|Bihar_al-Anwar:04|Bihar_al-Anwar:22|Bihar_al-Anwar:469|Bihar_al-Anwar:04,CITATION_BULLET|PAGE_CHECK_MARKER|SUNNI_BOOK|SHIA_BOOK,CONFLICT,MIXED_SUNNI_SHIA_OR_CORPUS,MIXED_SUNNI_SHIA_OR_CORPUS,SOURCE_EXISTENCE ≠ CLAIM_SUPPORT; harvest CONFLICT retained,SPLIT / KEEP SEPARATE — Sunni and Shia lines must not merge; AUTHOR DECISION on print form,,NO,"•  কাগজ-কলমের ঘটনা — সহীহ বুখারি (কিতাবুল ইলম, মাগাযি, মারাদুন নবী), মুসলিম; মুসনাদে আহমাদ ৩/৩৬৪; বিহারুল আনওয়ার ২২/৪৬৯; শেখ মুফিদ, আল-ইরশাদ — শ্রোতা ০৪-এর তালিকা, PAGE-CHECK।","•  কাগজ-কলমের ঘটনা — সহীহ বুখারি (কিতাবুল ইলম, মাগাযি, মারাদুন নবী), মুসলিম; মুসনাদে আহমাদ ৩/৩৬৪; বিহারুল আনওয়ার ২২/৪৬৯; শেখ মুফিদ, আল-ইরশাদ — শ্রোতা ০৪-এর তালিকা, PAGE-CHECK।"
B1-C00565,6560,REF-161,UNSPECIFIED,SOURCE_BLOCK_NOTE,,,CITATION_BULLET|PAGE_CHECK_MARKER,CONFLICT,SOURCE_BLOCK_INTERNAL,SOURCE_BLOCK_INTERNAL,SOURCE_EXISTENCE ≠ CLAIM_SUPPORT; harvest CONFLICT retained,AUTHOR DECISION REQUIRED — honest PAGE-CHECK / CONFLICT retained; no fake VERIFIED,,NO,•  ইবনে আবী নুজাইহ — কুফার মিম্বরে আলী (আলাইহিস্ সালাম): «আমি অধিক প্রিয় নাকি ফাতেমা?» — PAGE-CHECK।,•  ইবনে আবী নুজাইহ — কুফার মিম্বরে আলী (আলাইহিস্ সালাম): «আমি অধিক প্রিয় নাকি ফাতেমা?» — PAGE-CHECK।
B1-C00575,6647,REF-164,SUNNI,SUNNI_NARRATION,Jami_al-Tirmidhi|Mustadrak_al-Hakim,,CITATION_BULLET|PAGE_CHECK_MARKER|SUNNI_BOOK,CONFLICT,MIXED_SUNNI_SHIA_OR_CORPUS,MIXED_SUNNI_SHIA_OR_CORPUS,SOURCE_EXISTENCE ≠ CLAIM_SUPPORT; harvest CONFLICT retained,SPLIT / KEEP SEPARATE — Sunni and Shia lines must not merge; AUTHOR DECISION on print form,,NO,"•  «আমি জ্ঞানের শহর, আলী তার দরজা» — PAGE-CHECK (তিরমিযি/হাকিম; নম্বর মেলানো বাকি)।","•  «আমি জ্ঞানের শহর, আলী তার দরজা» — PAGE-CHECK (তিরমিযি/হাকিম; নম্বর মেলানো বাকি)।"
B1-C00579,6721,REF-167,UNSPECIFIED,ATTRIBUTION_ONLY,,,BARNITA_MARKER|HADITH_WORD|RASUL_SAID,CONFLICT,ATTRIBUTION_VS_SOURCE_LOCK,ATTRIBUTION_VS_SOURCE_LOCK,SOURCE_EXISTENCE ≠ CLAIM_SUPPORT; harvest CONFLICT retained,KEEP ATTRIBUTION-ONLY or author decision — no silent deletion; PAGE-CHECK until source locked,,NO,"হাদিসে বর্ণিত আছে—একজন ব্যক্তি তার মাকে কাঁধে করে কাবার চারপাশে তাওয়াফ করালেন। তিনি ভাবলেন, হয়তো এভাবে তিনি তার মায়ের ঋণ শোধ করতে পারলেন। কিন্তু রাসূলুল্লাহ ﷺ বললেন, “না, এমনকি মায়ের এক মুহূর্তের কষ্টের প্রতিদানও হয়নি।” এটি এক মহাসত্য—সন্তান চাইলেও মায়ের ঋণ পরিশোধ করতে পারবে না।","হাদিসে বর্ণিত আছে—একজন ব্যক্তি তার মাকে কাঁধে করে কাবার চারপাশে তাওয়াফ করালেন। তিনি ভাবলেন, হয়তো এভাবে তিনি তার মায়ের ঋণ শোধ করতে পারলেন। কিন্তু রাসূলুল্লাহ ﷺ বললেন, “না, এমনকি মায়ের এক মুহূর্তের কষ্টের প্রতিদানও হয়নি।” এটি এক মহাসত্য—সন্তান চাইলেও মায়ের ঋণ পরিশোধ করতে পারবে না।"
B1-C00581,6739,REF-168,UNSPECIFIED,SOURCE_BLOCK_NOTE,,,CITATION_BULLET|PAGE_CHECK_MARKER,CONFLICT,SOURCE_BLOCK_INTERNAL,SOURCE_BLOCK_INTERNAL,SOURCE_EXISTENCE ≠ CLAIM_SUPPORT; harvest CONFLICT retained,AUTHOR DECISION REQUIRED — honest PAGE-CHECK / CONFLICT retained; no fake VERIFIED,,NO,•  মা সাইয়্যিদার মোহর পৃথিবীর এক-পঞ্চমাংশ; জিবরাঈলের পায়ের আঘাতে পাঁচ নদী — ফিকহুর রেজা (খাতার উল্লেখ) — PAGE-CHECK।,•  মা সাইয়্যিদার মোহর পৃথিবীর এক-পঞ্চমাংশ; জিবরাঈলের পায়ের আঘাতে পাঁচ নদী — ফিকহুর রেজা (খাতার উল্লেখ) — PAGE-CHECK।
B1-C00582,6740,REF-169,UNSPECIFIED,ATTRIBUTION_ONLY,,,CITATION_BULLET|PAGE_CHECK_MARKER|BARNITA_MARKER,CONFLICT,ATTRIBUTION_VS_SOURCE_LOCK,ATTRIBUTION_VS_SOURCE_LOCK,SOURCE_EXISTENCE ≠ CLAIM_SUPPORT; harvest CONFLICT retained,KEEP ATTRIBUTION-ONLY or author decision — no silent deletion; PAGE-CHECK until source locked,,NO,"•  «এতিমের এক দিরহাম… আমরাই সেই এতিম» — ইমাম রেজা (আলাইহিস্ সালাম) — বর্ণিত আছে, PAGE-CHECK।","•  «এতিমের এক দিরহাম… আমরাই সেই এতিম» — ইমাম রেজা (আলাইহিস্ সালাম) — বর্ণিত আছে, PAGE-CHECK।"
B1-C00583,6741,REF-170,SHIA,QURAN,al-Kafi,,CITATION_BULLET|PAGE_CHECK_MARKER|SHIA_BOOK|HADITH_WORD,CONFLICT,SHIA_RECENSION_OR_PAGE,SHIA_RECENSION_OR_PAGE,SOURCE_EXISTENCE ≠ CLAIM_SUPPORT; harvest CONFLICT retained,EDITION-LOCK + PAGE-CHECK — thaqalayn blocked; AUTHOR DECISION on edition,,NO,"•  ৫৭:১১-এর ব্যাখ্যায় ইমাম কাযিম, ইমাম সাদিক (আলাইহিমাস্ সালাম)-এর হাদিস; «এক দিরহাম ওহুদের চেয়ে ভারী» (মায়াহ); «তোমাদের পবিত্র করার জন্য গ্রহণ করি» — আল-কাফি, কিতাবুল হুজ্জা (বাবু সিলাতিল ইমাম) — PAGE-CHECK।","•  ৫৭:১১-এর ব্যাখ্যায় ইমাম কাযিম, ইমাম সাদিক (আলাইহিমাস্ সালাম)-এর হাদিস; «এক দিরহাম ওহুদের চেয়ে ভারী» (মায়াহ); «তোমাদের পবিত্র করার জন্য গ্রহণ করি» — আল-কাফি, কিতাবুল হুজ্জা (বাবু সিলাতিল ইমাম) — PAGE-CHECK।"
B1-C00584,6742,REF-171,UNSPECIFIED,ATTRIBUTION_ONLY,,,CITATION_BULLET|PAGE_CHECK_MARKER|BARNITA_MARKER,CONFLICT,ATTRIBUTION_VS_SOURCE_LOCK,ATTRIBUTION_VS_SOURCE_LOCK,SOURCE_EXISTENCE ≠ CLAIM_SUPPORT; harvest CONFLICT retained,KEEP ATTRIBUTION-ONLY or author decision — no silent deletion; PAGE-CHECK until source locked,,NO,"•  মাকে কাঁধে নিয়ে তাওয়াফ — বর্ণিত আছে, PAGE-CHECK।","•  মাকে কাঁধে নিয়ে তাওয়াফ — বর্ণিত আছে, PAGE-CHECK।"
B1-C00588,6791,REF-172,UNSPECIFIED,ATTRIBUTION_ONLY,,,BARNITA_MARKER,CONFLICT,ATTRIBUTION_VS_SOURCE_LOCK,ATTRIBUTION_VS_SOURCE_LOCK,SOURCE_EXISTENCE ≠ CLAIM_SUPPORT; harvest CONFLICT retained,KEEP ATTRIBUTION-ONLY or author decision — no silent deletion; PAGE-CHECK until source locked,,NO,"বুরুল্লাহ আস্তে যোগ করল, “বর্ণিত আছে, কিয়ামতের দিন রাসূলুল্লাহ ﷺ এবং ইমাম আলী (আলাইহিস্ সালাম) সেই সেতুর উপর থাকবেন এবং কেবল তাঁদের ওয়ালিয়াতের উপর দৃঢ়পদে বহাল থাকা ব্যক্তিদেরই পার হতে দেবেন।","বুরুল্লাহ আস্তে যোগ করল, “বর্ণিত আছে, কিয়ামতের দিন রাসূলুল্লাহ ﷺ এবং ইমাম আলী (আলাইহিস্ সালাম) সেই সেতুর উপর থাকবেন এবং কেবল তাঁদের ওয়ালিয়াতের উপর দৃঢ়পদে বহাল থাকা ব্যক্তিদেরই পার হতে দেবেন।"
B1-C00591,6804,REF-173,QURAN,QURAN,,,CITATION_BULLET|PAGE_CHECK_MARKER,CONFLICT,QURAN_CITATION_CONFLICT,QURAN_CITATION_CONFLICT,SOURCE_EXISTENCE ≠ CLAIM_SUPPORT; harvest CONFLICT retained,PAGE-CHECK ayah binding — do not invent; AUTHOR DECISION if manuscript ayah text differs,,NO,"•  হাসকানী, শাওয়াহিদুত তানযীল (১:৬) — PAGE-CHECK। সা’লাবী, ইবনে বুরাইদা ও ইবনে আব্বাসের বর্ণনা — PAGE-CHECK।","•  হাসকানী, শাওয়াহিদুত তানযীল (১:৬) — PAGE-CHECK। সা’লাবী, ইবনে বুরাইদা ও ইবনে আব্বাসের বর্ণনা — PAGE-CHECK।"
B1-C00592,6805,REF-174,SHIA,QURAN,Tafsir_al-Ayyashi|Tafsir_al-Qummi,,CITATION_BULLET|PAGE_CHECK_MARKER|SHIA_BOOK,CONFLICT,SHIA_RECENSION_OR_PAGE,SHIA_RECENSION_OR_PAGE,SOURCE_EXISTENCE ≠ CLAIM_SUPPORT; harvest CONFLICT retained,EDITION-LOCK + PAGE-CHECK — thaqalayn blocked; AUTHOR DECISION on edition,,NO,"•  ইমাম বাকির (আ.): «আমরা স্পষ্ট পথ…»; ইমাম সাদিক (আ.): সেতু চুলের চেয়ে সূক্ষ্ম; ইমাম কাযিম (আ.) — ৬৭:২২-এর ব্যাখ্যা — তাফসীরে কুম্মী/আইয়াশী, মাআনিল আখবার (খাতার উল্লেখ) — PAGE-CHECK।","•  ইমাম বাকির (আ.): «আমরা স্পষ্ট পথ…»; ইমাম সাদিক (আ.): সেতু চুলের চেয়ে সূক্ষ্ম; ইমাম কাযিম (আ.) — ৬৭:২২-এর ব্যাখ্যা — তাফসীরে কুম্মী/আইয়াশী, মাআনিল আখবার (খাতার উল্লেখ) — PAGE-CHECK।"
B1-C00594,6826,REF-176,UNSPECIFIED,ATTRIBUTION_ONLY,,,BARNITA_MARKER|QURAN_MARKER,CONFLICT,ATTRIBUTION_VS_SOURCE_LOCK,ATTRIBUTION_VS_SOURCE_LOCK,SOURCE_EXISTENCE ≠ CLAIM_SUPPORT; harvest CONFLICT retained,KEEP ATTRIBUTION-ONLY or author decision — no silent deletion; PAGE-CHECK until source locked,,NO,"বুরুল্লাহ বলল, “বর্ণিত আছে, আবু আবদুল্লাহ (আলাইহিস্ সালাম)-কে আয়াতের এই অংশটি, “এবং নিশ্চয়ই এটি আমার সরল পথ, সুতরাং এ পথ অনুসরণ করো, ” সম্পর্কে জিজ্ঞাসা করা হলে, তিনি বললেন: “আল্লাহর কসম, এটি আলী (আলাইহিস্ সালাম)-কে বোঝায়। আল্লাহর কসম, তিনিই সরল পথ এবং মিজান (মানদণ্ড)।”","বুরুল্লাহ বলল, “বর্ণিত আছে, আবু আবদুল্লাহ (আলাইহিস্ সালাম)-কে আয়াতের এই অংশটি, “এবং নিশ্চয়ই এটি আমার সরল পথ, সুতরাং এ পথ অনুসরণ করো, ” সম্পর্কে জিজ্ঞাসা করা হলে, তিনি বললেন: “আল্লাহর কসম, এটি আলী (আলাইহিস্ সালাম)-কে বোঝায়। আল্লাহর কসম, তিনিই সরল পথ এবং মিজান (মানদণ্ড)।”"
B1-C00597,6855,REF-177,UNSPECIFIED,SOURCE_BLOCK_NOTE,,,CITATION_BULLET|PAGE_CHECK_MARKER,CONFLICT,SOURCE_BLOCK_INTERNAL,SOURCE_BLOCK_INTERNAL,SOURCE_EXISTENCE ≠ CLAIM_SUPPORT; harvest CONFLICT retained,AUTHOR DECISION REQUIRED — honest PAGE-CHECK / CONFLICT retained; no fake VERIFIED,,NO,"•  কান্দুযী, ইয়ানাবিউল মাওয়াদ্দা (আল-মানাকিব থেকে) — ইমাম বাকির ও ইমাম সাদিক (আলাইহিমাস্ সালাম) — PAGE-CHECK।","•  কান্দুযী, ইয়ানাবিউল মাওয়াদ্দা (আল-মানাকিব থেকে) — ইমাম বাকির ও ইমাম সাদিক (আলাইহিমাস্ সালাম) — PAGE-CHECK।"
B1-C00598,6856,REF-178,SHIA,SHIA_NARRATION,Tafsir_al-Ayyashi,,CITATION_BULLET|PAGE_CHECK_MARKER|SUTRA_MARKER|SHIA_BOOK,CONFLICT,SHIA_RECENSION_OR_PAGE,SHIA_RECENSION_OR_PAGE,SOURCE_EXISTENCE ≠ CLAIM_SUPPORT; harvest CONFLICT retained,EDITION-LOCK + PAGE-CHECK — thaqalayn blocked; AUTHOR DECISION on edition,,NO,"•  আবু আবদুল্লাহ (আ.): «আল্লাহর কসম, তিনিই সরল পথ ও মিজান»; বুরাইদ আল-আজালির সূত্রে আবু জাফর (আ.) — তাফসীরে আইয়াশী — PAGE-CHECK।","•  আবু আবদুল্লাহ (আ.): «আল্লাহর কসম, তিনিই সরল পথ ও মিজান»; বুরাইদ আল-আজালির সূত্রে আবু জাফর (আ.) — তাফসীরে আইয়াশী — PAGE-CHECK।"
B1-C00612,7116,REF-186,SUNNI,SUNNI_NARRATION,Jami_al-Tirmidhi,,CITATION_BULLET|PAGE_CHECK_MARKER|SUTRA_MARKER|SUNNI_BOOK,CONFLICT,SUNNI_SIX_NUMBER_OR_WORDING,SUNNI_SIX_NUMBER_OR_WORDING,SOURCE_EXISTENCE ≠ CLAIM_SUPPORT; harvest CONFLICT retained,PAGE-CHECK / re-verify with verify_sunni.py — number/wording conflict; AUTHOR DECISION if print changes,,NO,"•  উম্মে সালামার ঘরে চাদর; «তুমি স্বস্থানে, কল্যাণের মধ্যে» — উমর ইবনে আবি সালামার সূত্রে জামে তিরমিযি — PAGE-CHECK (নম্বর মেলানো বাকি)।","•  উম্মে সালামার ঘরে চাদর; «তুমি স্বস্থানে, কল্যাণের মধ্যে» — উমর ইবনে আবি সালামার সূত্রে জামে তিরমিযি — PAGE-CHECK (নম্বর মেলানো বাকি)।"
B1-C00613,7117,REF-187,UNSPECIFIED,SOURCE_BLOCK_NOTE,,,CITATION_BULLET|PAGE_CHECK_MARKER,CONFLICT,SOURCE_BLOCK_INTERNAL,SOURCE_BLOCK_INTERNAL,SOURCE_EXISTENCE ≠ CLAIM_SUPPORT; harvest CONFLICT retained,AUTHOR DECISION REQUIRED — honest PAGE-CHECK / CONFLICT retained; no fake VERIFIED,,NO,"•  ইবনে আব্বাস: নয় মাস প্রতি নামাজে আলীর ঘরের দরজায় সালাম — PAGE-CHECK; আনাস, আবু বারযা, আবুল হামরা, আবু সাঈদের অনুরূপ বর্ণনা — PAGE-CHECK।","•  ইবনে আব্বাস: নয় মাস প্রতি নামাজে আলীর ঘরের দরজায় সালাম — PAGE-CHECK; আনাস, আবু বারযা, আবুল হামরা, আবু সাঈদের অনুরূপ বর্ণনা — PAGE-CHECK।"
B1-C00618,7181,REF-188,SUNNI,SUNNI_NARRATION,Jami_al-Tirmidhi|Sahih_Muslim|al-Bayhaqi,Sahih_Muslim:2424|Sahih_Muslim:2424,CITATION_BULLET|PAGE_CHECK_MARKER|SUTRA_MARKER|SUNNI_BOOK,CONFLICT,MIXED_SUNNI_SHIA_OR_CORPUS,MIXED_SUNNI_SHIA_OR_CORPUS,SOURCE_EXISTENCE ≠ CLAIM_SUPPORT; harvest CONFLICT retained,SPLIT / KEEP SEPARATE — Sunni and Shia lines must not merge; AUTHOR DECISION on print form,,NO,"•  কিসার সংক্ষিপ্ত রূপ (উম্মে সালামা ও আয়িশার সূত্রে) — সহীহ মুসলিম ২৪২৪ — CONFIRMED (SECOND_NOTEBOOK/CITATION_RISK; D-017); তিরমিযি, মুস্তাদরাক, বায়হাকী, দুররে মানসুর, শাওয়াহিদুত তানযীল, মুসনাদে আহমাদ (খাতার তালিকা) — PAGE-CHECK।","•  কিসার সংক্ষিপ্ত রূপ (উম্মে সালামা ও আয়িশার সূত্রে) — সহীহ মুসলিম ২৪২৪ — CONFIRMED (SECOND_NOTEBOOK/CITATION_RISK; D-017); তিরমিযি, মুস্তাদরাক, বায়হাকী, দুররে মানসুর, শাওয়াহিদুত তানযীল, মুসনাদে আহমাদ (খাতার তালিকা) — PAGE-CHECK।"
B1-C00619,7182,REF-189,UNSPECIFIED,SOURCE_BLOCK_NOTE,,,CITATION_BULLET|PAGE_CHECK_MARKER,CONFLICT,SOURCE_BLOCK_INTERNAL,SOURCE_BLOCK_INTERNAL,SOURCE_EXISTENCE ≠ CLAIM_SUPPORT; harvest CONFLICT retained,AUTHOR DECISION REQUIRED — honest PAGE-CHECK / CONFLICT retained; no fake VERIFIED,,NO,"•  আনাস: ফজরের আগে আলী ও ফাতিমার দরজায় «আস-সালাত, ইয়া আহলাল বাইত» — শাওয়াহিদুত তানযীল — PAGE-CHECK।","•  আনাস: ফজরের আগে আলী ও ফাতিমার দরজায় «আস-সালাত, ইয়া আহলাল বাইত» — শাওয়াহিদুত তানযীল — PAGE-CHECK।"
B1-C00620,7183,REF-190,UNSPECIFIED,SOURCE_BLOCK_NOTE,,,CITATION_BULLET|PAGE_CHECK_MARKER|SUTRA_MARKER|HADITH_WORD,CONFLICT,SOURCE_BLOCK_INTERNAL,SOURCE_BLOCK_INTERNAL,SOURCE_EXISTENCE ≠ CLAIM_SUPPORT; harvest CONFLICT retained,AUTHOR DECISION REQUIRED — honest PAGE-CHECK / CONFLICT retained; no fake VERIFIED,,NO,•  জাবিরের সূত্রে মা সাইয়্যিদার জবানিতে হাদিসে কিসা (দীর্ঘ রূপ) — আওয়ালিমুল উলুম / মাফাতিহুল জিনান-এ সংকলিত — PAGE-CHECK।,•  জাবিরের সূত্রে মা সাইয়্যিদার জবানিতে হাদিসে কিসা (দীর্ঘ রূপ) — আওয়ালিমুল উলুম / মাফাতিহুল জিনান-এ সংকলিত — PAGE-CHECK।
B1-C00621,7184,REF-191,SUNNI,SUNNI_NARRATION,Mustadrak_al-Hakim,,CITATION_BULLET|PAGE_CHECK_MARKER|BARNITA_MARKER|SUNNI_BOOK,CONFLICT,ATTRIBUTION_VS_SOURCE_LOCK,ATTRIBUTION_VS_SOURCE_LOCK,SOURCE_EXISTENCE ≠ CLAIM_SUPPORT; harvest CONFLICT retained,KEEP ATTRIBUTION-ONLY or author decision — no silent deletion; PAGE-CHECK until source locked,,NO,"•  আবু যারের কাবার দরজায় বাণী: «আমার আহলুল বাইত নূহের কিস্তির মতো» — বর্ণিত আছে, PAGE-CHECK (মুস্তাদরাক হাকিম)।","•  আবু যারের কাবার দরজায় বাণী: «আমার আহলুল বাইত নূহের কিস্তির মতো» — বর্ণিত আছে, PAGE-CHECK (মুস্তাদরাক হাকিম)।"
B1-C00641,7600,REF-201,SUNNI,SUNNI_NARRATION,Sahih_Muslim|Sahih_al-Bukhari,,CITATION_BULLET|PAGE_CHECK_MARKER|BARNITA_MARKER|SUNNI_BOOK,CONFLICT,ATTRIBUTION_VS_SOURCE_LOCK,ATTRIBUTION_VS_SOURCE_LOCK,SOURCE_EXISTENCE ≠ CLAIM_SUPPORT; harvest CONFLICT retained,KEEP ATTRIBUTION-ONLY or author decision — no silent deletion; PAGE-CHECK until source locked,,NO,"•  «যে স্বপ্নে আমাকে দেখল, সে সত্যিই আমাকে দেখল» — বর্ণিত আছে, PAGE-CHECK (বুখারি/মুসলিম; নম্বর মেলানো বাকি)।","•  «যে স্বপ্নে আমাকে দেখল, সে সত্যিই আমাকে দেখল» — বর্ণিত আছে, PAGE-CHECK (বুখারি/মুসলিম; নম্বর মেলানো বাকি)।"
B1-C00642,7601,REF-202,SUNNI,SUNNI_NARRATION,Sahih_al-Bukhari,Sahih_al-Bukhari:1350|Sahih_al-Bukhari:1350,CITATION_BULLET|PAGE_CHECK_MARKER|SUNNI_BOOK,CONFLICT,SUNNI_SIX_NUMBER_OR_WORDING,SUNNI_SIX_NUMBER_OR_WORDING,SOURCE_EXISTENCE ≠ CLAIM_SUPPORT; harvest CONFLICT retained,PAGE-CHECK / re-verify with verify_sunni.py — number/wording conflict; AUTHOR DECISION if print changes,,NO,"•  আবদুল্লাহ ইবনে উবাইকে জামা দান ও জানাজা — সহীহ বুখারি, কিতাবুল জানাইয (খাতার উল্লেখ ১৩৫০) — PAGE-CHECK; «এক হাজার খাযরাজি» — PAGE-CHECK।","•  আবদুল্লাহ ইবনে উবাইকে জামা দান ও জানাজা — সহীহ বুখারি, কিতাবুল জানাইয (খাতার উল্লেখ ১৩৫০) — PAGE-CHECK; «এক হাজার খাযরাজি» — PAGE-CHECK।"
B1-C00648,7768,REF-205,UNSPECIFIED,ATTRIBUTION_ONLY,,,BARNITA_MARKER|RASUL_SAID,CONFLICT,ATTRIBUTION_VS_SOURCE_LOCK,ATTRIBUTION_VS_SOURCE_LOCK,SOURCE_EXISTENCE ≠ CLAIM_SUPPORT; harvest CONFLICT retained,KEEP ATTRIBUTION-ONLY or author decision — no silent deletion; PAGE-CHECK until source locked,,NO,"“বর্ণিত আছে, আল্লাহ বলেছেন— আমাকে ভালোবাসো, তার আগে আমার রাসূলকে ভালোবাসো, আর রাসূলকে ভালোবাসো, তার আগে আমার ওলিকে ভালোবাসো।”","“বর্ণিত আছে, আল্লাহ বলেছেন— আমাকে ভালোবাসো, তার আগে আমার রাসূলকে ভালোবাসো, আর রাসূলকে ভালোবাসো, তার আগে আমার ওলিকে ভালোবাসো।”"
B1-C00652,7812,REF-206,SUNNI,SUNNI_NARRATION,Jami_al-Tirmidhi|Sahih_Muslim,Sahih_Muslim:2408|Sahih_Muslim:2408|Jami_al-Tirmidhi:3786|Jami_al-Tirmidhi:3786|Jami_al-Tirmidhi:3788|Jami_al-Tirmidhi:3788,CITATION_BULLET|PAGE_CHECK_MARKER|SUNNI_BOOK|HADITH_WORD,CONFLICT,SUNNI_SIX_NUMBER_OR_WORDING,SUNNI_SIX_NUMBER_OR_WORDING,SOURCE_EXISTENCE ≠ CLAIM_SUPPORT; harvest CONFLICT retained,PAGE-CHECK / re-verify with verify_sunni.py — number/wording conflict; AUTHOR DECISION if print changes,,NO,"•  সাকালাইনের হাদীস: «কিতাবুল্লাহ ও আহলুল বাইত» সহীহ মুসলিম ২৪০৮ (শব্দ «أهل بيتي»; CONFIRMED, সংস্করণ-পাঠ); «যদি আঁকড়ে ধরো, কখনো বিভ্রান্ত হবে না» অংশটি জামে তিরমিযি ৩৭৮৬ («كتاب الله وعترتي أهل بيتي», হাসান গরিব; CONFIRMED, সংস্করণ-পাঠ; মান নিয়ে মতভেদ আছে)। খাতার «তিরমিযি ৩৭৮৮» PAGE-CHECK।","•  সাকালাইনের হাদীস: «কিতাবুল্লাহ ও আহলুল বাইত» সহীহ মুসলিম ২৪০৮ (শব্দ «أهل بيتي»; CONFIRMED, সংস্করণ-পাঠ); «যদি আঁকড়ে ধরো, কখনো বিভ্রান্ত হবে না» অংশটি জামে তিরমিযি ৩৭৮৬ («كتاب الله وعترتي أهل بيتي», হাসান গরিব; CONFIRMED, সংস্করণ-পাঠ; মান নিয়ে মতভেদ আছে)। খাতার «তিরমিযি ৩৭৮৮» PAGE-CHECK।"
B1-C00653,7813,REF-207,UNSPECIFIED,ATTRIBUTION_ONLY,,,CITATION_BULLET|PAGE_CHECK_MARKER|BARNITA_MARKER,CONFLICT,ATTRIBUTION_VS_SOURCE_LOCK,ATTRIBUTION_VS_SOURCE_LOCK,SOURCE_EXISTENCE ≠ CLAIM_SUPPORT; harvest CONFLICT retained,KEEP ATTRIBUTION-ONLY or author decision — no silent deletion; PAGE-CHECK until source locked,,NO,"•  «আমি জ্ঞানের শহর, আলী তার দরজা» — বর্ণিত আছে; PAGE-CHECK (কিতাব-খণ্ড-পৃষ্ঠা লাগবে)।","•  «আমি জ্ঞানের শহর, আলী তার দরজা» — বর্ণিত আছে; PAGE-CHECK (কিতাব-খণ্ড-পৃষ্ঠা লাগবে)।"
B1-C00654,7814,REF-208,UNSPECIFIED,ATTRIBUTION_ONLY,,,CITATION_BULLET|PAGE_CHECK_MARKER|BARNITA_MARKER|HADITH_WORD,CONFLICT,ATTRIBUTION_VS_SOURCE_LOCK,ATTRIBUTION_VS_SOURCE_LOCK,SOURCE_EXISTENCE ≠ CLAIM_SUPPORT; harvest CONFLICT retained,KEEP ATTRIBUTION-ONLY or author decision — no silent deletion; PAGE-CHECK until source locked,,NO,"•  কিশতীর হাদীস («যে চড়বে, সে নাজাত পাবে») — বর্ণিত আছে; PAGE-CHECK।","•  কিশতীর হাদীস («যে চড়বে, সে নাজাত পাবে») — বর্ণিত আছে; PAGE-CHECK।"
B1-C00656,7816,REF-209,UNSPECIFIED,ATTRIBUTION_ONLY,,,CITATION_BULLET|PAGE_CHECK_MARKER|BARNITA_MARKER,CONFLICT,ATTRIBUTION_VS_SOURCE_LOCK,ATTRIBUTION_VS_SOURCE_LOCK,SOURCE_EXISTENCE ≠ CLAIM_SUPPORT; harvest CONFLICT retained,KEEP ATTRIBUTION-ONLY or author decision — no silent deletion; PAGE-CHECK until source locked,,NO,"•  «আমাকে ভালোবাসো, তার আগে আমার রাসূলকে… ওলিকে» — বর্ণিত আছে; উৎস পাওয়া যায়নি, PAGE-CHECK।","•  «আমাকে ভালোবাসো, তার আগে আমার রাসূলকে… ওলিকে» — বর্ণিত আছে; উৎস পাওয়া যায়নি, PAGE-CHECK।"
B1-C00659,7871,REF-211,UNSPECIFIED,ATTRIBUTION_ONLY,,,BARNITA_MARKER|QURAN_MARKER,CONFLICT,ATTRIBUTION_VS_SOURCE_LOCK,ATTRIBUTION_VS_SOURCE_LOCK,SOURCE_EXISTENCE ≠ CLAIM_SUPPORT; harvest CONFLICT retained,KEEP ATTRIBUTION-ONLY or author decision — no silent deletion; PAGE-CHECK until source locked,,NO,"বুরুল্লাহ সোজা হয়ে বসল। হাত বাড়িয়ে আমার খাতাটা নিল; এই আয়াতের নিচে আমি একটি বর্ণনা টুকে রেখেছিলাম, সে জানত। মোবাইলের আলো পাতায় ফেলে পড়ল, “এই আয়াতের তাফসিরে ইমাম সাদিক (আলাইহিস্ সালাম) বলেছেন বলে বর্ণিত আছে— যেহেতু উল্লেখিত ‘গভীর অন্ধকার’ বলতে প্রথমজনকে এবং তার সঙ্গীদেরকে বোঝানো হয়েছে, ‘যাকে আচ্ছন্ন করে রেখেছে ঢেউয়ের উপরে ঢেউ’ বলতে তৃতীয়জনকে— ‘তার উপরে মেঘ, একের পর এক অন্ধকারের স্তর’ বলতে","বুরুল্লাহ সোজা হয়ে বসল। হাত বাড়িয়ে আমার খাতাটা নিল; এই আয়াতের নিচে আমি একটি বর্ণনা টুকে রেখেছিলাম, সে জানত। মোবাইলের আলো পাতায় ফেলে পড়ল, “এই আয়াতের তাফসিরে ইমাম সাদিক (আলাইহিস্ সালাম) বলেছেন বলে বর্ণিত আছে— যেহেতু উল্লেখিত ‘গভীর অন্ধকার’ বলতে প্রথমজনকে এবং তার সঙ্গীদেরকে বোঝানো হয়েছে, ‘যাকে আচ্ছন্ন করে রেখেছে ঢেউয়ের উপরে ঢেউ’ বলতে তৃতীয়জনকে— ‘তার উপরে মেঘ, একের পর এক অন্ধকারের স্তর’ বলতে"
B1-C00664,7959,REF-212,QURAN,QURAN,,,CITATION_BULLET|PAGE_CHECK_MARKER|BARNITA_MARKER,CONFLICT,ATTRIBUTION_VS_SOURCE_LOCK,ATTRIBUTION_VS_SOURCE_LOCK,SOURCE_EXISTENCE ≠ CLAIM_SUPPORT; harvest CONFLICT retained,KEEP ATTRIBUTION-ONLY or author decision — no silent deletion; PAGE-CHECK until source locked,,NO,"•  ২৪:৪০-এর তাফসিরে ইমাম জাফর আস-সাদিক (আলাইহিস্ সালাম)-এর ব্যাখ্যা — বর্ণিত আছে; PAGE-CHECK (তাফসিরে কুম্মি বলে অনুমান, খোলা হয়নি)।","•  ২৪:৪০-এর তাফসিরে ইমাম জাফর আস-সাদিক (আলাইহিস্ সালাম)-এর ব্যাখ্যা — বর্ণিত আছে; PAGE-CHECK (তাফসিরে কুম্মি বলে অনুমান, খোলা হয়নি)।"
B1-C00669,8019,REF-216,UNSPECIFIED,ATTRIBUTION_ONLY,,,BARNITA_MARKER,CONFLICT,ATTRIBUTION_VS_SOURCE_LOCK,ATTRIBUTION_VS_SOURCE_LOCK,SOURCE_EXISTENCE ≠ CLAIM_SUPPORT; harvest CONFLICT retained,KEEP ATTRIBUTION-ONLY or author decision — no silent deletion; PAGE-CHECK until source locked,,NO,"“বর্ণিত আছে, ইমাম আল-রেযা (আলাইহিস্ সালাম)-এর সেবা করতেন এমন একজন বর্ণনা করেছেন, ইমাম বলেছেন— ‘একজন মুমিন কখনোই পরিপূর্ণ মুমিন হতে পারে না, যতক্ষণ না তার মধ্যে তিনটি গুণাবলি থাকে— তার প্রতিপালকের (আল্লাহ) একটি সুন্নাহ, তার নবীর একটি সুন্নাহ, তার ইমামের (আলাইহিস্ সালাম) একটি সুন্নাহ।’”","“বর্ণিত আছে, ইমাম আল-রেযা (আলাইহিস্ সালাম)-এর সেবা করতেন এমন একজন বর্ণনা করেছেন, ইমাম বলেছেন— ‘একজন মুমিন কখনোই পরিপূর্ণ মুমিন হতে পারে না, যতক্ষণ না তার মধ্যে তিনটি গুণাবলি থাকে— তার প্রতিপালকের (আল্লাহ) একটি সুন্নাহ, তার নবীর একটি সুন্নাহ, তার ইমামের (আলাইহিস্ সালাম) একটি সুন্নাহ।’”"
B1-C00673,8091,REF-217,SHIA,SHIA_NARRATION,al-Kafi,al-Kafi:1|al-Kafi:1|HADITH:8|HADITH:4|HADITH:3|HADITH:5,CITATION_BULLET|PAGE_CHECK_MARKER|SHIA_BOOK|HADITH_WORD,CONFLICT,SHIA_RECENSION_OR_PAGE,SHIA_RECENSION_OR_PAGE,SOURCE_EXISTENCE ≠ CLAIM_SUPPORT; harvest CONFLICT retained,EDITION-LOCK + PAGE-CHECK — thaqalayn blocked; AUTHOR DECISION on edition,,NO,"•  «প্রত্যেক বিদআত পথভ্রষ্টতা, প্রত্যেক পথভ্রষ্টতা আগুনে» — আল-কাফি, খণ্ড ১, কিতাবু ফাদলিল ইলম, বাব: বিদআত, নিজস্ব মত ও কিয়াস, হাদীস ৮; «আল্লাহ বিদআতির তওবা গ্রহণে অস্বীকার করেন» — একই বাব, হাদীস ৪; «বিদআতকারীকে সম্মান দেখানো ইসলাম ধ্বংসের চেষ্টা» — একই বাব, হাদীস ৩; «প্রতিটি বিদআতের সামনে আমার আহলুল বাইত থেকে একজন অভিভাবক» — একই বাব, হাদীস ৫। আগের পাসে মেলানো (BOOK_1_The_Door/PART_09 লগ B3); পৃষ","•  «প্রত্যেক বিদআত পথভ্রষ্টতা, প্রত্যেক পথভ্রষ্টতা আগুনে» — আল-কাফি, খণ্ড ১, কিতাবু ফাদলিল ইলম, বাব: বিদআত, নিজস্ব মত ও কিয়াস, হাদীস ৮; «আল্লাহ বিদআতির তওবা গ্রহণে অস্বীকার করেন» — একই বাব, হাদীস ৪; «বিদআতকারীকে সম্মান দেখানো ইসলাম ধ্বংসের চেষ্টা» — একই বাব, হাদীস ৩; «প্রতিটি বিদআতের সামনে আমার আহলুল বাইত থেকে একজন অভিভাবক» — একই বাব, হাদীস ৫। আগের পাসে মেলানো (BOOK_1_The_Door/PART_09 লগ B3); পৃষ"
B1-C00676,8094,REF-220,UNSPECIFIED,ATTRIBUTION_ONLY,,,CITATION_BULLET|PAGE_CHECK_MARKER|BARNITA_MARKER,CONFLICT,ATTRIBUTION_VS_SOURCE_LOCK,ATTRIBUTION_VS_SOURCE_LOCK,SOURCE_EXISTENCE ≠ CLAIM_SUPPORT; harvest CONFLICT retained,KEEP ATTRIBUTION-ONLY or author decision — no silent deletion; PAGE-CHECK until source locked,,NO,•  ইমাম আল-রেযা (আলাইহিস্ সালাম)-এর «তিন সুন্নাহ» — বর্ণিত আছে; PAGE-CHECK।,•  ইমাম আল-রেযা (আলাইহিস্ সালাম)-এর «তিন সুন্নাহ» — বর্ণিত আছে; PAGE-CHECK।
B1-C00681,8134,REF-222,UNSPECIFIED,ATTRIBUTION_ONLY,,,BARNITA_MARKER|QURAN_MARKER|HADITH_WORD|RASUL_SAID,CONFLICT,ATTRIBUTION_VS_SOURCE_LOCK,ATTRIBUTION_VS_SOURCE_LOCK,SOURCE_EXISTENCE ≠ CLAIM_SUPPORT; harvest CONFLICT retained,KEEP ATTRIBUTION-ONLY or author decision — no silent deletion; PAGE-CHECK until source locked,,NO,"ইবনু আব্বাস হতে বর্ণিত আছে, রাসূলুল্লাহ ﷺ বলেন: নিশ্চিতভাবে যা তোমাদের জানা আছে তা ব্যতীত আমার নিকট হতে হাদীস বর্ণনা করা থেকে তোমরা নিবৃত্ত থাকবে। কারণ যে ব্যক্তি ইচ্ছাকৃতভাবে আমার প্রতি মিথ্যা আরোপ করে সে যেন জাহান্নামকে নিজের আবাস বানিয়ে নিল। আর যে ব্যক্তি নিজের খেয়াল মর্জিমত কুরআন প্রসঙ্গে কথা বলে সেও যেন জাহান্নামকে নিজের গৃহ বানিয়ে নিল।","ইবনু আব্বাস হতে বর্ণিত আছে, রাসূলুল্লাহ ﷺ বলেন: নিশ্চিতভাবে যা তোমাদের জানা আছে তা ব্যতীত আমার নিকট হতে হাদীস বর্ণনা করা থেকে তোমরা নিবৃত্ত থাকবে। কারণ যে ব্যক্তি ইচ্ছাকৃতভাবে আমার প্রতি মিথ্যা আরোপ করে সে যেন জাহান্নামকে নিজের আবাস বানিয়ে নিল। আর যে ব্যক্তি নিজের খেয়াল মর্জিমত কুরআন প্রসঙ্গে কথা বলে সেও যেন জাহান্নামকে নিজের গৃহ বানিয়ে নিল।"
B1-C00685,8193,REF-223,SUNNI,SUNNI_NARRATION,Jami_al-Tirmidhi,Jami_al-Tirmidhi:2950|Jami_al-Tirmidhi:2951|Jami_al-Tirmidhi:2950|Jami_al-Tirmidhi:2951,CITATION_BULLET|PAGE_CHECK_MARKER|QURAN_MARKER|SUNNI_BOOK|HADITH_WORD,CONFLICT,SUNNI_SIX_NUMBER_OR_WORDING,SUNNI_SIX_NUMBER_OR_WORDING,SOURCE_EXISTENCE ≠ CLAIM_SUPPORT; harvest CONFLICT retained,PAGE-CHECK / re-verify with verify_sunni.py — number/wording conflict; AUTHOR DECISION if print changes,,NO,"•  ইবনে আব্বাসের হাদীস («যা জানা আছে তা ছাড়া হাদীস বর্ণনা থেকে বিরত থাকো… খেয়াল মর্জিমত কুরআন প্রসঙ্গে কথা বলে») — জামে তিরমিযি, তাফসির অধ্যায় (২৯৫০/২৯৫১, সংস্করণভেদে); PAGE-CHECK।","•  ইবনে আব্বাসের হাদীস («যা জানা আছে তা ছাড়া হাদীস বর্ণনা থেকে বিরত থাকো… খেয়াল মর্জিমত কুরআন প্রসঙ্গে কথা বলে») — জামে তিরমিযি, তাফসির অধ্যায় (২৯৫০/২৯৫১, সংস্করণভেদে); PAGE-CHECK।"
B1-C00686,8194,REF-224,SUNNI,SUNNI_NARRATION,Jami_al-Tirmidhi,,CITATION_BULLET|PAGE_CHECK_MARKER|BARNITA_MARKER|QURAN_MARKER|SUNNI_BOOK,CONFLICT,ATTRIBUTION_VS_SOURCE_LOCK,ATTRIBUTION_VS_SOURCE_LOCK,SOURCE_EXISTENCE ≠ CLAIM_SUPPORT; harvest CONFLICT retained,KEEP ATTRIBUTION-ONLY or author decision — no silent deletion; PAGE-CHECK until source locked,,NO,"•  «যে ব্যক্তি সঠিক ইলম ব্যতীত কুরআন প্রসঙ্গে কোন কথা বলে…» (REV1-এ ফেরানো, ¶12200) — বর্ণিত আছে; PAGE-CHECK (তিরমিযি তাফসির অধ্যায় হতে পারে)।","•  «যে ব্যক্তি সঠিক ইলম ব্যতীত কুরআন প্রসঙ্গে কোন কথা বলে…» (REV1-এ ফেরানো, ¶12200) — বর্ণিত আছে; PAGE-CHECK (তিরমিযি তাফসির অধ্যায় হতে পারে)।"
B1-C00687,8195,REF-225,SUNNI,SUNNI_NARRATION,Jami_al-Tirmidhi|Sunan_Abu_Dawud,Sunan_Abu_Dawud:3652|Sunan_Abu_Dawud:3652,CITATION_BULLET|PAGE_CHECK_MARKER|SUNNI_BOOK|HADITH_WORD,CONFLICT,SUNNI_SIX_NUMBER_OR_WORDING,SUNNI_SIX_NUMBER_OR_WORDING,SOURCE_EXISTENCE ≠ CLAIM_SUPPORT; harvest CONFLICT retained,PAGE-CHECK / re-verify with verify_sunni.py — number/wording conflict; AUTHOR DECISION if print changes,,NO,•  যুনদুবের হাদীস («মনগড়া ব্যাখ্যা সঠিক হলেও ভুল») — সুনান আবু দাউদ ৩৬৫২ (খাতামতো) ও তিরমিযি; PAGE-CHECK।,•  যুনদুবের হাদীস («মনগড়া ব্যাখ্যা সঠিক হলেও ভুল») — সুনান আবু দাউদ ৩৬৫২ (খাতামতো) ও তিরমিযি; PAGE-CHECK।
B1-C00688,8196,REF-226,SHIA,SHIA_NARRATION,Nahj_al-Balagha|al-Kafi,al-Kafi:1|al-Kafi:6|al-Kafi:1|al-Kafi:6|Nahj_al-Balagha:17|Nahj_al-Balagha:1|Nahj_al-Balagha:17|Nahj_al-Balagha:1|HADITH:6,CITATION_BULLET|PAGE_CHECK_MARKER|SHIA_BOOK|HADITH_WORD,CONFLICT,SHIA_RECENSION_OR_PAGE,SHIA_RECENSION_OR_PAGE,SOURCE_EXISTENCE ≠ CLAIM_SUPPORT; harvest CONFLICT retained,EDITION-LOCK + PAGE-CHECK — thaqalayn blocked; AUTHOR DECISION on edition,,NO,"•  «আল্লাহর কাছে সবচেয়ে ঘৃণিত… জ্ঞানের নামে মূর্খতা বিক্রি করে» — আমিরুল মুমিনিন (আলাইহিস্ সালাম)-এর বাণী, নাহজুল বালাগা খুতবা ১৭-এর ভাব; আল-কাফি খণ্ড ১, বাব: বিদআত…, হাদীস ৬ (আগের পাসের যাচাই, PART_09 লগ B5); PAGE-CHECK।","•  «আল্লাহর কাছে সবচেয়ে ঘৃণিত… জ্ঞানের নামে মূর্খতা বিক্রি করে» — আমিরুল মুমিনিন (আলাইহিস্ সালাম)-এর বাণী, নাহজুল বালাগা খুতবা ১৭-এর ভাব; আল-কাফি খণ্ড ১, বাব: বিদআত…, হাদীস ৬ (আগের পাসের যাচাই, PART_09 লগ B5); PAGE-CHECK।"
B1-C00704,8292,REF-228,UNSPECIFIED,ATTRIBUTION_ONLY,,,CITATION_BULLET|PAGE_CHECK_MARKER|BARNITA_MARKER,CONFLICT,ATTRIBUTION_VS_SOURCE_LOCK,ATTRIBUTION_VS_SOURCE_LOCK,SOURCE_EXISTENCE ≠ CLAIM_SUPPORT; harvest CONFLICT retained,KEEP ATTRIBUTION-ONLY or author decision — no silent deletion; PAGE-CHECK until source locked,,NO,"•  «রাসূলুল্লাহ ﷺ জাবিরকে বলেছিলেন… জ্ঞান-দ্বার» (REV1-এ ফেরানো, ¶12313–12315) — বর্ণিত আছে; PAGE-CHECK।","•  «রাসূলুল্লাহ ﷺ জাবিরকে বলেছিলেন… জ্ঞান-দ্বার» (REV1-এ ফেরানো, ¶12313–12315) — বর্ণিত আছে; PAGE-CHECK।"
B1-C00707,8295,REF-231,SHIA,SHIA_NARRATION,Nahj_al-Balagha|al-Kafi,al-Kafi:1|al-Kafi:6|al-Kafi:1|al-Kafi:6|Nahj_al-Balagha:17|Nahj_al-Balagha:17|HADITH:6,CITATION_BULLET|PAGE_CHECK_MARKER|SHIA_BOOK|HADITH_WORD,CONFLICT,SHIA_RECENSION_OR_PAGE,SHIA_RECENSION_OR_PAGE,SOURCE_EXISTENCE ≠ CLAIM_SUPPORT; harvest CONFLICT retained,EDITION-LOCK + PAGE-CHECK — thaqalayn blocked; AUTHOR DECISION on edition,,NO,"•  «আল্লাহর কাছে সবচেয়ে ঘৃণিত দুই মানুষ» — আল-কাফি খণ্ড ১, বাব: বিদআত…, হাদীস ৬ = নাহজুল বালাগা খুতবা ১৭ (আগের পাসের যাচাই, PART_09 লগ B5); PAGE-CHECK।","•  «আল্লাহর কাছে সবচেয়ে ঘৃণিত দুই মানুষ» — আল-কাফি খণ্ড ১, বাব: বিদআত…, হাদীস ৬ = নাহজুল বালাগা খুতবা ১৭ (আগের পাসের যাচাই, PART_09 লগ B5); PAGE-CHECK।"
B1-C00709,8348,REF-233,UNSPECIFIED,ATTRIBUTION_ONLY,,,BARNITA_MARKER,CONFLICT,ATTRIBUTION_VS_SOURCE_LOCK,ATTRIBUTION_VS_SOURCE_LOCK,SOURCE_EXISTENCE ≠ CLAIM_SUPPORT; harvest CONFLICT retained,KEEP ATTRIBUTION-ONLY or author decision — no silent deletion; PAGE-CHECK until source locked,,NO,"“আর তুমি গাদিরের কথা তো শুনেছ।” চাচা ডান হাতের তর্জনী বাঁ হাতের কড়ে আঙুলে রাখলেন। “যার মাওলা আমি, আলী তার মাওলা। রাসূলুল্লাহ ﷺ বিদায় হজ থেকে ফেরার পথে, রোদের মধ্যে থেমে, আলী (আলাইহিস্ সালাম)-এর হাত তুলে এই কথা বলেছিলেন। বর্ণিত আছে, এরপর সাহাবিরা ইমাম আলী (আলাইহিস্ সালাম)-কে অভিনন্দন জানিয়েছিলেন— অভিনন্দন হোক হে আবু তালিবের পুত্র! তুমি আমার এবং প্রতিটি মুমিন নরনারীর মাওলা হয়ে গেছো।”","“আর তুমি গাদিরের কথা তো শুনেছ।” চাচা ডান হাতের তর্জনী বাঁ হাতের কড়ে আঙুলে রাখলেন। “যার মাওলা আমি, আলী তার মাওলা। রাসূলুল্লাহ ﷺ বিদায় হজ থেকে ফেরার পথে, রোদের মধ্যে থেমে, আলী (আলাইহিস্ সালাম)-এর হাত তুলে এই কথা বলেছিলেন। বর্ণিত আছে, এরপর সাহাবিরা ইমাম আলী (আলাইহিস্ সালাম)-কে অভিনন্দন জানিয়েছিলেন— অভিনন্দন হোক হে আবু তালিবের পুত্র! তুমি আমার এবং প্রতিটি মুমিন নরনারীর মাওলা হয়ে গেছো।”"
B1-C00716,8435,REF-236,SUNNI,SUNNI_NARRATION,Sahih_Muslim|Sahih_al-Bukhari,Sahih_al-Bukhari:3706|Sahih_al-Bukhari:2404|Sahih_al-Bukhari:3706|Sahih_al-Bukhari:2404|Sahih_Muslim:2404|Sahih_Muslim:2404,CITATION_BULLET|PAGE_CHECK_MARKER|SUNNI_BOOK|HADITH_WORD,CONFLICT,SUNNI_SIX_NUMBER_OR_WORDING,SUNNI_SIX_NUMBER_OR_WORDING,SOURCE_EXISTENCE ≠ CLAIM_SUPPORT; harvest CONFLICT retained,PAGE-CHECK / re-verify with verify_sunni.py — number/wording conflict; AUTHOR DECISION if print changes,,NO,"•  মানযিলাতের হাদীস («হারুন মূসার কাছে যে মর্যাদায়…») — সহীহ বুখারি ৩৭০৬, সহীহ মুসলিম ২৪০৪ (খাতামতো); PAGE-CHECK।","•  মানযিলাতের হাদীস («হারুন মূসার কাছে যে মর্যাদায়…») — সহীহ বুখারি ৩৭০৬, সহীহ মুসলিম ২৪০৪ (খাতামতো); PAGE-CHECK।"
B1-C00717,8436,REF-237,SUNNI,SUNNI_NARRATION,Jami_al-Tirmidhi,Jami_al-Tirmidhi:3713|Jami_al-Tirmidhi:3713,CITATION_BULLET|PAGE_CHECK_MARKER|SUNNI_BOOK,CONFLICT,SUNNI_SIX_NUMBER_OR_WORDING,SUNNI_SIX_NUMBER_OR_WORDING,SOURCE_EXISTENCE ≠ CLAIM_SUPPORT; harvest CONFLICT retained,PAGE-CHECK / re-verify with verify_sunni.py — number/wording conflict; AUTHOR DECISION if print changes,,NO,"•  «যার মাওলা আমি, আলী তার মাওলা» — জামে তিরমিযি ৩৭১৩ (CONFIRMED, সংস্করণ-পাঠ; SOURCE_REGISTER CL-HAD-003); গাদিরের অভিনন্দন-বাক্য — মুসনাদে আহমাদ (খাতামতো), PAGE-CHECK।","•  «যার মাওলা আমি, আলী তার মাওলা» — জামে তিরমিযি ৩৭১৩ (CONFIRMED, সংস্করণ-পাঠ; SOURCE_REGISTER CL-HAD-003); গাদিরের অভিনন্দন-বাক্য — মুসনাদে আহমাদ (খাতামতো), PAGE-CHECK।"
B1-C00720,8439,REF-240,SUNNI,SUNNI_NARRATION,Jami_al-Tirmidhi|Sahih_Muslim|Sahih_al-Bukhari|Sunan_Abu_Dawud,Sahih_al-Bukhari:30|Sahih_al-Bukhari:30|Sahih_Muslim:30|Sahih_Muslim:30,CITATION_BULLET|PAGE_CHECK_MARKER|BARNITA_MARKER|SUNNI_BOOK,CONFLICT,ATTRIBUTION_VS_SOURCE_LOCK,ATTRIBUTION_VS_SOURCE_LOCK,SOURCE_EXISTENCE ≠ CLAIM_SUPPORT; harvest CONFLICT retained,KEEP ATTRIBUTION-ONLY or author decision — no silent deletion; PAGE-CHECK until source locked,,NO,"•  «আমার পর বারো জন খলিফা, সবাই কুরাইশ» — সহীহ বুখারি ও মুসলিমে প্রসিদ্ধ; «খিলাফত ৩০ বছর» — সুনান আবু দাউদ/তিরমিযি; «তুমি আমার ওসী ও খলিফা», «প্রত্যেক নবীর ওসী আছে, আমার ওসী আলী», «আমি জ্ঞানের নগরী, আলী তার দরজা» — সবগুলো বর্ণিত আছে; নম্বর-পৃষ্ঠা PAGE-CHECK (তাকাভির তালিকা)।","•  «আমার পর বারো জন খলিফা, সবাই কুরাইশ» — সহীহ বুখারি ও মুসলিমে প্রসিদ্ধ; «খিলাফত ৩০ বছর» — সুনান আবু দাউদ/তিরমিযি; «তুমি আমার ওসী ও খলিফা», «প্রত্যেক নবীর ওসী আছে, আমার ওসী আলী», «আমি জ্ঞানের নগরী, আলী তার দরজা» — সবগুলো বর্ণিত আছে; নম্বর-পৃষ্ঠা PAGE-CHECK (তাকাভির তালিকা)।"
B1-C00730,8646,REF-242,SUNNI,SUNNI_NARRATION,Jami_al-Tirmidhi|Sahih_Muslim,Sahih_Muslim:2408|Sahih_Muslim:2408|Jami_al-Tirmidhi:3786|Jami_al-Tirmidhi:3786|Jami_al-Tirmidhi:3788|Jami_al-Tirmidhi:3788,CITATION_BULLET|PAGE_CHECK_MARKER|SUNNI_BOOK,CONFLICT,SUNNI_SIX_NUMBER_OR_WORDING,SUNNI_SIX_NUMBER_OR_WORDING,SOURCE_EXISTENCE ≠ CLAIM_SUPPORT; harvest CONFLICT retained,PAGE-CHECK / re-verify with verify_sunni.py — number/wording conflict; AUTHOR DECISION if print changes,,NO,"•  সাকালাইন — সহীহ মুসলিম ২৪০৮ («أهل بيتي», CONFIRMED, সংস্করণ-পাঠ); «কখনো পথভ্রষ্ট হবে না» — জামে তিরমিযি ৩৭৮৬ (CONFIRMED, সংস্করণ-পাঠ; মান নিয়ে মতভেদ)। খাতার «তিরমিযি ৩৭৮৮» PAGE-CHECK।","•  সাকালাইন — সহীহ মুসলিম ২৪০৮ («أهل بيتي», CONFIRMED, সংস্করণ-পাঠ); «কখনো পথভ্রষ্ট হবে না» — জামে তিরমিযি ৩৭৮৬ (CONFIRMED, সংস্করণ-পাঠ; মান নিয়ে মতভেদ)। খাতার «তিরমিযি ৩৭৮৮» PAGE-CHECK।"
B1-C00732,8648,REF-244,UNSPECIFIED,ATTRIBUTION_ONLY,,,CITATION_BULLET|PAGE_CHECK_MARKER|BARNITA_MARKER,CONFLICT,ATTRIBUTION_VS_SOURCE_LOCK,ATTRIBUTION_VS_SOURCE_LOCK,SOURCE_EXISTENCE ≠ CLAIM_SUPPORT; harvest CONFLICT retained,KEEP ATTRIBUTION-ONLY or author decision — no silent deletion; PAGE-CHECK until source locked,,NO,"•  «আমি, আলী, ফাতিমা, হাসান, হুসাইন আরশের কাছে ছিলাম… আদমের এক হাজার বছর আগে» — বর্ণিত আছে; PAGE-CHECK।","•  «আমি, আলী, ফাতিমা, হাসান, হুসাইন আরশের কাছে ছিলাম… আদমের এক হাজার বছর আগে» — বর্ণিত আছে; PAGE-CHECK।"
B1-C00733,8649,REF-245,UNSPECIFIED,ATTRIBUTION_ONLY,,,CITATION_BULLET|PAGE_CHECK_MARKER|BARNITA_MARKER,CONFLICT,ATTRIBUTION_VS_SOURCE_LOCK,ATTRIBUTION_VS_SOURCE_LOCK,SOURCE_EXISTENCE ≠ CLAIM_SUPPORT; harvest CONFLICT retained,KEEP ATTRIBUTION-ONLY or author decision — no silent deletion; PAGE-CHECK until source locked,,NO,"•  «আমি জ্ঞানের শহর, আলী তার দরজা» — বর্ণিত আছে; PAGE-CHECK।","•  «আমি জ্ঞানের শহর, আলী তার দরজা» — বর্ণিত আছে; PAGE-CHECK।"
B1-C00735,8733,REF-246,UNSPECIFIED,ATTRIBUTION_ONLY,,,BARNITA_MARKER,CONFLICT,ATTRIBUTION_VS_SOURCE_LOCK,ATTRIBUTION_VS_SOURCE_LOCK,SOURCE_EXISTENCE ≠ CLAIM_SUPPORT; harvest CONFLICT retained,KEEP ATTRIBUTION-ONLY or author decision — no silent deletion; PAGE-CHECK until source locked,,NO,"“বর্ণিত আছে,” আমি বললাম, “তাঁকে যাহরা বলা হতো, কারণ তিনি যখন মেহরাবে ইবাদতে দাঁড়াতেন, তাঁর নূর আসমানের অধিবাসীদের কাছে ঝলমল করে উঠত, যেমন পৃথিবীর মানুষের কাছে আকাশের তারা ঝলমল করে।”","“বর্ণিত আছে,” আমি বললাম, “তাঁকে যাহরা বলা হতো, কারণ তিনি যখন মেহরাবে ইবাদতে দাঁড়াতেন, তাঁর নূর আসমানের অধিবাসীদের কাছে ঝলমল করে উঠত, যেমন পৃথিবীর মানুষের কাছে আকাশের তারা ঝলমল করে।”"
B1-C00740,8768,REF-249,SHIA,SHIA_NARRATION,Ilal_al-Sharai,,CITATION_BULLET|PAGE_CHECK_MARKER|BARNITA_MARKER,CONFLICT,ATTRIBUTION_VS_SOURCE_LOCK,ATTRIBUTION_VS_SOURCE_LOCK,SOURCE_EXISTENCE ≠ CLAIM_SUPPORT; harvest CONFLICT retained,KEEP ATTRIBUTION-ONLY or author decision — no silent deletion; PAGE-CHECK until source locked,,NO,"•  «যাহরা» নামের কারণ (মেহরাবে নূর) — বর্ণিত আছে; শায়খ সাদুকের ইলালুশ শারায়ি/মাআনিল আখবারে থাকার কথা, PAGE-CHECK।","•  «যাহরা» নামের কারণ (মেহরাবে নূর) — বর্ণিত আছে; শায়খ সাদুকের ইলালুশ শারায়ি/মাআনিল আখবারে থাকার কথা, PAGE-CHECK।"
B1-C00745,8905,REF-250,SUNNI,SUNNI_NARRATION,Sahih_al-Bukhari,Sahih_al-Bukhari:3714|Sahih_al-Bukhari:3714,CITATION_BULLET|PAGE_CHECK_MARKER|SUNNI_BOOK,CONFLICT,SUNNI_SIX_NUMBER_OR_WORDING,SUNNI_SIX_NUMBER_OR_WORDING,SOURCE_EXISTENCE ≠ CLAIM_SUPPORT; harvest CONFLICT retained,PAGE-CHECK / re-verify with verify_sunni.py — number/wording conflict; AUTHOR DECISION if print changes,,NO,"•  «ফাতিমা আমার অংশ, যে তাকে রাগান্বিত করে সে আমাকে রাগান্বিত করে» — সহীহ বুখারি ৩৭১৪ (শব্দ «فمن أغضبها أغضبني»; SOURCE_REGISTER CL-HAD-008); PAGE-CHECK।","•  «ফাতিমা আমার অংশ, যে তাকে রাগান্বিত করে সে আমাকে রাগান্বিত করে» — সহীহ বুখারি ৩৭১৪ (শব্দ «فمن أغضبها أغضبني»; SOURCE_REGISTER CL-HAD-008); PAGE-CHECK।"
B1-C00747,8907,REF-252,SUNNI,SUNNI_NARRATION,Jami_al-Tirmidhi|Sunan_Abu_Dawud,,CITATION_BULLET|PAGE_CHECK_MARKER|BARNITA_MARKER|SUNNI_BOOK,CONFLICT,ATTRIBUTION_VS_SOURCE_LOCK,ATTRIBUTION_VS_SOURCE_LOCK,SOURCE_EXISTENCE ≠ CLAIM_SUPPORT; harvest CONFLICT retained,KEEP ATTRIBUTION-ONLY or author decision — no silent deletion; PAGE-CHECK until source locked,,NO,"•  আয়িশার বর্ণনা (দাঁড়িয়ে যাওয়া, চুমু, আসনে বসানো) — সুনান আবু দাউদ ও তিরমিযিতে বর্ণিত; PAGE-CHECK। চাদর বিছানো — বর্ণিত আছে; PAGE-CHECK।","•  আয়িশার বর্ণনা (দাঁড়িয়ে যাওয়া, চুমু, আসনে বসানো) — সুনান আবু দাউদ ও তিরমিযিতে বর্ণিত; PAGE-CHECK। চাদর বিছানো — বর্ণিত আছে; PAGE-CHECK।"
B1-C00750,8910,REF-255,SHIA,SHIA_NARRATION,Bihar_al-Anwar,Bihar_al-Anwar:43|Bihar_al-Anwar:2|Bihar_al-Anwar:43|Bihar_al-Anwar:2,CITATION_BULLET|PAGE_CHECK_MARKER|SUTRA_MARKER|SHIA_BOOK,CONFLICT,SHIA_RECENSION_OR_PAGE,SHIA_RECENSION_OR_PAGE,SOURCE_EXISTENCE ≠ CLAIM_SUPPORT; harvest CONFLICT retained,EDITION-LOCK + PAGE-CHECK — thaqalayn blocked; AUTHOR DECISION on edition,,NO,"•  «উম্মু আবিহা» — বিহারুল আনওয়ার খণ্ড ৪৩, অধ্যায় ২ (মাকাতিলুত তালিবিয়্যিন থেকে, ইমাম জাফর আস-সাদিক (আলাইহিস্ সালাম)-এর সূত্রে), আগের পাসের পাঠ; PAGE-CHECK।","•  «উম্মু আবিহা» — বিহারুল আনওয়ার খণ্ড ৪৩, অধ্যায় ২ (মাকাতিলুত তালিবিয়্যিন থেকে, ইমাম জাফর আস-সাদিক (আলাইহিস্ সালাম)-এর সূত্রে), আগের পাসের পাঠ; PAGE-CHECK।"
B1-C00753,8966,REF-256,UNSPECIFIED,ATTRIBUTION_ONLY,,,BARNITA_MARKER|RASUL_SAID,CONFLICT,ATTRIBUTION_VS_SOURCE_LOCK,ATTRIBUTION_VS_SOURCE_LOCK,SOURCE_EXISTENCE ≠ CLAIM_SUPPORT; harvest CONFLICT retained,KEEP ATTRIBUTION-ONLY or author decision — no silent deletion; PAGE-CHECK until source locked,,NO,"বর্ণিত আছে, রাসূলুল্লাহ ﷺ বলেছেন: “নিশ্চয়ই আল্লাহ তোমাকে (হে ফাতেমা) এবং তোমার সন্তানদের জাহান্নামের আগুনে শাস্তি দিবেন না।”","বর্ণিত আছে, রাসূলুল্লাহ ﷺ বলেছেন: “নিশ্চয়ই আল্লাহ তোমাকে (হে ফাতেমা) এবং তোমার সন্তানদের জাহান্নামের আগুনে শাস্তি দিবেন না।”"
B1-C00754,8995,REF-257,UNSPECIFIED,ATTRIBUTION_ONLY,,,BARNITA_MARKER|RASUL_SAID,CONFLICT,ATTRIBUTION_VS_SOURCE_LOCK,ATTRIBUTION_VS_SOURCE_LOCK,SOURCE_EXISTENCE ≠ CLAIM_SUPPORT; harvest CONFLICT retained,KEEP ATTRIBUTION-ONLY or author decision — no silent deletion; PAGE-CHECK until source locked,,NO,"«আহলুল বাইতের প্রতি ভালোবাসা শুধু আবেগ নয়, এটাই ইমানের ভিত্তি। আর তাঁদের বিরোধিতা মানেই— শয়তানী ফাঁদে পা দেওয়া। রাসূলুল্লাহ ﷺ বলেছেন বলে বর্ণিত আছে— ""আহলুল বাইত আমার, আর তাঁদের ভালোবাসা মানেই নাজাত।”»","«আহলুল বাইতের প্রতি ভালোবাসা শুধু আবেগ নয়, এটাই ইমানের ভিত্তি। আর তাঁদের বিরোধিতা মানেই— শয়তানী ফাঁদে পা দেওয়া। রাসূলুল্লাহ ﷺ বলেছেন বলে বর্ণিত আছে— ""আহলুল বাইত আমার, আর তাঁদের ভালোবাসা মানেই নাজাত।”»"
B1-C00759,9060,REF-258,SUNNI,SUNNI_NARRATION,Jami_al-Tirmidhi|Sahih_Muslim,Sahih_Muslim:2408|Sahih_Muslim:2408|Jami_al-Tirmidhi:3786|Jami_al-Tirmidhi:3786|Jami_al-Tirmidhi:3788|Jami_al-Tirmidhi:3788,CITATION_BULLET|PAGE_CHECK_MARKER|SUNNI_BOOK,CONFLICT,SUNNI_SIX_NUMBER_OR_WORDING,SUNNI_SIX_NUMBER_OR_WORDING,SOURCE_EXISTENCE ≠ CLAIM_SUPPORT; harvest CONFLICT retained,PAGE-CHECK / re-verify with verify_sunni.py — number/wording conflict; AUTHOR DECISION if print changes,,NO,"•  সাকালাইন: সহীহ মুসলিম ২৪০৮ (মূল অংশ, CONFIRMED, সংস্করণ-পাঠ); «কখনো পথভ্রষ্ট হবে না» — তিরমিযি ৩৭৮৬ (CONFIRMED, সংস্করণ-পাঠ); «কিয়ামত পর্যন্ত একসাথে থাকবে» — তিরমিযি ৩৭৮৮ (PAGE-CHECK)। খাতায় পুরোটা «সহিহ মুসলিম» বলা — সংশোধিত।","•  সাকালাইন: সহীহ মুসলিম ২৪০৮ (মূল অংশ, CONFIRMED, সংস্করণ-পাঠ); «কখনো পথভ্রষ্ট হবে না» — তিরমিযি ৩৭৮৬ (CONFIRMED, সংস্করণ-পাঠ); «কিয়ামত পর্যন্ত একসাথে থাকবে» — তিরমিযি ৩৭৮৮ (PAGE-CHECK)। খাতায় পুরোটা «সহিহ মুসলিম» বলা — সংশোধিত।"
B1-C00760,9061,REF-259,UNSPECIFIED,ATTRIBUTION_ONLY,,,CITATION_BULLET|PAGE_CHECK_MARKER|BARNITA_MARKER,CONFLICT,ATTRIBUTION_VS_SOURCE_LOCK,ATTRIBUTION_VS_SOURCE_LOCK,SOURCE_EXISTENCE ≠ CLAIM_SUPPORT; harvest CONFLICT retained,KEEP ATTRIBUTION-ONLY or author decision — no silent deletion; PAGE-CHECK until source locked,,NO,"•  «আল্লাহ তোমাকে ও তোমার সন্তানদের আগুনে শাস্তি দেবেন না»; «ফাতিমা সতীত্ব রক্ষা করেছেন, তাই আল্লাহ তাঁর সন্তানদের আগুন থেকে রক্ষা করেছেন»; «فطمها الله وفطم محبيها عن النار» — সবগুলো বর্ণিত আছে; PAGE-CHECK।","•  «আল্লাহ তোমাকে ও তোমার সন্তানদের আগুনে শাস্তি দেবেন না»; «ফাতিমা সতীত্ব রক্ষা করেছেন, তাই আল্লাহ তাঁর সন্তানদের আগুন থেকে রক্ষা করেছেন»; «فطمها الله وفطم محبيها عن النار» — সবগুলো বর্ণিত আছে; PAGE-CHECK।"
B1-C00761,9062,REF-260,SUNNI,SUNNI_NARRATION,al-Tabarani,,CITATION_BULLET|PAGE_CHECK_MARKER|SUTRA_MARKER|BARNITA_MARKER,CONFLICT,ATTRIBUTION_VS_SOURCE_LOCK,ATTRIBUTION_VS_SOURCE_LOCK,SOURCE_EXISTENCE ≠ CLAIM_SUPPORT; harvest CONFLICT retained,KEEP ATTRIBUTION-ONLY or author decision — no silent deletion; PAGE-CHECK until source locked,,NO,"•  «আহলুল বাইত আমার, আর তাঁদের ভালোবাসা মানেই নাজাত» (REV1-এ ফেরানো, ¶13894) — খাতায় আত-তাবারানী, আল-মু'জামুল কাবীর, ইবনে আব্বাস সূত্র, «সনদ দুর্বল» লেখা; গল্পে «বর্ণিত আছে»; PAGE-CHECK।","•  «আহলুল বাইত আমার, আর তাঁদের ভালোবাসা মানেই নাজাত» (REV1-এ ফেরানো, ¶13894) — খাতায় আত-তাবারানী, আল-মু'জামুল কাবীর, ইবনে আব্বাস সূত্র, «সনদ দুর্বল» লেখা; গল্পে «বর্ণিত আছে»; PAGE-CHECK।"
B1-C00762,9063,REF-261,SUNNI,SUNNI_NARRATION,Jami_al-Tirmidhi,,CITATION_BULLET|PAGE_CHECK_MARKER|SUNNI_BOOK|HADITH_WORD,CONFLICT,SUNNI_SIX_NUMBER_OR_WORDING,SUNNI_SIX_NUMBER_OR_WORDING,SOURCE_EXISTENCE ≠ CLAIM_SUPPORT; harvest CONFLICT retained,PAGE-CHECK / re-verify with verify_sunni.py — number/wording conflict; AUTHOR DECISION if print changes,,NO,•  হাদীসে কুদসি «হে আদম সন্তান… আকাশমণ্ডলের মতো গুনাহ» — জামে তিরমিযিতে বর্ণিত; PAGE-CHECK।,•  হাদীসে কুদসি «হে আদম সন্তান… আকাশমণ্ডলের মতো গুনাহ» — জামে তিরমিযিতে বর্ণিত; PAGE-CHECK।
B1-C00764,9065,REF-262,SUNNI,SUNNI_NARRATION,Sahih_Muslim|Sahih_al-Bukhari,,CITATION_BULLET|PAGE_CHECK_MARKER|SUNNI_BOOK,CONFLICT,SUNNI_SIX_NUMBER_OR_WORDING,SUNNI_SIX_NUMBER_OR_WORDING,SOURCE_EXISTENCE ≠ CLAIM_SUPPORT; harvest CONFLICT retained,PAGE-CHECK / re-verify with verify_sunni.py — number/wording conflict; AUTHOR DECISION if print changes,,NO,"•  আয়িশার বর্ণনা (চাল-চলনে সাদৃশ্য; স্ত্রীদের মজলিসে আগমন, «স্বাগতম, হে আমার কন্যা») — সহীহ বুখারি/মুসলিম ও সুনান গ্রন্থে বর্ণিত; আনাসের বর্ণনা (হাসান ও ফাতিমার সাদৃশ্য) — PAGE-CHECK।","•  আয়িশার বর্ণনা (চাল-চলনে সাদৃশ্য; স্ত্রীদের মজলিসে আগমন, «স্বাগতম, হে আমার কন্যা») — সহীহ বুখারি/মুসলিম ও সুনান গ্রন্থে বর্ণিত; আনাসের বর্ণনা (হাসান ও ফাতিমার সাদৃশ্য) — PAGE-CHECK।"
B1-C00766,9096,REF-263,UNSPECIFIED,ATTRIBUTION_ONLY,,,BARNITA_MARKER|QURAN_MARKER,CONFLICT,ATTRIBUTION_VS_SOURCE_LOCK,ATTRIBUTION_VS_SOURCE_LOCK,SOURCE_EXISTENCE ≠ CLAIM_SUPPORT; harvest CONFLICT retained,KEEP ATTRIBUTION-ONLY or author decision — no silent deletion; PAGE-CHECK until source locked,,NO,"যখন তুমি কুরআন তিলাওয়াত করো, তখন শুনছো আল্লাহর বাণী। দোয়া হলো তোমার বক্তব্য, আর কুরআন হলো তাঁর উত্তর। বর্ণিত আছে: ‘তুমি যদি চাও আল্লাহ তোমার সঙ্গে কথা বলুন, তবে কুরআন পড়ো। আর তুমি যদি আল্লাহর সঙ্গে কথা বলতে চাও, তবে তাঁর কাছে দোয়া করো।’”","যখন তুমি কুরআন তিলাওয়াত করো, তখন শুনছো আল্লাহর বাণী। দোয়া হলো তোমার বক্তব্য, আর কুরআন হলো তাঁর উত্তর। বর্ণিত আছে: ‘তুমি যদি চাও আল্লাহ তোমার সঙ্গে কথা বলুন, তবে কুরআন পড়ো। আর তুমি যদি আল্লাহর সঙ্গে কথা বলতে চাও, তবে তাঁর কাছে দোয়া করো।’”"
B1-C00770,9142,REF-264,SUNNI,SUNNI_NARRATION,Sahih_Muslim,Sahih_Muslim:395|Sahih_Muslim:395,CITATION_BULLET|PAGE_CHECK_MARKER|SUNNI_BOOK|HADITH_WORD,CONFLICT,SUNNI_SIX_NUMBER_OR_WORDING,SUNNI_SIX_NUMBER_OR_WORDING,SOURCE_EXISTENCE ≠ CLAIM_SUPPORT; harvest CONFLICT retained,PAGE-CHECK / re-verify with verify_sunni.py — number/wording conflict; AUTHOR DECISION if print changes,,NO,•  ফাতিহার দুই ভাগের হাদীসে কুদসি («আমার বান্দা আমার প্রশংসা করেছে…») — সহীহ মুসলিম ৩৯৫ (খাতামতো); PAGE-CHECK।,•  ফাতিহার দুই ভাগের হাদীসে কুদসি («আমার বান্দা আমার প্রশংসা করেছে…») — সহীহ মুসলিম ৩৯৫ (খাতামতো); PAGE-CHECK।
B1-C00771,9143,REF-265,UNSPECIFIED,ATTRIBUTION_ONLY,,,CITATION_BULLET|PAGE_CHECK_MARKER|BARNITA_MARKER|QURAN_MARKER,CONFLICT,ATTRIBUTION_VS_SOURCE_LOCK,ATTRIBUTION_VS_SOURCE_LOCK,SOURCE_EXISTENCE ≠ CLAIM_SUPPORT; harvest CONFLICT retained,KEEP ATTRIBUTION-ONLY or author decision — no silent deletion; PAGE-CHECK until source locked,,NO,"•  «কুরআন পড়ো, আল্লাহ কথা বলবেন; দোয়া করো, তুমি কথা বলবে» — বর্ণিত আছে; PAGE-CHECK।","•  «কুরআন পড়ো, আল্লাহ কথা বলবেন; দোয়া করো, তুমি কথা বলবে» — বর্ণিত আছে; PAGE-CHECK।"
B1-C00774,9191,REF-267,UNSPECIFIED,ATTRIBUTION_ONLY,,,BARNITA_MARKER,CONFLICT,ATTRIBUTION_VS_SOURCE_LOCK,ATTRIBUTION_VS_SOURCE_LOCK,SOURCE_EXISTENCE ≠ CLAIM_SUPPORT; harvest CONFLICT retained,KEEP ATTRIBUTION-ONLY or author decision — no silent deletion; PAGE-CHECK until source locked,,NO,"চাচা একটু ঝুঁকে বললেন— “আমাদের মাওলা আলী (আলাইহিস্ সালাম)-এর কথা বলে বর্ণিত আছে— ‘নামাজ যেদিকে, আমি সেদিকে। আর আমি যেদিকে, নামাজ সেদিকে।’ তাঁর রুকু যেদিকে, আমাদের রুকুও সেদিকে হওয়া উচিত। যদি আনুগত্য ও কায়েম ছাড়া কেবল খালি আদায় করি, তবে জান্নাতের চাবি হাতে থেকেও দরজা খোলা যাবে না।”","চাচা একটু ঝুঁকে বললেন— “আমাদের মাওলা আলী (আলাইহিস্ সালাম)-এর কথা বলে বর্ণিত আছে— ‘নামাজ যেদিকে, আমি সেদিকে। আর আমি যেদিকে, নামাজ সেদিকে।’ তাঁর রুকু যেদিকে, আমাদের রুকুও সেদিকে হওয়া উচিত। যদি আনুগত্য ও কায়েম ছাড়া কেবল খালি আদায় করি, তবে জান্নাতের চাবি হাতে থেকেও দরজা খোলা যাবে না।”"
B1-C00776,9218,REF-269,UNSPECIFIED,ATTRIBUTION_ONLY,,,BARNITA_MARKER|QURAN_MARKER,CONFLICT,ATTRIBUTION_VS_SOURCE_LOCK,ATTRIBUTION_VS_SOURCE_LOCK,SOURCE_EXISTENCE ≠ CLAIM_SUPPORT; harvest CONFLICT retained,KEEP ATTRIBUTION-ONLY or author decision — no silent deletion; PAGE-CHECK until source locked,,NO,"“এই আয়াত নামার পর,” চাচা বললেন, খুব ধীরে, “বর্ণিত আছে, রাসূলুল্লাহ ﷺ প্রতিদিন ফজরের সময় মসজিদে যাওয়ার পথে মা সাইয়্যিদা ফাতিমাতুয্ যাহরা (আলাইহাস্ সালাম)-এর ঘরের দরজায় থামতেন। দরজায় দাঁড়িয়ে বলতেন, আস-সালাত, হে আহলুল বাইত। তারপর পড়তেন তাতহীরের আয়াত: আল্লাহ তো শুধু চান তোমাদের থেকে অপবিত্রতা দূর করতে, হে আহলুল বাইত, আর তোমাদের পূর্ণ পবিত্র করতে।”","“এই আয়াত নামার পর,” চাচা বললেন, খুব ধীরে, “বর্ণিত আছে, রাসূলুল্লাহ ﷺ প্রতিদিন ফজরের সময় মসজিদে যাওয়ার পথে মা সাইয়্যিদা ফাতিমাতুয্ যাহরা (আলাইহাস্ সালাম)-এর ঘরের দরজায় থামতেন। দরজায় দাঁড়িয়ে বলতেন, আস-সালাত, হে আহলুল বাইত। তারপর পড়তেন তাতহীরের আয়াত: আল্লাহ তো শুধু চান তোমাদের থেকে অপবিত্রতা দূর করতে, হে আহলুল বাইত, আর তোমাদের পূর্ণ পবিত্র করতে।”"
B1-C00780,9253,REF-271,SUNNI,SUNNI_NARRATION,Jami_al-Tirmidhi,,CITATION_BULLET|PAGE_CHECK_MARKER|BARNITA_MARKER|SUNNI_BOOK,CONFLICT,ATTRIBUTION_VS_SOURCE_LOCK,ATTRIBUTION_VS_SOURCE_LOCK,SOURCE_EXISTENCE ≠ CLAIM_SUPPORT; harvest CONFLICT retained,KEEP ATTRIBUTION-ONLY or author decision — no silent deletion; PAGE-CHECK until source locked,,NO,"•  «নামাজ জান্নাতের চাবি», «জান্নাতের চাবি নামাজ, নামাজের চাবি ওজু» (জাবির) — বর্ণিত আছে (মুসনাদে আহমাদ/তিরমিযিতে প্রসিদ্ধ); PAGE-CHECK।","•  «নামাজ জান্নাতের চাবি», «জান্নাতের চাবি নামাজ, নামাজের চাবি ওজু» (জাবির) — বর্ণিত আছে (মুসনাদে আহমাদ/তিরমিযিতে প্রসিদ্ধ); PAGE-CHECK।"
B1-C00782,9255,REF-273,SUNNI,QURAN,Sahih_al-Bukhari,Sahih_al-Bukhari:8|Sahih_al-Bukhari:24|Sahih_al-Bukhari:8|Sahih_al-Bukhari:24,CITATION_BULLET|PAGE_CHECK_MARKER|BARNITA_MARKER|SUNNI_BOOK,CONFLICT,ATTRIBUTION_VS_SOURCE_LOCK,ATTRIBUTION_VS_SOURCE_LOCK,SOURCE_EXISTENCE ≠ CLAIM_SUPPORT; harvest CONFLICT retained,KEEP ATTRIBUTION-ONLY or author decision — no silent deletion; PAGE-CHECK until source locked,,NO,"•  নবীর ডাকে সাড়া না দেওয়া সাহাবি — সহীহ বুখারিতে আবু সাঈদ ইবনুল মুআল্লার বর্ণনা (৮:২৪ প্রসঙ্গে), খাতামতো; PAGE-CHECK। সালমানের দেখানোর অংশ — বর্ণিত আছে; উৎস পাওয়া যায়নি।","•  নবীর ডাকে সাড়া না দেওয়া সাহাবি — সহীহ বুখারিতে আবু সাঈদ ইবনুল মুআল্লার বর্ণনা (৮:২৪ প্রসঙ্গে), খাতামতো; PAGE-CHECK। সালমানের দেখানোর অংশ — বর্ণিত আছে; উৎস পাওয়া যায়নি।"
B1-C00783,9256,REF-274,SUNNI,SUNNI_NARRATION,Jami_al-Tirmidhi,,CITATION_BULLET|PAGE_CHECK_MARKER|SUNNI_BOOK,CONFLICT,SUNNI_SIX_NUMBER_OR_WORDING,SUNNI_SIX_NUMBER_OR_WORDING,SOURCE_EXISTENCE ≠ CLAIM_SUPPORT; harvest CONFLICT retained,PAGE-CHECK / re-verify with verify_sunni.py — number/wording conflict; AUTHOR DECISION if print changes,,NO,"•  ফজরে মা সাইয়্যিদা (আলাইহাস্ সালাম)-এর দরজায় «আস-সালাত, হে আহলুল বাইত» — জামে তিরমিযিতে আনাস থেকে (ছয় মাস); অন্য বর্ণনায় আট/নয় মাস; PAGE-CHECK।","•  ফজরে মা সাইয়্যিদা (আলাইহাস্ সালাম)-এর দরজায় «আস-সালাত, হে আহলুল বাইত» — জামে তিরমিযিতে আনাস থেকে (ছয় মাস); অন্য বর্ণনায় আট/নয় মাস; PAGE-CHECK।"
B1-C00786,9346,REF-275,SUNNI,SUNNI_NARRATION,Sahih_Muslim,Sahih_Muslim:705|Sahih_Muslim:705,CITATION_BULLET|PAGE_CHECK_MARKER|SUNNI_BOOK,CONFLICT,SUNNI_SIX_NUMBER_OR_WORDING,SUNNI_SIX_NUMBER_OR_WORDING,SOURCE_EXISTENCE ≠ CLAIM_SUPPORT; harvest CONFLICT retained,PAGE-CHECK / re-verify with verify_sunni.py — number/wording conflict; AUTHOR DECISION if print changes,,NO,•  ইবনে আব্বাস: ভয় বা সফর ছাড়া মদীনায় যোহর-আসর ও মাগরিব-এশা একত্রে — সহীহ মুসলিম ৭০৫ (খাতামতো); PAGE-CHECK।,•  ইবনে আব্বাস: ভয় বা সফর ছাড়া মদীনায় যোহর-আসর ও মাগরিব-এশা একত্রে — সহীহ মুসলিম ৭০৫ (খাতামতো); PAGE-CHECK।
B1-C00788,9384,REF-276,UNSPECIFIED,ATTRIBUTION_ONLY,,,BARNITA_MARKER,CONFLICT,ATTRIBUTION_VS_SOURCE_LOCK,ATTRIBUTION_VS_SOURCE_LOCK,SOURCE_EXISTENCE ≠ CLAIM_SUPPORT; harvest CONFLICT retained,KEEP ATTRIBUTION-ONLY or author decision — no silent deletion; PAGE-CHECK until source locked,,NO,"“এমনকি,” বুরুল্লাহ বলল, “বর্ণিত আছে, সাহাবারা কুফার মসজিদে আলাপ করতেন, ‘এতদিন পর আমরা আলীর ইমামতে রাসূলের নামাজের রূপ ফিরে পেলাম।’”","“এমনকি,” বুরুল্লাহ বলল, “বর্ণিত আছে, সাহাবারা কুফার মসজিদে আলাপ করতেন, ‘এতদিন পর আমরা আলীর ইমামতে রাসূলের নামাজের রূপ ফিরে পেলাম।’”"
B1-C00790,9418,REF-277,UNSPECIFIED,SOURCE_BLOCK_NOTE,,,CITATION_BULLET|PAGE_CHECK_MARKER,CONFLICT,SOURCE_BLOCK_INTERNAL,SOURCE_BLOCK_INTERNAL,SOURCE_EXISTENCE ≠ CLAIM_SUPPORT; harvest CONFLICT retained,AUTHOR DECISION REQUIRED — honest PAGE-CHECK / CONFLICT retained; no fake VERIFIED,,NO,•  «তোমরা আমাকে যেভাবে নামাজ আদায় করতে দেখেছ…» — সহীহ বুখারী (মালিক ইবনুল হুওয়াইরিস); খণ্ড/নম্বর PAGE-CHECK।,•  «তোমরা আমাকে যেভাবে নামাজ আদায় করতে দেখেছ…» — সহীহ বুখারী (মালিক ইবনুল হুওয়াইরিস); খণ্ড/নম্বর PAGE-CHECK।
B1-C00792,9420,REF-278,UNSPECIFIED,SOURCE_BLOCK_NOTE,,,CITATION_BULLET|PAGE_CHECK_MARKER,CONFLICT,SOURCE_BLOCK_INTERNAL,SOURCE_BLOCK_INTERNAL,SOURCE_EXISTENCE ≠ CLAIM_SUPPORT; harvest CONFLICT retained,AUTHOR DECISION REQUIRED — honest PAGE-CHECK / CONFLICT retained; no fake VERIFIED,,NO,"•  আনাস ইবনে মালিকের উক্তি ও দামেশকে কান্না (যুহরীর বর্ণনা) — সহীহ বুখারী, «নামাজের ওয়াক্ত» অধ্যায় (খাতামতো); নম্বর PAGE-CHECK।","•  আনাস ইবনে মালিকের উক্তি ও দামেশকে কান্না (যুহরীর বর্ণনা) — সহীহ বুখারী, «নামাজের ওয়াক্ত» অধ্যায় (খাতামতো); নম্বর PAGE-CHECK।"
B1-C00793,9421,REF-279,UNSPECIFIED,ATTRIBUTION_ONLY,,,CITATION_BULLET|PAGE_CHECK_MARKER|BARNITA_MARKER,CONFLICT,ATTRIBUTION_VS_SOURCE_LOCK,ATTRIBUTION_VS_SOURCE_LOCK,SOURCE_EXISTENCE ≠ CLAIM_SUPPORT; harvest CONFLICT retained,KEEP ATTRIBUTION-ONLY or author decision — no silent deletion; PAGE-CHECK until source locked,,NO,"•  ইমরান ইবনে হুসাইন, আলী (আলাইহিস্ সালাম)-এর পেছনে নামাজ — সহীহ বুখারী (খাতামতো); নম্বর PAGE-CHECK। কুফার মসজিদের আলাপ — খাতায় «মেশকাতুল মাসাবিহ, তাজরীদুল বুখারী»; PAGE-CHECK, তাই দৃশ্যে «বর্ণিত আছে»।","•  ইমরান ইবনে হুসাইন, আলী (আলাইহিস্ সালাম)-এর পেছনে নামাজ — সহীহ বুখারী (খাতামতো); নম্বর PAGE-CHECK। কুফার মসজিদের আলাপ — খাতায় «মেশকাতুল মাসাবিহ, তাজরীদুল বুখারী»; PAGE-CHECK, তাই দৃশ্যে «বর্ণিত আছে»।"
B1-C00796,9455,REF-281,UNSPECIFIED,ATTRIBUTION_ONLY,,,BARNITA_MARKER|RASUL_SAID,CONFLICT,ATTRIBUTION_VS_SOURCE_LOCK,ATTRIBUTION_VS_SOURCE_LOCK,SOURCE_EXISTENCE ≠ CLAIM_SUPPORT; harvest CONFLICT retained,KEEP ATTRIBUTION-ONLY or author decision — no silent deletion; PAGE-CHECK until source locked,,NO,"“আবু যার আল-গিফারী বলেন,” চাচা বললেন, “বর্ণিত আছে, সেদিন নামাজ শেষে রাসূলুল্লাহ ﷺ দুহাত তুলে আল্লাহর কাছে প্রার্থনা করলেন: ‘ইয়া প্রভু! যেমন তুমি মূসা (আলাইহিস্ সালাম)-এর জন্য তাঁর ভাই হারুনকে শক্তি ও পরামর্শদাতা হিসেবে নিয়োগ করেছিলে, তেমনি আমার জন্যও আলীকে এই ভূমিকা দাও। তার মাধ্যমে আমার দায়িত্বকে শক্তিশালী করো এবং আমার কাজ সহজ করো।’ মূসা (আলাইহিস্ সালাম)-এর সেই দোয়াটা এখানে।”","“আবু যার আল-গিফারী বলেন,” চাচা বললেন, “বর্ণিত আছে, সেদিন নামাজ শেষে রাসূলুল্লাহ ﷺ দুহাত তুলে আল্লাহর কাছে প্রার্থনা করলেন: ‘ইয়া প্রভু! যেমন তুমি মূসা (আলাইহিস্ সালাম)-এর জন্য তাঁর ভাই হারুনকে শক্তি ও পরামর্শদাতা হিসেবে নিয়োগ করেছিলে, তেমনি আমার জন্যও আলীকে এই ভূমিকা দাও। তার মাধ্যমে আমার দায়িত্বকে শক্তিশালী করো এবং আমার কাজ সহজ করো।’ মূসা (আলাইহিস্ সালাম)-এর সেই দোয়াটা এখানে।”"
B1-C00798,9499,REF-282,UNSPECIFIED,ATTRIBUTION_ONLY,,,CITATION_BULLET|PAGE_CHECK_MARKER|SUTRA_MARKER|BARNITA_MARKER,CONFLICT,ATTRIBUTION_VS_SOURCE_LOCK,ATTRIBUTION_VS_SOURCE_LOCK,SOURCE_EXISTENCE ≠ CLAIM_SUPPORT; harvest CONFLICT retained,KEEP ATTRIBUTION-ONLY or author decision — no silent deletion; PAGE-CHECK until source locked,,NO,"•  আবু যার আল-গিফারীর বর্ণনা ও নবীর দোয়া — খাতামতো; সূত্র উল্লেখ নেই, তাই «বর্ণিত আছে»; PAGE-CHECK।","•  আবু যার আল-গিফারীর বর্ণনা ও নবীর দোয়া — খাতামতো; সূত্র উল্লেখ নেই, তাই «বর্ণিত আছে»; PAGE-CHECK।"
B1-C00800,9501,REF-284,UNSPECIFIED,SOURCE_BLOCK_NOTE,,,CITATION_BULLET|PAGE_CHECK_MARKER,CONFLICT,SOURCE_BLOCK_INTERNAL,SOURCE_BLOCK_INTERNAL,SOURCE_EXISTENCE ≠ CLAIM_SUPPORT; harvest CONFLICT retained,AUTHOR DECISION REQUIRED — honest PAGE-CHECK / CONFLICT retained; no fake VERIFIED,,NO,"•  ইমাম জাফর সাদিক (আলাইহিস্ সালাম): «ওলায়াহকে জানার পর…» — আল-কাফী, কিতাবুল ঈমান ওয়াল কুফর, বাবুল ওয়ালায়াহ (খাতামতো); PAGE-CHECK।","•  ইমাম জাফর সাদিক (আলাইহিস্ সালাম): «ওলায়াহকে জানার পর…» — আল-কাফী, কিতাবুল ঈমান ওয়াল কুফর, বাবুল ওয়ালায়াহ (খাতামতো); PAGE-CHECK।"
B1-C00801,9565,REF-285,SUNNI,SUNNI_NARRATION,Sahih_Muslim,Sahih_Muslim:667|Sahih_Muslim:667,CITATION_BULLET|PAGE_CHECK_MARKER|SUNNI_BOOK,CONFLICT,SUNNI_SIX_NUMBER_OR_WORDING,SUNNI_SIX_NUMBER_OR_WORDING,SOURCE_EXISTENCE ≠ CLAIM_SUPPORT; harvest CONFLICT retained,PAGE-CHECK / re-verify with verify_sunni.py — number/wording conflict; AUTHOR DECISION if print changes,,NO,"•  নদীর উদাহরণ — সহীহ বুখারী ৫২৮, সহীহ মুসলিম ৬৬৭ (খাতামতো); PAGE-CHECK।","•  নদীর উদাহরণ — সহীহ বুখারী ৫২৮, সহীহ মুসলিম ৬৬৭ (খাতামতো); PAGE-CHECK।"
B1-C00808,9617,REF-287,UNSPECIFIED,ATTRIBUTION_ONLY,,,BARNITA_MARKER,CONFLICT,ATTRIBUTION_VS_SOURCE_LOCK,ATTRIBUTION_VS_SOURCE_LOCK,SOURCE_EXISTENCE ≠ CLAIM_SUPPORT; harvest CONFLICT retained,KEEP ATTRIBUTION-ONLY or author decision — no silent deletion; PAGE-CHECK until source locked,,NO,"একটু থেমে সে বলল, “ইমাম হাসান (আলাইহিস্ সালাম) বলেছেন, বর্ণিত আছে, ‘আমি মায়ের মতো আর কোনো ইবাদতকারী দেখিনি।’ হাসান বসরী, যিনি নিজেও বিখ্যাত ইবাদতকারী, বলেছেন, ‘ফাতিমা এত বেশি নামাজে দাঁড়িয়ে থাকতেন যে, তাঁর পদযুগলে কড়া পড়ে যেত।’”","একটু থেমে সে বলল, “ইমাম হাসান (আলাইহিস্ সালাম) বলেছেন, বর্ণিত আছে, ‘আমি মায়ের মতো আর কোনো ইবাদতকারী দেখিনি।’ হাসান বসরী, যিনি নিজেও বিখ্যাত ইবাদতকারী, বলেছেন, ‘ফাতিমা এত বেশি নামাজে দাঁড়িয়ে থাকতেন যে, তাঁর পদযুগলে কড়া পড়ে যেত।’”"
B1-C00809,9619,REF-288,UNSPECIFIED,ATTRIBUTION_ONLY,,,BARNITA_MARKER,CONFLICT,ATTRIBUTION_VS_SOURCE_LOCK,ATTRIBUTION_VS_SOURCE_LOCK,SOURCE_EXISTENCE ≠ CLAIM_SUPPORT; harvest CONFLICT retained,KEEP ATTRIBUTION-ONLY or author decision — no silent deletion; PAGE-CHECK until source locked,,NO,"“তিনি শুধু নিয়মরক্ষার জন্য ইবাদত করতেন না; বরং ইবাদতের সময় তাঁর হৃদয় ছিল আল্লাহর ভয়ে কম্পমান। বর্ণিত আছে, ‘ফাতিমা (আলাইহাস্ সালাম) নামাজের সময় এতটাই গভীর ধ্যানে থাকতেন যে, আল্লাহ ফেরেশতাদের ডাক দিয়ে বলতেন—তাকিয়ে দেখো, আমার বান্দি ফাতিমা কিভাবে ভয়ে কাঁপছে আর আমার ইবাদতে আত্মনিবেদিত হচ্ছে।’” বুরুল্লাহ বলল। “মা সাইয়্যিদা ফাতিমাতুয্ যাহরা (আলাইহাস্ সালাম)-এর জন্য নামাজ ছিল এক অপার প্রেম ও বিন","“তিনি শুধু নিয়মরক্ষার জন্য ইবাদত করতেন না; বরং ইবাদতের সময় তাঁর হৃদয় ছিল আল্লাহর ভয়ে কম্পমান। বর্ণিত আছে, ‘ফাতিমা (আলাইহাস্ সালাম) নামাজের সময় এতটাই গভীর ধ্যানে থাকতেন যে, আল্লাহ ফেরেশতাদের ডাক দিয়ে বলতেন—তাকিয়ে দেখো, আমার বান্দি ফাতিমা কিভাবে ভয়ে কাঁপছে আর আমার ইবাদতে আত্মনিবেদিত হচ্ছে।’” বুরুল্লাহ বলল। “মা সাইয়্যিদা ফাতিমাতুয্ যাহরা (আলাইহাস্ সালাম)-এর জন্য নামাজ ছিল এক অপার প্রেম ও বিন"
B1-C00810,9626,REF-289,SHIA,SHIA_NARRATION,Ilal_al-Sharai,,BARNITA_MARKER,CONFLICT,ATTRIBUTION_VS_SOURCE_LOCK,ATTRIBUTION_VS_SOURCE_LOCK,SOURCE_EXISTENCE ≠ CLAIM_SUPPORT; harvest CONFLICT retained,KEEP ATTRIBUTION-ONLY or author decision — no silent deletion; PAGE-CHECK until source locked,,NO,"হারিকেনের কাচে একটি পোকা এসে বসল। বুরুল্লাহ সেদিকে তাকিয়ে বলল, “‘ইলালুশ শারায়ে’ গ্রন্থে বর্ণিত আছে, ‘তিনি যখন ইবাদতে দাঁড়াতেন, তখন আসমানের অধিবাসীদের জন্য এক উজ্জ্বল নক্ষত্রের মতো তাঁর পবিত্র দেহ থেকে আলো বিচ্ছুরিত হতো।’”","হারিকেনের কাচে একটি পোকা এসে বসল। বুরুল্লাহ সেদিকে তাকিয়ে বলল, “‘ইলালুশ শারায়ে’ গ্রন্থে বর্ণিত আছে, ‘তিনি যখন ইবাদতে দাঁড়াতেন, তখন আসমানের অধিবাসীদের জন্য এক উজ্জ্বল নক্ষত্রের মতো তাঁর পবিত্র দেহ থেকে আলো বিচ্ছুরিত হতো।’”"
B1-C00812,9644,REF-291,SHIA,SHIA_NARRATION,Ilal_al-Sharai,,CITATION_BULLET|PAGE_CHECK_MARKER,CONFLICT,SHIA_RECENSION_OR_PAGE,SHIA_RECENSION_OR_PAGE,SOURCE_EXISTENCE ≠ CLAIM_SUPPORT; harvest CONFLICT retained,EDITION-LOCK + PAGE-CHECK — thaqalayn blocked; AUTHOR DECISION on edition,,NO,•  «তিনি যখন ইবাদতে দাঁড়াতেন… আলো বিচ্ছুরিত হতো» — খাতায় «ইলালুশ শারায়ে»; PAGE-CHECK।,•  «তিনি যখন ইবাদতে দাঁড়াতেন… আলো বিচ্ছুরিত হতো» — খাতায় «ইলালুশ শারায়ে»; PAGE-CHECK।
B1-C00815,9647,REF-293,SUNNI,SUNNI_NARRATION,Sahih_Muslim,Sahih_Muslim:2818|Sahih_Muslim:2818,CITATION_BULLET|PAGE_CHECK_MARKER|SUNNI_BOOK,CONFLICT,SUNNI_SIX_NUMBER_OR_WORDING,SUNNI_SIX_NUMBER_OR_WORDING,SOURCE_EXISTENCE ≠ CLAIM_SUPPORT; harvest CONFLICT retained,PAGE-CHECK / re-verify with verify_sunni.py — number/wording conflict; AUTHOR DECISION if print changes,,NO,"•  «তোমাদের কাউকে তার আমল নাজাত দেবে না» — সহীহ বুখারী ৬৪৬৩, সহীহ মুসলিম ২৮১৮ (খাতামতো); PAGE-CHECK।","•  «তোমাদের কাউকে তার আমল নাজাত দেবে না» — সহীহ বুখারী ৬৪৬৩, সহীহ মুসলিম ২৮১৮ (খাতামতো); PAGE-CHECK।"
B1-C00816,9648,REF-294,UNSPECIFIED,SOURCE_BLOCK_NOTE,,,CITATION_BULLET|PAGE_CHECK_MARKER,CONFLICT,SOURCE_BLOCK_INTERNAL,SOURCE_BLOCK_INTERNAL,SOURCE_EXISTENCE ≠ CLAIM_SUPPORT; harvest CONFLICT retained,AUTHOR DECISION REQUIRED — honest PAGE-CHECK / CONFLICT retained; no fake VERIFIED,,NO,•  ইমাম হাসান (আলাইহিস্ সালাম) ও হাসান বসরীর উক্তি — খাতায় «Fatima Zahra in the Words of the Infallibles»; PAGE-CHECK।,•  ইমাম হাসান (আলাইহিস্ সালাম) ও হাসান বসরীর উক্তি — খাতায় «Fatima Zahra in the Words of the Infallibles»; PAGE-CHECK।
B1-C00826,9729,REF-298,SUNNI,SUNNI_NARRATION,Sahih_Muslim,,CITATION_BULLET|PAGE_CHECK_MARKER|SUNNI_BOOK|HADITH_WORD,CONFLICT,SUNNI_SIX_NUMBER_OR_WORDING,SUNNI_SIX_NUMBER_OR_WORDING,SOURCE_EXISTENCE ≠ CLAIM_SUPPORT; harvest CONFLICT retained,PAGE-CHECK / re-verify with verify_sunni.py — number/wording conflict; AUTHOR DECISION if print changes,,NO,"•  ইহসানের হাদীস («যেন তুমি তাঁকে দেখছ») — সহীহ মুসলিম, কিতাবুল ঈমান (জিবরাইলের হাদীস); নম্বর PAGE-CHECK।","•  ইহসানের হাদীস («যেন তুমি তাঁকে দেখছ») — সহীহ মুসলিম, কিতাবুল ঈমান (জিবরাইলের হাদীস); নম্বর PAGE-CHECK।"
B1-C00833,9928,REF-302,UNSPECIFIED,ATTRIBUTION_ONLY,,,BARNITA_MARKER,CONFLICT,ATTRIBUTION_VS_SOURCE_LOCK,ATTRIBUTION_VS_SOURCE_LOCK,SOURCE_EXISTENCE ≠ CLAIM_SUPPORT; harvest CONFLICT retained,KEEP ATTRIBUTION-ONLY or author decision — no silent deletion; PAGE-CHECK until source locked,,NO,"“উস্তাদ আরেকটা জিনিস ঠিক করে দিয়েছিলেন,” বুরুল্লাহ বলল। “আমাদের দেশে অনেকে দরুদের শেষে আলে মুহাম্মাদ বাদ দিয়ে দেন। শুধু ‘সাল্লাল্লাহু আলাইহি ওয়া সাল্লাম’। পরিবারের নাম নেই। উস্তাদ এটাকে বলতেন লেজকাটা দরুদ। বর্ণিত আছে, রাসূলুল্লাহ ﷺ নিজেই এমন দরুদ পড়তে নিষেধ করেছেন, যেখানে তাঁর পরিবারকে বাদ দেওয়া হয়।”","“উস্তাদ আরেকটা জিনিস ঠিক করে দিয়েছিলেন,” বুরুল্লাহ বলল। “আমাদের দেশে অনেকে দরুদের শেষে আলে মুহাম্মাদ বাদ দিয়ে দেন। শুধু ‘সাল্লাল্লাহু আলাইহি ওয়া সাল্লাম’। পরিবারের নাম নেই। উস্তাদ এটাকে বলতেন লেজকাটা দরুদ। বর্ণিত আছে, রাসূলুল্লাহ ﷺ নিজেই এমন দরুদ পড়তে নিষেধ করেছেন, যেখানে তাঁর পরিবারকে বাদ দেওয়া হয়।”"
B1-C00837,9959,REF-303,UNSPECIFIED,ATTRIBUTION_ONLY,,,CITATION_BULLET|PAGE_CHECK_MARKER|BARNITA_MARKER,CONFLICT,ATTRIBUTION_VS_SOURCE_LOCK,ATTRIBUTION_VS_SOURCE_LOCK,SOURCE_EXISTENCE ≠ CLAIM_SUPPORT; harvest CONFLICT retained,KEEP ATTRIBUTION-ONLY or author decision — no silent deletion; PAGE-CHECK until source locked,,NO,•  «লেজকাটা দরুদ» নিষেধের বর্ণনা — খাতামতো «বর্ণিত আছে»; PAGE-CHECK।,•  «লেজকাটা দরুদ» নিষেধের বর্ণনা — খাতামতো «বর্ণিত আছে»; PAGE-CHECK।
B1-C00840,10008,REF-304,UNSPECIFIED,ATTRIBUTION_ONLY,,,BARNITA_MARKER|RASUL_SAID,CONFLICT,ATTRIBUTION_VS_SOURCE_LOCK,ATTRIBUTION_VS_SOURCE_LOCK,SOURCE_EXISTENCE ≠ CLAIM_SUPPORT; harvest CONFLICT retained,KEEP ATTRIBUTION-ONLY or author decision — no silent deletion; PAGE-CHECK until source locked,,NO,"রাহাত পড়ল, আঙুল লাইনে রেখে: “বর্ণিত আছে, রাসূলুল্লাহ ﷺ বলেছেন, রাগ শয়তান থেকে, শয়তান আগুনের তৈরি, আর আগুন নেভে পানিতে। তাই রাগ উঠলে ওজু করো। দাঁড়িয়ে থাকলে বসে পড়ো, বসে থাকলে শুয়ে পড়ো।”","রাহাত পড়ল, আঙুল লাইনে রেখে: “বর্ণিত আছে, রাসূলুল্লাহ ﷺ বলেছেন, রাগ শয়তান থেকে, শয়তান আগুনের তৈরি, আর আগুন নেভে পানিতে। তাই রাগ উঠলে ওজু করো। দাঁড়িয়ে থাকলে বসে পড়ো, বসে থাকলে শুয়ে পড়ো।”"
B1-C00843,10061,REF-305,SUNNI,SUNNI_NARRATION,Sunan_Abu_Dawud,,CITATION_BULLET|PAGE_CHECK_MARKER|SUNNI_BOOK,CONFLICT,SUNNI_SIX_NUMBER_OR_WORDING,SUNNI_SIX_NUMBER_OR_WORDING,SOURCE_EXISTENCE ≠ CLAIM_SUPPORT; harvest CONFLICT retained,PAGE-CHECK / re-verify with verify_sunni.py — number/wording conflict; AUTHOR DECISION if print changes,,NO,"•  রাগ ও ওজু: সুনানে আবু দাউদ (কিতাবুল আদব, রাগের সময় যা বলতে হয়); বসা/শোয়া: একই কিতাব — নম্বর PAGE-CHECK।","•  রাগ ও ওজু: সুনানে আবু দাউদ (কিতাবুল আদব, রাগের সময় যা বলতে হয়); বসা/শোয়া: একই কিতাব — নম্বর PAGE-CHECK।"
B1-C00847,10175,REF-306,UNSPECIFIED,ATTRIBUTION_ONLY,,,BARNITA_MARKER,CONFLICT,ATTRIBUTION_VS_SOURCE_LOCK,ATTRIBUTION_VS_SOURCE_LOCK,SOURCE_EXISTENCE ≠ CLAIM_SUPPORT; harvest CONFLICT retained,KEEP ATTRIBUTION-ONLY or author decision — no silent deletion; PAGE-CHECK until source locked,,NO,"খাতা আমার হাত থেকে ফেরত নিয়ে বুরুল্লাহ পরের পাতা খুলল। “ঘটনাটা উস্তাদ যেভাবে বলেছিলেন, সেভাবেই লিখে রেখেছিলাম। বর্ণিত আছে,” সে বলল, তারপর পড়ল:","খাতা আমার হাত থেকে ফেরত নিয়ে বুরুল্লাহ পরের পাতা খুলল। “ঘটনাটা উস্তাদ যেভাবে বলেছিলেন, সেভাবেই লিখে রেখেছিলাম। বর্ণিত আছে,” সে বলল, তারপর পড়ল:"
B1-C00849,10233,REF-307,SUNNI,SUNNI_NARRATION,Sahih_Muslim,,CITATION_BULLET|PAGE_CHECK_MARKER|SUNNI_BOOK,CONFLICT,SUNNI_SIX_NUMBER_OR_WORDING,SUNNI_SIX_NUMBER_OR_WORDING,SOURCE_EXISTENCE ≠ CLAIM_SUPPORT; harvest CONFLICT retained,PAGE-CHECK / re-verify with verify_sunni.py — number/wording conflict; AUTHOR DECISION if print changes,,NO,"•  চাঁদ দ্বিখণ্ডনের ঘটনা — সহীহ বুখারী (কিতাবুল মানাকিব, ইনশিকাকুল কামার) ও সহীহ মুসলিম (সিফাতুল মুনাফিকীন); খাতার বিবরণ (আকাবা, ১৪ জন) PAGE-CHECK।","•  চাঁদ দ্বিখণ্ডনের ঘটনা — সহীহ বুখারী (কিতাবুল মানাকিব, ইনশিকাকুল কামার) ও সহীহ মুসলিম (সিফাতুল মুনাফিকীন); খাতার বিবরণ (আকাবা, ১৪ জন) PAGE-CHECK।"
B1-C00854,10375,REF-308,UNSPECIFIED,ATTRIBUTION_ONLY,,,BARNITA_MARKER|RASUL_SAID,CONFLICT,ATTRIBUTION_VS_SOURCE_LOCK,ATTRIBUTION_VS_SOURCE_LOCK,SOURCE_EXISTENCE ≠ CLAIM_SUPPORT; harvest CONFLICT retained,KEEP ATTRIBUTION-ONLY or author decision — no silent deletion; PAGE-CHECK until source locked,,NO,"রাহাত পড়ল: “বর্ণিত আছে, রাসূলুল্লাহ ﷺ বলেছেন, ‘আমি জ্ঞানের নগরী, আর আলী তার দরজা।’ যে নগরে ঢুকতে চায়, তাকে দরজা দিয়েই আসতে হবে।”","রাহাত পড়ল: “বর্ণিত আছে, রাসূলুল্লাহ ﷺ বলেছেন, ‘আমি জ্ঞানের নগরী, আর আলী তার দরজা।’ যে নগরে ঢুকতে চায়, তাকে দরজা দিয়েই আসতে হবে।”"
B1-C00856,10398,REF-309,SUNNI,SUNNI_NARRATION,Mustadrak_al-Hakim,,CITATION_BULLET|PAGE_CHECK_MARKER|SUNNI_BOOK,CONFLICT,GENERAL_HARVEST_CONFLICT,GENERAL_HARVEST_CONFLICT,SOURCE_EXISTENCE ≠ CLAIM_SUPPORT; harvest CONFLICT retained,AUTHOR DECISION REQUIRED — honest PAGE-CHECK / CONFLICT retained; no fake VERIFIED,,NO,"•  «আমি জ্ঞানের নগরী, আলী তার দরজা» — আল-হাকিম, আল-মুসতাদরাক (কিতাবু মারিফাতিস সাহাবা); জামে তিরমিযী (মানাকিব, «আমি হিকমতের ঘর»); নম্বর PAGE-CHECK।","•  «আমি জ্ঞানের নগরী, আলী তার দরজা» — আল-হাকিম, আল-মুসতাদরাক (কিতাবু মারিফাতিস সাহাবা); জামে তিরমিযী (মানাকিব, «আমি হিকমতের ঘর»); নম্বর PAGE-CHECK।"
B1-C00861,10480,REF-312,SUNNI,SUNNI_NARRATION,Sahih_Muslim,Sahih_Muslim:2581|Sahih_Muslim:2581,CITATION_BULLET|PAGE_CHECK_MARKER|SUNNI_BOOK,CONFLICT,SUNNI_SIX_NUMBER_OR_WORDING,SUNNI_SIX_NUMBER_OR_WORDING,SOURCE_EXISTENCE ≠ CLAIM_SUPPORT; harvest CONFLICT retained,PAGE-CHECK / re-verify with verify_sunni.py — number/wording conflict; AUTHOR DECISION if print changes,,NO,•  «প্রকৃত নিঃস্ব কে» — সহীহ মুসলিম ২৫৮১ (খাতামতো); PAGE-CHECK।,•  «প্রকৃত নিঃস্ব কে» — সহীহ মুসলিম ২৫৮১ (খাতামতো); PAGE-CHECK।
B1-C00862,10481,REF-313,SUNNI,SUNNI_NARRATION,Sahih_Muslim,Sahih_Muslim:2888|Sahih_Muslim:2888,CITATION_BULLET|PAGE_CHECK_MARKER|SUNNI_BOOK,CONFLICT,SUNNI_SIX_NUMBER_OR_WORDING,SUNNI_SIX_NUMBER_OR_WORDING,SOURCE_EXISTENCE ≠ CLAIM_SUPPORT; harvest CONFLICT retained,PAGE-CHECK / re-verify with verify_sunni.py — number/wording conflict; AUTHOR DECISION if print changes,,NO,"•  «হত্যাকারী ও নিহত দুজনই আগুনে» — সহীহ বুখারী ৭০৮৩, সহীহ মুসলিম ২৮৮৮ (খাতামতো); PAGE-CHECK।","•  «হত্যাকারী ও নিহত দুজনই আগুনে» — সহীহ বুখারী ৭০৮৩, সহীহ মুসলিম ২৮৮৮ (খাতামতো); PAGE-CHECK।"
B1-C00863,10503,REF-314,UNSPECIFIED,ATTRIBUTION_ONLY,,,BARNITA_MARKER,CONFLICT,ATTRIBUTION_VS_SOURCE_LOCK,ATTRIBUTION_VS_SOURCE_LOCK,SOURCE_EXISTENCE ≠ CLAIM_SUPPORT; harvest CONFLICT retained,KEEP ATTRIBUTION-ONLY or author decision — no silent deletion; PAGE-CHECK until source locked,,NO,"রাহাত পকেট থেকে নিজের টিক-খাতা বের করল। এক সপ্তাহ ধরে যা শুনেছে, টুকে রেখেছে। একটি পাতা খুলে পড়ল, প্রায় নিজেকে শুনিয়ে: “বর্ণিত আছে, রাসূলুল্লাহ ﷺ তো স্বপ্নে এমন কিছু লোককে দেখেছিলেন, যাদের মুখ আগুনের কাঁচি দিয়ে কাটা হচ্ছিল! কারণ? তারা অন্যকে সৎকাজের উপদেশ দিত, অথচ নিজেরা তা করত না!”","রাহাত পকেট থেকে নিজের টিক-খাতা বের করল। এক সপ্তাহ ধরে যা শুনেছে, টুকে রেখেছে। একটি পাতা খুলে পড়ল, প্রায় নিজেকে শুনিয়ে: “বর্ণিত আছে, রাসূলুল্লাহ ﷺ তো স্বপ্নে এমন কিছু লোককে দেখেছিলেন, যাদের মুখ আগুনের কাঁচি দিয়ে কাটা হচ্ছিল! কারণ? তারা অন্যকে সৎকাজের উপদেশ দিত, অথচ নিজেরা তা করত না!”"
B1-C00866,10552,REF-316,SUNNI,SUNNI_NARRATION,Sahih_Muslim,Sahih_Muslim:1905|Sahih_Muslim:1905,CITATION_BULLET|PAGE_CHECK_MARKER|SUNNI_BOOK,CONFLICT,SUNNI_SIX_NUMBER_OR_WORDING,SUNNI_SIX_NUMBER_OR_WORDING,SOURCE_EXISTENCE ≠ CLAIM_SUPPORT; harvest CONFLICT retained,PAGE-CHECK / re-verify with verify_sunni.py — number/wording conflict; AUTHOR DECISION if print changes,,NO,"•  তিন শ্রেণি (শহীদ, আলেম, দাতা) — সহীহ মুসলিম ১৯০৫ (খাতামতো); PAGE-CHECK।","•  তিন শ্রেণি (শহীদ, আলেম, দাতা) — সহীহ মুসলিম ১৯০৫ (খাতামতো); PAGE-CHECK।"
B1-C00867,10553,REF-317,SUNNI,SUNNI_NARRATION,Sahih_Muslim,Sahih_Muslim:2989|Sahih_Muslim:2989,CITATION_BULLET|PAGE_CHECK_MARKER|SUNNI_BOOK,CONFLICT,SUNNI_SIX_NUMBER_OR_WORDING,SUNNI_SIX_NUMBER_OR_WORDING,SOURCE_EXISTENCE ≠ CLAIM_SUPPORT; harvest CONFLICT retained,PAGE-CHECK / re-verify with verify_sunni.py — number/wording conflict; AUTHOR DECISION if print changes,,NO,"•  জাঁতার গাধা — সহীহ বুখারী ৩২৬৭, সহীহ মুসলিম ২৯৮৯; PAGE-CHECK।","•  জাঁতার গাধা — সহীহ বুখারী ৩২৬৭, সহীহ মুসলিম ২৯৮৯; PAGE-CHECK।"
B1-C00868,10554,REF-318,UNSPECIFIED,SOURCE_BLOCK_NOTE,,,CITATION_BULLET|PAGE_CHECK_MARKER,CONFLICT,SOURCE_BLOCK_INTERNAL,SOURCE_BLOCK_INTERNAL,SOURCE_EXISTENCE ≠ CLAIM_SUPPORT; harvest CONFLICT retained,AUTHOR DECISION REQUIRED — honest PAGE-CHECK / CONFLICT retained; no fake VERIFIED,,NO,"•  আগুনের কাঁচি — মুসনাদে আহমাদ (আনাস থেকে, মিরাজ প্রসঙ্গে); PAGE-CHECK।","•  আগুনের কাঁচি — মুসনাদে আহমাদ (আনাস থেকে, মিরাজ প্রসঙ্গে); PAGE-CHECK।"
B1-C00874,10768,REF-321,UNSPECIFIED,SOURCE_BLOCK_NOTE,,,CITATION_BULLET|PAGE_CHECK_MARKER|SUTRA_MARKER,CONFLICT,SOURCE_BLOCK_INTERNAL,SOURCE_BLOCK_INTERNAL,SOURCE_EXISTENCE ≠ CLAIM_SUPPORT; harvest CONFLICT retained,AUTHOR DECISION REQUIRED — honest PAGE-CHECK / CONFLICT retained; no fake VERIFIED,,NO,"•  «আমি বিসমিল্লাহর বা-এর নিচের বিন্দু» — আলী (আলাইহিস্ সালাম)-এর নামে প্রচলিত; নির্ভরযোগ্য সূত্র পাওয়া যায়নি, PAGE-CHECK।","•  «আমি বিসমিল্লাহর বা-এর নিচের বিন্দু» — আলী (আলাইহিস্ সালাম)-এর নামে প্রচলিত; নির্ভরযোগ্য সূত্র পাওয়া যায়নি, PAGE-CHECK।"
B1-C00881,10853,REF-326,SUNNI,SUNNI_NARRATION,Sahih_Muslim,Sahih_Muslim:1907|Sahih_Muslim:1907,CITATION_BULLET|PAGE_CHECK_MARKER|SUNNI_BOOK,CONFLICT,SUNNI_SIX_NUMBER_OR_WORDING,SUNNI_SIX_NUMBER_OR_WORDING,SOURCE_EXISTENCE ≠ CLAIM_SUPPORT; harvest CONFLICT retained,PAGE-CHECK / re-verify with verify_sunni.py — number/wording conflict; AUTHOR DECISION if print changes,,NO,"•  «ইন্নামাল আ‘মালু বিন্নিয়্যাত» — সহীহ বুখারী ১, সহীহ মুসলিম ১৯০৭ (খাতামতো); PAGE-CHECK।","•  «ইন্নামাল আ‘মালু বিন্নিয়্যাত» — সহীহ বুখারী ১, সহীহ মুসলিম ১৯০৭ (খাতামতো); PAGE-CHECK।"
