Claim_ID,Para_Index,Ledger_Row_IDs,Tradition,Claim_Family,Books_Named,Flags,Harvest_Status,Human_Decision_Flag,Decision_Class,Priority,Question_For_Author,AUTHOR_DECISION,Print_Safe,Text_Excerpt
B1-C00007,235,REF-002,UNSPECIFIED,ATTRIBUTION_ONLY,,CITATION_BULLET|PAGE_CHECK_MARKER|SUTRA_MARKER|BARNITA_MARKER,NOT_FOUND,YES,NOT_FOUND,P2,"Source still NOT_FOUND — keep «বর্ণিত আছে», continue hunt, or drop? NOT_FOUND ≠ DOES_NOT_EXIST.",,NO,"•  ইমাম সাদিক (আলাইহিস্ সালাম) থেকে «বিনা হিসাবে প্রথম জান্নাতে» — খাতায় সূত্র নেই; «বর্ণিত আছে», PAGE-CHECK (উৎস খোঁজা বাকি; ছাপার আগে বই-খণ্ড-পৃষ্ঠা লাগবে)।"
B1-C00008,323,REF-003,SHIA,SHIA_NARRATION,al-Kafi,CITATION_BULLET|PAGE_CHECK_MARKER|SHIA_BOOK|HADITH_WORD,CONFLICT,YES,CONFLICT,P2,Resolve CONFLICT without silent merge of Sunni/Shia or opposing recensions.,,NO,"•  তসবিহে মা সাইয়্যিদা ফাতিমাতুয্ যাহরা (আলাইহাস্ সালাম) ৩৪-৩৩-৩৩: আল-কাফি, খণ্ড ২, কিতাবুদ দোয়া, ঘুমের আগের দোয়ার বাব (ইমাম সাদিক (আলাইহিস্ সালাম) থেকে হিশাম ইবনে সালিমের বর্ণনা) — PAGE-CHECK (হাদীস নম্বর মেলানো বাকি)।"
B1-C00012,401,REF-004,SUNNI,SUNNI_NARRATION,Jami_al-Tirmidhi,CITATION_BULLET|PAGE_CHECK_MARKER|SUNNI_BOOK,CONFLICT,YES,CONFLICT,P2,Resolve CONFLICT without silent merge of Sunni/Shia or opposing recensions.,,NO,"•  «সাদাকাহ গুনাহ নিভিয়ে দেয়, যেমন পানি আগুন» — তিরমিযিতে বর্ণিত বলে প্রচলিত; PAGE-CHECK (নম্বর মেলানো বাকি, ছাপায় নম্বর ছাড়া)।"
B1-C00013,434,,SHIA,SHIA_NARRATION,al-Kafi,SHIA_BOOK,EDITION-LOCK,YES,EDITION-LOCK,P2,Lock edition/page OR keep PAGE-CHECK / attribution-only? No fake VERIFIED.,,NO,‘সে অস্বীকার করলো ও অহংকার করলো এবং কাফিরদের অন্তর্ভুক্ত হলো।’
B1-C00017,502,REF-005,SUNNI,SUNNI_NARRATION,Sunan_Ibn_Majah,CITATION_BULLET|PAGE_CHECK_MARKER|SUTRA_MARKER|SUNNI_BOOK|HADITH_WORD,CONFLICT,YES,CONFLICT,P2,Resolve CONFLICT without silent merge of Sunni/Shia or opposing recensions.,,NO,"•  কুঠার কিনে দেওয়ার ঘটনা: সুনানে ইবনে মাজাহ, কিতাবুত তিজারাত, হাদীস ২১৯৮ — খাতার সূত্র; PAGE-CHECK।"
B1-C00027,586,REF-010,SUNNI,SUNNI_NARRATION,Jami_al-Tirmidhi,CITATION_BULLET|PAGE_CHECK_MARKER|SUTRA_MARKER|SUNNI_BOOK,CONFLICT,YES,CONFLICT,P2,Resolve CONFLICT without silent merge of Sunni/Shia or opposing recensions.,,NO,"•  «হুসাইন আমার অংশ, আর আমি হুসাইনের অংশ। যে হুসাইনকে ভালোবাসে, আল্লাহ তাকে ভালোবাসেন।» — জামে তিরমিযি ৩৭৭৫ (খাতার সূত্র); PAGE-CHECK।"
B1-C00028,587,REF-011,SUNNI,SUNNI_NARRATION,Jami_al-Tirmidhi|Musnad_Ahmad|Mustadrak_al-Hakim,CITATION_BULLET|BARNITA_MARKER|SUNNI_BOOK|HADITH_WORD,CONFLICT,YES,CONFLICT,P2,Resolve CONFLICT without silent merge of Sunni/Shia or opposing recensions.,,NO,"•  «আমার আহলুল বাইত হচ্ছে নূহ (আলাইহিস্ সালাম)-এর নৌকার মতো। যারা এতে চড়ে, তারা নাজাত পায়; যারা বিমুখ হয়, তারা ডুবে যায়।» — খাতায় «মুসনাদে আহমদ ৩৭৮৬»; এই নম্বর সন্দেহজনক (তিরমিযি ৩৭৮৬ সাকালাইনের হাদীস)। PRINT BLOCKED নম্বরটি; ছাপায় «বর্ণিত আছে» যতক্ষণ সঠিক উৎস (হাকিম/তাবারানি) মেলানো না হয়।"
B1-C00029,588,REF-012,SUNNI,SUNNI_NARRATION,Jami_al-Tirmidhi,CITATION_BULLET|PAGE_CHECK_MARKER|SUTRA_MARKER|SUNNI_BOOK,CONFLICT,YES,CONFLICT,P2,Resolve CONFLICT without silent merge of Sunni/Shia or opposing recensions.,,NO,"•  «আমি যার মাওলা, আলীও তার মাওলা» — জামে তিরমিযি ৩৭১৩; «হাসান ও হুসাইন জান্নাতের যুবকদের নেতা» — জামে তিরমিযি ৩৭৬৮ (খাতার সূত্র); PAGE-CHECK।"
B1-C00038,825,REF-013,SUNNI,SUNNI_NARRATION,Sunan_Abu_Dawud,CITATION_BULLET|PAGE_CHECK_MARKER|SUNNI_BOOK|HADITH_WORD,CONFLICT,YES,CONFLICT,P2,Resolve CONFLICT without silent merge of Sunni/Shia or opposing recensions.,,NO,"•  «যে স্বপ্নে আমাকে দেখল সে সত্যিই আমাকে দেখল» ও স্বপ্নের তিন প্রকার — শ্রোতা ০৪-এ «আবু দাউদ, হাদিস : ৫০২১»; PAGE-CHECK।"
B1-C00044,1030,REF-016,UNSPECIFIED,ATTRIBUTION_ONLY,,CITATION_BULLET|PAGE_CHECK_MARKER|BARNITA_MARKER,CONFLICT,YES,CONFLICT,P2,Resolve CONFLICT without silent merge of Sunni/Shia or opposing recensions.,,NO,•  «চিন্তাসহ দুই রাকাত সারা রাতের নফলের চেয়ে উত্তম» ও «দোয়া সর্বোচ্চ ইবাদত» — শ্রোতা ০৪-এ জনির নোট; মূল কিতাবের পৃষ্ঠা মেলানো হয়নি — «বর্ণিত আছে» / PAGE-CHECK।
B1-C00052,1172,REF-019,QURAN,QURAN,,CITATION_BULLET|PAGE_CHECK_MARKER|BARNITA_MARKER|QURAN_MARKER,CONFLICT,YES,CONFLICT,P2,Resolve CONFLICT without silent merge of Sunni/Shia or opposing recensions.,,NO,•  ইবলিসের সিজদা-অস্বীকার: সূরা আল-আ'রাফ ৭:১২ — api.alquran.cloud — CONFIRMED। «সর্বত্র সেজদার প্রস্তাব» — তাফসীরের বর্ণনা; মূল বই-পৃষ্ঠা মেলানো হয়নি — «বর্ণিত আছে» / PAGE-CHECK।
B1-C00058,1334,REF-021,SHIA,SHIA_NARRATION,al-Kafi,CITATION_BULLET|PAGE_CHECK_MARKER|SHIA_BOOK,EDITION-LOCK,YES,EDITION-LOCK,P2,Lock edition/page OR keep PAGE-CHECK / attribution-only? No fake VERIFIED.,,NO,"•  ইমাম বাকির (আলাইহিস্ সালাম): «من كان لله مطيعا فهو لنا ولي… وما تنال ولايتنا إلا بالعمل والورع» — আল-কাফি, কিতাবুল ঈমান ওয়াল কুফর, বাবুত তাআ ওয়াত তাকওয়া — PAGE-CHECK (খণ্ড-পৃষ্ঠা মেলানো বাকি)।"
B1-C00062,1442,REF-023,UNSPECIFIED,ATTRIBUTION_ONLY,,BARNITA_MARKER|QURAN_MARKER,CONFLICT,YES,CONFLICT,P2,Resolve CONFLICT without silent merge of Sunni/Shia or opposing recensions.,,NO,"“নিজেরাই। তাঁরা জানতেন, বিসমিল্লাহ ছাড়লে নামাজের একটা অংশ চুরি হয়ে যায়।” বুরুল্লাহ একটু থামল। “ইমাম মুহাম্মাদ আল-বাকির (আলাইহিস্ সালাম)-এর একটি কথা তাফসীরের কিতাবে বর্ণিত আছে: ‘তারা আল্লাহর কিতাবের সবচেয়ে সম্মানিত আয়াত চুরি করেছে, বিসমিল্লাহির রাহমানির রাহিম।’”"
B1-C00063,1445,REF-024,SHIA,SHIA_NARRATION,al-Kafi,BARNITA_MARKER|SHIA_BOOK|HADITH_WORD,CONFLICT,YES,CONFLICT,P2,Resolve CONFLICT without silent merge of Sunni/Shia or opposing recensions.,,NO,"“আল-কাফিতে ইমাম সাদিক (আলাইহিস্ সালাম) থেকে আছে, বিসমিল্লাহর ‘বা’ হলো আল্লাহর ‘বাহা’, তাঁর সৌন্দর্য, তাঁর জ্যোতি। এটা হাদিস।” সে গলা নামাল। “আর আমাদের বুজুর্গদের মুখে শুনেছি, বর্ণিত আছে, সেই ‘বা’-এর নিচের বিন্দু হলেন আলী (আলাইহিস্ সালাম)। এটা হাদিসের কিতাবের কথা নয়, রাকিকা। এটা হৃদয়ের কথা। আমি যখন বিসমিল্লাহ পড়ি, ‘বা’-তে এসে আমার হৃদয় একটু থামে"
B1-C00064,1464,REF-025,UNSPECIFIED,ATTRIBUTION_ONLY,,BARNITA_MARKER|RASUL_SAID,CONFLICT,YES,CONFLICT,P2,Resolve CONFLICT without silent merge of Sunni/Shia or opposing recensions.,,NO,"“হাসার মতোই শব্দ,” বুরুল্লাহও হাসল। “কিন্তু কথাটা কাঁদার মতো। বর্ণিত আছে, রাসূলুল্লাহ ﷺ বলেছেন: হে আমার উম্মতীরা তোমরা আমার উপর লেজ কাটা দরূদ পড়বে না। তখন সাহাবীরা বলল লেজকাটা দরূদ কি? তখন রাসূলুল্লাহ ﷺ বললেন, ‘আল্লাহুম্মা সাল্লে আলা মুহাম্মাদ’ বলে থেমে যাবে না। ‘আল্লাহুম্মা সাল্লে আলা মুহাম্মাদ ওয়া আলে মুহাম্মাদ’ পুরাটা বলবে। আমার সাথে আমার ‘আ’ল"
B1-C00065,1465,,SHIA,SHIA_NARRATION,al-Kafi,SHIA_BOOK,EDITION-LOCK,YES,EDITION-LOCK,P2,Lock edition/page OR keep PAGE-CHECK / attribution-only? No fake VERIFIED.,,NO,"“আল-কাফিতেও আছে,” সে যোগ করল। “ইমাম সাদিক (আলাইহিস্ সালাম) বলেছেন, তাঁর আব্বা ইমাম বাকির (আলাইহিস্ সালাম) কাবার গিলাফ ধরে থাকা এক লোককে শুনলেন, সে বলছে শুধু ‘আল্লাহুম্মা সাল্লি আলা মুহাম্মাদ’। ইমাম তাকে বললেন, ‘হে আল্লাহর বান্দা, একে কেটে ফেলো না। আমাদের হক নষ্ট করো না। বলো: আল্লাহুম্মা সাল্লি আলা মুহাম্মাদিন ওয়া আহলি বাইতিহী।’”"
B1-C00066,1519,,SHIA,SHIA_NARRATION,al-Kafi,SHIA_BOOK,EDITION-LOCK,YES,EDITION-LOCK,P2,Lock edition/page OR keep PAGE-CHECK / attribution-only? No fake VERIFIED.,,NO,"“আল-কাফিতে ইমাম বাকির (আলাইহিস্ সালাম)-এর একটা কথা আছে,” বুরুল্লাহ বলল, যেন রাহাতের মনের কথা শুনে ফেলেছে। “ইমাম বলেছেন, কেউ যদি সারা রাত নামাজে দাঁড়িয়ে থাকে, সারা দিন রোযা রাখে, সব সম্পদ দান করে দেয়, সারা জীবন হজ করে, কিন্তু আল্লাহর ওলীর বেলায়াত না চেনে, তাঁকে ভালোবেসে অনুসরণ না করে, তার সব আমল তাঁর দেখানো পথে না হয়, তাহলে আল্লাহর কাছে তার সওয"
B1-C00067,1531,,SHIA,SHIA_NARRATION,al-Kafi,QURAN_MARKER|SHIA_BOOK|RASUL_SAID,EDITION-LOCK,YES,EDITION-LOCK,P2,Lock edition/page OR keep PAGE-CHECK / attribution-only? No fake VERIFIED.,,NO,"“‘আর বলো, তোমরা আমল করো। আল্লাহ তোমাদের আমল দেখবেন, তাঁর রাসূল দেখবেন, আর মুমিনরা দেখবেন।’ আল-কাফিতে একটা পুরো অধ্যায় আছে, আমল রাসূলুল্লাহ ﷺ আর ইমামদের সামনে পেশ করা হয়। সেখানে ইমামগণ বলেছেন, এই আয়াতের ‘মুমিনরা’ হলাম আমরা। মানে, প্রতিদিন আমাদের নামাজ ইমামের সামনে যায়। আমি দেখি বা না দেখি, তিনি দেখেন।”"
B1-C00068,1543,,SHIA,SHIA_NARRATION,al-Kafi,QURAN_MARKER|SHIA_BOOK|HADITH_WORD,EDITION-LOCK,YES,EDITION-LOCK,P2,Lock edition/page OR keep PAGE-CHECK / attribution-only? No fake VERIFIED.,,NO,"“না, রাকিকা। ওভাবে কোনো হাদিস আমি পাইনি। ওটা অন্য জায়গার কথা, পীরদের মুখে শোনা একটা বাক্যের ছাঁচে বানানো। আমি যা বললাম, সেটা আমার নিজের বোঝা, আর তার নিচে যে ভিত, সেগুলো তোমার সামনে রাখলাম: সূরা যুখরুফের আয়াত, সূরা তাওবার আয়াত আর আমল পেশ হওয়ার হাদিস, সূরা বনি ইসরাইলের আয়াত।” সে একটু থামল। “আর আল-কাফিতে ইমাম বাকির (আলাইহিস্ সালাম)-এর আরেকটি কথা।"
B1-C00071,1581,,SHIA,SHIA_NARRATION,Nahj_al-Balagha,,EDITION-LOCK,YES,EDITION-LOCK,P2,Lock edition/page OR keep PAGE-CHECK / attribution-only? No fake VERIFIED.,,NO,বুরুল্লাহ উঠে গিয়ে তাক থেকে নাহজুল বালাগা নামাল। পাতাগুলো বহু ব্যবহারে নরম। প্রথম খুতবা।
B1-C00072,1589,REF-027,UNSPECIFIED,ATTRIBUTION_ONLY,,BARNITA_MARKER,CONFLICT,YES,CONFLICT,P2,Resolve CONFLICT without silent merge of Sunni/Shia or opposing recensions.,,NO,"“বর্ণিত আছে, আল্লাহ সবার আগে সৃষ্টি করেছেন মুহাম্মাদ ও আলে মুহাম্মাদের নূর। বাকি সব সৃষ্টি তার পরে। যিনি আগে ছিলেন, তিনিই দেখেছেন পরে কী হলো। আল্লাহ সৃষ্টি করেছেন, তাঁরা সাক্ষী ছিলেন, আর তাঁরাই আমাদের শেখান।” বুরুল্লাহ বইটা বন্ধ করল। “তাই আল্লাহর পরিচয় আমাদের কাছে আনতে পারেন কেবল মুহাম্মাদ ও আলে মুহাম্মাদ। অন্য কেউ যা বলবে, সে শুনে বলবে। তাঁরা বলে"
B1-C00073,1592,,SHIA,SHIA_NARRATION,al-Kafi,SHIA_BOOK,EDITION-LOCK,YES,EDITION-LOCK,P2,Lock edition/page OR keep PAGE-CHECK / attribution-only? No fake VERIFIED.,,NO,"“আরেকটা কথা না বললে আজকের কথা অপূর্ণ থাকে,” সে বলল। “আল-কাফিতে রাসূলুল্লাহ ﷺ থেকে আছে: যে মারা গেল আর তার ওপর কোনো ইমাম নেই, তার মৃত্যু জাহেলিয়াতের মৃত্যু। মীতাতান জাহিলিয়্যাহ। আরেক বর্ণনায় ইমামকে জিজ্ঞেস করা হলো, কোন জাহেলিয়াত? ইমাম বললেন: কুফর, নিফাক আর পথভ্রষ্টতার জাহেলিয়াত।”"
B1-C00074,1601,,SHIA,SHIA_NARRATION,al-Kafi,QURAN_MARKER|SHIA_BOOK,EDITION-LOCK,YES,EDITION-LOCK,P2,Lock edition/page OR keep PAGE-CHECK / attribution-only? No fake VERIFIED.,,NO,"আল-কাফিতে ইমাম জাফর আস-সাদিক (আলাইহিস্ সালাম) এই আয়াতের ব্যাখ্যা দিয়েছেন। মিশকাত, যে দীপাধারে আলো রাখা থাকে, তিনি হলেন মা সাইয়্যিদা ফাতিমাতুয্ যাহরা (আলাইহাস্ সালাম)। প্রদীপ ইমাম হাসান (আলাইহিস্ সালাম)। কাচ ইমাম হুসাইন (আলাইহিস্ সালাম)। আর ‘যেন এক উজ্জ্বল নক্ষত্র’: ইমাম বলেছেন, ফাতিমা দুনিয়ার নারীদের মাঝে এক উজ্জ্বল নক্ষত্র। আর ‘নূরের ওপর নূর’?"
B1-C00077,1638,,SUNNI,SUNNI_NARRATION,Kanz_al-Ummal,CITATION_BULLET|QURAN_MARKER|SUNNI_BOOK,EDITION-LOCK,YES,EDITION-LOCK,P2,Lock edition/page OR keep PAGE-CHECK / attribution-only? No fake VERIFIED.,,NO,"•  বাংলা ছাপা (অংশ ২৭): কানযুল ঈমান ও নূরুল ইরফান, বঙ্গানুবাদ মাওলানা মুহাম্মদ আবদুল মান্নান (ইমাম আহমদ রেযা রিসার্চ একাডেমি, চট্টগ্রাম), পারা ১, পৃ. ৪–৫: বিসমিল্লাহ নম্বরহীন শিরোনাম, ১ = «সমস্ত প্রশংসা আল্লাহর», শেষ আয়াত ৬ ও ৭-এ ভাগ। তুলনায় মারেফুল কোরআন (মুহিউদ্দীন খান) ও হাফেজ মুনির উদ্দীন আহমদের «কোরআন শরীফ: সহজ সরল বাংলা অনুবাদ»-এ বিসমিল্লাহ"
B1-C00079,1640,REF-030,SHIA,SHIA_NARRATION,al-Kafi,CITATION_BULLET|PAGE_CHECK_MARKER|QURAN_MARKER|SHIA_BOOK|HADITH_WORD,EDITION-LOCK,YES,EDITION-LOCK,P2,Lock edition/page OR keep PAGE-CHECK / attribution-only? No fake VERIFIED.,,NO,"•  ফাতিহা ও সূরা দুটোর সঙ্গেই বিসমিল্লাহ (অংশ ৩৫): আল-কাফি, খণ্ড ৩, কিতাবুস সালাত, বাবু কিরাআতিল কুরআন, হাদিস ১, মুয়াবিয়া ইবনে আম্মার থেকে; মজলিসী: সহিহ। https://thaqalayn.net/hadith/3/4/21/1 (ছাপা পৃষ্ঠা PAGE-CHECK)।"
B1-C00081,1642,REF-032,SHIA,SHIA_NARRATION,Bihar_al-Anwar,CITATION_BULLET|PAGE_CHECK_MARKER|QURAN_MARKER|SHIA_BOOK,CONFLICT,YES,CONFLICT,P2,Resolve CONFLICT without silent merge of Sunni/Shia or opposing recensions.,,NO,"•  «তারা আল্লাহর কিতাবের সবচেয়ে সম্মানিত আয়াত চুরি করেছে» (অংশ ৪৭): আবু হামযা, ইমাম বাকির (আলাইহিস্ সালাম) থেকে: «سرقوا أكرم آية في كتاب الله: بسم الله الرحمن الرحيم»। তাফসীরে আইয়াশি (সনদবিহীন, মুরসাল), বিহারুল আনওয়ার (বৈরুত/ওয়াফা) খণ্ড ৮৫, পৃ. ২০-এ উদ্ধৃত। আইয়াশির মূল পৃষ্ঠা PAGE-CHECK।"
B1-C00082,1643,REF-033,SHIA,SHIA_NARRATION,al-Kafi,CITATION_BULLET|PAGE_CHECK_MARKER|BARNITA_MARKER|SHIA_BOOK|HADITH_WORD,CONFLICT,YES,CONFLICT,P2,Resolve CONFLICT without silent merge of Sunni/Shia or opposing recensions.,,NO,"•  «বা» (অংশ ৫০): «الباء بهاء الله، والسين سناء الله، والميم مجد الله», ইমাম সাদিক (আলাইহিস্ সালাম), আল-কাফি, খণ্ড ১, কিতাবুত তাওহীদ, পৃ. ১১৪, হাদিস ১ (PAGE-CHECK)। «আমি বা-এর নিচের বিন্দু» কথাটি পরবর্তী যুগের ইরফানি গ্রন্থে (রজব বুরসি, মাশারিকু আনওয়ারিল ইয়াকিন; কুন্দুযি, ইয়ানাবিউল মাওয়াদ্দা) পাওয়া যায়, সনদ নেই; তাই অধ্যায়ে হাদিস হিসেবে নয়,"
B1-C00083,1644,REF-034,SHIA,SHIA_NARRATION,al-Amali|al-Kafi,CITATION_BULLET|BARNITA_MARKER|SHIA_BOOK|HADITH_WORD,CONFLICT,YES,CONFLICT,P2,Resolve CONFLICT without silent merge of Sunni/Shia or opposing recensions.,,NO,"•  দরুদ কেটে না ফেলা (অংশ ৬৯): আল-কাফি, খণ্ড ২, কিতাবুদ দুআ, বাবুস সালাতি আলান নাবিয়্যি ওয়া আহলি বাইতিহি, হাদিস ২১: «يَا عَبْدَ الله لا تَبْتُرْهَا لا تَظْلِمْنَا حَقَّنَا قُلِ اللهمَّ صَلِّ عَلَى مُحَمَّدٍ وَأَهْلِ بَيْتِهِ»। https://thaqalayn.net/hadith/2/2/20/21 । আরও: শেখ সাদূক, আল-আমালী, মজলিস ৩৬, হাদিস ১২: «مَنْ صَلَّى عَلَيَّ وَلَمْ يُصَلِ"
B1-C00085,1646,REF-035,SHIA,SHIA_NARRATION,al-Kafi,CITATION_BULLET|PAGE_CHECK_MARKER|SHIA_BOOK|HADITH_WORD,CONFLICT,YES,CONFLICT,P2,Resolve CONFLICT without silent merge of Sunni/Shia or opposing recensions.,,NO,"•  আমলের সওয়াবে বেলায়াতের শর্ত (অংশ ৯৮): আল-কাফি, খণ্ড ২, কিতাবুল ঈমান ওয়াল কুফর, বাবু দাআইমিল ইসলাম, হাদিস ৫, যুরারা, ইমাম বাকির (আলাইহিস্ সালাম) থেকে; মজলিসী: সহিহ (মিরআতুল উকুল ৭/১০২): «…لَوْ أَنَّ رَجُلاً قَامَ لَيْلَهُ وَصَامَ نَهَارَهُ وَتَصَدَّقَ بِجَمِيعِ مَالِهِ وَحَجَّ جَمِيعَ دَهْرِهِ وَلَمْ يَعْرِفْ وَلايَةَ وَلِيِّ الله فَيُوَالِيَه"
B1-C00087,1648,REF-037,SHIA|SUNNI,MIXED_CITATION,Sahih_Muslim|al-Kafi,CITATION_BULLET|PAGE_CHECK_MARKER|SUNNI_BOOK|SHIA_BOOK|HADITH_WORD,CONFLICT,YES,CONFLICT,P2,Resolve CONFLICT without silent merge of Sunni/Shia or opposing recensions.,,NO,"•  «من أصبح من هذه الأمة لا إمام له…» (অংশ ১১৫): আল-কাফি, খণ্ড ১, কিতাবুল হুজ্জাহ, বাবু মারিফাতিল ইমাম ওয়ার রাদ্দি ইলাইহি, হাদিস ৮, মুহাম্মাদ ইবনে মুসলিম, ইমাম বাকির (আলাইহিস্ সালাম) থেকে; পৃ. ১৮৩–১৮৪ (PAGE-CHECK)। পাঠ দেখা হয়েছে: https://forums.alkafeel.net/node/16377"
B1-C00092,1653,REF-039,SUNNI,SUNNI_NARRATION,Sahih_Muslim,CITATION_BULLET|PAGE_CHECK_MARKER|SUNNI_BOOK|HADITH_WORD,CONFLICT,YES,CONFLICT,P2,Resolve CONFLICT without silent merge of Sunni/Shia or opposing recensions.,,NO,"•  শয়তান রক্তের পথে চলে (অংশ ১১৮): «إن الشيطان يجري من ابن آدم مجرى الدم», সহিহ বুখারী (সাফিয়্যার ঘটনা; যেমন হাদিস ৭১৭১) ও সহিহ মুসলিম, হাদিস ২১৭৫ (নম্বর PAGE-CHECK)। https://hadithprophet.com/hadith-37589.html"
B1-C00093,1654,REF-040,SHIA,SHIA_NARRATION,Nahj_al-Balagha,CITATION_BULLET|PAGE_CHECK_MARKER,EDITION-LOCK,YES,EDITION-LOCK,P2,Lock edition/page OR keep PAGE-CHECK / attribution-only? No fake VERIFIED.,,NO,"•  নাহজুল বালাগা, প্রথম খুতবা (অংশ ১২৩): «أَوَّلُ الدِّينِ مَعْرِفَتُهُ، وَكَمَالُ مَعْرِفَتِهِ التَّصْدِيقُ بِهِ، وَكَمَالُ التَّصْدِيقِ بِهِ تَوْحِيدُهُ» ও «أَنْشَأَ الْخَلْقَ إِنْشَاءً، وَابْتَدَأَهُ ابْتِدَاءً، بِلَا رَوِيَّةٍ أَجَالَهَا، وَلَا تَجْرِبَةٍ اسْتَفَادَهَا»। অনলাইন পাঠ: https://forums.alkafeel.net/node/84002 (সেখানে «أحالها»; অন্য "
B1-C00094,1655,REF-041,UNSPECIFIED,ATTRIBUTION_ONLY,,CITATION_BULLET|BARNITA_MARKER,CONFLICT,YES,CONFLICT,P2,Resolve CONFLICT without silent merge of Sunni/Shia or opposing recensions.,,NO,•  নূরের প্রথম সৃষ্টি (অংশ ১২৬): «বর্ণিত আছে»; সনদসহ উৎস এই অধ্যায়ে দেওয়া হয়নি।
B1-C00095,1656,,SHIA,SHIA_NARRATION,Bihar_al-Anwar|al-Kafi,CITATION_BULLET|SHIA_BOOK|HADITH_WORD,EDITION-LOCK,YES,EDITION-LOCK,P2,Lock edition/page OR keep PAGE-CHECK / attribution-only? No fake VERIFIED.,,NO,"•  জাহেলিয়াতের মৃত্যু (অংশ ১২৮): আল-কাফি, খণ্ড ১, কিতাবুল হুজ্জাহ, বাবু মান মাতা ওয়া লাইসা লাহু ইমামুন মিন আইম্মাতিল হুদা: হাদিস ১ «مَنْ مَاتَ وَلَيْسَ عَلَيْهِ إِمَامٌ فَمِيتَتُهُ مِيتَةُ جَاهِلِيَّةٍ», https://thaqalayn.net/hadith/1/4/87/1 ; হাদিস ৩ «جَاهِلِيَّةَ كُفْرٍ وَنِفَاقٍ وَضَلالٍ», https://thaqalayn.net/hadith/1/4/87/3 । ব্যাখ্যা: মজলি"
B1-C00096,1657,REF-042,SHIA,SHIA_NARRATION,al-Kafi,CITATION_BULLET|PAGE_CHECK_MARKER|QURAN_MARKER|SHIA_BOOK|HADITH_WORD,EDITION-LOCK,YES,EDITION-LOCK,P2,Lock edition/page OR keep PAGE-CHECK / attribution-only? No fake VERIFIED.,,NO,"•  আয়াতুন নূরের ব্যাখ্যা (অংশ ১৩৫–১৩৭): আল-কাফি, খণ্ড ১, কিতাবুল হুজ্জাহ, বাবু আন্নাল আইম্মাতা নূরুল্লাহ, হাদিস ৫, সালিহ ইবনে সাহল, ইমাম সাদিক (আলাইহিস্ সালাম) থেকে: «كَمِشْكاةٍ فَاطِمَةُ… فَاطِمَةُ كَوْكَبٌ دُرِّيٌّ بَيْنَ نِسَاءِ أَهْلِ الدُّنْيَا… نُورٌ عَلى نُورٍ إِمَامٌ مِنْهَا بَعْدَ إِمَامٍ»। https://thaqalayn.net/hadith/1/4/13/5 (পৃ. ১/১৯৫"
B1-C00097,1658,,SHIA,SHIA_NARRATION,al-Kafi,CITATION_BULLET|SHIA_BOOK|HADITH_WORD,EDITION-LOCK,YES,EDITION-LOCK,P2,Lock edition/page OR keep PAGE-CHECK / attribution-only? No fake VERIFIED.,,NO,"•  ঈদে আগে নামাজ, পরে খুতবা; পরে উল্টানো (অংশ ১৪৪–১৪৬): আল-কাফি, খণ্ড ৩, বাবু সালাতিল ঈদাইন, হাদিস ৩ (মজলিসী: বাহ্যত সহিহ): «…وَالْخُطْبَةُ بَعْدَ الصَّلاَةِ إِنَّمَا أَحْدَثَ الْخُطْبَةَ قَبْلَ الصَّلاَةِ عُثْمَانُ…», https://thaqalayn.net/hadith/3/4/88/3 । সহিহ বুখারী, হাদিস ৯৫৬ (আবু সাঈদ খুদরী): মদিনার আমির মারওয়ান নামাজের আগে খুতবা দেন; আবু সা"
B1-C00098,1659,REF-043,SUNNI,SUNNI_NARRATION,Jami_al-Tirmidhi|Sahih_Muslim,CITATION_BULLET|PAGE_CHECK_MARKER|SUNNI_BOOK|HADITH_WORD,CONFLICT,YES,CONFLICT,P2,Resolve CONFLICT without silent merge of Sunni/Shia or opposing recensions.,,NO,"•  সাকালাইনের (কিতাবুল্লাহ ও আহলে বাইত) সুন্নি পাঠ: জামে তিরমিযি, হাদিস ৩৭৮৬ (জাবির ইবনে আবদিল্লাহ, আরাফার খুতবা): «تركت فيكم ما إن أخذتم به لن تضلوا كتاب الله وعترتي أهل بيتي»; তিরমিযি: হাসান গরিব; মান নিয়ে মতভেদ আছে (আলবানী সহিহ, শুআইব/বাশশার হাসান, যুবাইর আলী যাঈ দাঈফ)। পাঠ খোলা হয়েছে আরবি পাঠ-সংস্করণে (hadith-api, jsDelivr; sunnah.com ৪০৩); ছ"
B1-C00099,1660,REF-044,UNSPECIFIED,SOURCE_BLOCK_NOTE,,CITATION_BULLET|PAGE_CHECK_MARKER,CONFLICT,YES,CONFLICT,P2,Resolve CONFLICT without silent merge of Sunni/Shia or opposing recensions.,,NO,"•  ঈদের খুতবা নামাজের পরে: সহিহ বুখারী ৯৫৬ (আবু সাঈদ খুদরি; মারওয়ান আগে খুতবা দিলেন, «غيرتم والله») ও ৯৫৭ (ইবনে উমর: «يصلي في الأضحى والفطر ثم يخطب بعد الصلاة»)। অবস্থা: পাঠ খোলা ও মেলানো (আরবি পাঠ-সংস্করণে, sunnah.com ৪০৩); ছাপা পাতা PAGE-CHECK। দেখুন SOURCE_REGISTER.md (CL-HAD-005/006)।"
B1-C00100,1661,REF-045,SUNNI,QURAN,Sahih_Muslim,CITATION_BULLET|PAGE_CHECK_MARKER|SUNNI_BOOK|HADITH_WORD,CONFLICT,YES,CONFLICT,P2,Resolve CONFLICT without silent merge of Sunni/Shia or opposing recensions.,,NO,"•  ৬২:১১ ও বারোজন (অংশ ১৪৮): সহিহ বুখারী, হাদিস ৯৩৬ (জাবির): «…حَتَّى مَا بَقِيَ مَعَ النَّبِيِّ ﷺ إِلاَّ اثْنَا عَشَرَ رَجُلاً»; সহিহ মুসলিম (আবদুল বাকি ৮৬৩): খুতবার সময় (নম্বর PAGE-CHECK)।"
B1-C00102,1663,,SHIA,SHIA_NARRATION,al-Kafi,CITATION_BULLET|SHIA_BOOK|HADITH_WORD,EDITION-LOCK,YES,EDITION-LOCK,P2,Lock edition/page OR keep PAGE-CHECK / attribution-only? No fake VERIFIED.,,NO,"•  «لا يزال الدعاء محجوبا حتى يصلى على محمد وآل محمد» (অংশ ১৭ঠ): আল-কাফি, খণ্ড ২, কিতাবুদ দুআ, বাবুস সালাতি আলান নাবিয়্যি ওয়া আহলি বাইতিহি, হাদিস ১, হিশাম ইবনে সালিম, ইমাম সাদিক (আলাইহিস্ সালাম) থেকে। https://thaqalayn.net/hadith/2/2/20/1 । একই অর্থে হাদিস ১০ (সাফওয়ান আল-জাম্মাল): «كل دعاء يدعى الله عز وجل به محجوب عن السماء حتى يصلى على محمد وآ"
B1-C00103,1664,,SHIA,SHIA_NARRATION,al-Kafi,CITATION_BULLET|SHIA_BOOK|HADITH_WORD,EDITION-LOCK,YES,EDITION-LOCK,P2,Lock edition/page OR keep PAGE-CHECK / attribution-only? No fake VERIFIED.,,NO,"•  «إن الله عز وجل أكرم من أن يقبل الطرفين ويدع الوسط» (অংশ ১৭ঠ): আল-কাফি, খণ্ড ২, একই বাব, হাদিস ১৬, ইমাম সাদিক (আলাইহিস্ সালাম) থেকে (সনদ মুরসাল: «عن رجاله»)। https://thaqalayn.net/hadith/2/2/20/16"
B1-C00104,1665,REF-046,SHIA,SHIA_NARRATION,Bihar_al-Anwar,CITATION_BULLET|PAGE_CHECK_MARKER|SHIA_BOOK|HADITH_WORD,CONFLICT,YES,CONFLICT,P2,Resolve CONFLICT without silent merge of Sunni/Shia or opposing recensions.,,NO,"•  রুকন ও মাকামের মাঝে ইবাদত, বেলায়াত ছাড়া (অংশ ১৭ঢ): ইমাম যাইনুল আবেদীন (আ.) থেকে আবু হামযা সুমালির বর্ণনা। পাঠ নেওয়া হয়েছে বিহারুল আনওয়ার, খণ্ড ২৭ (মুয়াসসাসাতুল ওয়াফা, বৈরুত), বাব ৭ «أنه لا تقبل الأعمال إلا بالولاية», হাদিস ১৬, পৃ. ১৭২–১৭৩ থেকে (https://lib.eshia.ir/11008/27/173), যার মূল উৎস আমালি আত-তুসি। একই বর্ণনা সাওয়াবুল আমাল (পৃ. ১"
B1-C00105,1666,,SHIA,SHIA_NARRATION,al-Kafi,CITATION_BULLET|SUTRA_MARKER|SHIA_BOOK|HADITH_WORD,EDITION-LOCK,YES,EDITION-LOCK,P2,Lock edition/page OR keep PAGE-CHECK / attribution-only? No fake VERIFIED.,,NO,"•  বেলায়াত ছাড়া ইবাদত (অংশ ১৭ঢ): অংশ ৯৮-এর সূত্র দেখুন (আল-কাফি ২, বাবু দাআইমিল ইসলাম, হাদিস ৫, সহিহ)। «ইবাদতের একটা শরীর আছে… প্রাণও আছে» বাক্যটি গ্রন্থ ১, দ্বিতীয় অংশ, অধ্যায় ১ থেকে নেওয়া।"
B1-C00106,1667,REF-047,SUNNI,SUNNI_NARRATION,Ibn_Saad_Tabaqat,CITATION_BULLET|PAGE_CHECK_MARKER,EDITION-LOCK,YES,EDITION-LOCK,P2,Lock edition/page OR keep PAGE-CHECK / attribution-only? No fake VERIFIED.,,NO,"•  ইবনে মুলজিম (অংশ ১৭ণ): ৪০ হিজরির ১৯ রমজান ভোরে কুফার মসজিদে আমিরুল মুমিনীন আলী (আলাইহিস্ সালাম)-কে আঘাত, সুপরিচিত ইতিহাস (যেমন শেখ মুফিদ, আল-ইরশাদ)। বাইয়াত, দুই-তিনবার ফিরিয়ে দেওয়া ও «أريد حياته ويريد قتلي»: আবুল ফারাজ ইসফাহানি, মাকাতিলুত তালিবিয়্যিন, পৃ. ৪৫ (শামেলা); ইবনে সাদ, আত-তাবাকাতুল কুবরা ৩/২৪ (দারুল কুতুবিল ইলমিয়্যা)। চল্লিশ দিন তল"
B1-C00109,1732,,SHIA,SHIA_NARRATION,Ilal_al-Sharai,,EDITION-LOCK,YES,EDITION-LOCK,P2,Lock edition/page OR keep PAGE-CHECK / attribution-only? No fake VERIFIED.,,NO,রাহাত নোটবুকে লিখল: ইলাল লাইল। রাত পর্যন্ত।
B1-C00117,1810,,SHIA,SHIA_NARRATION,Ilal_al-Sharai,QURAN_MARKER,EDITION-LOCK,YES,EDITION-LOCK,P2,Lock edition/page OR keep PAGE-CHECK / attribution-only? No fake VERIFIED.,,NO,"পবিত্র কুরআনও বলে, “আতিম্মুছ ছিয়ামা ইলাল লাইল।” অর্থাৎ, “রাত্রি না আসা পর্যন্ত সিয়াম পূর্ণ করো।” এখান থেকে সুস্পষ্ট, কুরআন ও সুন্নাহতে ইফতারের প্রকৃত সময় হলো রাতের অন্ধকার, কেবল সূর্যাস্তের লাল আভা নয়।"
B1-C00118,1814,,SHIA,SHIA_NARRATION,al-Kafi,SHIA_BOOK,EDITION-LOCK,YES,EDITION-LOCK,P2,Lock edition/page OR keep PAGE-CHECK / attribution-only? No fake VERIFIED.,,NO,"সে ভেতর থেকে একটি মোটা বই আনল। মলাটের কোনা ছেঁড়া, পাতার ফাঁকে ফাঁকে কাগজের টুকরো গোঁজা। আল-কাফি, রোযার অধ্যায়। একটি টুকরো ধরে পাতাটা খুলল। “পরে পেলাম এইটা। ইমাম জাফর আস-সাদিক (আলাইহিস্ সালাম)-এর কথা।”"
B1-C00119,1827,REF-048,UNSPECIFIED,ATTRIBUTION_ONLY,,BARNITA_MARKER|RASUL_SAID,CONFLICT,YES,CONFLICT,P2,Resolve CONFLICT without silent merge of Sunni/Shia or opposing recensions.,,NO,"“না। বিসাল হলো রাতকেও রোযার নিয়তে টেনে নেওয়া। এখানে রাত এসেছে, রোযা শেষ হয়ে গেছে। শুধু খাওয়া হয়নি। দুটো এক জিনিস নয়।” সে একটু হাসল। “আর বর্ণিত আছে, রাসূলুল্লাহ ﷺ পানি কিংবা খেজুর দিয়ে রোযা খুলতে বলেছেন। এক চুমুক পানি। একটা খেজুর।”"
B1-C00120,1832,,SHIA,SHIA_NARRATION,al-Kafi,SHIA_BOOK,EDITION-LOCK,YES,EDITION-LOCK,P2,Lock edition/page OR keep PAGE-CHECK / attribution-only? No fake VERIFIED.,,NO,"বুরুল্লাহ রাহাতের খাতার পাতাটা আবার খুলল, আর আল-কাফির খোলা পাতাটা রাখল ঠিক তার পাশে। একদিকে আকাশের ঘড়ি, আরেকদিকে ইমামের কথা। দ্বিতীয় লাইনে আঙুল রাখল, সাতটা সাত। “পুবের লালিমা মাথার ওপর দিয়ে পার হয়ে যাওয়া। ফিকহের ন্যূনতম সীমা এটাই। এর আগে নয়।” তারপর আঙুলটা নামিয়ে আনল শেষ লাইনে, আটটা সতেরো। “আর কেউ কেউ এখান পর্যন্ত অপেক্ষা করেন, রাত একেবারে স্"
B1-C00126,1904,REF-049,UNSPECIFIED,ATTRIBUTION_ONLY,,CITATION_BULLET|SUTRA_MARKER|BARNITA_MARKER|HADITH_WORD,CONFLICT,YES,CONFLICT,P2,Resolve CONFLICT without silent merge of Sunni/Shia or opposing recensions.,,NO,"•  উমর ও উসমানের ইফতার: মুয়াত্তা ইমাম মালিক, কিতাবুস সিয়াম (লেখকের ব্যবহৃত বাংলা সংস্করণে ১ম খণ্ড, পৃ. ২৩৯, হাদীস ৬৯৪)। «যখন পূর্ব দিক থেকে অন্ধকার আসে…»: সহীহ বুখারী, কিতাবুস সাওম, উমর ইবনুল খাত্তাবের সূত্রে (লেখকের ব্যবহৃত আধুনিক প্রকাশনী সংস্করণে হাদীস ১৮১৫)। আনাসের দুধের ঘটনা: মূল আরবি, মাকারিমুল আখলাক (তাবরিসি), রাসূলুল্লাহ ﷺ-এর পানীয় অধ্যা"
B1-C00128,1906,,SHIA,SHIA_NARRATION,al-Kafi,CITATION_BULLET|SHIA_BOOK|HADITH_WORD,EDITION-LOCK,YES,EDITION-LOCK,P2,Lock edition/page OR keep PAGE-CHECK / attribution-only? No fake VERIFIED.,,NO,"•  ইফতারের সময় নিয়ে ইমামগণের (আলাইহিমুস সালাম) হাদিস: আল-কাফি (শেখ কুলাইনি), কিতাবুস সিয়াম, «ইফতারের সময়» অধ্যায় (باب وقت الإفطار), হাদিস ১, ইমাম জাফর আস-সাদিক (আলাইহিস্ সালাম): কিবলামুখী দাঁড়িয়ে পূর্ব থেকে ওঠা লালিমা লক্ষ করা, তা মাথার চূড়া পেরিয়ে পশ্চিমের দিকে গেলে ইফতার ওয়াজিব; হাদিস ২, ইমাম মুহাম্মদ আল-বাকির (আলাইহিস্ সালাম), বুরাইদের"
B1-C00133,1966,REF-050,UNSPECIFIED,ATTRIBUTION_ONLY,,BARNITA_MARKER,CONFLICT,YES,CONFLICT,P2,Resolve CONFLICT without silent merge of Sunni/Shia or opposing recensions.,,NO,"আমি উৎসাহিত হয়ে বললাম, “ঠিক বলেছ, ফয়সাল। বর্ণিত আছে, ইমাম রেজা (আলাইহিস্ সালাম) বলেছেন: ‘আল্লাহ মহিমান্বিত ও পরাক্রমশালী, সাইয়্যিদা ফাতিমাতুয্ যাহরা (আলাইহাস্ সালাম)-এর মোহরানা (মাহর) হিসেবে পৃথিবীর এক-পঞ্চমাংশ নির্ধারণ করেছেন।’”"
B1-C00139,2084,REF-051,UNSPECIFIED,ATTRIBUTION_ONLY,,BARNITA_MARKER|RASUL_SAID,CONFLICT,YES,CONFLICT,P2,Resolve CONFLICT without silent merge of Sunni/Shia or opposing recensions.,,NO,"তারপর তিনি ঘটনাটা বললেন। বর্ণিত আছে, রাসূলুল্লাহ ﷺ-এর একজন সাহাবি, হযরত আবু যার আল-গিফারী বলেন: “আমি একদিন রাসূলুল্লাহ ﷺ-এর সঙ্গে যোহরের সালাত আদায় করছিলাম। হঠাৎ একজন ভিক্ষুক মসজিদে প্রবেশ করল, কিন্তু কেউ তাকে সাহায্য করল না। সে দু’হাত তুলে আল্লাহর কাছে ফরিয়াদ করল— ‘ইয়া আল্লাহ, আমি সাহায্য চাইলাম, কিন্তু কেউ কিছু দিল না।’ সেই সময় হযরত আলী ইবনে "
B1-C00145,2191,REF-053,SUNNI,SUNNI_NARRATION,Sahih_Muslim|Sahih_al-Bukhari,CITATION_BULLET|PAGE_CHECK_MARKER|SUNNI_BOOK,CONFLICT,YES,CONFLICT,P2,Resolve CONFLICT without silent merge of Sunni/Shia or opposing recensions.,,NO,"•  রাসূলুল্লাহ ﷺ রমজানের রাতে মসজিদে কয়েক রাত নামাজ, তারপর বন্ধ («خشيت أن تفرض عليكم») — বুখারি ১১২৯ / মুসলিম ৭৬১ (আয়েশা) — PAGE-CHECK (sunnah.com 403; বাহ্যিক যাচাই তালিকায়)।"
B1-C00146,2192,REF-054,SUNNI,SUNNI_NARRATION,Sahih_al-Bukhari,CITATION_BULLET|PAGE_CHECK_MARKER|SUNNI_BOOK,CONFLICT,YES,CONFLICT,P2,Resolve CONFLICT without silent merge of Sunni/Shia or opposing recensions.,,NO,•  উমর: «نعمت البدعة هذه» — বুখারি ২০১০ — PAGE-CHECK।
B1-C00147,2193,REF-055,SHIA,FADAK,al-Kafi,CITATION_BULLET|PAGE_CHECK_MARKER|SHIA_BOOK|FADAK,EDITION-LOCK,YES,EDITION-LOCK,P2,Lock edition/page OR keep PAGE-CHECK / attribution-only? No fake VERIFIED.,,NO,"•  ইমাম আলী (আলাইহিস্ সালাম): «আমি যদি ফাদাক ফিরিয়ে দিই… তারাবির বিদআত মুছে দিই…» — জনির খাতা ¶২৩২৭৮–২৩২৮৭ (JONY-VERBATIM); মূল: আল-কাফি, রাওদা (খ.৮, খুতবা «لو استوت قدماي») — PAGE-CHECK; ছাপার আগে খণ্ড-পৃষ্ঠা মেলাতে হবে।"
B1-C00149,2195,,SHIA,SHIA_NARRATION,al-Kafi,CITATION_BULLET|SHIA_BOOK|HADITH_WORD,EDITION-LOCK,YES,EDITION-LOCK,P2,Lock edition/page OR keep PAGE-CHECK / attribution-only? No fake VERIFIED.,,NO,"•  খুমসের হাদিস «لا يحل لأحد أن يشتري من الخمس شيئا حتى يصل إلينا حقنا» (অংশ ৬৬–৬৭): আল-কাফি, খণ্ড ১, কিতাবুল হুজ্জাহ, বাব «الفيء والأنفال وتفسير الخمس», হাদিস ১৪, আবু বাসির, ইমাম বাকির (আলাইহিস্ সালাম) থেকে। https://thaqalayn.net/chapter/1/4/130"
B1-C00154,2200,,SHIA,SHIA_NARRATION,al-Kafi,CITATION_BULLET|SUTRA_MARKER|SHIA_BOOK|HADITH_WORD,EDITION-LOCK,YES,EDITION-LOCK,P2,Lock edition/page OR keep PAGE-CHECK / attribution-only? No fake VERIFIED.,,NO,"•  «মানুষের হাতের ময়লা» (অংশ ১১৬): আমিরুল মুমিনীন আলী (আলাইহিস্ সালাম)-এর কথা, সুলাইম ইবনে কায়েসের সূত্রে, আল-কাফি, খণ্ড ১, একই বাব, হাদিস ১: «…وَلَمْ يَجْعَلْ لَنَا سَهْماً فِي الصَّدَقَةِ أَكْرَمَ الله نَبِيَّهُ وَأَكْرَمَنَا أَنْ يُطْعِمَنَا أَوْسَاخَ مَا فِي أَيْدِي النَّاسِ»। https://thaqalayn.net/chapter/1/4/130"
B1-C00155,2201,,SHIA,SHIA_NARRATION,al-Kafi,CITATION_BULLET|SHIA_BOOK|HADITH_WORD,EDITION-LOCK,YES,EDITION-LOCK,P2,Lock edition/page OR keep PAGE-CHECK / attribution-only? No fake VERIFIED.,,NO,"•  বেলায়াত ছাড়া আমলের হাদিস (অংশ ১৩৫–১৩৬): আল-কাফি, খণ্ড ২, কিতাবুল ঈমান ওয়াল কুফর, বাবু দাআইমিল ইসলাম, হাদিস ৫, যুরারা, ইমাম বাকির (আলাইহিস্ সালাম) থেকে। https://thaqalayn.net/chapter/2/1/13"
B1-C00156,2202,REF-056,SHIA|SUNNI,QURAN,Mustadrak_al-Hakim|al-Kafi,CITATION_BULLET|BARNITA_MARKER|SUNNI_BOOK|SHIA_BOOK|HADITH_WORD,CONFLICT,YES,CONFLICT,P2,Resolve CONFLICT without silent merge of Sunni/Shia or opposing recensions.,,NO,"•  রুকুতে দান (অংশ ১৫৪–১৫৭): আংটির বর্ণনা তাবারি, জামিউল বায়ান, ৫:৫৫ (আস-সুদ্দি, উতবা ইবনে আবি হাকিম, মুজাহিদ থেকে)। https://quran.ksu.edu.sa/tafseer/tabary/sura5-aya55.html । চাদরের (হুল্লা) বর্ণনা এবং «প্রত্যেক ইমাম এই গুণের» কথা আল-কাফি, খণ্ড ১, কিতাবুল হুজ্জাহ, বাব «ما نص الله عز وجل ورسوله على الأئمة», হাদিস ৩। https://thaqalayn.net/chapter/1"
B1-C00157,2203,REF-057,UNSPECIFIED,ATTRIBUTION_ONLY,,CITATION_BULLET|BARNITA_MARKER|HADITH_WORD,CONFLICT,YES,CONFLICT,P2,Resolve CONFLICT without silent merge of Sunni/Shia or opposing recensions.,,NO,"•  ফাতিমা (আলাইহাস্ সালাম)-এর মোহর হিসেবে পৃথিবীর এক-পঞ্চমাংশ (অংশ ৫১) ও দর্জির সূঁচের খুমস (অংশ ৫৯): লেখকের খাতায় ফিকহুর রেজা গ্রন্থের নামে আছে; মূল পাতা মেলানো হয়নি, তাই «বর্ণিত আছে» / «এক হাদিসে বর্ণিত হয়েছে»।"
B1-C00161,2294,REF-059,SHIA,SHIA_NARRATION,al-Kafi,CITATION_BULLET|PAGE_CHECK_MARKER|SUTRA_MARKER|SHIA_BOOK,CONFLICT,YES,CONFLICT,P2,Resolve CONFLICT without silent merge of Sunni/Shia or opposing recensions.,,NO,"•  «من مات ولم يعرف إمام زمانه مات ميتة جاهلية» — শিয়া সূত্রে কামালুদ্দীন (শেখ সাদুক) প্রভৃতি; অনুরূপ পাঠ আল-কাফি ১, কিতাবুল হুজ্জাহ (অধ্যায় ৬-এর নমুনার সূত্র দেখুন) — PAGE-CHECK।"
B1-C00166,2377,REF-063,SHIA,SHIA_NARRATION,Bihar_al-Anwar|Ilal_al-Sharai,CITATION_BULLET|PAGE_CHECK_MARKER|SHIA_BOOK,CONFLICT,YES,CONFLICT,P2,Resolve CONFLICT without silent merge of Sunni/Shia or opposing recensions.,,NO,"•  মা সাইয়্যিদা ফাতিমাতুয্ যাহরা (আলাইহাস্ সালাম)-এর জুমার রাতের দোয়া, «الجار ثم الدار» — ইলালুশ শারায়ে (শেখ সাদুক) ও বিহারুল আনওয়ার ৪৩ — PAGE-CHECK।"
B1-C00167,2378,REF-064,SHIA,SHIA_NARRATION,al-Kafi,CITATION_BULLET|PAGE_CHECK_MARKER|SUTRA_MARKER|SHIA_BOOK|HADITH_WORD,CONFLICT,YES,CONFLICT,P2,Resolve CONFLICT without silent merge of Sunni/Shia or opposing recensions.,,NO,"•  তাসবিহে যাহরা ও খাদেমের ঘটনা — শিয়া সূত্রে (মান লা ইয়াহদুরুহুল ফাকিহ ১; আল-কাফি ৩) ও সুন্নি সূত্রে (সহিহ বুখারী, খাদেম চাওয়ার হাদীস) — PAGE-CHECK; ক্রম (৩৪-৩৩-৩৩) শিয়া পাঠ অনুযায়ী।"
B1-C00178,2533,REF-065,SUNNI,SUNNI_NARRATION,Sahih_al-Bukhari,CITATION_BULLET|PAGE_CHECK_MARKER|SUNNI_BOOK|HADITH_WORD,CONFLICT,YES,CONFLICT,P2,Resolve CONFLICT without silent merge of Sunni/Shia or opposing recensions.,,NO,"•  «প্রত্যেক নবজাতক ফিতরাতের ওপর জন্মায়…» — সহীহ বুখারি, কিতাবুল জানায়িয, হাদীস ১৩৮৫ — PAGE-CHECK (নম্বর নকশা থেকে; মূল পাতায় মেলানো বাকি)।"
B1-C00179,2553,REF-066,UNSPECIFIED,ATTRIBUTION_ONLY,,BARNITA_MARKER,CONFLICT,YES,CONFLICT,P2,Resolve CONFLICT without silent merge of Sunni/Shia or opposing recensions.,,NO,"""এই তসবিহ যার, সে আমার মা। বুরুল্লাহর দাদি। প্রতি নামাজের পর তিনি তিনটি বাক্য পড়তেন। চৌত্রিশবার আল্লাহু আকবার। তেত্রিশবার আলহামদুলিল্লাহ। তেত্রিশবার সুবহানাল্লাহ। একে বলে তাসবিহে যাহরা। বর্ণিত আছে, রাসূলুল্লাহ ﷺ নিজের মেয়েকে এটি শিখিয়েছিলেন, যখন ঘরের কাজে তাঁর হাতে ফোসকা পড়েছিল।"""
B1-C00181,2595,REF-067,SHIA|SUNNI,MIXED_CITATION,Sahih_al-Bukhari|al-Kafi,CITATION_BULLET|PAGE_CHECK_MARKER|SUNNI_BOOK|SHIA_BOOK|HADITH_WORD,CONFLICT,YES,CONFLICT,P2,Resolve CONFLICT without silent merge of Sunni/Shia or opposing recensions.,,NO,"•  তাসবিহে যাহরা (৩৪ আল্লাহু আকবার, ৩৩ আলহামদুলিল্লাহ, ৩৩ সুবহানাল্লাহ) — আল-কাফি, খণ্ড ৩, কিতাবুস সালাত, «বাবুত তা'কীব» — PAGE-CHECK। জাঁতা ও সাহায্যকারী চাওয়ার ঘটনা: সহীহ বুখারি, কিতাবু ফাদাইলি আসহাবিন নাবী, হাদীস ৩৭০৫ (আলী আলাইহিস্ সালাম-এর বর্ণনা) — PAGE-CHECK।"
B1-C00182,2596,REF-068,SUNNI,SUNNI_NARRATION,Jami_al-Tirmidhi|Sunan_Abu_Dawud,CITATION_BULLET|PAGE_CHECK_MARKER|SUNNI_BOOK|HADITH_WORD,CONFLICT,YES,CONFLICT,P2,Resolve CONFLICT without silent merge of Sunni/Shia or opposing recensions.,,NO,"•  «রাসূলুল্লাহ ﷺ তাঁর সম্মানে দাঁড়িয়ে যেতেন» — সুনানে আবু দাউদ, কিতাবুল আদাব, হাদীস ৫২১৭; সুনানে তিরমিযি, হাদীস ৩৮৭২ — PAGE-CHECK।"
B1-C00183,2597,REF-069,UNSPECIFIED,ATTRIBUTION_ONLY,,CITATION_BULLET|BARNITA_MARKER,CONFLICT,YES,CONFLICT,P2,Resolve CONFLICT without silent merge of Sunni/Shia or opposing recensions.,,NO,•  «উম্মে আবিহা» উপাধি — বর্ণিত আছে।
B1-C00188,2672,REF-070,QURAN,QURAN,,CITATION_BULLET|PAGE_CHECK_MARKER|BARNITA_MARKER|QURAN_MARKER,CONFLICT,YES,CONFLICT,P2,Resolve CONFLICT without silent merge of Sunni/Shia or opposing recensions.,,NO,"•  কুরআন ২৫:৭৪ (وَٱلَّذِينَ يَقُولُونَ رَبَّنَا هَبْ لَنَا مِنْ أَزْوَٰجِنَا وَذُرِّيَّٰتِنَا قُرَّةَ أَعْيُنٍ وَٱجْعَلْنَا لِلْمُتَّقِينَ إِمَامًا) — api.alquran.cloud, CONFIRMED। «স্ত্রী = খাদিজা, বংশধর = ফাতিমা, চোখের আনন্দ = হাসান-হুসাইন» ব্যাখ্যা — আহলুল বাইতের বর্ণনা হিসেবে «বর্ণিত আছে» (তাফসীরে কুম্মি, ২৫:৭৪ — PAGE-CHECK)।"
B1-C00190,2674,REF-071,SUNNI,FADAK,Mustadrak_al-Hakim|Sunan_Abu_Dawud,CITATION_BULLET|PAGE_CHECK_MARKER|BARNITA_MARKER|SUNNI_BOOK|HADITH_WORD|FADAK,CONFLICT,YES,CONFLICT,P1,Resolve CONFLICT without silent merge of Sunni/Shia or opposing recensions.,,NO,"•  «فداك أبي وأمي» ও সফরের শুরু-শেষ ফাতিমার কাছে (ইবনে উমর; সাওবান) — সাওবানের বর্ণনা: সুনানে আবু দাউদ, কিতাবুত তারাজ্জুল, হাদীস ৪২১৩ — PAGE-CHECK; ইবনে উমরের বর্ণনা ও «ফাদাকি আবি ওয়া উম্মি» — হাকিম, আল-মুস্তাদরাক — PAGE-CHECK। ইবনে আব্বাসের চুমুর বর্ণনা — বর্ণিত আছে।"
B1-C00191,2675,REF-072,SUNNI,SUNNI_NARRATION,Sahih_al-Bukhari,CITATION_BULLET|BARNITA_MARKER|SUNNI_BOOK,CONFLICT,YES,CONFLICT,P2,Resolve CONFLICT without silent merge of Sunni/Shia or opposing recensions.,,NO,"•  «ফাতিমা আমার অংশ» (فاطمة بضعة مني) — সহীহ বুখারি ৩৭১৪, CONFIRMED (বাইবেল §৪)। «ফাতিমা আমার অন্তরের ধন» — বর্ণিত আছে।"
B1-C00192,2676,REF-073,SUNNI,SUNNI_NARRATION,Jami_al-Tirmidhi,CITATION_BULLET|PAGE_CHECK_MARKER|BARNITA_MARKER|SUNNI_BOOK|HADITH_WORD|AUS,CONFLICT,YES,CONFLICT,P2,Resolve CONFLICT without silent merge of Sunni/Shia or opposing recensions.,,NO,"•  জুমাই ইবনে উমায়রের বর্ণনা (আয়েশা: ফাতিমা, পুরুষে তাঁর স্বামী) — সুনানে তিরমিযি, কিতাবুল মানাকিব, হাদীস ৩৮৭৪ — PAGE-CHECK। বুরাইদার বর্ণনা — তিরমিযি ৩৮৬৮ — PAGE-CHECK। উসামার বর্ণনা («ফাতিমা বিনতে মুহাম্মদ») — তিরমিযি ৩৮১৯ — PAGE-CHECK। আবু হুরাইরা ও কুফার মিম্বরের বর্ণনা («সে তোমার চেয়ে প্রিয়, তুমি তার চেয়ে স্নেহশীল») — বর্ণিত আছে (তাবারানি"
B1-C00194,2684,,SHIA,SHIA_NARRATION,Nahj_al-Balagha,QURAN_MARKER,EDITION-LOCK,YES,EDITION-LOCK,P2,Lock edition/page OR keep PAGE-CHECK / attribution-only? No fake VERIFIED.,,NO,"আমি বসেছি টেবিলের বাম পাশে, হাতে নাহজুল বালাগার অনুবাদ বই। বুরুল্লাহ পাশেই, এক হাতে চায়ের কাপ, অন্য হাতে তাসবিহ ঘুরাচ্ছে। শামস মোবাইল ফোনে কুরআনের তাফসির অ্যাপ খুলে রেখেছে। রাকিকা জানালার পাশে হেলান দিয়ে বসে, কানে হিজাবের ভেতরে হালকা সাদা ইয়ারফোন, তবু মনোযোগ আমাদের কথোপকথনে। ফয়সাল টেবিলের ডানদিকে, বইয়ের পাতায় আঙুল রেখে কিছু নোট লিখছে। আর রাহা"
B1-C00195,2695,,SHIA,SHIA_NARRATION,Nahj_al-Balagha,,EDITION-LOCK,YES,EDITION-LOCK,P2,Lock edition/page OR keep PAGE-CHECK / attribution-only? No fake VERIFIED.,,NO,আমি নাহজুল বালাগা নামিয়ে খাতা খুললাম। এ বিষয়ে আগে কিছু টুকে রেখেছিলাম।
B1-C00207,2757,REF-075,SUNNI,SUNNI_NARRATION,Sahih_al-Bukhari,CITATION_BULLET|PAGE_CHECK_MARKER|SUNNI_BOOK,CONFLICT,YES,CONFLICT,P2,Resolve CONFLICT without silent merge of Sunni/Shia or opposing recensions.,,NO,"•  প্রমাণ ০১–০৪: সহীহ বুখারির আরবিতে «فَاطِمَةَ عَلَيْهَا السَّلاَمُ» — খাতার বাংলা-সংস্করণ নম্বর ২৮৭৪, ৩৪৪৬, ৬২৭০, ৪৯৬ — PAGE-CHECK (ছাপা ও ক্রমিক অনুযায়ী নম্বর বদলায়; sunnah.com নম্বর মেলাতে হবে)। প্রমাণ-০৪-এর আরবি অংশ: «…عَلَيْهَا السَّلاَمُ ـ وَهْىَ جُوَيْرِيَةٌ، فَأَقْبَلَتْ تَسْعَى…»।"
B1-C00208,2758,REF-076,SUNNI,SUNNI_NARRATION,Sahih_al-Bukhari,CITATION_BULLET|BARNITA_MARKER|SUNNI_BOOK,CONFLICT,YES,CONFLICT,P2,Resolve CONFLICT without silent merge of Sunni/Shia or opposing recensions.,,NO,"•  «ফাতিমা আমার অংশ, যে তাকে কষ্ট দেয়…» — বুখারি ৩৭১৪ (فمن أغضبها أغضبني), CONFIRMED; «যার প্রতি সে সন্তুষ্ট…» অংশ — বর্ণিত আছে।"
B1-C00217,2790,REF-078,UNSPECIFIED,FADAK,,BARNITA_MARKER|QURAN_MARKER|FADAK,CONFLICT,YES,CONFLICT,P1,Who wrote the Fadak deed in print dialogue — Prophet (ms) vs Abu Bakr (al-Ihtijaj)? Keep conflict visible?,,NO,"ভাঙা কাপটা তিনি নিজের হাতে রাখলেন। এক চুমুক দিলেন। তারপর বললেন, ""এক নম্বর কথা। রাসূলুল্লাহ ﷺ নিজে মেয়েকে ফাদাক দিয়ে গেছেন। বর্ণিত আছে, লিখেও দিয়ে গেছেন। যাঁর কথা কুরআনের পরেই চূড়ান্ত, তাঁর দেওয়া জিনিসের জন্য আবার সাক্ষী লাগবে? এটা মেয়ের জন্য অপমান না?"""
B1-C00227,2842,REF-079,SUNNI,FADAK,Sahih_al-Bukhari|Sunan_Abu_Dawud,CITATION_BULLET|PAGE_CHECK_MARKER|SUNNI_BOOK|FADAK,CONFLICT,YES,CONFLICT,P1,Resolve CONFLICT without silent merge of Sunni/Shia or opposing recensions.,,NO,"•  প্রমাণ ০৫–০৭ (খাতা ¶1870–1886): সহীহ বুখারি ৪২৪০–৪২৪১ (ফাতিমা আলাইহাস সালাম মদিনা, ফাদাক ও খাইবারের খুমুসের অবশিষ্ট থেকে মিরাস চাইলেন; «فَأَبَى أَبُو بَكْرٍ أَنْ يَدْفَعَ إِلَى فَاطِمَةَ…») — বাইবেল §৪-এ ৪২৪০ উল্লিখিত, CONFIRMED (একবচন «فهجرته»)। সুনানে আবু দাউদ ২৯৬৮ (একই ঘটনা, «فَاطِمَةَ عَلَيْهَا السَّلَام») ও ২৯৭২ (উমর ইবনে আব্দুল আযীযের ফাদা"
B1-C00228,2843,REF-080,SUNNI,QURAN,Sahih_Muslim,CITATION_BULLET|PAGE_CHECK_MARKER|QURAN_MARKER|SUNNI_BOOK,CONFLICT,YES,CONFLICT,P2,Resolve CONFLICT without silent merge of Sunni/Shia or opposing recensions.,,NO,"•  কুরআন ৩৩:৩৩ (আয়াতুত তাতহীর) — CONFIRMED। মুবাহালা ৩:৬১ — CONFIRMED; মুবাহালায় আলী, ফাতিমা, হাসান, হুসাইন — সহীহ মুসলিম ২৪০৪ — PAGE-CHECK।"
B1-C00229,2844,REF-081,SHIA,UMM_AYMAN,al-Ihtijaj,CITATION_BULLET|PAGE_CHECK_MARKER|BARNITA_MARKER|SHIA_BOOK|UMM_AYMAN|AUS,CONFLICT,YES,CONFLICT,P1,Resolve CONFLICT without silent merge of Sunni/Shia or opposing recensions.,,NO,"•  উম্মে আইমানের সাক্ষ্য, আলী (আলাইহিস্ সালাম)-এর সাক্ষ্য, মসজিদে আবু বকরের সাথে বিতর্ক, আউস ইবনুল হাদাসান — কিতাবু সুলাইম ইবনে কায়স; আত-তাবারসি, আল-ইহতিজাজ, খণ্ড ১ — PAGE-CHECK; খাতার নিজের নোট অনুযায়ী আউসের বিবরণ আলাদাভাবে মেলানো যায়নি, তাই ছাপার আগে পর্যন্ত «বর্ণিত আছে»।"
B1-C00230,2845,REF-082,SUNNI,UMM_AYMAN,Ibn_Saad_Tabaqat,CITATION_BULLET|PAGE_CHECK_MARKER|UMM_AYMAN,CONFLICT,YES,CONFLICT,P1,Resolve CONFLICT without silent merge of Sunni/Shia or opposing recensions.,,NO,"•  «উম্মে আইমান জান্নাতি» — ইবনে সা'দ, আত-তাবাকাত — PAGE-CHECK।"
B1-C00233,2908,REF-083,SHIA|SUNNI,MIXED_CITATION,Sahih_Muslim|al-Kafi,CITATION_BULLET|PAGE_CHECK_MARKER|SUTRA_MARKER|SUNNI_BOOK|SHIA_BOOK|HADITH_WORD,CONFLICT,YES,CONFLICT,P2,Resolve CONFLICT without silent merge of Sunni/Shia or opposing recensions.,,NO,"•  «যে ইমামকে না চিনে মারা যায়, তার মৃত্যু জাহিলিয়াতের মৃত্যু»: খাতায় সূত্র «সহীহ মুসলিম, খণ্ড ৩, পৃ. ১৪৭৮»। মুসলিমের কিতাবুল ইমারাহ (হাদীস ১৮৫১)-এ শব্দ «مَنْ مَاتَ وَلَيْسَ فِي عُنُقِهِ بَيْعَةٌ مَاتَ مِيتَةً جَاهِلِيَّةً» (গলায় বাইয়াত না থাকা) — PAGE-CHECK। «ইমামকে না চিনে» শব্দে: আল-কাফি, খণ্ড ১, কিতাবুল হুজ্জাহ («مَنْ مَاتَ لَا يَعْرِفُ إِ"
B1-C00251,3019,REF-085,SUNNI,SUNNI_NARRATION,Jami_al-Tirmidhi|Sahih_al-Bukhari,CITATION_BULLET|PAGE_CHECK_MARKER|SUNNI_BOOK|HADITH_WORD,CONFLICT,YES,CONFLICT,P2,Resolve CONFLICT without silent merge of Sunni/Shia or opposing recensions.,,NO,"•  «ফাতিমা জান্নাতি নারীদের সর্দার» (سَيِّدَةُ نِسَاءِ أَهْلِ الْجَنَّةِ) — সহীহ বুখারি, কিতাবুল মানাকিব, হাদীস ৩৬২৪ — PAGE-CHECK। «হাসান ও হুসাইন জান্নাতের যুবকদের সর্দার» — সুনানে তিরমিযি ৩৭৬৮ — PAGE-CHECK।"
B1-C00263,3147,,SHIA|SUNNI,MIXED_CITATION,Sahih_Muslim|al-Kafi,SUNNI_BOOK|SHIA_BOOK,EDITION-LOCK,YES,EDITION-LOCK,P2,Lock edition/page OR keep PAGE-CHECK / attribution-only? No fake VERIFIED.,,NO,"খাতাটা পুরো বন্ধ হয়নি। মাঝখানের একটি পাতা বাইরে বেরিয়ে আছে। তাতে ওপর থেকে নিচে সাতটি শব্দ লেখা, একটির নিচে আরেকটি। কাফির। মুশরিক। মুমিন। মুসলিম। প্রকৃত মুমিন। তারপর একটি শব্দ, যার নিচে লাল কালিতে দুটো দাগ। তার পরেরটা মুত্তাকী।"
B1-C00268,3162,,SHIA,SHIA_NARRATION,al-Kafi,SHIA_BOOK,EDITION-LOCK,YES,EDITION-LOCK,P2,Lock edition/page OR keep PAGE-CHECK / attribution-only? No fake VERIFIED.,,NO,০২  কাফির থেকে মুত্তাকী পর্যন্ত ধাপগুলো
B1-C00269,3179,,SHIA,SHIA_NARRATION,al-Kafi,SHIA_BOOK,EDITION-LOCK,YES,EDITION-LOCK,P2,Lock edition/page OR keep PAGE-CHECK / attribution-only? No fake VERIFIED.,,NO,রাহাত প্রথম শব্দে আঙুল রাখল। “কাফির।”
B1-C00272,3250,,SHIA,SHIA_NARRATION,al-Kafi,SHIA_BOOK,EDITION-LOCK,YES,EDITION-LOCK,P2,Lock edition/page OR keep PAGE-CHECK / attribution-only? No fake VERIFIED.,,NO,"না—তাহলে তুমি কি অবিশ্বাসীদের (কাফির) দলে থাকতে চাও, যারা চিরঅন্ধকারের কারাগারে আবদ্ধ?"
B1-C00276,3297,,SHIA|SUNNI,MIXED_CITATION,Sahih_Muslim|al-Kafi,SUNNI_BOOK|SHIA_BOOK,EDITION-LOCK,YES,EDITION-LOCK,P2,Lock edition/page OR keep PAGE-CHECK / attribution-only? No fake VERIFIED.,,NO,"«আমাদের ঈমান কোথায় দাঁড়িয়ে? তুমি যদি শিকড়ে থাকো—(কাফির/মুশরিক), তবে প্রশ্ন: তুমি কি সেই অন্ধকার থেকে উঠে আসতে চাও, যেখানে আলো ছুঁতে পারো না আলোতে বিলিন হওয়ার যন্ত্রণা ভেতরে কুরে কুরে খায়? তুমি যদি কাণ্ডে থাকো—(শুধু নামে মাত্র মুসলিম), তবে কি তুমি সেই আস্থার শক্তি খুঁজে বের করতে চাও, যা তোমাকে আসল ঈমানদারের দিকে টেনে নেয়? তুমি যদি শাখায় থাকো"
B1-C00278,3336,,SHIA|SUNNI,MIXED_CITATION,Sahih_Muslim|al-Kafi,SUNNI_BOOK|SHIA_BOOK,EDITION-LOCK,YES,EDITION-LOCK,P2,Lock edition/page OR keep PAGE-CHECK / attribution-only? No fake VERIFIED.,,NO,"“বুরুল্লাহ ভাই, তুমি কি আমাদের একটু বিস্তারিত বুঝিয়ে বলতে পারো— কাফির, মুশরিক, মুসলিম, সাধারণ মুমিন, প্রকৃত মুমিন, মুমিন-মুনাফিক এবং মুত্তাকী—প্রত্যেকের অবস্থান ও বৈশিষ্ট্য কীভাবে আলাদা?”"
B1-C00279,3339,,SHIA,SHIA_NARRATION,al-Kafi,QURAN_MARKER|SHIA_BOOK,EDITION-LOCK,YES,EDITION-LOCK,P2,Lock edition/page OR keep PAGE-CHECK / attribution-only? No fake VERIFIED.,,NO,“কাফির অর্থ হলো যিনি সত্য গোপন করেন এবং আল্লাহ ও তাঁর প্রেরিত বিধানসমূহকে প্রত্যাখ্যান করেন। তারা কুরআনের বাণী এবং নাবুয়্যাতের অস্বীকার করে এবং শত্রুতায় লিপ্ত হতে দ্বিধা করে না। তারা কিয়ামত ও আখিরাতের প্রতি বিশ্বাস রাখে না। অনেক কাফির ঈমান গ্রহণের সুযোগ পেয়েও তা প্রত্যাখ্যান করে।”
B1-C00295,3531,REF-086,SUNNI,SUNNI_NARRATION,Kanz_al-Ummal,CITATION_BULLET|PAGE_CHECK_MARKER,CONFLICT,YES,CONFLICT,P2,Resolve CONFLICT without silent merge of Sunni/Shia or opposing recensions.,,NO,"•  «إن الله فطم ابنتي فاطمة…» — খাতায় কানযুল উম্মাল, খণ্ড ৬, পৃ. ২১৯; খণ্ড/পৃষ্ঠা মেলানো হয়নি — PAGE-CHECK।"
B1-C00296,3532,REF-087,UNSPECIFIED,ATTRIBUTION_ONLY,,CITATION_BULLET|SUTRA_MARKER|BARNITA_MARKER,CONFLICT,YES,CONFLICT,P2,Resolve CONFLICT without silent merge of Sunni/Shia or opposing recensions.,,NO,•  «অন্তরে সরিষা দানা পরিমাণ অহংকার» — এই শব্দে সূত্র খাতায় নেই — «বর্ণিত আছে»।
B1-C00297,3545,,SHIA,SHIA_NARRATION,al-Kafi,SHIA_BOOK,EDITION-LOCK,YES,EDITION-LOCK,P2,Lock edition/page OR keep PAGE-CHECK / attribution-only? No fake VERIFIED.,,NO,"“চার নম্বর, সাধারণ মুমিন। সাধারণ মুমিন হলো সেই ব্যক্তি, যে ইসলামকে সত্য ধর্ম হিসেবে মেনে নিয়েছে, তবে তার ঈমান ও আমল দৃঢ় নয়। সে কখনো কখনো গুনাহ করে, কিন্তু তা বুঝতে পারলে অনুতপ্ত হয়। তার ঈমানের দুর্বলতা থাকতে পারে, তবে সে কাফির বা মুনাফিক নয়।”"
B1-C00300,3635,REF-088,SHIA,SHIA_NARRATION,al-Kafi,CITATION_BULLET|PAGE_CHECK_MARKER|SHIA_BOOK,EDITION-LOCK,YES,EDITION-LOCK,P2,Lock edition/page OR keep PAGE-CHECK / attribution-only? No fake VERIFIED.,,NO,"•  ইমাম জাফর আস-সাদিক (আলাইহিস্ সালাম)-এর «মুমিনের বৈশিষ্ট্য» (দীর্ঘ তালিকা) — আল-কাফি, কিতাবুল ঈমান ওয়াল কুফর (সিফাতুল মুমিন) অধ্যায়ের সাথে মিল; শব্দে মেলানো হয়নি — PAGE-CHECK।"
B1-C00301,3636,REF-089,SHIA,SHIA_NARRATION,al-Kafi,CITATION_BULLET|PAGE_CHECK_MARKER|SHIA_BOOK,CONFLICT,YES,CONFLICT,P2,Resolve CONFLICT without silent merge of Sunni/Shia or opposing recensions.,,NO,"•  ইমাম রেযা (আলাইহিস্ সালাম): «মুমিন হবে না যতক্ষণ না তিন সুন্নাত — রবের, নবীর, ওলীর» — আল-কাফি খণ্ড ২ ও উয়ুন আখবারির রিদা-য় বর্ণিত বলে জানা; পৃষ্ঠা মেলানো হয়নি — PAGE-CHECK।"
B1-C00310,3868,REF-094,SUNNI,SUNNI_NARRATION,al-Bayhaqi,CITATION_BULLET|PAGE_CHECK_MARKER|HADITH_WORD,CONFLICT,YES,CONFLICT,P2,Resolve CONFLICT without silent merge of Sunni/Shia or opposing recensions.,,NO,"•  «নিজের নফসের বিরুদ্ধে জিহাদই সর্বশ্রেষ্ঠ জিহাদ» — খাতায়: আল-বায়হাকী, আল-যুহদ আল-কাবীর, হাদীস ৩৭৩ (জাবির থেকে); মেলানো হয়নি — PAGE-CHECK।"
B1-C00311,3869,REF-095,UNSPECIFIED,ATTRIBUTION_ONLY,,CITATION_BULLET|SUTRA_MARKER|BARNITA_MARKER,CONFLICT,YES,CONFLICT,P2,Resolve CONFLICT without silent merge of Sunni/Shia or opposing recensions.,,NO,•  «তোমার সবচেয়ে বড় শত্রু… তোমার নফস» — ইমাম আলী (আলাইহিস্ সালাম)-এর নামে প্রচলিত; সূত্র খাতায় নেই — «বর্ণিত আছে»।
B1-C00319,4059,REF-096,SUNNI,SUNNI_NARRATION,Jami_al-Tirmidhi|Sahih_Muslim,CITATION_BULLET|PAGE_CHECK_MARKER|BARNITA_MARKER|SUNNI_BOOK|HADITH_WORD,CONFLICT,YES,CONFLICT,P2,Resolve CONFLICT without silent merge of Sunni/Shia or opposing recensions.,,NO,"•  চাদরের হাদীস (হাদীসে কিসা, জাবির ইবনে আব্দুল্লাহ আনসারীর বর্ণনা) — শ্রোতা ০৪ L478; জনির নোটে আহলে সুন্নাহর একাধিক উৎসের তালিকা (সহীহ মুসলিম, তিরমিযি…) — এই দীর্ঘ পাঠের শব্দে মেলানো হয়নি — «বর্ণিত আছে»; সংক্ষিপ্ত চাদর-রেওয়ায়েত সহীহ মুসলিমে (ফাযায়েলুস সাহাবা) — PAGE-CHECK।"
B1-C00325,4135,REF-099,QURAN,QURAN,,CITATION_BULLET|PAGE_CHECK_MARKER,CONFLICT,YES,CONFLICT,P2,Resolve CONFLICT without silent merge of Sunni/Shia or opposing recensions.,,NO,•  ৯৮:৭ ও «খাইরুল বারিয়্যাহ» — জাবির (রা.)-এর বর্ণনা; সুয়ুতির দুররে মানসূর-এ ৯৮:৭-এর অধীনে বর্ণিত বলে প্রচলিত — PAGE-CHECK।
B1-C00326,4136,REF-100,UNSPECIFIED,ATTRIBUTION_ONLY,,CITATION_BULLET|SUTRA_MARKER|BARNITA_MARKER,NOT_FOUND,YES,NOT_FOUND,P2,"Source still NOT_FOUND — keep «বর্ণিত আছে», continue hunt, or drop? NOT_FOUND ≠ DOES_NOT_EXIST.",,NO,"•  «সর্বপ্রথম জান্নাতে… আশেকরা পশ্চাতে», «আশেকরা একই স্থানে… পানাহার একত্রে» — খাতায় আরবি পাঠ আছে, সূত্র নেই — «বর্ণিত আছে»।"
B1-C00329,4222,REF-101,SHIA,SHIA_NARRATION,al-Ihtijaj,CITATION_BULLET|BARNITA_MARKER|QURAN_MARKER|SHIA_BOOK,CONFLICT,YES,CONFLICT,P2,Resolve CONFLICT without silent merge of Sunni/Shia or opposing recensions.,,NO,"•  বিদ্রূপকারী আমর ইবনুল আস («হে আবুল আবতার»), মসজিদে, হাকাম ইবনুল আসের সাথে — তাফসীরে হুব্বে আলী, সূরা আল-কাউসার, হা. ১০ (ইবনে বাবুওয়াইহ; হুবেআলী.কম হা. ৯৪৯৯) — VERIFIED (স্থানীয় কপি: [LOCAL-PATH-REDACTED] Fatima Zahra SA Nobuwat & Imamat Bondhon\__REWRITTEN\Tafseer e Hubbe Ali en to Bn\hubbe_ali_ch108_আল-কাউসার_bangla.md ল. ২৪৬–২৪৯); পিতা আস ইব"
B1-C00331,4224,REF-103,SUNNI,SUNNI_NARRATION,al-Tabarani,CITATION_BULLET|SUTRA_MARKER|BARNITA_MARKER,CONFLICT,YES,CONFLICT,P2,Resolve CONFLICT without silent merge of Sunni/Shia or opposing recensions.,,NO,•  «আল্লাহ সকল নবির বংশ তাঁদের ঔরসে… আমার বংশ আলীর ঔরসে» — আহলুস সুন্নাহর কিতাবে (তাবারানী ধাঁচের) বর্ণিত বলে খাতায়; নির্দিষ্ট সূত্র নেই — «বর্ণিত আছে»।
B1-C00333,4226,REF-105,UNSPECIFIED,ATTRIBUTION_ONLY,,CITATION_BULLET|SUTRA_MARKER|BARNITA_MARKER,CONFLICT,YES,CONFLICT,P2,Resolve CONFLICT without silent merge of Sunni/Shia or opposing recensions.,,NO,•  ইবনে আব্বাস: «আল কাওসার কী?» — খাতায় সূত্রহীন — «বর্ণিত আছে»।
B1-C00334,4266,,SUNNI,SUNNI_NARRATION,al-Durr_al-Manthur,,EDITION-LOCK,YES,EDITION-LOCK,P2,Lock edition/page OR keep PAGE-CHECK / attribution-only? No fake VERIFIED.,,NO,"“তাফসিরে জালালাইন, বায়দ্বাভী, দুররুল মানসুর।” চাচা হাসলেন। “আপনার মাদ্রাসার হুজুররা যেগুলো পড়েন।”"
B1-C00339,4316,REF-106,SUNNI,SUNNI_NARRATION,al-Durr_al-Manthur,CITATION_BULLET|PAGE_CHECK_MARKER,CONFLICT,YES,CONFLICT,P2,Resolve CONFLICT without silent merge of Sunni/Shia or opposing recensions.,,NO,"•  মুবাহালার ঘটনা (হুসাইন কোলে, হাসান হাত ধরে, পেছনে ফাতিমা ও আলী (আলাইহিমুস্ সালাম), খ্রিস্টান যাজকের উক্তি, «বানর-শূকর») — জনির নোটে: তাফসিরে জালালাইন ১/৬০, বায়দ্বাভী ১/১১৮, দুররুল মানসুর ২/৩৯ (মিশর মুদ্রণ) — PAGE-CHECK।"
B1-C00340,4317,REF-107,SUNNI,SUNNI_NARRATION,Sahih_Muslim,CITATION_BULLET|PAGE_CHECK_MARKER|QURAN_MARKER|SUNNI_BOOK|HADITH_WORD,CONFLICT,YES,CONFLICT,P2,Resolve CONFLICT without silent merge of Sunni/Shia or opposing recensions.,,NO,"•  সা’দ ইবনে আবি ওয়াক্কাসের হাদীস (তিন কথা; মুবাহালার আয়াতে আলী, ফাতিমা, হাসান, হুসাইনকে ডাকা — «এরাই আমার পরিবার») — সহীহ মুসলিম, ফাযায়েলুস সাহাবা (আন্তর্জাতিক নম্বর ২৪০৪); জনির নোটে বাংলা সংস্করণ পৃ. ৯১৭, হাদীস ৬০৬২ — PAGE-CHECK।"
B1-C00357,4799,REF-113,SHIA,SHIA_NARRATION,Bihar_al-Anwar|Tafsir_al-Qummi,CITATION_BULLET|PAGE_CHECK_MARKER|QURAN_MARKER|SHIA_BOOK,EDITION-LOCK,YES,EDITION-LOCK,P2,Lock edition/page OR keep PAGE-CHECK / attribution-only? No fake VERIFIED.,,NO,•  রাসূলুল্লাহ ﷺ-কে বিষ দেওয়ার রেওয়ায়েত (ইমাম জাফর সাদিক (আলাইহিস্ সালাম) থেকে) — খাতায়: তাফসীরে কুম্মী (সূরা তাহরীম প্রসঙ্গে); বিহারুল আনওয়ার খণ্ড ২২ — PAGE-CHECK (খণ্ড-পৃষ্ঠা ও শব্দ মেলানো বাকি)।
B1-C00358,4800,REF-114,SHIA,SHIA_NARRATION,al-Kafi,CITATION_BULLET|PAGE_CHECK_MARKER|BARNITA_MARKER|SHIA_BOOK,EDITION-LOCK,YES,EDITION-LOCK,P2,Lock edition/page OR keep PAGE-CHECK / attribution-only? No fake VERIFIED.,,NO,"•  দশজন দশজন করে জানাজার নামাজ, দাফনের স্থান (ইমাম বাকির (আলাইহিস্ সালাম)) — বর্ণিত আছে; আল-কাফি খণ্ড ১ (রাসূলুল্লাহ ﷺ-এর জন্ম-অধ্যায়) — PAGE-CHECK।"
B1-C00359,4801,REF-115,UNSPECIFIED,ATTRIBUTION_ONLY,,CITATION_BULLET|PAGE_CHECK_MARKER|SUTRA_MARKER|BARNITA_MARKER,NOT_FOUND,YES,NOT_FOUND,P2,"Source still NOT_FOUND — keep «বর্ণিত আছে», continue hunt, or drop? NOT_FOUND ≠ DOES_NOT_EXIST.",,NO,•  আমিরুল মুমিনীন (আলাইহিস্ সালাম) আবু বকরের হাত ধরে দেখান — বর্ণিত আছে; PAGE-CHECK (খাতায় সূত্র নেই)।
B1-C00378,4951,REF-116,UNSPECIFIED,FADAK,,CITATION_BULLET|PAGE_CHECK_MARKER|BARNITA_MARKER|FADAK,CONFLICT,YES,CONFLICT,P1,Resolve CONFLICT without silent merge of Sunni/Shia or opposing recensions.,,NO,"•  ফাদাকের খেজুরবাগান মুসা (আলাইহিস্ সালাম)-এর অনুসারীদের রোপণ, মদিনা থেকে «প্রায় ১৫৩ কিলোমিটার», নূহ (আলাইহিস্ সালাম)-এর পুত্র হামের উত্তরাধিকার — বর্ণিত আছে; PAGE-CHECK।"
B1-C00379,4958,,SHIA,SHIA_NARRATION,al-Ihtijaj,SHIA_BOOK,EDITION-LOCK,YES,EDITION-LOCK,P2,Lock edition/page OR keep PAGE-CHECK / attribution-only? No fake VERIFIED.,,NO,"“আল-ইহতিজাজ,” বুরুল্লাহ বলল। “খুতবাটা এর ভেতরে। বাংলাটা এক বুজুর্গের হাতের অনুবাদ, আব্বু বহু বছর আগে কপি করিয়ে রেখেছিলেন।” সে বইটা রাকিকার দিকে বাড়িয়ে দিল। “তুমি পড়বে বলেছিলে।”"
B1-C00381,5034,,SHIA,SHIA_NARRATION,al-Ihtijaj,SHIA_BOOK,EDITION-LOCK,YES,EDITION-LOCK,P2,Lock edition/page OR keep PAGE-CHECK / attribution-only? No fake VERIFIED.,,NO,"বুরুল্লাহ এ কথা বলল সেই গলায়, যে গলায় মানুষ বলে, বৃষ্টি হচ্ছে, ছাতা নিয়ে যাস। ভুরু একটুও ওঠেনি। কবজি-ধরা হাতটাও কাঁপেনি। সে আল-ইহতিজাজটা আলতো করে বন্ধ করল, সাদা সুতো আবার জড়াল, তারপর বইটা রাকিকার ডান হাতের ঠিক পাশে চৌকির ওপর রাখল, হাত বাড়ালেই যেখানে আঙুল লাগবে।"
B1-C00393,5194,,SHIA,SHIA_NARRATION,al-Ihtijaj,SHIA_BOOK,EDITION-LOCK,YES,EDITION-LOCK,P2,Lock edition/page OR keep PAGE-CHECK / attribution-only? No fake VERIFIED.,,NO,"রাকিকা চৌকি থেকে নামল। চাচির হাত ধরল কিছুক্ষণ। তারপর আল-ইহতিজাজটা বুকের কাছে তুলে নিল, সাদা সুতোর গিঁটের ওপর আঙুল রাখল। এবার আঙুল কাঁপল না।"
B1-C00396,5212,REF-117,SHIA,FADAK,al-Ihtijaj,CITATION_BULLET|PAGE_CHECK_MARKER|SHIA_BOOK|FADAK,CONFLICT,YES,CONFLICT,P1,Resolve CONFLICT without silent merge of Sunni/Shia or opposing recensions.,,NO,"•  ফাদাকের খুতবা — আল-ইহতিজাজ (তাবারসি), খণ্ড ১, মা সাইয়্যিদা (আলাইহাস্ সালাম)-এর ইহতিজাজ-অধ্যায়; বালাগাতুন নিসা (ইবনে তাইফুর)-তেও আছে — PAGE-CHECK (খণ্ড-পৃষ্ঠা ও বাংলা অনুবাদের উৎস মেলানো বাকি)।"
B1-C00398,5214,REF-118,SHIA,SHIA_NARRATION,al-Ihtijaj,CITATION_BULLET|PAGE_CHECK_MARKER|SHIA_BOOK,CONFLICT,YES,CONFLICT,P2,Resolve CONFLICT without silent merge of Sunni/Shia or opposing recensions.,,NO,•  আবদুল্লাহ ইবনে হাসান থেকে «পর্দা গ্রহণ করে মসজিদে আসা» — আল-ইহতিজাজ খণ্ড ১ — PAGE-CHECK।
B1-C00399,5215,REF-119,SHIA,SHIA_NARRATION,Bihar_al-Anwar,CITATION_BULLET|PAGE_CHECK_MARKER|SHIA_BOOK,EDITION-LOCK,YES,EDITION-LOCK,P2,Lock edition/page OR keep PAGE-CHECK / attribution-only? No fake VERIFIED.,,NO,•  ক্রন্দনের ঘর (বাইতুল আহযান) — বিহারুল আনওয়ার খণ্ড ৪৩ (শোক-অধ্যায়) — PAGE-CHECK।
B1-C00418,5281,,SHIA,SHIA_NARRATION,al-Kafi,SHIA_BOOK,EDITION-LOCK,YES,EDITION-LOCK,P2,Lock edition/page OR keep PAGE-CHECK / attribution-only? No fake VERIFIED.,,NO,"“যে ব্যক্তি আল্লাহ এবং তাঁর রাসূল সম্পর্কে সন্দেহ পোষণ করে, সে কাফির।”"
B1-C00419,5284,,SHIA,SHIA_NARRATION,al-Kafi,SHIA_BOOK,EDITION-LOCK,YES,EDITION-LOCK,P2,Lock edition/page OR keep PAGE-CHECK / attribution-only? No fake VERIFIED.,,NO,"তিনি (আলাইহিস্ সালাম) বললেন, “সে কাফির।”"
B1-C00421,5289,,SHIA,SHIA_NARRATION,al-Kafi,SHIA_BOOK,EDITION-LOCK,YES,EDITION-LOCK,P2,Lock edition/page OR keep PAGE-CHECK / attribution-only? No fake VERIFIED.,,NO,"তিনি (আলাইহিস্ সালাম) বললেন, “সে কাফির, হে আবু মুহাম্মাদ!”"
B1-C00422,5291,,SHIA,SHIA_NARRATION,al-Kafi,SHIA_BOOK,EDITION-LOCK,YES,EDITION-LOCK,P2,Lock edition/page OR keep PAGE-CHECK / attribution-only? No fake VERIFIED.,,NO,"তিনি (আলাইহিস্ সালাম) বললেন, “সে-ও কাফির!”"
B1-C00423,5292,,SHIA,SHIA_NARRATION,al-Kafi,SHIA_BOOK,EDITION-LOCK,YES,EDITION-LOCK,P2,Lock edition/page OR keep PAGE-CHECK / attribution-only? No fake VERIFIED.,,NO,"তারপর তিনি (আলাইহিস্ সালাম) যুরারার দিকে ফিরে বললেন, “কিন্তু সে তখনই কাফির হয়, যখন সে সত্যকে প্রত্যাখ্যান করে।”"
B1-C00425,5294,,SHIA,SHIA_NARRATION,al-Kafi,SHIA_BOOK,EDITION-LOCK,YES,EDITION-LOCK,P2,Lock edition/page OR keep PAGE-CHECK / attribution-only? No fake VERIFIED.,,NO,"রাকিকা এখানে চোখ তুলল। রাহাতের মুখ শক্ত হয়ে গেছে। “কাফির?” সে বলল, প্রায় ফিসফিস করে। “এত বড় কথা?”"
B1-C00426,5296,,SHIA,SHIA_NARRATION,al-Kafi,SHIA_BOOK,EDITION-LOCK,YES,EDITION-LOCK,P2,Lock edition/page OR keep PAGE-CHECK / attribution-only? No fake VERIFIED.,,NO,"রাকিকা আঙুল দিয়ে খুঁজল। পড়ল ধীরে: “কিন্তু সে তখনই কাফির হয়, যখন সে সত্যকে প্রত্যাখ্যান করে।”"
B1-C00434,5343,REF-121,SUNNI,FADAK,al-Tabarani,CITATION_BULLET|PAGE_CHECK_MARKER|FADAK,CONFLICT,YES,CONFLICT,P1,Resolve CONFLICT without silent merge of Sunni/Shia or opposing recensions.,,NO,"•  খাইবারের পরে ফাদাক দান (১৭:২৬ প্রসঙ্গে) — খাতায়: তাবারানী, আল-মু‘জামুল কাবীর; সুয়ূতী, আদ-দুররুল মানসূর — PAGE-CHECK।"
B1-C00435,5344,REF-122,SUNNI,SUNNI_NARRATION,al-Baladhuri,CITATION_BULLET|PAGE_CHECK_MARKER,CONFLICT,YES,CONFLICT,P2,Resolve CONFLICT without silent merge of Sunni/Shia or opposing recensions.,,NO,"•  আবু বকরের রাষ্ট্রীয় সম্পত্তি ঘোষণা — খাতায়: বালাযুরী, ফুতুহুল বুলদান; তাবারী — PAGE-CHECK। দলিল ছিঁড়ে ফেলা — খাতায়: সুয়ূতী, তারিখুল খুলাফা; ইবনে আবিল হাদীদ, শারহু নাহজিল বালাগা খণ্ড ১৬ — PAGE-CHECK।"
B1-C00436,5345,REF-123,SUNNI,SUNNI_NARRATION,Sahih_Muslim|Sahih_al-Bukhari,CITATION_BULLET|PAGE_CHECK_MARKER|SUNNI_BOOK,CONFLICT,YES,CONFLICT,P2,Resolve CONFLICT without silent merge of Sunni/Shia or opposing recensions.,,NO,"•  «আমরা নবীগণ উত্তরাধিকার রেখে যাই না» — খাতায়: বুখারি (খুমুস/ফারায়িদ), মুসলিম ১৭৫৯ — PAGE-CHECK।"
B1-C00437,5346,REF-124,SHIA|SUNNI,MIXED_CITATION,Sahih_Muslim|al-Kafi,CITATION_BULLET|PAGE_CHECK_MARKER|SUNNI_BOOK|SHIA_BOOK|HADITH_WORD,EDITION-LOCK,YES,EDITION-LOCK,P2,Lock edition/page OR keep PAGE-CHECK / attribution-only? No fake VERIFIED.,,NO,"•  সন্দেহ ও কুফরের হাদীস (মানসুর ইবনে হাযিম; মুহাম্মাদ ইবনে মুসলিম, যুরারা, আবু বাসির) — আল-কাফি খণ্ড ২, বাবুশ শাক্ক — PAGE-CHECK।"
B1-C00438,5347,REF-125,UNSPECIFIED,FADAK,,CITATION_BULLET|SUTRA_MARKER|BARNITA_MARKER|FADAK,CONFLICT,YES,CONFLICT,P1,Resolve CONFLICT without silent merge of Sunni/Shia or opposing recensions.,,NO,•  ফাদাক সাইয়্যেদা খাদিজা (আলাইহাস্ সালাম)-এর মোহরানা — বর্ণিত আছে; সূত্র খোলা।
B1-C00450,5423,REF-126,SUNNI,SUNNI_NARRATION,Sahih_al-Bukhari,CITATION_BULLET|PAGE_CHECK_MARKER|SUNNI_BOOK,CONFLICT,YES,CONFLICT,P2,Resolve CONFLICT without silent merge of Sunni/Shia or opposing recensions.,,NO,"•  সহীহ বুখারি ৪২৪০ (কিতাবুল মাগাযি, খায়বার অধ্যায়, আয়িশা থেকে): «فَوَجَدَتْ فَاطِمَةُ عَلَى أَبِي بَكْرٍ فِي ذَلِكَ فَهَجَرَتْهُ فَلَمْ تُكَلِّمْهُ حَتَّى تُوُفِّيَتْ، وَعَاشَتْ بَعْدَ النَّبِيِّ صلى الله عليه وسلم سِتَّةَ أَشْهُرٍ» — CONFIRMED (SECOND_NOTEBOOK/CITATION_RISK #১৩; একবচন «فهجرته»); বাংলা অর্থ এখানে Claude-এর অর্থানুবাদ; বাংলা সংস"
B1-C00456,5502,REF-127,QURAN,QURAN,,CITATION_BULLET|PAGE_CHECK_MARKER|QURAN_MARKER,CONFLICT,YES,CONFLICT,P2,Resolve CONFLICT without silent merge of Sunni/Shia or opposing recensions.,,NO,"•  কুরআন ৩০:৩৮ — api.alquran.cloud-এ মেলানো, CONFIRMED (খাতায় «وَآتِ»; মুসহাফে ৩০:৩৮ «فَآتِ», ১৭:২৬ «وَآتِ» — দুটোর পার্থক্য PAGE-CHECK)।"
B1-C00457,5503,REF-128,SUNNI,FADAK,Mustadrak_al-Hakim,CITATION_BULLET|PAGE_CHECK_MARKER|SUNNI_BOOK|FADAK,CONFLICT,YES,CONFLICT,P1,Resolve CONFLICT without silent merge of Sunni/Shia or opposing recensions.,,NO,"•  ৩০:৩৮ নাযিলে ফাদাক দান (ইবনে আব্বাস) — হাকিম হাসকানী, শাওয়াহিদুত তানযীল — PAGE-CHECK।"
B1-C00459,5505,REF-130,SHIA,SHIA_NARRATION,Bihar_al-Anwar,CITATION_BULLET|PAGE_CHECK_MARKER|SHIA_BOOK,CONFLICT,YES,CONFLICT,P2,Resolve CONFLICT without silent merge of Sunni/Shia or opposing recensions.,,NO,•  ওফাতের পরে সময়কাল ও বয়সে ভিন্ন বর্ণনা (৪০ দিন থেকে ৮ মাস; ১৮ থেকে ২৮) — খাতায়: বিহারুল আনওয়ার খণ্ড ৪৩ — PAGE-CHECK।
B1-C00460,5506,REF-131,SUNNI,SUNNI_NARRATION,Sahih_al-Bukhari,CITATION_BULLET|PAGE_CHECK_MARKER|BARNITA_MARKER|SUNNI_BOOK|HADITH_WORD,CONFLICT,YES,CONFLICT,P2,Resolve CONFLICT without silent merge of Sunni/Shia or opposing recensions.,,NO,"•  ফুপুর না-পড়া লাইন — সহীহ বুখারি ৪২৪০-এর পরের অংশ (CITATION_RISK #১৩-এর একই হাদীস), CONFIRMED; রাতে গোসল-কাফন-দাফন ও কবর গোপন রাখার ওসিয়ত — বর্ণিত আছে, PAGE-CHECK (খাতায় বুখারি ৪২৪০ লেখা, কিন্তু সেখানে গোপনের ওসিয়তের শব্দ নেই)।"
B1-C00468,5545,,SUNNI,FADAK,Mustadrak_al-Hakim,SUNNI_BOOK|FADAK,EDITION-LOCK,YES,EDITION-LOCK,P2,Lock edition/page OR keep PAGE-CHECK / attribution-only? No fake VERIFIED.,,NO,রাকিকা: এত বড় ঘটনাটি প্রথম জন আর দ্বিতীয় জন ঘটাল কেন? কেন ফাদাক এত গুরুত্বপূর্ণ হয়ে উঠল? ফাদাককে পাওয়ার জন্য মা সাইয়্যিদা ফাতিমাতুয্ যাহরা (আলাইহাস্ সালাম)-এর বিরুদ্ধে হাকিমরা কেন এতবড় ষড়যন্ত্র করল?
B1-C00476,5596,,SHIA,SHIA_NARRATION,al-Kafi,SHIA_BOOK,EDITION-LOCK,YES,EDITION-LOCK,P2,Lock edition/page OR keep PAGE-CHECK / attribution-only? No fake VERIFIED.,,NO,"হে রাসূল! তোমার প্রতিপালকের পক্ষ থেকে যা তোমার প্রতি অবতীর্ণ হয়েছে, তা প্রচার করো। যদি তুমি তা না করো, তবে তুমি তাঁর বার্তা পৌঁছালে না। আল্লাহ তোমাকে মানুষদের (ষড়যন্ত্র) থেকে রক্ষা করবেন। নিশ্চয়ই আল্লাহ কাফিরদের সুপথে পরিচালিত করেন না।"
B1-C00491,5675,REF-132,SUNNI,SUNNI_NARRATION,Sahih_Muslim|Sahih_al-Bukhari,CITATION_BULLET|PAGE_CHECK_MARKER|SUNNI_BOOK,CONFLICT,YES,CONFLICT,P2,Resolve CONFLICT without silent merge of Sunni/Shia or opposing recensions.,,NO,"•  গোপন কথা, কান্না ও হাসি (আয়িশা থেকে) — সহীহ বুখারি ৩৬২৩–৩৬২৪, সহীহ মুসলিম ২৪৫০ — PAGE-CHECK (শব্দ মেলানো বাকি)।"
B1-C00493,5677,REF-134,SUNNI,SUNNI_NARRATION,Sahih_al-Bukhari,CITATION_BULLET|PAGE_CHECK_MARKER|BARNITA_MARKER|SUNNI_BOOK,CONFLICT,YES,CONFLICT,P2,Resolve CONFLICT without silent merge of Sunni/Shia or opposing recensions.,,NO,•  কাগজ-কলম ও «কোরআনই আমাদের জন্য যথেষ্ট» (বৃহস্পতিবারের ঘটনা) — সহীহ বুখারি (কিতাবুল ইলম ও মাগাযি) — PAGE-CHECK; «কাবা মানুষের কাছে যায় না» — বর্ণিত আছে।
B1-C00494,5678,REF-135,SHIA,SHIA_NARRATION,Bihar_al-Anwar,CITATION_BULLET|PAGE_CHECK_MARKER|SHIA_BOOK,CONFLICT,YES,CONFLICT,P2,Resolve CONFLICT without silent merge of Sunni/Shia or opposing recensions.,,NO,•  বয়স ও সময়কালের ভিন্নতা — খাতায়: বিহারুল আনওয়ার খণ্ড ৪৩ — PAGE-CHECK।
B1-C00516,5812,REF-136,QURAN,FADAK,,CITATION_BULLET|PAGE_CHECK_MARKER|BARNITA_MARKER|FADAK,CONFLICT,YES,CONFLICT,P1,Resolve CONFLICT without silent merge of Sunni/Shia or opposing recensions.,,NO,•  ইমাম সাদিক (আলাইহিস্ সালাম) থেকে ১৭:২৬ ও ফাদাক — বর্ণিত আছে; PAGE-CHECK।
B1-C00517,5813,REF-137,UNSPECIFIED,SOURCE_BLOCK_NOTE,,CITATION_BULLET|PAGE_CHECK_MARKER,CONFLICT,YES,CONFLICT,P2,Resolve CONFLICT without silent merge of Sunni/Shia or opposing recensions.,,NO,"•  ইমাম যায়নুল আবেদীন (আলাইহিস্ সালাম) ও শামদেশীয় লোক — খাতায়: ইবনে জারীর তাবারী; বাজ্জার, আবু ইয়ালা, ইবনে আবি হাতিম, ইবনে মারদুইয়্যা (আবু সাঈদ খুদরী ও ইবনে আব্বাস); মিরাজুন নাবুয়্যাত — PAGE-CHECK।"
B1-C00518,5814,REF-138,UNSPECIFIED,SOURCE_BLOCK_NOTE,,CITATION_BULLET|PAGE_CHECK_MARKER,CONFLICT,YES,CONFLICT,P2,Resolve CONFLICT without silent merge of Sunni/Shia or opposing recensions.,,NO,•  আতিয়্যা আল-আউফির বর্ণনা ও আবু সাঈদ খুদরী পর্যন্ত সনদ — PAGE-CHECK; তাবারসী (মাজমাউল বায়ান) — PAGE-CHECK।
B1-C00521,5817,REF-141,UNSPECIFIED,FADAK,,CITATION_BULLET|PAGE_CHECK_MARKER|FADAK,CONFLICT,YES,CONFLICT,P1,Resolve CONFLICT without silent merge of Sunni/Shia or opposing recensions.,,NO,"•  উম্মে হানী ও আবু বকরের কথোপকথন — খাতায়: জাওহারী, আস-সাকিফা ওয়া ফাদাক, «খণ্ড ৪, পৃষ্ঠা ৮১» — PAGE-CHECK (এই খণ্ড-নম্বর সম্ভবত শারহু নাহজিল বালাগার; মেলানো বাকি)।"
B1-C00526,6006,REF-142,SUNNI,SUNNI_NARRATION,Sahih_al-Bukhari,CITATION_BULLET|PAGE_CHECK_MARKER|SUNNI_BOOK,CONFLICT,YES,CONFLICT,P2,Resolve CONFLICT without silent merge of Sunni/Shia or opposing recensions.,,NO,"•  «ফাতিমা আমার অংশ; যে তাকে রাগান্বিত করে সে আমাকে রাগান্বিত করে» — সহীহ বুখারি ৩৭১৪ («فمن أغضبها أغضبني») — CONFIRMED (STYLE §৪ ফাঁদ-তালিকা); «যে তাকে খুশি করে…» অংশ — অন্য বর্ণনায়, PAGE-CHECK।"
B1-C00532,6107,REF-143,SUNNI,SUNNI_NARRATION,Sahih_Muslim|Sahih_al-Bukhari,CITATION_BULLET|PAGE_CHECK_MARKER|SUNNI_BOOK,CONFLICT,YES,CONFLICT,P2,Resolve CONFLICT without silent merge of Sunni/Shia or opposing recensions.,,NO,"•  বারো খলিফা — সহীহ মুসলিম (কিতাবুল ইমারাহ), বুখারি ৭২২২ — PAGE-CHECK (খাতার শব্দ ও নম্বর মেলানো বাকি)।"
B1-C00533,6108,REF-144,SUNNI,QURAN,Jami_al-Tirmidhi,CITATION_BULLET|PAGE_CHECK_MARKER|QURAN_MARKER|SUNNI_BOOK,CONFLICT,YES,CONFLICT,P2,Resolve CONFLICT without silent merge of Sunni/Shia or opposing recensions.,,NO,"•  ছয় মাস ফজরে দরজায় ৩৩:৩৩ পাঠ (আনাস) — জামে তিরমিযি — PAGE-CHECK; কুরআন ৩৩:৩৩ — api.alquran.cloud, CONFIRMED।"
B1-C00548,6305,REF-152,SUNNI,SUNNI_NARRATION,Sahih_Muslim|Sahih_al-Bukhari,CITATION_BULLET|PAGE_CHECK_MARKER|SUNNI_BOOK,CONFLICT,YES,CONFLICT,P2,Resolve CONFLICT without silent merge of Sunni/Shia or opposing recensions.,,NO,"•  বারো খলিফা — সহীহ মুসলিম (কিতাবুল ইমারাহ), বুখারি ৭২২২ — PAGE-CHECK।"
B1-C00549,6306,REF-153,SUNNI,SUNNI_NARRATION,Sahih_al-Bukhari,CITATION_BULLET|PAGE_CHECK_MARKER|SUNNI_BOOK,CONFLICT,YES,CONFLICT,P2,Resolve CONFLICT without silent merge of Sunni/Shia or opposing recensions.,,NO,"•  «ফাতিমা আমার অংশ…» — বুখারি ৩৭১৪ (শুধু «فمن أغضبها أغضبني»), বাকি অংশ — PAGE-CHECK।"
B1-C00550,6307,REF-154,UNSPECIFIED,ATTRIBUTION_ONLY,,CITATION_BULLET|PAGE_CHECK_MARKER|BARNITA_MARKER,CONFLICT,YES,CONFLICT,P2,Resolve CONFLICT without silent merge of Sunni/Shia or opposing recensions.,,NO,•  «সর্বপ্রথম আল্লাহ নূরকে সৃষ্টি করেছেন… সকল বস্তু আমার নূর থেকে» — বর্ণিত আছে (জাবির থেকে); PAGE-CHECK।
B1-C00551,6308,REF-155,UNSPECIFIED,ATTRIBUTION_ONLY,,CITATION_BULLET|PAGE_CHECK_MARKER|BARNITA_MARKER,CONFLICT,YES,CONFLICT,P2,Resolve CONFLICT without silent merge of Sunni/Shia or opposing recensions.,,NO,•  উম্মে আবিহা — বর্ণিত আছে; PAGE-CHECK।
B1-C00555,6455,REF-156,SUNNI,SUNNI_NARRATION,Mustadrak_al-Hakim,CITATION_BULLET|PAGE_CHECK_MARKER|SUNNI_BOOK,EDITION-LOCK,YES,EDITION-LOCK,P2,Lock edition/page OR keep PAGE-CHECK / attribution-only? No fake VERIFIED.,,NO,"•  «কিতাবুল্লাহ ও সুন্নাতি» — মুয়াত্তা মালিক (বালাগ), হাকিম, মুস্তাদরাক ৩১৮/৩১৯ — PAGE-CHECK (STYLE §৪ ফাঁদ-তালিকা)।"
B1-C00556,6456,REF-157,SUNNI,SUNNI_NARRATION,Jami_al-Tirmidhi|Sahih_Muslim,CITATION_BULLET|PAGE_CHECK_MARKER|SUNNI_BOOK,CONFLICT,YES,CONFLICT,P2,Resolve CONFLICT without silent merge of Sunni/Shia or opposing recensions.,,NO,"•  সাকালাইন («কিতাবুল্লাহ ও আমার ইতরাত, আহলুল বাইত») — মুসলিম ২৪০৮ (যায়েদ ইবনে আরকাম), তিরমিযি ৩৭৮৬ (জাবির), ৩৭৮৮ — CONFIRMED (S-173); আবু সাঈদ ও যায়েদ ইবনে সাবিতের বর্ণনা — PAGE-CHECK।"
B1-C00558,6458,REF-158,SHIA|SUNNI,MIXED_CITATION,Bihar_al-Anwar|Sahih_Muslim|Sahih_al-Bukhari,CITATION_BULLET|PAGE_CHECK_MARKER|SUNNI_BOOK|SHIA_BOOK,CONFLICT,YES,CONFLICT,P2,Resolve CONFLICT without silent merge of Sunni/Shia or opposing recensions.,,NO,"•  কাগজ-কলমের ঘটনা — সহীহ বুখারি (কিতাবুল ইলম, মাগাযি, মারাদুন নবী), মুসলিম; মুসনাদে আহমাদ ৩/৩৬৪; বিহারুল আনওয়ার ২২/৪৬৯; শেখ মুফিদ, আল-ইরশাদ — শ্রোতা ০৪-এর তালিকা, PAGE-CHECK।"
B1-C00564,6559,REF-160,SUNNI,SUNNI_NARRATION,Mustadrak_al-Hakim,CITATION_BULLET|PAGE_CHECK_MARKER|SUNNI_BOOK,EDITION-LOCK,YES,EDITION-LOCK,P2,Lock edition/page OR keep PAGE-CHECK / attribution-only? No fake VERIFIED.,,NO,•  মিসওয়ারের বর্ণনা («ফাতেমা আমার ফলবান বৃক্ষের শাখা…») — PAGE-CHECK (মুস্তাদরাক হাকিম/মুসনাদে আহমাদে মেলানো বাকি)।
B1-C00565,6560,REF-161,UNSPECIFIED,SOURCE_BLOCK_NOTE,,CITATION_BULLET|PAGE_CHECK_MARKER,CONFLICT,YES,CONFLICT,P2,Resolve CONFLICT without silent merge of Sunni/Shia or opposing recensions.,,NO,•  ইবনে আবী নুজাইহ — কুফার মিম্বরে আলী (আলাইহিস্ সালাম): «আমি অধিক প্রিয় নাকি ফাতেমা?» — PAGE-CHECK।
B1-C00575,6647,REF-164,SUNNI,SUNNI_NARRATION,Jami_al-Tirmidhi|Mustadrak_al-Hakim,CITATION_BULLET|PAGE_CHECK_MARKER|SUNNI_BOOK,CONFLICT,YES,CONFLICT,P2,Resolve CONFLICT without silent merge of Sunni/Shia or opposing recensions.,,NO,"•  «আমি জ্ঞানের শহর, আলী তার দরজা» — PAGE-CHECK (তিরমিযি/হাকিম; নম্বর মেলানো বাকি)।"
B1-C00577,6649,REF-166,SHIA,SHIA_NARRATION,Bihar_al-Anwar,CITATION_BULLET|PAGE_CHECK_MARKER|SHIA_BOOK,EDITION-LOCK,YES,EDITION-LOCK,P2,Lock edition/page OR keep PAGE-CHECK / attribution-only? No fake VERIFIED.,,NO,•  এক মহিলার প্রশ্ন ও মুক্তার প্রতিদান — ইমাম হাসান আসকারি (আলাইহিস্ সালাম)-এর তাফসির (বিহারুল আনওয়ার ২-এ উদ্ধৃত) — PAGE-CHECK।
B1-C00578,6695,,SHIA,SHIA_NARRATION,al-Kafi,SHIA_BOOK,EDITION-LOCK,YES,EDITION-LOCK,P2,Lock edition/page OR keep PAGE-CHECK / attribution-only? No fake VERIFIED.,,NO,"“এই প্রশ্নটা ইমাম জাফর সাদিক (আলাইহিস্ সালাম)-কেও লোকে করেছিল,” চাচা বললেন। কিতাবের আরেক জায়গা খুললেন, উসূলে কাফির একটি খণ্ড, পাতায় পাতায় কাগজের চিরকুট গোঁজা। পড়লেন:"
B1-C00579,6721,REF-167,UNSPECIFIED,ATTRIBUTION_ONLY,,BARNITA_MARKER|HADITH_WORD|RASUL_SAID,CONFLICT,YES,CONFLICT,P2,Resolve CONFLICT without silent merge of Sunni/Shia or opposing recensions.,,NO,"হাদিসে বর্ণিত আছে—একজন ব্যক্তি তার মাকে কাঁধে করে কাবার চারপাশে তাওয়াফ করালেন। তিনি ভাবলেন, হয়তো এভাবে তিনি তার মায়ের ঋণ শোধ করতে পারলেন। কিন্তু রাসূলুল্লাহ ﷺ বললেন, “না, এমনকি মায়ের এক মুহূর্তের কষ্টের প্রতিদানও হয়নি।” এটি এক মহাসত্য—সন্তান চাইলেও মায়ের ঋণ পরিশোধ করতে পারবে না।"
B1-C00581,6739,REF-168,UNSPECIFIED,SOURCE_BLOCK_NOTE,,CITATION_BULLET|PAGE_CHECK_MARKER,CONFLICT,YES,CONFLICT,P2,Resolve CONFLICT without silent merge of Sunni/Shia or opposing recensions.,,NO,•  মা সাইয়্যিদার মোহর পৃথিবীর এক-পঞ্চমাংশ; জিবরাঈলের পায়ের আঘাতে পাঁচ নদী — ফিকহুর রেজা (খাতার উল্লেখ) — PAGE-CHECK।
B1-C00582,6740,REF-169,UNSPECIFIED,ATTRIBUTION_ONLY,,CITATION_BULLET|PAGE_CHECK_MARKER|BARNITA_MARKER,CONFLICT,YES,CONFLICT,P2,Resolve CONFLICT without silent merge of Sunni/Shia or opposing recensions.,,NO,"•  «এতিমের এক দিরহাম… আমরাই সেই এতিম» — ইমাম রেজা (আলাইহিস্ সালাম) — বর্ণিত আছে, PAGE-CHECK।"
B1-C00583,6741,REF-170,SHIA,QURAN,al-Kafi,CITATION_BULLET|PAGE_CHECK_MARKER|SHIA_BOOK|HADITH_WORD,CONFLICT,YES,CONFLICT,P2,Resolve CONFLICT without silent merge of Sunni/Shia or opposing recensions.,,NO,"•  ৫৭:১১-এর ব্যাখ্যায় ইমাম কাযিম, ইমাম সাদিক (আলাইহিমাস্ সালাম)-এর হাদিস; «এক দিরহাম ওহুদের চেয়ে ভারী» (মায়াহ); «তোমাদের পবিত্র করার জন্য গ্রহণ করি» — আল-কাফি, কিতাবুল হুজ্জা (বাবু সিলাতিল ইমাম) — PAGE-CHECK।"
B1-C00584,6742,REF-171,UNSPECIFIED,ATTRIBUTION_ONLY,,CITATION_BULLET|PAGE_CHECK_MARKER|BARNITA_MARKER,CONFLICT,YES,CONFLICT,P2,Resolve CONFLICT without silent merge of Sunni/Shia or opposing recensions.,,NO,"•  মাকে কাঁধে নিয়ে তাওয়াফ — বর্ণিত আছে, PAGE-CHECK।"
B1-C00588,6791,REF-172,UNSPECIFIED,ATTRIBUTION_ONLY,,BARNITA_MARKER,CONFLICT,YES,CONFLICT,P2,Resolve CONFLICT without silent merge of Sunni/Shia or opposing recensions.,,NO,"বুরুল্লাহ আস্তে যোগ করল, “বর্ণিত আছে, কিয়ামতের দিন রাসূলুল্লাহ ﷺ এবং ইমাম আলী (আলাইহিস্ সালাম) সেই সেতুর উপর থাকবেন এবং কেবল তাঁদের ওয়ালিয়াতের উপর দৃঢ়পদে বহাল থাকা ব্যক্তিদেরই পার হতে দেবেন।"
B1-C00591,6804,REF-173,QURAN,QURAN,,CITATION_BULLET|PAGE_CHECK_MARKER,CONFLICT,YES,CONFLICT,P2,Resolve CONFLICT without silent merge of Sunni/Shia or opposing recensions.,,NO,"•  হাসকানী, শাওয়াহিদুত তানযীল (১:৬) — PAGE-CHECK। সা’লাবী, ইবনে বুরাইদা ও ইবনে আব্বাসের বর্ণনা — PAGE-CHECK।"
B1-C00592,6805,REF-174,SHIA,QURAN,Tafsir_al-Ayyashi|Tafsir_al-Qummi,CITATION_BULLET|PAGE_CHECK_MARKER|SHIA_BOOK,CONFLICT,YES,CONFLICT,P2,Resolve CONFLICT without silent merge of Sunni/Shia or opposing recensions.,,NO,"•  ইমাম বাকির (আ.): «আমরা স্পষ্ট পথ…»; ইমাম সাদিক (আ.): সেতু চুলের চেয়ে সূক্ষ্ম; ইমাম কাযিম (আ.) — ৬৭:২২-এর ব্যাখ্যা — তাফসীরে কুম্মী/আইয়াশী, মাআনিল আখবার (খাতার উল্লেখ) — PAGE-CHECK।"
B1-C00594,6826,REF-176,UNSPECIFIED,ATTRIBUTION_ONLY,,BARNITA_MARKER|QURAN_MARKER,CONFLICT,YES,CONFLICT,P2,Resolve CONFLICT without silent merge of Sunni/Shia or opposing recensions.,,NO,"বুরুল্লাহ বলল, “বর্ণিত আছে, আবু আবদুল্লাহ (আলাইহিস্ সালাম)-কে আয়াতের এই অংশটি, “এবং নিশ্চয়ই এটি আমার সরল পথ, সুতরাং এ পথ অনুসরণ করো, ” সম্পর্কে জিজ্ঞাসা করা হলে, তিনি বললেন: “আল্লাহর কসম, এটি আলী (আলাইহিস্ সালাম)-কে বোঝায়। আল্লাহর কসম, তিনিই সরল পথ এবং মিজান (মানদণ্ড)।”"
B1-C00597,6855,REF-177,UNSPECIFIED,SOURCE_BLOCK_NOTE,,CITATION_BULLET|PAGE_CHECK_MARKER,CONFLICT,YES,CONFLICT,P2,Resolve CONFLICT without silent merge of Sunni/Shia or opposing recensions.,,NO,"•  কান্দুযী, ইয়ানাবিউল মাওয়াদ্দা (আল-মানাকিব থেকে) — ইমাম বাকির ও ইমাম সাদিক (আলাইহিমাস্ সালাম) — PAGE-CHECK।"
B1-C00598,6856,REF-178,SHIA,SHIA_NARRATION,Tafsir_al-Ayyashi,CITATION_BULLET|PAGE_CHECK_MARKER|SUTRA_MARKER|SHIA_BOOK,CONFLICT,YES,CONFLICT,P2,Resolve CONFLICT without silent merge of Sunni/Shia or opposing recensions.,,NO,"•  আবু আবদুল্লাহ (আ.): «আল্লাহর কসম, তিনিই সরল পথ ও মিজান»; বুরাইদ আল-আজালির সূত্রে আবু জাফর (আ.) — তাফসীরে আইয়াশী — PAGE-CHECK।"
B1-C00607,7047,REF-183,SHIA,SHIA_NARRATION,Nahj_al-Balagha,CITATION_BULLET|PAGE_CHECK_MARKER,EDITION-LOCK,YES,EDITION-LOCK,P2,Lock edition/page OR keep PAGE-CHECK / attribution-only? No fake VERIFIED.,,NO,"•  «ঈমান হলো লাভের মিথ্যার ওপর ক্ষতির সত্যকে প্রাধান্য দেওয়া» — নাহজুল বালাগা, হিকমত ৪৫৫ (খাতার উল্লেখ; সংস্করণভেদে ৪৫৮) — PAGE-CHECK।"
B1-C00612,7116,REF-186,SUNNI,SUNNI_NARRATION,Jami_al-Tirmidhi,CITATION_BULLET|PAGE_CHECK_MARKER|SUTRA_MARKER|SUNNI_BOOK,CONFLICT,YES,CONFLICT,P2,Resolve CONFLICT without silent merge of Sunni/Shia or opposing recensions.,,NO,"•  উম্মে সালামার ঘরে চাদর; «তুমি স্বস্থানে, কল্যাণের মধ্যে» — উমর ইবনে আবি সালামার সূত্রে জামে তিরমিযি — PAGE-CHECK (নম্বর মেলানো বাকি)।"
B1-C00613,7117,REF-187,UNSPECIFIED,SOURCE_BLOCK_NOTE,,CITATION_BULLET|PAGE_CHECK_MARKER,CONFLICT,YES,CONFLICT,P2,Resolve CONFLICT without silent merge of Sunni/Shia or opposing recensions.,,NO,"•  ইবনে আব্বাস: নয় মাস প্রতি নামাজে আলীর ঘরের দরজায় সালাম — PAGE-CHECK; আনাস, আবু বারযা, আবুল হামরা, আবু সাঈদের অনুরূপ বর্ণনা — PAGE-CHECK।"
B1-C00618,7181,REF-188,SUNNI,SUNNI_NARRATION,Jami_al-Tirmidhi|Sahih_Muslim|al-Bayhaqi,CITATION_BULLET|PAGE_CHECK_MARKER|SUTRA_MARKER|SUNNI_BOOK,CONFLICT,YES,CONFLICT,P2,Resolve CONFLICT without silent merge of Sunni/Shia or opposing recensions.,,NO,"•  কিসার সংক্ষিপ্ত রূপ (উম্মে সালামা ও আয়িশার সূত্রে) — সহীহ মুসলিম ২৪২৪ — CONFIRMED (SECOND_NOTEBOOK/CITATION_RISK; D-017); তিরমিযি, মুস্তাদরাক, বায়হাকী, দুররে মানসুর, শাওয়াহিদুত তানযীল, মুসনাদে আহমাদ (খাতার তালিকা) — PAGE-CHECK।"
B1-C00619,7182,REF-189,UNSPECIFIED,SOURCE_BLOCK_NOTE,,CITATION_BULLET|PAGE_CHECK_MARKER,CONFLICT,YES,CONFLICT,P2,Resolve CONFLICT without silent merge of Sunni/Shia or opposing recensions.,,NO,"•  আনাস: ফজরের আগে আলী ও ফাতিমার দরজায় «আস-সালাত, ইয়া আহলাল বাইত» — শাওয়াহিদুত তানযীল — PAGE-CHECK।"
B1-C00620,7183,REF-190,UNSPECIFIED,SOURCE_BLOCK_NOTE,,CITATION_BULLET|PAGE_CHECK_MARKER|SUTRA_MARKER|HADITH_WORD,CONFLICT,YES,CONFLICT,P2,Resolve CONFLICT without silent merge of Sunni/Shia or opposing recensions.,,NO,•  জাবিরের সূত্রে মা সাইয়্যিদার জবানিতে হাদিসে কিসা (দীর্ঘ রূপ) — আওয়ালিমুল উলুম / মাফাতিহুল জিনান-এ সংকলিত — PAGE-CHECK।
B1-C00621,7184,REF-191,SUNNI,SUNNI_NARRATION,Mustadrak_al-Hakim,CITATION_BULLET|PAGE_CHECK_MARKER|BARNITA_MARKER|SUNNI_BOOK,CONFLICT,YES,CONFLICT,P2,Resolve CONFLICT without silent merge of Sunni/Shia or opposing recensions.,,NO,"•  আবু যারের কাবার দরজায় বাণী: «আমার আহলুল বাইত নূহের কিস্তির মতো» — বর্ণিত আছে, PAGE-CHECK (মুস্তাদরাক হাকিম)।"
B1-C00630,7424,REF-194,SHIA,SHIA_NARRATION,Nahj_al-Balagha,CITATION_BULLET|PAGE_CHECK_MARKER,EDITION-LOCK,YES,EDITION-LOCK,P2,Lock edition/page OR keep PAGE-CHECK / attribution-only? No fake VERIFIED.,,NO,"•  «আমি এমন আল্লাহর ইবাদত করি না যাঁকে দেখি না» — নাহজুল বালাগা, খুতবা ১৭৯ (জি'লিব আল-ইয়ামানির প্রশ্ন) — PAGE-CHECK (অধ্যায় ৯-এ বিস্তারিত)।"
B1-C00632,7433,,SHIA,SHIA_NARRATION,Nahj_al-Balagha,,EDITION-LOCK,YES,EDITION-LOCK,P2,Lock edition/page OR keep PAGE-CHECK / attribution-only? No fake VERIFIED.,,NO,"তিনি জায়নামাজটা তাকে রাখলেন, আর তাক থেকে নামালেন একটি পুরোনো বাংলা নাহজুল বালাগা, মলাটে সোনালি অক্ষর মুছে গেছে। রাহাতের পাশে বসে খুললেন। অধ্যায়ের শুরুতে অনুবাদকের কয়েকটি লাইন; চাচা সেখান থেকেই পড়তে শুরু করলেন, আঙুল লাইনের নিচে রেখে:"
B1-C00633,7496,REF-195,SHIA,SHIA_NARRATION,Nahj_al-Balagha,CITATION_BULLET|PAGE_CHECK_MARKER,EDITION-LOCK,YES,EDITION-LOCK,P2,Lock edition/page OR keep PAGE-CHECK / attribution-only? No fake VERIFIED.,,NO,"•  «যাঁকে দেখিনি, তাঁর ইবাদত করি না… চোখ নয়, অন্তর ঈমানের বাস্তবতায় তাঁকে দেখে» — নাহজুল বালাগা, খুতবা ১৭৯ (যি’লিব আল-ইয়ামানির প্রশ্ন) — PAGE-CHECK (সংস্করণভেদে নম্বর)।"
B1-C00635,7498,REF-197,SHIA,SHIA_NARRATION,al-Kafi,CITATION_BULLET|PAGE_CHECK_MARKER|BARNITA_MARKER|SHIA_BOOK,EDITION-LOCK,YES,EDITION-LOCK,P2,Lock edition/page OR keep PAGE-CHECK / attribution-only? No fake VERIFIED.,,NO,"•  ইহুদি আলেমের প্রশ্ন «আল্লাহ কখন থেকে আছেন?» — বর্ণিত আছে (আল-কাফি, কিতাবুত তাওহিদ?) — PAGE-CHECK।"
B1-C00638,7555,REF-199,SHIA,SHIA_NARRATION,Bihar_al-Anwar,CITATION_BULLET|PAGE_CHECK_MARKER|SHIA_BOOK,EDITION-LOCK,YES,EDITION-LOCK,P2,Lock edition/page OR keep PAGE-CHECK / attribution-only? No fake VERIFIED.,,NO,"•  কুরাইশদের ভুলের কারণ «একই নূর» — বিহারুল আনওয়ার, ৫ম খণ্ড (খাতার উল্লেখ) — PAGE-CHECK।"
B1-C00641,7600,REF-201,SUNNI,SUNNI_NARRATION,Sahih_Muslim|Sahih_al-Bukhari,CITATION_BULLET|PAGE_CHECK_MARKER|BARNITA_MARKER|SUNNI_BOOK,CONFLICT,YES,CONFLICT,P2,Resolve CONFLICT without silent merge of Sunni/Shia or opposing recensions.,,NO,"•  «যে স্বপ্নে আমাকে দেখল, সে সত্যিই আমাকে দেখল» — বর্ণিত আছে, PAGE-CHECK (বুখারি/মুসলিম; নম্বর মেলানো বাকি)।"
B1-C00642,7601,REF-202,SUNNI,SUNNI_NARRATION,Sahih_al-Bukhari,CITATION_BULLET|PAGE_CHECK_MARKER|SUNNI_BOOK,CONFLICT,YES,CONFLICT,P2,Resolve CONFLICT without silent merge of Sunni/Shia or opposing recensions.,,NO,"•  আবদুল্লাহ ইবনে উবাইকে জামা দান ও জানাজা — সহীহ বুখারি, কিতাবুল জানাইয (খাতার উল্লেখ ১৩৫০) — PAGE-CHECK; «এক হাজার খাযরাজি» — PAGE-CHECK।"
B1-C00645,7660,REF-204,SHIA,SHIA_NARRATION,Tafsir_al-Qummi,CITATION_BULLET|PAGE_CHECK_MARKER|SHIA_BOOK|HADITH_WORD,EDITION-LOCK,YES,EDITION-LOCK,P2,Lock edition/page OR keep PAGE-CHECK / attribution-only? No fake VERIFIED.,,NO,"•  ইউনুস ইবনে যিবইয়ানের রেওয়ায়েত (আল্লাহর ‘চেহারা’ ও ‘হাত’; বারো ইমাম; «প্রতিটি সময়ের জন্য একটি হাদিস») — শাইখ সাদুক, কামালুদ্দীন ওয়া তামামুন নি'মা; খাযযায কুম্মী, কিফায়াতুল আসার (খাতার উল্লেখ) — PAGE-CHECK (নকশার নির্দেশ: যাচাই)।"
B1-C00648,7768,REF-205,UNSPECIFIED,ATTRIBUTION_ONLY,,BARNITA_MARKER|RASUL_SAID,CONFLICT,YES,CONFLICT,P2,Resolve CONFLICT without silent merge of Sunni/Shia or opposing recensions.,,NO,"“বর্ণিত আছে, আল্লাহ বলেছেন— আমাকে ভালোবাসো, তার আগে আমার রাসূলকে ভালোবাসো, আর রাসূলকে ভালোবাসো, তার আগে আমার ওলিকে ভালোবাসো।”"
B1-C00652,7812,REF-206,SUNNI,SUNNI_NARRATION,Jami_al-Tirmidhi|Sahih_Muslim,CITATION_BULLET|PAGE_CHECK_MARKER|SUNNI_BOOK|HADITH_WORD,CONFLICT,YES,CONFLICT,P2,Resolve CONFLICT without silent merge of Sunni/Shia or opposing recensions.,,NO,"•  সাকালাইনের হাদীস: «কিতাবুল্লাহ ও আহলুল বাইত» সহীহ মুসলিম ২৪০৮ (শব্দ «أهل بيتي»; CONFIRMED, সংস্করণ-পাঠ); «যদি আঁকড়ে ধরো, কখনো বিভ্রান্ত হবে না» অংশটি জামে তিরমিযি ৩৭৮৬ («كتاب الله وعترتي أهل بيتي», হাসান গরিব; CONFIRMED, সংস্করণ-পাঠ; মান নিয়ে মতভেদ আছে)। খাতার «তিরমিযি ৩৭৮৮» PAGE-CHECK।"
B1-C00653,7813,REF-207,UNSPECIFIED,ATTRIBUTION_ONLY,,CITATION_BULLET|PAGE_CHECK_MARKER|BARNITA_MARKER,CONFLICT,YES,CONFLICT,P2,Resolve CONFLICT without silent merge of Sunni/Shia or opposing recensions.,,NO,"•  «আমি জ্ঞানের শহর, আলী তার দরজা» — বর্ণিত আছে; PAGE-CHECK (কিতাব-খণ্ড-পৃষ্ঠা লাগবে)।"
B1-C00654,7814,REF-208,UNSPECIFIED,ATTRIBUTION_ONLY,,CITATION_BULLET|PAGE_CHECK_MARKER|BARNITA_MARKER|HADITH_WORD,CONFLICT,YES,CONFLICT,P2,Resolve CONFLICT without silent merge of Sunni/Shia or opposing recensions.,,NO,"•  কিশতীর হাদীস («যে চড়বে, সে নাজাত পাবে») — বর্ণিত আছে; PAGE-CHECK।"
B1-C00656,7816,REF-209,UNSPECIFIED,ATTRIBUTION_ONLY,,CITATION_BULLET|PAGE_CHECK_MARKER|BARNITA_MARKER,CONFLICT,YES,CONFLICT,P2,Resolve CONFLICT without silent merge of Sunni/Shia or opposing recensions.,,NO,"•  «আমাকে ভালোবাসো, তার আগে আমার রাসূলকে… ওলিকে» — বর্ণিত আছে; উৎস পাওয়া যায়নি, PAGE-CHECK।"
B1-C00659,7871,REF-211,UNSPECIFIED,ATTRIBUTION_ONLY,,BARNITA_MARKER|QURAN_MARKER,CONFLICT,YES,CONFLICT,P2,Resolve CONFLICT without silent merge of Sunni/Shia or opposing recensions.,,NO,"বুরুল্লাহ সোজা হয়ে বসল। হাত বাড়িয়ে আমার খাতাটা নিল; এই আয়াতের নিচে আমি একটি বর্ণনা টুকে রেখেছিলাম, সে জানত। মোবাইলের আলো পাতায় ফেলে পড়ল, “এই আয়াতের তাফসিরে ইমাম সাদিক (আলাইহিস্ সালাম) বলেছেন বলে বর্ণিত আছে— যেহেতু উল্লেখিত ‘গভীর অন্ধকার’ বলতে প্রথমজনকে এবং তার সঙ্গীদেরকে বোঝানো হয়েছে, ‘যাকে আচ্ছন্ন করে রেখেছে ঢেউয়ের উপরে ঢেউ’ বলতে তৃতীয়জন"
B1-C00660,7884,,SHIA,SHIA_NARRATION,Nahj_al-Balagha,,EDITION-LOCK,YES,EDITION-LOCK,P2,Lock edition/page OR keep PAGE-CHECK / attribution-only? No fake VERIFIED.,,NO,"বুরুল্লাহর ঠোঁটের কোণ উঠে গেল। “নিচে আব্বুর তাকে নাহজুল বালাগা আছে। সবুজ মলাট, তিন নম্বর তাকে। নিয়ে এসো। খুতবা খুঁজে বের করো, আমি দেখিয়ে দেব।”"
B1-C00661,7940,,SHIA,SHIA_NARRATION,Nahj_al-Balagha,,EDITION-LOCK,YES,EDITION-LOCK,P2,Lock edition/page OR keep PAGE-CHECK / attribution-only? No fake VERIFIED.,,NO,তাকাভি নাহজুল বালাগাটা বন্ধ করে বুকে চেপে রাখল। “সেই আলো আমাদের হৃদয়ে প্রবেশ করুক। আজ রাত যেন তার শুরু হোক।”
B1-C00664,7959,REF-212,QURAN,QURAN,,CITATION_BULLET|PAGE_CHECK_MARKER|BARNITA_MARKER,CONFLICT,YES,CONFLICT,P2,Resolve CONFLICT without silent merge of Sunni/Shia or opposing recensions.,,NO,"•  ২৪:৪০-এর তাফসিরে ইমাম জাফর আস-সাদিক (আলাইহিস্ সালাম)-এর ব্যাখ্যা — বর্ণিত আছে; PAGE-CHECK (তাফসিরে কুম্মি বলে অনুমান, খোলা হয়নি)।"
B1-C00665,7960,REF-213,SHIA,SHIA_NARRATION,Nahj_al-Balagha,CITATION_BULLET|PAGE_CHECK_MARKER,EDITION-LOCK,YES,EDITION-LOCK,P2,Lock edition/page OR keep PAGE-CHECK / attribution-only? No fake VERIFIED.,,NO,"•  «ফিতনা শুরু হয় খেয়াল-খুশির অনুসরণ ও নতুন বিধান উদ্ভাবনে… মিশ্রিত সত্য-মিথ্যায় শয়তান বেঁধে ফেলে» — আমিরুল মুমিনিন (আলাইহিস্ সালাম)-এর বাণী, নাহজুল বালাগা খুতবা ৫০-এর ভাব; PAGE-CHECK।"
B1-C00666,7961,REF-214,SHIA,SHIA_NARRATION,Nahj_al-Balagha,CITATION_BULLET|PAGE_CHECK_MARKER,EDITION-LOCK,YES,EDITION-LOCK,P2,Lock edition/page OR keep PAGE-CHECK / attribution-only? No fake VERIFIED.,,NO,"•  নাহরাওয়ানের পর «আমি ফিতনার চোখ অন্ধ করেছি… আহলুল বাইতের দিকে তাকিয়ে থাকো… তাদের আগে এগিয়ো না» — নাহজুল বালাগা খুতবা ৯৩-এর অংশবিশেষের ভাব; খাতার বর্ণনা নাটকীয় পুনর্কথন, PAGE-CHECK (খুতবা নম্বর সংস্করণভেদে ভিন্ন)।"
B1-C00669,8019,REF-216,UNSPECIFIED,ATTRIBUTION_ONLY,,BARNITA_MARKER,CONFLICT,YES,CONFLICT,P2,Resolve CONFLICT without silent merge of Sunni/Shia or opposing recensions.,,NO,"“বর্ণিত আছে, ইমাম আল-রেযা (আলাইহিস্ সালাম)-এর সেবা করতেন এমন একজন বর্ণনা করেছেন, ইমাম বলেছেন— ‘একজন মুমিন কখনোই পরিপূর্ণ মুমিন হতে পারে না, যতক্ষণ না তার মধ্যে তিনটি গুণাবলি থাকে— তার প্রতিপালকের (আল্লাহ) একটি সুন্নাহ, তার নবীর একটি সুন্নাহ, তার ইমামের (আলাইহিস্ সালাম) একটি সুন্নাহ।’”"
B1-C00670,8039,,SHIA,SHIA_NARRATION,al-Kafi,SHIA_BOOK|HADITH_WORD|RASUL_SAID,EDITION-LOCK,YES,EDITION-LOCK,P2,Lock edition/page OR keep PAGE-CHECK / attribution-only? No fake VERIFIED.,,NO,"“আল-কাফিতে একটা হাদীস আছে, আমার খুব প্রিয়।” সে পর্দা থেকে পড়ল, “ইমাম জাফর আস-সাদিক (আলাইহিস্ সালাম) বর্ণনা করেছেন, রাসূলুল্লাহ ﷺ বলেছেন: আমার পরে ঈমানকে নষ্ট করার জন্য যত বিদআত আসবে, প্রত্যেকটার সামনে আমার আহলুল বাইত থেকে একজন অভিভাবক থাকবেন, যিনি ঈমানকে রক্ষা করবেন।”"
B1-C00671,8081,,SHIA,SHIA_NARRATION,al-Kafi,SHIA_BOOK|HADITH_WORD,EDITION-LOCK,YES,EDITION-LOCK,P2,Lock edition/page OR keep PAGE-CHECK / attribution-only? No fake VERIFIED.,,NO,"“সাদিক ভাই, এই হাদীসগুলোর কিতাব খুঁজে দেবেন? উসুলে কাফির বাংলা কোথাও পাওয়া যায়?”"
B1-C00673,8091,REF-217,SHIA,SHIA_NARRATION,al-Kafi,CITATION_BULLET|PAGE_CHECK_MARKER|SHIA_BOOK|HADITH_WORD,CONFLICT,YES,CONFLICT,P2,Resolve CONFLICT without silent merge of Sunni/Shia or opposing recensions.,,NO,"•  «প্রত্যেক বিদআত পথভ্রষ্টতা, প্রত্যেক পথভ্রষ্টতা আগুনে» — আল-কাফি, খণ্ড ১, কিতাবু ফাদলিল ইলম, বাব: বিদআত, নিজস্ব মত ও কিয়াস, হাদীস ৮; «আল্লাহ বিদআতির তওবা গ্রহণে অস্বীকার করেন» — একই বাব, হাদীস ৪; «বিদআতকারীকে সম্মান দেখানো ইসলাম ধ্বংসের চেষ্টা» — একই বাব, হাদীস ৩; «প্রতিটি বিদআতের সামনে আমার আহলুল বাইত থেকে একজন অভিভাবক» — একই বাব, হাদীস ৫। আগে"
B1-C00674,8092,REF-218,SHIA,SHIA_NARRATION,al-Kafi,CITATION_BULLET|PAGE_CHECK_MARKER|BARNITA_MARKER|SHIA_BOOK,EDITION-LOCK,YES,EDITION-LOCK,P2,Lock edition/page OR keep PAGE-CHECK / attribution-only? No fake VERIFIED.,,NO,•  «বান্দার কাফের হওয়ার ন্যূনতম কারণ» — বর্ণিত আছে; PAGE-CHECK (আল-কাফি খণ্ড ২-এ খুঁজতে হবে)।
B1-C00675,8093,REF-219,SHIA,SHIA_NARRATION,al-Kafi,CITATION_BULLET|PAGE_CHECK_MARKER|BARNITA_MARKER|SHIA_BOOK,EDITION-LOCK,YES,EDITION-LOCK,P2,Lock edition/page OR keep PAGE-CHECK / attribution-only? No fake VERIFIED.,,NO,"•  শিকল-পরা লোকের ঘটনা — বর্ণিত আছে; আল-কাফিতে পাওয়া যায়নি (লগ B3), উৎস PAGE-CHECK।"
B1-C00676,8094,REF-220,UNSPECIFIED,ATTRIBUTION_ONLY,,CITATION_BULLET|PAGE_CHECK_MARKER|BARNITA_MARKER,CONFLICT,YES,CONFLICT,P2,Resolve CONFLICT without silent merge of Sunni/Shia or opposing recensions.,,NO,•  ইমাম আল-রেযা (আলাইহিস্ সালাম)-এর «তিন সুন্নাহ» — বর্ণিত আছে; PAGE-CHECK।
B1-C00679,8113,,SHIA,SHIA_NARRATION,al-Kafi,SHIA_BOOK,EDITION-LOCK,YES,EDITION-LOCK,P2,Lock edition/page OR keep PAGE-CHECK / attribution-only? No fake VERIFIED.,,NO,“উসুলে কাফির বাংলা আছে?” আমি জানতে চাইলাম।
B1-C00680,8131,,SHIA,SHIA_NARRATION,al-Kafi,SHIA_BOOK,EDITION-LOCK,YES,EDITION-LOCK,P2,Lock edition/page OR keep PAGE-CHECK / attribution-only? No fake VERIFIED.,,NO,"“কাফির বাংলা পেলেন?” সে জানতে চাইল, জামার হাতায় কপাল মুছতে মুছতে।"
B1-C00681,8134,REF-222,UNSPECIFIED,ATTRIBUTION_ONLY,,BARNITA_MARKER|QURAN_MARKER|HADITH_WORD|RASUL_SAID,CONFLICT,YES,CONFLICT,P2,Resolve CONFLICT without silent merge of Sunni/Shia or opposing recensions.,,NO,"ইবনু আব্বাস হতে বর্ণিত আছে, রাসূলুল্লাহ ﷺ বলেন: নিশ্চিতভাবে যা তোমাদের জানা আছে তা ব্যতীত আমার নিকট হতে হাদীস বর্ণনা করা থেকে তোমরা নিবৃত্ত থাকবে। কারণ যে ব্যক্তি ইচ্ছাকৃতভাবে আমার প্রতি মিথ্যা আরোপ করে সে যেন জাহান্নামকে নিজের আবাস বানিয়ে নিল। আর যে ব্যক্তি নিজের খেয়াল মর্জিমত কুরআন প্রসঙ্গে কথা বলে সেও যেন জাহান্নামকে নিজের গৃহ বানিয়ে নিল।"
B1-C00685,8193,REF-223,SUNNI,SUNNI_NARRATION,Jami_al-Tirmidhi,CITATION_BULLET|PAGE_CHECK_MARKER|QURAN_MARKER|SUNNI_BOOK|HADITH_WORD,CONFLICT,YES,CONFLICT,P2,Resolve CONFLICT without silent merge of Sunni/Shia or opposing recensions.,,NO,"•  ইবনে আব্বাসের হাদীস («যা জানা আছে তা ছাড়া হাদীস বর্ণনা থেকে বিরত থাকো… খেয়াল মর্জিমত কুরআন প্রসঙ্গে কথা বলে») — জামে তিরমিযি, তাফসির অধ্যায় (২৯৫০/২৯৫১, সংস্করণভেদে); PAGE-CHECK।"
B1-C00686,8194,REF-224,SUNNI,SUNNI_NARRATION,Jami_al-Tirmidhi,CITATION_BULLET|PAGE_CHECK_MARKER|BARNITA_MARKER|QURAN_MARKER|SUNNI_BOOK,CONFLICT,YES,CONFLICT,P2,Resolve CONFLICT without silent merge of Sunni/Shia or opposing recensions.,,NO,"•  «যে ব্যক্তি সঠিক ইলম ব্যতীত কুরআন প্রসঙ্গে কোন কথা বলে…» (REV1-এ ফেরানো, ¶12200) — বর্ণিত আছে; PAGE-CHECK (তিরমিযি তাফসির অধ্যায় হতে পারে)।"
B1-C00687,8195,REF-225,SUNNI,SUNNI_NARRATION,Jami_al-Tirmidhi|Sunan_Abu_Dawud,CITATION_BULLET|PAGE_CHECK_MARKER|SUNNI_BOOK|HADITH_WORD,CONFLICT,YES,CONFLICT,P2,Resolve CONFLICT without silent merge of Sunni/Shia or opposing recensions.,,NO,•  যুনদুবের হাদীস («মনগড়া ব্যাখ্যা সঠিক হলেও ভুল») — সুনান আবু দাউদ ৩৬৫২ (খাতামতো) ও তিরমিযি; PAGE-CHECK।
B1-C00688,8196,REF-226,SHIA,SHIA_NARRATION,Nahj_al-Balagha|al-Kafi,CITATION_BULLET|PAGE_CHECK_MARKER|SHIA_BOOK|HADITH_WORD,CONFLICT,YES,CONFLICT,P2,Resolve CONFLICT without silent merge of Sunni/Shia or opposing recensions.,,NO,"•  «আল্লাহর কাছে সবচেয়ে ঘৃণিত… জ্ঞানের নামে মূর্খতা বিক্রি করে» — আমিরুল মুমিনিন (আলাইহিস্ সালাম)-এর বাণী, নাহজুল বালাগা খুতবা ১৭-এর ভাব; আল-কাফি খণ্ড ১, বাব: বিদআত…, হাদীস ৬ (আগের পাসের যাচাই, PART_09 লগ B5); PAGE-CHECK।"
B1-C00691,8237,,SUNNI,SUNNI_NARRATION,Mustadrak_al-Hakim,SUNNI_BOOK,EDITION-LOCK,YES,EDITION-LOCK,P2,Lock edition/page OR keep PAGE-CHECK / attribution-only? No fake VERIFIED.,,NO,হাকিম
B1-C00692,8238,,SUNNI,SUNNI_NARRATION,Mustadrak_al-Hakim,QURAN_MARKER|SUNNI_BOOK,EDITION-LOCK,YES,EDITION-LOCK,P2,Lock edition/page OR keep PAGE-CHECK / attribution-only? No fake VERIFIED.,,NO,"তার নাম হাকিম। তার কণ্ঠ ঝরতো সুরের মত, তরুণ হৃদয়ের খঞ্জনে ডাকের মতো— কুরআনের তিলাওয়াতে মোহিত করত সকলকে। সে তাফসীর করত এমন ভঙ্গিতে, যেন কুরআনের রহস্য শুধু তার কাছেই উন্মোচিত, আর গোটা উম্মাহ বুঝেই না কুরআনের ভাষা। তার চোখে জ্বলত আত্মবিশ্বাসের শিখা, কিন্তু সেই আলো ছায়া ফেলে রাখত হৃদয়ের গভীরে— সেখানে ছিল আত্মগর্ভের অন্ধকার। সে বলত: “ইজতিহাদ? সেটাও "
B1-C00693,8240,,SUNNI,SUNNI_NARRATION,Mustadrak_al-Hakim,SUNNI_BOOK,EDITION-LOCK,YES,EDITION-LOCK,P2,Lock edition/page OR keep PAGE-CHECK / attribution-only? No fake VERIFIED.,,NO,"“না,” বুরুল্লাহ বলল। “বুড়ো শুধু উপদেশ দেন। হাকিম নিজে নিয়ম বানাত। শোন।”"
B1-C00694,8243,,SUNNI,SUNNI_NARRATION,Mustadrak_al-Hakim,SUNNI_BOOK,EDITION-LOCK,YES,EDITION-LOCK,P2,Lock edition/page OR keep PAGE-CHECK / attribution-only? No fake VERIFIED.,,NO,"তার বক্তব্যে ছিল আবেগ, তালমিল আর দর্শকের উল্লাস— তবে তার হৃদয়ে ছিল না নাবুয়্যাতের উত্তরাধিকারীদের দৃষ্টি, ছিল না ওহির ধ্বনি। অথচ-- সে সেজদাহ করেনি আহলুল বাইতের দরজায়, সে অশ্রু ফেলেনি মা সাইয়্যিদা ফাতিমাতুয্ যাহরা (আলাইহাস্ সালাম)'র নিভে যাওয়া প্রদীপের জন্য। সে শোনেনি হাসানের বিষ বা হুসাইনের (আলাইহিস্ সালাম) রক্তের কাহিনী হৃদয়ের ভাষায়। তার জ্"
B1-C00695,8252,,SUNNI,SUNNI_NARRATION,Mustadrak_al-Hakim,SUNNI_BOOK,EDITION-LOCK,YES,EDITION-LOCK,P2,Lock edition/page OR keep PAGE-CHECK / attribution-only? No fake VERIFIED.,,NO,"রাত গভীর, কিন্তু মসজিদের মিম্বারে হাকিমের কণ্ঠ যেন অন্ধকারকে আরও কালো করে তোলে। ""আজ সকালে, এক নারী বাসে নেকাব ছাড়া আমার পাশে বসেছে! এটাই উম্মাহর ধ্বংসের আলামত। আমি ঘোষণা করছি— এই পরিবার সমাজচ্যুত, একঘরে হোক। এটাই ‘আমর বিল মারুফ ও নহি আনিল মুনকার’!”"
B1-C00696,8253,,SUNNI,SUNNI_NARRATION,Mustadrak_al-Hakim,SUNNI_BOOK,EDITION-LOCK,YES,EDITION-LOCK,P2,Lock edition/page OR keep PAGE-CHECK / attribution-only? No fake VERIFIED.,,NO,"জনতা উত্তপ্ত— ধর্মের নামে জ্বলছে অন্ধ উন্মাদনা। সেই রাতেই ঘটে সর্বনাশ। উগ্র হাকিমের অনুসারীরা ঢুকে পড়ে সেই নারীর ঘরে, শিশু সন্তানকে ছুঁড়ে ফেলে দেয় মেঝেতে, সিঁড়ি থেকে ধাক্কা দেয় মাকে— কোমর ভেঙে যায়, চলার শক্তি হারান তিনি— চিরতরে।"
B1-C00697,8259,,SHIA,SHIA_NARRATION,al-Kafi,SHIA_BOOK|HADITH_WORD,EDITION-LOCK,YES,EDITION-LOCK,P2,Lock edition/page OR keep PAGE-CHECK / attribution-only? No fake VERIFIED.,,NO,"হারুন তাকে নিয়ে গেলেন এক জিকিরভরা সন্ধ্যায়— হযরত যায়নাব (আলাইহাস্ সালাম)-এর মাহফিলে, যেখানে বাতাসেও ছিল কান্না, তসবিহ, আর মিম্বারে দাঁড়িয়ে এক তরুণ পাঠ করছিল জ্ঞানের দীপ্তি। সে বলছিল— ""আমিরুল মু’মিনিন (আলাইহিস্ সালাম) এর সেই বাণী শুনুন, যা আল-কাফি-র হাদিসে যেন বজ্রের মতো প্রতিধ্বনিত হয়— আল্লাহর কাছে সবচেয়ে ঘৃণিত দুই ধরণের মানুষ রয়েছে। প্রথমজ"
B1-C00698,8261,,SUNNI,SUNNI_NARRATION,Mustadrak_al-Hakim,SUNNI_BOOK|HADITH_WORD,EDITION-LOCK,YES,EDITION-LOCK,P2,Lock edition/page OR keep PAGE-CHECK / attribution-only? No fake VERIFIED.,,NO,"হারুন নিঃশব্দে বললেন— “এই হাকিম, আজ মিম্বারে দাঁড়িয়ে নিজের মতামতের খঞ্জর দিয়ে মানুষকে পঙ্গু করেছে— সে যেন এই হাদিসেরই জীবন্ত প্রতিচ্ছবি।”"
B1-C00699,8264,,SHIA|SUNNI,MIXED_CITATION,Mustadrak_al-Hakim|al-Kafi,SUNNI_BOOK|SHIA_BOOK,EDITION-LOCK,YES,EDITION-LOCK,P2,Lock edition/page OR keep PAGE-CHECK / attribution-only? No fake VERIFIED.,,NO,"হাকিমের ঘটনাটি যেন আগুনে ঘি ঢেলে দিল— সারা সমাজে আলোড়ন, তর্ক, কান্না আর জাগরণ। এবার হারুন চুপ থাকেন না। তিনি উঠে দাঁড়ান মসজিদের মিম্বারে, যেখানে একসময় দাঁড়িয়েছিল সেই জাহেল ফতোয়াবাজ। হারুন বলেন— ""যখন জাহেল ব্যক্তি আলেমের আসনে বসে, আর প্রকৃত আলেমেরা নীরব থাকে— তখন উম্মাহর ধ্বংস শুধু সময়ের অপেক্ষা হয়ে যায়।” তার কণ্ঠে ছিল কান্না, শব্দে ছিল বিদ"
B1-C00700,8286,,SUNNI,SUNNI_NARRATION,Mustadrak_al-Hakim,SUNNI_BOOK,EDITION-LOCK,YES,EDITION-LOCK,P2,Lock edition/page OR keep PAGE-CHECK / attribution-only? No fake VERIFIED.,,NO,"«সাদিক ভাই, আমার ফজরের ভিডিওটাতে আজ পর্যন্ত সাতাশটা লাইক। আজ রাতে গুনলাম। হাকিমের দলীলের কথা শোনার পর থেকে গুনতে ইচ্ছা করছিল না, তবু গুনলাম।»"
B1-C00704,8292,REF-228,UNSPECIFIED,ATTRIBUTION_ONLY,,CITATION_BULLET|PAGE_CHECK_MARKER|BARNITA_MARKER,CONFLICT,YES,CONFLICT,P2,Resolve CONFLICT without silent merge of Sunni/Shia or opposing recensions.,,NO,"•  «রাসূলুল্লাহ ﷺ জাবিরকে বলেছিলেন… জ্ঞান-দ্বার» (REV1-এ ফেরানো, ¶12313–12315) — বর্ণিত আছে; PAGE-CHECK।"
B1-C00707,8295,REF-231,SHIA,SHIA_NARRATION,Nahj_al-Balagha|al-Kafi,CITATION_BULLET|PAGE_CHECK_MARKER|SHIA_BOOK|HADITH_WORD,CONFLICT,YES,CONFLICT,P2,Resolve CONFLICT without silent merge of Sunni/Shia or opposing recensions.,,NO,"•  «আল্লাহর কাছে সবচেয়ে ঘৃণিত দুই মানুষ» — আল-কাফি খণ্ড ১, বাব: বিদআত…, হাদীস ৬ = নাহজুল বালাগা খুতবা ১৭ (আগের পাসের যাচাই, PART_09 লগ B5); PAGE-CHECK।"
B1-C00709,8348,REF-233,UNSPECIFIED,ATTRIBUTION_ONLY,,BARNITA_MARKER,CONFLICT,YES,CONFLICT,P2,Resolve CONFLICT without silent merge of Sunni/Shia or opposing recensions.,,NO,"“আর তুমি গাদিরের কথা তো শুনেছ।” চাচা ডান হাতের তর্জনী বাঁ হাতের কড়ে আঙুলে রাখলেন। “যার মাওলা আমি, আলী তার মাওলা। রাসূলুল্লাহ ﷺ বিদায় হজ থেকে ফেরার পথে, রোদের মধ্যে থেমে, আলী (আলাইহিস্ সালাম)-এর হাত তুলে এই কথা বলেছিলেন। বর্ণিত আছে, এরপর সাহাবিরা ইমাম আলী (আলাইহিস্ সালাম)-কে অভিনন্দন জানিয়েছিলেন— অভিনন্দন হোক হে আবু তালিবের পুত্র! তুমি আমার এবং প"
B1-C00712,8402,,SHIA,SHIA_NARRATION,al-Kafi,QURAN_MARKER|SHIA_BOOK,EDITION-LOCK,YES,EDITION-LOCK,P2,Lock edition/page OR keep PAGE-CHECK / attribution-only? No fake VERIFIED.,,NO,"মুসা (আলাইহিস্ সালাম) যেমন ফিরআউনের বিরুদ্ধে বিজয় লাভ করেন, রাসূলও তেমনি কুরাইশ কাফির ও অন্য শত্রুদের বিরুদ্ধে বিজয় লাভ করেন; মুসা (আলাইহিস্ সালাম)’র স্ত্রী সাফুরা তাঁর প্রতিনিধি ইউশা বিন নূন’র বিরুদ্ধে লড়াই করেছিল, তেমনি রাসূলুল্লাহ ﷺ’র স্ত্রী হযরত আয়িশা বিনতে আবু বকর হযরত আলীর বিরুদ্ধে যুদ্ধ করেছিলেন। তাঁর যেমন বারোজন অসি বা নাকীব ছিলেন যাঁরা"
B1-C00716,8435,REF-236,SUNNI,SUNNI_NARRATION,Sahih_Muslim|Sahih_al-Bukhari,CITATION_BULLET|PAGE_CHECK_MARKER|SUNNI_BOOK|HADITH_WORD,CONFLICT,YES,CONFLICT,P2,Resolve CONFLICT without silent merge of Sunni/Shia or opposing recensions.,,NO,"•  মানযিলাতের হাদীস («হারুন মূসার কাছে যে মর্যাদায়…») — সহীহ বুখারি ৩৭০৬, সহীহ মুসলিম ২৪০৪ (খাতামতো); PAGE-CHECK।"
B1-C00717,8436,REF-237,SUNNI,SUNNI_NARRATION,Jami_al-Tirmidhi,CITATION_BULLET|PAGE_CHECK_MARKER|SUNNI_BOOK,CONFLICT,YES,CONFLICT,P2,Resolve CONFLICT without silent merge of Sunni/Shia or opposing recensions.,,NO,"•  «যার মাওলা আমি, আলী তার মাওলা» — জামে তিরমিযি ৩৭১৩ (CONFIRMED, সংস্করণ-পাঠ; SOURCE_REGISTER CL-HAD-003); গাদিরের অভিনন্দন-বাক্য — মুসনাদে আহমাদ (খাতামতো), PAGE-CHECK।"
B1-C00718,8437,REF-238,SHIA,SHIA_NARRATION,al-Kafi,CITATION_BULLET|PAGE_CHECK_MARKER|SHIA_BOOK,EDITION-LOCK,YES,EDITION-LOCK,P2,Lock edition/page OR keep PAGE-CHECK / attribution-only? No fake VERIFIED.,,NO,"•  আদম (আলাইহিস্ সালাম)-এর খিলাফত = ইলম ও হেদায়াতের প্রতিনিধিত্ব — তাফসিরে কুম্মি ও নূরুস সাকালাইন (খাতামতো); হারুনের স্থলাভিষিক্তি আধ্যাত্মিক — আল-কাফি খণ্ড ১, কিতাবুল হুজ্জাহ (খাতামতো); দুটোই PAGE-CHECK।"
B1-C00720,8439,REF-240,SUNNI,SUNNI_NARRATION,Jami_al-Tirmidhi|Sahih_Muslim|Sahih_al-Bukhari|Sunan_Abu_Dawud,CITATION_BULLET|PAGE_CHECK_MARKER|BARNITA_MARKER|SUNNI_BOOK,CONFLICT,YES,CONFLICT,P2,Resolve CONFLICT without silent merge of Sunni/Shia or opposing recensions.,,NO,"•  «আমার পর বারো জন খলিফা, সবাই কুরাইশ» — সহীহ বুখারি ও মুসলিমে প্রসিদ্ধ; «খিলাফত ৩০ বছর» — সুনান আবু দাউদ/তিরমিযি; «তুমি আমার ওসী ও খলিফা», «প্রত্যেক নবীর ওসী আছে, আমার ওসী আলী», «আমি জ্ঞানের নগরী, আলী তার দরজা» — সবগুলো বর্ণিত আছে; নম্বর-পৃষ্ঠা PAGE-CHECK (তাকাভির তালিকা)।"
B1-C00724,8574,,SHIA,SHIA_NARRATION,Ilal_al-Sharai,,EDITION-LOCK,YES,EDITION-LOCK,P2,Lock edition/page OR keep PAGE-CHECK / attribution-only? No fake VERIFIED.,,NO,"সেখানে কিবলা কেবল কোন দিকে মুখ করলাম তা মুখ্য নয়— বরং হৃদয়ের অভিমুখ, যেখানে নিয়ত স্থির হয় একমাত্র আল্লাহর দিকে, কোরবাতুনিন ইলাল্লাহ। রুকু হয় না শুধু পিঠ বাঁকানোর অনুশীলন, বরং নফসের অহংকার ভাঙার জন্য, যেখানে মানুষ নিজের শ্রেষ্ঠত্ব বিসর্জন দিয়ে স্বীকার করে— সে কেবল একজন বান্দা। সেজদা হয় না কেবল কপাল মাটিতে ঠেকানোর রেওয়াজ, বরং নিজেকে ধূলায় মি"
B1-C00726,8602,,SHIA,SHIA_NARRATION,al-Kafi,QURAN_MARKER|SHIA_BOOK,EDITION-LOCK,YES,EDITION-LOCK,P2,Lock edition/page OR keep PAGE-CHECK / attribution-only? No fake VERIFIED.,,NO,"আমি খাতার পেছনের দিকের একটি পাতা খুললাম। আল-কাফির লম্বা ঘটনাটা বহুদিন আগে সেখানে নিজের হাতে সংক্ষেপে টুকে রেখেছিলাম। বাল্বের দিকে পাতা কাত করে পড়লাম, “সিরিয়ার দিক থেকে এক বৃদ্ধ খ্রিস্টান আলেম মদিনায় এলেন ইমাম মুসা আল-কাযিম (আলাইহিস্ সালাম)-এর কাছে। বসার অনুমতি চাইলেন। তারপর জিজ্ঞেস করলেন, মুহাম্মাদের ওপর নাযিল হওয়া এই আয়াতগুলোর ভেতরের অর্থ কী?"
B1-C00730,8646,REF-242,SUNNI,SUNNI_NARRATION,Jami_al-Tirmidhi|Sahih_Muslim,CITATION_BULLET|PAGE_CHECK_MARKER|SUNNI_BOOK,CONFLICT,YES,CONFLICT,P2,Resolve CONFLICT without silent merge of Sunni/Shia or opposing recensions.,,NO,"•  সাকালাইন — সহীহ মুসলিম ২৪০৮ («أهل بيتي», CONFIRMED, সংস্করণ-পাঠ); «কখনো পথভ্রষ্ট হবে না» — জামে তিরমিযি ৩৭৮৬ (CONFIRMED, সংস্করণ-পাঠ; মান নিয়ে মতভেদ)। খাতার «তিরমিযি ৩৭৮৮» PAGE-CHECK।"
B1-C00731,8647,REF-243,SHIA,SHIA_NARRATION,al-Kafi,CITATION_BULLET|PAGE_CHECK_MARKER|SHIA_BOOK|HADITH_WORD,EDITION-LOCK,YES,EDITION-LOCK,P2,Lock edition/page OR keep PAGE-CHECK / attribution-only? No fake VERIFIED.,,NO,"•  «হা-মীম = মুহাম্মাদ ﷺ, সুস্পষ্ট কিতাব = আলী, বরকতময় রাত = ফাতিমা (আলাইহাস্ সালাম)» — খ্রিস্টান আলেমের ঘটনা, আল-কাফি খণ্ড ১, কিতাবুল হুজ্জাহ, বাব: আবুল হাসান মুসা ইবনে জাফর (আলাইহিস্ সালাম)-এর জন্ম, হাদীস ৪ (আগের পাসের পাঠ); PAGE-CHECK।"
B1-C00732,8648,REF-244,UNSPECIFIED,ATTRIBUTION_ONLY,,CITATION_BULLET|PAGE_CHECK_MARKER|BARNITA_MARKER,CONFLICT,YES,CONFLICT,P2,Resolve CONFLICT without silent merge of Sunni/Shia or opposing recensions.,,NO,"•  «আমি, আলী, ফাতিমা, হাসান, হুসাইন আরশের কাছে ছিলাম… আদমের এক হাজার বছর আগে» — বর্ণিত আছে; PAGE-CHECK।"
B1-C00733,8649,REF-245,UNSPECIFIED,ATTRIBUTION_ONLY,,CITATION_BULLET|PAGE_CHECK_MARKER|BARNITA_MARKER,CONFLICT,YES,CONFLICT,P2,Resolve CONFLICT without silent merge of Sunni/Shia or opposing recensions.,,NO,"•  «আমি জ্ঞানের শহর, আলী তার দরজা» — বর্ণিত আছে; PAGE-CHECK।"
B1-C00735,8733,REF-246,UNSPECIFIED,ATTRIBUTION_ONLY,,BARNITA_MARKER,CONFLICT,YES,CONFLICT,P2,Resolve CONFLICT without silent merge of Sunni/Shia or opposing recensions.,,NO,"“বর্ণিত আছে,” আমি বললাম, “তাঁকে যাহরা বলা হতো, কারণ তিনি যখন মেহরাবে ইবাদতে দাঁড়াতেন, তাঁর নূর আসমানের অধিবাসীদের কাছে ঝলমল করে উঠত, যেমন পৃথিবীর মানুষের কাছে আকাশের তারা ঝলমল করে।”"
B1-C00738,8766,REF-247,SHIA,SHIA_NARRATION,Bihar_al-Anwar|Ilal_al-Sharai,CITATION_BULLET|PAGE_CHECK_MARKER|SHIA_BOOK,EDITION-LOCK,YES,EDITION-LOCK,P2,Lock edition/page OR keep PAGE-CHECK / attribution-only? No fake VERIFIED.,,NO,"•  «আরশের ছাউনিতে তসবিহ… সিজদার উদ্দেশ্য আমাদের সম্মান» — শায়খ সাদুক, ইলালুশ শারায়ি; বিহারুল আনওয়ার খণ্ড ১৫ (খাতামতো); PAGE-CHECK।"
B1-C00740,8768,REF-249,SHIA,SHIA_NARRATION,Ilal_al-Sharai,CITATION_BULLET|PAGE_CHECK_MARKER|BARNITA_MARKER,CONFLICT,YES,CONFLICT,P2,Resolve CONFLICT without silent merge of Sunni/Shia or opposing recensions.,,NO,"•  «যাহরা» নামের কারণ (মেহরাবে নূর) — বর্ণিত আছে; শায়খ সাদুকের ইলালুশ শারায়ি/মাআনিল আখবারে থাকার কথা, PAGE-CHECK।"
B1-C00742,8861,,SUNNI,SUNNI_NARRATION,Mustadrak_al-Hakim,SUNNI_BOOK|RASUL_SAID,EDITION-LOCK,YES,EDITION-LOCK,P2,Lock edition/page OR keep PAGE-CHECK / attribution-only? No fake VERIFIED.,,NO,"হাকিম নিশাবুরীসহ সুন্নি মাযহাবের উল্লেখযোগ্য সংখ্যক আলেম নিজস্ব সনদে রাসূলুল্লাহ ﷺ হতে গুরুত্বপূর্ণ ও আশ্চর্যজনক বিভিন্ন রেওয়ায়েত বর্ণনা করেছেন যে, তিনি বলেন:"
B1-C00745,8905,REF-250,SUNNI,SUNNI_NARRATION,Sahih_al-Bukhari,CITATION_BULLET|PAGE_CHECK_MARKER|SUNNI_BOOK,CONFLICT,YES,CONFLICT,P2,Resolve CONFLICT without silent merge of Sunni/Shia or opposing recensions.,,NO,"•  «ফাতিমা আমার অংশ, যে তাকে রাগান্বিত করে সে আমাকে রাগান্বিত করে» — সহীহ বুখারি ৩৭১৪ (শব্দ «فمن أغضبها أغضبني»; SOURCE_REGISTER CL-HAD-008); PAGE-CHECK।"
B1-C00747,8907,REF-252,SUNNI,SUNNI_NARRATION,Jami_al-Tirmidhi|Sunan_Abu_Dawud,CITATION_BULLET|PAGE_CHECK_MARKER|BARNITA_MARKER|SUNNI_BOOK,CONFLICT,YES,CONFLICT,P2,Resolve CONFLICT without silent merge of Sunni/Shia or opposing recensions.,,NO,"•  আয়িশার বর্ণনা (দাঁড়িয়ে যাওয়া, চুমু, আসনে বসানো) — সুনান আবু দাউদ ও তিরমিযিতে বর্ণিত; PAGE-CHECK। চাদর বিছানো — বর্ণিত আছে; PAGE-CHECK।"
B1-C00750,8910,REF-255,SHIA,SHIA_NARRATION,Bihar_al-Anwar,CITATION_BULLET|PAGE_CHECK_MARKER|SUTRA_MARKER|SHIA_BOOK,CONFLICT,YES,CONFLICT,P2,Resolve CONFLICT without silent merge of Sunni/Shia or opposing recensions.,,NO,"•  «উম্মু আবিহা» — বিহারুল আনওয়ার খণ্ড ৪৩, অধ্যায় ২ (মাকাতিলুত তালিবিয়্যিন থেকে, ইমাম জাফর আস-সাদিক (আলাইহিস্ সালাম)-এর সূত্রে), আগের পাসের পাঠ; PAGE-CHECK।"
B1-C00753,8966,REF-256,UNSPECIFIED,ATTRIBUTION_ONLY,,BARNITA_MARKER|RASUL_SAID,CONFLICT,YES,CONFLICT,P2,Resolve CONFLICT without silent merge of Sunni/Shia or opposing recensions.,,NO,"বর্ণিত আছে, রাসূলুল্লাহ ﷺ বলেছেন: “নিশ্চয়ই আল্লাহ তোমাকে (হে ফাতেমা) এবং তোমার সন্তানদের জাহান্নামের আগুনে শাস্তি দিবেন না।”"
B1-C00754,8995,REF-257,UNSPECIFIED,ATTRIBUTION_ONLY,,BARNITA_MARKER|RASUL_SAID,CONFLICT,YES,CONFLICT,P2,Resolve CONFLICT without silent merge of Sunni/Shia or opposing recensions.,,NO,"«আহলুল বাইতের প্রতি ভালোবাসা শুধু আবেগ নয়, এটাই ইমানের ভিত্তি। আর তাঁদের বিরোধিতা মানেই— শয়তানী ফাঁদে পা দেওয়া। রাসূলুল্লাহ ﷺ বলেছেন বলে বর্ণিত আছে— ""আহলুল বাইত আমার, আর তাঁদের ভালোবাসা মানেই নাজাত।”»"
B1-C00759,9060,REF-258,SUNNI,SUNNI_NARRATION,Jami_al-Tirmidhi|Sahih_Muslim,CITATION_BULLET|PAGE_CHECK_MARKER|SUNNI_BOOK,CONFLICT,YES,CONFLICT,P2,Resolve CONFLICT without silent merge of Sunni/Shia or opposing recensions.,,NO,"•  সাকালাইন: সহীহ মুসলিম ২৪০৮ (মূল অংশ, CONFIRMED, সংস্করণ-পাঠ); «কখনো পথভ্রষ্ট হবে না» — তিরমিযি ৩৭৮৬ (CONFIRMED, সংস্করণ-পাঠ); «কিয়ামত পর্যন্ত একসাথে থাকবে» — তিরমিযি ৩৭৮৮ (PAGE-CHECK)। খাতায় পুরোটা «সহিহ মুসলিম» বলা — সংশোধিত।"
B1-C00760,9061,REF-259,UNSPECIFIED,ATTRIBUTION_ONLY,,CITATION_BULLET|PAGE_CHECK_MARKER|BARNITA_MARKER,CONFLICT,YES,CONFLICT,P2,Resolve CONFLICT without silent merge of Sunni/Shia or opposing recensions.,,NO,"•  «আল্লাহ তোমাকে ও তোমার সন্তানদের আগুনে শাস্তি দেবেন না»; «ফাতিমা সতীত্ব রক্ষা করেছেন, তাই আল্লাহ তাঁর সন্তানদের আগুন থেকে রক্ষা করেছেন»; «فطمها الله وفطم محبيها عن النار» — সবগুলো বর্ণিত আছে; PAGE-CHECK।"
B1-C00761,9062,REF-260,SUNNI,SUNNI_NARRATION,al-Tabarani,CITATION_BULLET|PAGE_CHECK_MARKER|SUTRA_MARKER|BARNITA_MARKER,CONFLICT,YES,CONFLICT,P2,Resolve CONFLICT without silent merge of Sunni/Shia or opposing recensions.,,NO,"•  «আহলুল বাইত আমার, আর তাঁদের ভালোবাসা মানেই নাজাত» (REV1-এ ফেরানো, ¶13894) — খাতায় আত-তাবারানী, আল-মু'জামুল কাবীর, ইবনে আব্বাস সূত্র, «সনদ দুর্বল» লেখা; গল্পে «বর্ণিত আছে»; PAGE-CHECK।"
B1-C00762,9063,REF-261,SUNNI,SUNNI_NARRATION,Jami_al-Tirmidhi,CITATION_BULLET|PAGE_CHECK_MARKER|SUNNI_BOOK|HADITH_WORD,CONFLICT,YES,CONFLICT,P2,Resolve CONFLICT without silent merge of Sunni/Shia or opposing recensions.,,NO,•  হাদীসে কুদসি «হে আদম সন্তান… আকাশমণ্ডলের মতো গুনাহ» — জামে তিরমিযিতে বর্ণিত; PAGE-CHECK।
B1-C00764,9065,REF-262,SUNNI,SUNNI_NARRATION,Sahih_Muslim|Sahih_al-Bukhari,CITATION_BULLET|PAGE_CHECK_MARKER|SUNNI_BOOK,CONFLICT,YES,CONFLICT,P2,Resolve CONFLICT without silent merge of Sunni/Shia or opposing recensions.,,NO,"•  আয়িশার বর্ণনা (চাল-চলনে সাদৃশ্য; স্ত্রীদের মজলিসে আগমন, «স্বাগতম, হে আমার কন্যা») — সহীহ বুখারি/মুসলিম ও সুনান গ্রন্থে বর্ণিত; আনাসের বর্ণনা (হাসান ও ফাতিমার সাদৃশ্য) — PAGE-CHECK।"
B1-C00766,9096,REF-263,UNSPECIFIED,ATTRIBUTION_ONLY,,BARNITA_MARKER|QURAN_MARKER,CONFLICT,YES,CONFLICT,P2,Resolve CONFLICT without silent merge of Sunni/Shia or opposing recensions.,,NO,"যখন তুমি কুরআন তিলাওয়াত করো, তখন শুনছো আল্লাহর বাণী। দোয়া হলো তোমার বক্তব্য, আর কুরআন হলো তাঁর উত্তর। বর্ণিত আছে: ‘তুমি যদি চাও আল্লাহ তোমার সঙ্গে কথা বলুন, তবে কুরআন পড়ো। আর তুমি যদি আল্লাহর সঙ্গে কথা বলতে চাও, তবে তাঁর কাছে দোয়া করো।’”"
B1-C00770,9142,REF-264,SUNNI,SUNNI_NARRATION,Sahih_Muslim,CITATION_BULLET|PAGE_CHECK_MARKER|SUNNI_BOOK|HADITH_WORD,CONFLICT,YES,CONFLICT,P2,Resolve CONFLICT without silent merge of Sunni/Shia or opposing recensions.,,NO,•  ফাতিহার দুই ভাগের হাদীসে কুদসি («আমার বান্দা আমার প্রশংসা করেছে…») — সহীহ মুসলিম ৩৯৫ (খাতামতো); PAGE-CHECK।
B1-C00771,9143,REF-265,UNSPECIFIED,ATTRIBUTION_ONLY,,CITATION_BULLET|PAGE_CHECK_MARKER|BARNITA_MARKER|QURAN_MARKER,CONFLICT,YES,CONFLICT,P2,Resolve CONFLICT without silent merge of Sunni/Shia or opposing recensions.,,NO,"•  «কুরআন পড়ো, আল্লাহ কথা বলবেন; দোয়া করো, তুমি কথা বলবে» — বর্ণিত আছে; PAGE-CHECK।"
B1-C00774,9191,REF-267,UNSPECIFIED,ATTRIBUTION_ONLY,,BARNITA_MARKER,CONFLICT,YES,CONFLICT,P2,Resolve CONFLICT without silent merge of Sunni/Shia or opposing recensions.,,NO,"চাচা একটু ঝুঁকে বললেন— “আমাদের মাওলা আলী (আলাইহিস্ সালাম)-এর কথা বলে বর্ণিত আছে— ‘নামাজ যেদিকে, আমি সেদিকে। আর আমি যেদিকে, নামাজ সেদিকে।’ তাঁর রুকু যেদিকে, আমাদের রুকুও সেদিকে হওয়া উচিত। যদি আনুগত্য ও কায়েম ছাড়া কেবল খালি আদায় করি, তবে জান্নাতের চাবি হাতে থেকেও দরজা খোলা যাবে না।”"
B1-C00776,9218,REF-269,UNSPECIFIED,ATTRIBUTION_ONLY,,BARNITA_MARKER|QURAN_MARKER,CONFLICT,YES,CONFLICT,P2,Resolve CONFLICT without silent merge of Sunni/Shia or opposing recensions.,,NO,"“এই আয়াত নামার পর,” চাচা বললেন, খুব ধীরে, “বর্ণিত আছে, রাসূলুল্লাহ ﷺ প্রতিদিন ফজরের সময় মসজিদে যাওয়ার পথে মা সাইয়্যিদা ফাতিমাতুয্ যাহরা (আলাইহাস্ সালাম)-এর ঘরের দরজায় থামতেন। দরজায় দাঁড়িয়ে বলতেন, আস-সালাত, হে আহলুল বাইত। তারপর পড়তেন তাতহীরের আয়াত: আল্লাহ তো শুধু চান তোমাদের থেকে অপবিত্রতা দূর করতে, হে আহলুল বাইত, আর তোমাদের পূর্ণ পবিত্র ক"
B1-C00780,9253,REF-271,SUNNI,SUNNI_NARRATION,Jami_al-Tirmidhi,CITATION_BULLET|PAGE_CHECK_MARKER|BARNITA_MARKER|SUNNI_BOOK,CONFLICT,YES,CONFLICT,P2,Resolve CONFLICT without silent merge of Sunni/Shia or opposing recensions.,,NO,"•  «নামাজ জান্নাতের চাবি», «জান্নাতের চাবি নামাজ, নামাজের চাবি ওজু» (জাবির) — বর্ণিত আছে (মুসনাদে আহমাদ/তিরমিযিতে প্রসিদ্ধ); PAGE-CHECK।"
B1-C00782,9255,REF-273,SUNNI,QURAN,Sahih_al-Bukhari,CITATION_BULLET|PAGE_CHECK_MARKER|BARNITA_MARKER|SUNNI_BOOK,CONFLICT,YES,CONFLICT,P2,Resolve CONFLICT without silent merge of Sunni/Shia or opposing recensions.,,NO,"•  নবীর ডাকে সাড়া না দেওয়া সাহাবি — সহীহ বুখারিতে আবু সাঈদ ইবনুল মুআল্লার বর্ণনা (৮:২৪ প্রসঙ্গে), খাতামতো; PAGE-CHECK। সালমানের দেখানোর অংশ — বর্ণিত আছে; উৎস পাওয়া যায়নি।"
B1-C00783,9256,REF-274,SUNNI,SUNNI_NARRATION,Jami_al-Tirmidhi,CITATION_BULLET|PAGE_CHECK_MARKER|SUNNI_BOOK,CONFLICT,YES,CONFLICT,P2,Resolve CONFLICT without silent merge of Sunni/Shia or opposing recensions.,,NO,"•  ফজরে মা সাইয়্যিদা (আলাইহাস্ সালাম)-এর দরজায় «আস-সালাত, হে আহলুল বাইত» — জামে তিরমিযিতে আনাস থেকে (ছয় মাস); অন্য বর্ণনায় আট/নয় মাস; PAGE-CHECK।"
B1-C00786,9346,REF-275,SUNNI,SUNNI_NARRATION,Sahih_Muslim,CITATION_BULLET|PAGE_CHECK_MARKER|SUNNI_BOOK,CONFLICT,YES,CONFLICT,P2,Resolve CONFLICT without silent merge of Sunni/Shia or opposing recensions.,,NO,•  ইবনে আব্বাস: ভয় বা সফর ছাড়া মদীনায় যোহর-আসর ও মাগরিব-এশা একত্রে — সহীহ মুসলিম ৭০৫ (খাতামতো); PAGE-CHECK।
B1-C00788,9384,REF-276,UNSPECIFIED,ATTRIBUTION_ONLY,,BARNITA_MARKER,CONFLICT,YES,CONFLICT,P2,Resolve CONFLICT without silent merge of Sunni/Shia or opposing recensions.,,NO,"“এমনকি,” বুরুল্লাহ বলল, “বর্ণিত আছে, সাহাবারা কুফার মসজিদে আলাপ করতেন, ‘এতদিন পর আমরা আলীর ইমামতে রাসূলের নামাজের রূপ ফিরে পেলাম।’”"
B1-C00790,9418,REF-277,UNSPECIFIED,SOURCE_BLOCK_NOTE,,CITATION_BULLET|PAGE_CHECK_MARKER,CONFLICT,YES,CONFLICT,P2,Resolve CONFLICT without silent merge of Sunni/Shia or opposing recensions.,,NO,•  «তোমরা আমাকে যেভাবে নামাজ আদায় করতে দেখেছ…» — সহীহ বুখারী (মালিক ইবনুল হুওয়াইরিস); খণ্ড/নম্বর PAGE-CHECK।
B1-C00792,9420,REF-278,UNSPECIFIED,SOURCE_BLOCK_NOTE,,CITATION_BULLET|PAGE_CHECK_MARKER,CONFLICT,YES,CONFLICT,P2,Resolve CONFLICT without silent merge of Sunni/Shia or opposing recensions.,,NO,"•  আনাস ইবনে মালিকের উক্তি ও দামেশকে কান্না (যুহরীর বর্ণনা) — সহীহ বুখারী, «নামাজের ওয়াক্ত» অধ্যায় (খাতামতো); নম্বর PAGE-CHECK।"
B1-C00793,9421,REF-279,UNSPECIFIED,ATTRIBUTION_ONLY,,CITATION_BULLET|PAGE_CHECK_MARKER|BARNITA_MARKER,CONFLICT,YES,CONFLICT,P2,Resolve CONFLICT without silent merge of Sunni/Shia or opposing recensions.,,NO,"•  ইমরান ইবনে হুসাইন, আলী (আলাইহিস্ সালাম)-এর পেছনে নামাজ — সহীহ বুখারী (খাতামতো); নম্বর PAGE-CHECK। কুফার মসজিদের আলাপ — খাতায় «মেশকাতুল মাসাবিহ, তাজরীদুল বুখারী»; PAGE-CHECK, তাই দৃশ্যে «বর্ণিত আছে»।"
B1-C00794,9422,REF-280,SUNNI,SUNNI_NARRATION,Mustadrak_al-Hakim,CITATION_BULLET|PAGE_CHECK_MARKER|SUNNI_BOOK,EDITION-LOCK,YES,EDITION-LOCK,P2,Lock edition/page OR keep PAGE-CHECK / attribution-only? No fake VERIFIED.,,NO,"•  «আলী হকের সাথে, হক আলীর সাথে» — আল-হাকিম, আল-মুসতাদরাক (হাকিমের মতে সহীহ, যাহাবীর আপত্তি); PAGE-CHECK।"
B1-C00796,9455,REF-281,UNSPECIFIED,ATTRIBUTION_ONLY,,BARNITA_MARKER|RASUL_SAID,CONFLICT,YES,CONFLICT,P2,Resolve CONFLICT without silent merge of Sunni/Shia or opposing recensions.,,NO,"“আবু যার আল-গিফারী বলেন,” চাচা বললেন, “বর্ণিত আছে, সেদিন নামাজ শেষে রাসূলুল্লাহ ﷺ দুহাত তুলে আল্লাহর কাছে প্রার্থনা করলেন: ‘ইয়া প্রভু! যেমন তুমি মূসা (আলাইহিস্ সালাম)-এর জন্য তাঁর ভাই হারুনকে শক্তি ও পরামর্শদাতা হিসেবে নিয়োগ করেছিলে, তেমনি আমার জন্যও আলীকে এই ভূমিকা দাও। তার মাধ্যমে আমার দায়িত্বকে শক্তিশালী করো এবং আমার কাজ সহজ করো।’ মূসা (আলাইহ"
B1-C00798,9499,REF-282,UNSPECIFIED,ATTRIBUTION_ONLY,,CITATION_BULLET|PAGE_CHECK_MARKER|SUTRA_MARKER|BARNITA_MARKER,CONFLICT,YES,CONFLICT,P2,Resolve CONFLICT without silent merge of Sunni/Shia or opposing recensions.,,NO,"•  আবু যার আল-গিফারীর বর্ণনা ও নবীর দোয়া — খাতামতো; সূত্র উল্লেখ নেই, তাই «বর্ণিত আছে»; PAGE-CHECK।"
B1-C00800,9501,REF-284,UNSPECIFIED,SOURCE_BLOCK_NOTE,,CITATION_BULLET|PAGE_CHECK_MARKER,CONFLICT,YES,CONFLICT,P2,Resolve CONFLICT without silent merge of Sunni/Shia or opposing recensions.,,NO,"•  ইমাম জাফর সাদিক (আলাইহিস্ সালাম): «ওলায়াহকে জানার পর…» — আল-কাফী, কিতাবুল ঈমান ওয়াল কুফর, বাবুল ওয়ালায়াহ (খাতামতো); PAGE-CHECK।"
B1-C00801,9565,REF-285,SUNNI,SUNNI_NARRATION,Sahih_Muslim,CITATION_BULLET|PAGE_CHECK_MARKER|SUNNI_BOOK,CONFLICT,YES,CONFLICT,P2,Resolve CONFLICT without silent merge of Sunni/Shia or opposing recensions.,,NO,"•  নদীর উদাহরণ — সহীহ বুখারী ৫২৮, সহীহ মুসলিম ৬৬৭ (খাতামতো); PAGE-CHECK।"
B1-C00808,9617,REF-287,UNSPECIFIED,ATTRIBUTION_ONLY,,BARNITA_MARKER,CONFLICT,YES,CONFLICT,P2,Resolve CONFLICT without silent merge of Sunni/Shia or opposing recensions.,,NO,"একটু থেমে সে বলল, “ইমাম হাসান (আলাইহিস্ সালাম) বলেছেন, বর্ণিত আছে, ‘আমি মায়ের মতো আর কোনো ইবাদতকারী দেখিনি।’ হাসান বসরী, যিনি নিজেও বিখ্যাত ইবাদতকারী, বলেছেন, ‘ফাতিমা এত বেশি নামাজে দাঁড়িয়ে থাকতেন যে, তাঁর পদযুগলে কড়া পড়ে যেত।’”"
B1-C00809,9619,REF-288,UNSPECIFIED,ATTRIBUTION_ONLY,,BARNITA_MARKER,CONFLICT,YES,CONFLICT,P2,Resolve CONFLICT without silent merge of Sunni/Shia or opposing recensions.,,NO,"“তিনি শুধু নিয়মরক্ষার জন্য ইবাদত করতেন না; বরং ইবাদতের সময় তাঁর হৃদয় ছিল আল্লাহর ভয়ে কম্পমান। বর্ণিত আছে, ‘ফাতিমা (আলাইহাস্ সালাম) নামাজের সময় এতটাই গভীর ধ্যানে থাকতেন যে, আল্লাহ ফেরেশতাদের ডাক দিয়ে বলতেন—তাকিয়ে দেখো, আমার বান্দি ফাতিমা কিভাবে ভয়ে কাঁপছে আর আমার ইবাদতে আত্মনিবেদিত হচ্ছে।’” বুরুল্লাহ বলল। “মা সাইয়্যিদা ফাতিমাতুয্ যাহরা (আলা"
B1-C00810,9626,REF-289,SHIA,SHIA_NARRATION,Ilal_al-Sharai,BARNITA_MARKER,CONFLICT,YES,CONFLICT,P2,Resolve CONFLICT without silent merge of Sunni/Shia or opposing recensions.,,NO,"হারিকেনের কাচে একটি পোকা এসে বসল। বুরুল্লাহ সেদিকে তাকিয়ে বলল, “‘ইলালুশ শারায়ে’ গ্রন্থে বর্ণিত আছে, ‘তিনি যখন ইবাদতে দাঁড়াতেন, তখন আসমানের অধিবাসীদের জন্য এক উজ্জ্বল নক্ষত্রের মতো তাঁর পবিত্র দেহ থেকে আলো বিচ্ছুরিত হতো।’”"
B1-C00812,9644,REF-291,SHIA,SHIA_NARRATION,Ilal_al-Sharai,CITATION_BULLET|PAGE_CHECK_MARKER,CONFLICT,YES,CONFLICT,P2,Resolve CONFLICT without silent merge of Sunni/Shia or opposing recensions.,,NO,•  «তিনি যখন ইবাদতে দাঁড়াতেন… আলো বিচ্ছুরিত হতো» — খাতায় «ইলালুশ শারায়ে»; PAGE-CHECK।
B1-C00815,9647,REF-293,SUNNI,SUNNI_NARRATION,Sahih_Muslim,CITATION_BULLET|PAGE_CHECK_MARKER|SUNNI_BOOK,CONFLICT,YES,CONFLICT,P2,Resolve CONFLICT without silent merge of Sunni/Shia or opposing recensions.,,NO,"•  «তোমাদের কাউকে তার আমল নাজাত দেবে না» — সহীহ বুখারী ৬৪৬৩, সহীহ মুসলিম ২৮১৮ (খাতামতো); PAGE-CHECK।"
B1-C00816,9648,REF-294,UNSPECIFIED,SOURCE_BLOCK_NOTE,,CITATION_BULLET|PAGE_CHECK_MARKER,CONFLICT,YES,CONFLICT,P2,Resolve CONFLICT without silent merge of Sunni/Shia or opposing recensions.,,NO,•  ইমাম হাসান (আলাইহিস্ সালাম) ও হাসান বসরীর উক্তি — খাতায় «Fatima Zahra in the Words of the Infallibles»; PAGE-CHECK।
B1-C00817,9649,REF-295,UNSPECIFIED,ATTRIBUTION_ONLY,,CITATION_BULLET|PAGE_CHECK_MARKER|SUTRA_MARKER|BARNITA_MARKER,NOT_FOUND,YES,NOT_FOUND,P2,"Source still NOT_FOUND — keep «বর্ণিত আছে», continue hunt, or drop? NOT_FOUND ≠ DOES_NOT_EXIST.",,NO,"•  রাসূলুল্লাহ ﷺ ও মা সাইয়্যিদার কথোপকথন (ইবাদতের তৌফিক) — খাতামতো; সূত্র নেই, «বর্ণিত আছে» ধাঁচে; PAGE-CHECK।"
B1-C00826,9729,REF-298,SUNNI,SUNNI_NARRATION,Sahih_Muslim,CITATION_BULLET|PAGE_CHECK_MARKER|SUNNI_BOOK|HADITH_WORD,CONFLICT,YES,CONFLICT,P2,Resolve CONFLICT without silent merge of Sunni/Shia or opposing recensions.,,NO,"•  ইহসানের হাদীস («যেন তুমি তাঁকে দেখছ») — সহীহ মুসলিম, কিতাবুল ঈমান (জিবরাইলের হাদীস); নম্বর PAGE-CHECK।"
B1-C00830,9797,REF-301,SHIA,SHIA_NARRATION,Bihar_al-Anwar,CITATION_BULLET|PAGE_CHECK_MARKER|SHIA_BOOK,EDITION-LOCK,YES,EDITION-LOCK,P2,Lock edition/page OR keep PAGE-CHECK / attribution-only? No fake VERIFIED.,,NO,"•  আলী (আলাইহিস্ সালাম)-এর মুনাজাত «ইলাহি মা আবাদতুকা খাওফান…» — প্রচলিত বর্ণনা (ইবনে আবিল হাদীদ, শারহু নাহজিল বালাগা; আল্লামা মাজলিসী, বিহারুল আনওয়ার ৪১/১৪ হিসেবে উদ্ধৃত হয়); PAGE-CHECK।"
B1-C00833,9928,REF-302,UNSPECIFIED,ATTRIBUTION_ONLY,,BARNITA_MARKER,CONFLICT,YES,CONFLICT,P2,Resolve CONFLICT without silent merge of Sunni/Shia or opposing recensions.,,NO,"“উস্তাদ আরেকটা জিনিস ঠিক করে দিয়েছিলেন,” বুরুল্লাহ বলল। “আমাদের দেশে অনেকে দরুদের শেষে আলে মুহাম্মাদ বাদ দিয়ে দেন। শুধু ‘সাল্লাল্লাহু আলাইহি ওয়া সাল্লাম’। পরিবারের নাম নেই। উস্তাদ এটাকে বলতেন লেজকাটা দরুদ। বর্ণিত আছে, রাসূলুল্লাহ ﷺ নিজেই এমন দরুদ পড়তে নিষেধ করেছেন, যেখানে তাঁর পরিবারকে বাদ দেওয়া হয়।”"
B1-C00837,9959,REF-303,UNSPECIFIED,ATTRIBUTION_ONLY,,CITATION_BULLET|PAGE_CHECK_MARKER|BARNITA_MARKER,CONFLICT,YES,CONFLICT,P2,Resolve CONFLICT without silent merge of Sunni/Shia or opposing recensions.,,NO,•  «লেজকাটা দরুদ» নিষেধের বর্ণনা — খাতামতো «বর্ণিত আছে»; PAGE-CHECK।
B1-C00840,10008,REF-304,UNSPECIFIED,ATTRIBUTION_ONLY,,BARNITA_MARKER|RASUL_SAID,CONFLICT,YES,CONFLICT,P2,Resolve CONFLICT without silent merge of Sunni/Shia or opposing recensions.,,NO,"রাহাত পড়ল, আঙুল লাইনে রেখে: “বর্ণিত আছে, রাসূলুল্লাহ ﷺ বলেছেন, রাগ শয়তান থেকে, শয়তান আগুনের তৈরি, আর আগুন নেভে পানিতে। তাই রাগ উঠলে ওজু করো। দাঁড়িয়ে থাকলে বসে পড়ো, বসে থাকলে শুয়ে পড়ো।”"
B1-C00843,10061,REF-305,SUNNI,SUNNI_NARRATION,Sunan_Abu_Dawud,CITATION_BULLET|PAGE_CHECK_MARKER|SUNNI_BOOK,CONFLICT,YES,CONFLICT,P2,Resolve CONFLICT without silent merge of Sunni/Shia or opposing recensions.,,NO,"•  রাগ ও ওজু: সুনানে আবু দাউদ (কিতাবুল আদব, রাগের সময় যা বলতে হয়); বসা/শোয়া: একই কিতাব — নম্বর PAGE-CHECK।"
B1-C00847,10175,REF-306,UNSPECIFIED,ATTRIBUTION_ONLY,,BARNITA_MARKER,CONFLICT,YES,CONFLICT,P2,Resolve CONFLICT without silent merge of Sunni/Shia or opposing recensions.,,NO,"খাতা আমার হাত থেকে ফেরত নিয়ে বুরুল্লাহ পরের পাতা খুলল। “ঘটনাটা উস্তাদ যেভাবে বলেছিলেন, সেভাবেই লিখে রেখেছিলাম। বর্ণিত আছে,” সে বলল, তারপর পড়ল:"
B1-C00849,10233,REF-307,SUNNI,SUNNI_NARRATION,Sahih_Muslim,CITATION_BULLET|PAGE_CHECK_MARKER|SUNNI_BOOK,CONFLICT,YES,CONFLICT,P2,Resolve CONFLICT without silent merge of Sunni/Shia or opposing recensions.,,NO,"•  চাঁদ দ্বিখণ্ডনের ঘটনা — সহীহ বুখারী (কিতাবুল মানাকিব, ইনশিকাকুল কামার) ও সহীহ মুসলিম (সিফাতুল মুনাফিকীন); খাতার বিবরণ (আকাবা, ১৪ জন) PAGE-CHECK।"
B1-C00854,10375,REF-308,UNSPECIFIED,ATTRIBUTION_ONLY,,BARNITA_MARKER|RASUL_SAID,CONFLICT,YES,CONFLICT,P2,Resolve CONFLICT without silent merge of Sunni/Shia or opposing recensions.,,NO,"রাহাত পড়ল: “বর্ণিত আছে, রাসূলুল্লাহ ﷺ বলেছেন, ‘আমি জ্ঞানের নগরী, আর আলী তার দরজা।’ যে নগরে ঢুকতে চায়, তাকে দরজা দিয়েই আসতে হবে।”"
B1-C00856,10398,REF-309,SUNNI,SUNNI_NARRATION,Mustadrak_al-Hakim,CITATION_BULLET|PAGE_CHECK_MARKER|SUNNI_BOOK,CONFLICT,YES,CONFLICT,P2,Resolve CONFLICT without silent merge of Sunni/Shia or opposing recensions.,,NO,"•  «আমি জ্ঞানের নগরী, আলী তার দরজা» — আল-হাকিম, আল-মুসতাদরাক (কিতাবু মারিফাতিস সাহাবা); জামে তিরমিযী (মানাকিব, «আমি হিকমতের ঘর»); নম্বর PAGE-CHECK।"
B1-C00861,10480,REF-312,SUNNI,SUNNI_NARRATION,Sahih_Muslim,CITATION_BULLET|PAGE_CHECK_MARKER|SUNNI_BOOK,CONFLICT,YES,CONFLICT,P2,Resolve CONFLICT without silent merge of Sunni/Shia or opposing recensions.,,NO,•  «প্রকৃত নিঃস্ব কে» — সহীহ মুসলিম ২৫৮১ (খাতামতো); PAGE-CHECK।
B1-C00862,10481,REF-313,SUNNI,SUNNI_NARRATION,Sahih_Muslim,CITATION_BULLET|PAGE_CHECK_MARKER|SUNNI_BOOK,CONFLICT,YES,CONFLICT,P2,Resolve CONFLICT without silent merge of Sunni/Shia or opposing recensions.,,NO,"•  «হত্যাকারী ও নিহত দুজনই আগুনে» — সহীহ বুখারী ৭০৮৩, সহীহ মুসলিম ২৮৮৮ (খাতামতো); PAGE-CHECK।"
B1-C00863,10503,REF-314,UNSPECIFIED,ATTRIBUTION_ONLY,,BARNITA_MARKER,CONFLICT,YES,CONFLICT,P2,Resolve CONFLICT without silent merge of Sunni/Shia or opposing recensions.,,NO,"রাহাত পকেট থেকে নিজের টিক-খাতা বের করল। এক সপ্তাহ ধরে যা শুনেছে, টুকে রেখেছে। একটি পাতা খুলে পড়ল, প্রায় নিজেকে শুনিয়ে: “বর্ণিত আছে, রাসূলুল্লাহ ﷺ তো স্বপ্নে এমন কিছু লোককে দেখেছিলেন, যাদের মুখ আগুনের কাঁচি দিয়ে কাটা হচ্ছিল! কারণ? তারা অন্যকে সৎকাজের উপদেশ দিত, অথচ নিজেরা তা করত না!”"
B1-C00866,10552,REF-316,SUNNI,SUNNI_NARRATION,Sahih_Muslim,CITATION_BULLET|PAGE_CHECK_MARKER|SUNNI_BOOK,CONFLICT,YES,CONFLICT,P2,Resolve CONFLICT without silent merge of Sunni/Shia or opposing recensions.,,NO,"•  তিন শ্রেণি (শহীদ, আলেম, দাতা) — সহীহ মুসলিম ১৯০৫ (খাতামতো); PAGE-CHECK।"
B1-C00867,10553,REF-317,SUNNI,SUNNI_NARRATION,Sahih_Muslim,CITATION_BULLET|PAGE_CHECK_MARKER|SUNNI_BOOK,CONFLICT,YES,CONFLICT,P2,Resolve CONFLICT without silent merge of Sunni/Shia or opposing recensions.,,NO,"•  জাঁতার গাধা — সহীহ বুখারী ৩২৬৭, সহীহ মুসলিম ২৯৮৯; PAGE-CHECK।"
B1-C00868,10554,REF-318,UNSPECIFIED,SOURCE_BLOCK_NOTE,,CITATION_BULLET|PAGE_CHECK_MARKER,CONFLICT,YES,CONFLICT,P2,Resolve CONFLICT without silent merge of Sunni/Shia or opposing recensions.,,NO,"•  আগুনের কাঁচি — মুসনাদে আহমাদ (আনাস থেকে, মিরাজ প্রসঙ্গে); PAGE-CHECK।"
B1-C00874,10768,REF-321,UNSPECIFIED,SOURCE_BLOCK_NOTE,,CITATION_BULLET|PAGE_CHECK_MARKER|SUTRA_MARKER,CONFLICT,YES,CONFLICT,P2,Resolve CONFLICT without silent merge of Sunni/Shia or opposing recensions.,,NO,"•  «আমি বিসমিল্লাহর বা-এর নিচের বিন্দু» — আলী (আলাইহিস্ সালাম)-এর নামে প্রচলিত; নির্ভরযোগ্য সূত্র পাওয়া যায়নি, PAGE-CHECK।"
B1-C00881,10853,REF-326,SUNNI,SUNNI_NARRATION,Sahih_Muslim,CITATION_BULLET|PAGE_CHECK_MARKER|SUNNI_BOOK,CONFLICT,YES,CONFLICT,P2,Resolve CONFLICT without silent merge of Sunni/Shia or opposing recensions.,,NO,"•  «ইন্নামাল আ‘মালু বিন্নিয়্যাত» — সহীহ বুখারী ১, সহীহ মুসলিম ১৯০৭ (খাতামতো); PAGE-CHECK।"
B1-C00882,10854,REF-327,SUNNI,SUNNI_NARRATION,al-Tabarani,CITATION_BULLET|PAGE_CHECK_MARKER|AUS,EDITION-LOCK,YES,EDITION-LOCK,P2,Lock edition/page OR keep PAGE-CHECK / attribution-only? No fake VERIFIED.,,NO,"•  মোহর ও ঋণের নিয়ত — মুসনাদে আহমাদ; তাবারানী, আল-মু‘জামুল আওসাত ১৮৫১ (খাতামতো); PAGE-CHECK।"
