Evidence_ID,Claim_ID,Para_Index,Ledger_Row_IDs,Tradition,Books_Named,Hadith_Numbers_Guess,Quran_Refs,Verification_Status,Evidence_Note,Grade_Control_Risk,Edition_Lock,Print_Safe
E-00001,B1-C00001,92,,QURAN,,,2:255,VERIFIED,Qur'an reference structural control (ayah citation present),NO,N/A,NO
E-00002,B1-C00002,144,,UNSPECIFIED,,,,PAGE-CHECK,,NO,PENDING,NO
E-00003,B1-C00003,157,,QURAN,,,33:33,VERIFIED,Qur'an reference structural control (ayah citation present),NO,N/A,NO
E-00004,B1-C00004,199,REF-001,UNSPECIFIED,,,,PAGE-CHECK,Attribution-only; SOURCE_EXISTENCE≠CLAIM_SUPPORT,NO,PENDING,NO
E-00005,B1-C00005,233,,UNSPECIFIED,,,,PAGE-CHECK,,NO,PENDING,NO
E-00006,B1-C00006,234,,QURAN,,,3:185,VERIFIED,Qur'an reference structural control (ayah citation present),NO,N/A,NO
E-00007,B1-C00007,235,REF-002,UNSPECIFIED,,,,NOT_FOUND,Manuscript states সূত্র নেই / no classical locus located,NO,N/A,NO
E-00008,B1-C00008,323,REF-003,SHIA,al-Kafi,al-Kafi:2|al-Kafi:2,,CONFLICT,Shia SECONDARY-ONLY/EDITION-LOCK (thaqalayn blocked); XRM XRM-021,NO,PENDING,NO
E-00009,B1-C00009,324,,UNSPECIFIED,,,,PAGE-CHECK,,NO,PENDING,NO
E-00010,B1-C00010,399,,QURAN,,,8:28,VERIFIED,Qur'an reference structural control (ayah citation present),NO,N/A,NO
E-00011,B1-C00011,400,,QURAN,,,2:261,VERIFIED,Qur'an reference structural control (ayah citation present),NO,N/A,NO
E-00012,B1-C00012,401,REF-004,SUNNI,Jami_al-Tirmidhi,,,CONFLICT,"XRM XRM-074,XRM-075,XRM-076",NO,PENDING,NO
E-00013,B1-C00013,434,,SHIA,al-Kafi,,,EDITION-LOCK,Shia SECONDARY-ONLY/EDITION-LOCK (thaqalayn blocked),NO,PENDING,NO
E-00014,B1-C00014,465,,UNSPECIFIED,,,,PAGE-CHECK,,YES,PENDING,NO
E-00015,B1-C00015,469,,SUNNI,Sahih_Muslim,,,PAGE-CHECK,,YES,PENDING,NO
E-00016,B1-C00016,501,,QURAN,,,18:50|17:36|2:34|7:12|2:269,VERIFIED,Qur'an reference structural control (ayah citation present),NO,N/A,NO
E-00017,B1-C00017,502,REF-005,SUNNI,Sunan_Ibn_Majah,Sunan_Ibn_Majah:2198|Sunan_Ibn_Majah:2198|HADITH:2198,,CONFLICT,verify_sunni FOUND ibnmajah 2198; XRM XRM-081,NO,PENDING,NO
E-00018,B1-C00018,503,REF-006,UNSPECIFIED,,,,PAGE-CHECK,Attribution-only; SOURCE_EXISTENCE≠CLAIM_SUPPORT,NO,PENDING,NO
E-00019,B1-C00019,504,REF-007,UNSPECIFIED,,,,PAGE-CHECK,Attribution-only; SOURCE_EXISTENCE≠CLAIM_SUPPORT,NO,PENDING,NO
E-00020,B1-C00020,505,REF-008,UNSPECIFIED,,,,PAGE-CHECK,,NO,PENDING,NO
E-00021,B1-C00021,506,REF-009,SUNNI,Sunan_Ibn_Majah,,,PAGE-CHECK,,NO,PENDING,NO
E-00022,B1-C00022,507,,UNSPECIFIED,,,,PAGE-CHECK,,NO,PENDING,NO
E-00023,B1-C00023,542,,UNSPECIFIED,,,,PAGE-CHECK,,YES,PENDING,NO
E-00024,B1-C00024,576,,SUNNI,Jami_al-Tirmidhi,,,PAGE-CHECK,,NO,PENDING,NO
E-00025,B1-C00025,584,,UNSPECIFIED,,,,PAGE-CHECK,,NO,PENDING,NO
E-00026,B1-C00026,585,,QURAN,,,33:33,VERIFIED,Qur'an reference structural control (ayah citation present),NO,N/A,NO
E-00027,B1-C00027,586,REF-010,SUNNI,Jami_al-Tirmidhi,Jami_al-Tirmidhi:3775|Jami_al-Tirmidhi:3775,,CONFLICT,verify_sunni FOUND tirmidhi 3775; XRM XRM-081,NO,PENDING,NO
E-00028,B1-C00028,587,REF-011,SUNNI,Jami_al-Tirmidhi|Musnad_Ahmad|Mustadrak_al-Hakim,Jami_al-Tirmidhi:3786|Jami_al-Tirmidhi:3786|Musnad_Ahmad:3786|Musnad_Ahmad:3786|Musnad_Ahmad:3786|Musnad_Ahmad:3786,,CONFLICT,"verify_sunni FOUND tirmidhi 3786; XRM XRM-012,XRM-013",NO,PENDING,NO
E-00029,B1-C00029,588,REF-012,SUNNI,Jami_al-Tirmidhi,Jami_al-Tirmidhi:3713|Jami_al-Tirmidhi:3713|Jami_al-Tirmidhi:3768|Jami_al-Tirmidhi:3768,,CONFLICT,"verify_sunni FOUND tirmidhi 3768; XRM XRM-035,XRM-081",NO,PENDING,NO
E-00030,B1-C00030,627,,SUNNI,Sahih_Muslim,,,PAGE-CHECK,,NO,PENDING,NO
E-00031,B1-C00031,648,,UNSPECIFIED,,,,PAGE-CHECK,,NO,PENDING,NO
E-00032,B1-C00032,649,,QURAN,,,2:124,VERIFIED,Qur'an reference structural control (ayah citation present),NO,N/A,NO
E-00033,B1-C00033,650,,UNSPECIFIED,,,,PAGE-CHECK,,NO,PENDING,NO
E-00034,B1-C00034,700,,QURAN,,,35:19,VERIFIED,Qur'an reference structural control (ayah citation present),NO,N/A,NO
E-00035,B1-C00035,701,,QURAN,,,22:46,VERIFIED,Qur'an reference structural control (ayah citation present),NO,N/A,NO
E-00036,B1-C00036,702,,QURAN,,,35:19,VERIFIED,Qur'an reference structural control (ayah citation present),NO,N/A,NO
E-00037,B1-C00037,753,,UNSPECIFIED,,,,PAGE-CHECK,,NO,PENDING,NO
E-00038,B1-C00038,825,REF-013,SUNNI,Sunan_Abu_Dawud,Sunan_Abu_Dawud:5021|Sunan_Abu_Dawud:5021,,CONFLICT,"verify_sunni FOUND abudawud 5021; XRM XRM-014,XRM-015",NO,PENDING,NO
E-00039,B1-C00039,826,,QURAN,,,29:45|2:183|9:103,VERIFIED,Qur'an reference structural control (ayah citation present),NO,N/A,NO
E-00040,B1-C00040,827,REF-014,UNSPECIFIED,,,,PAGE-CHECK,Attribution-only; SOURCE_EXISTENCE≠CLAIM_SUPPORT,NO,PENDING,NO
E-00041,B1-C00041,828,REF-015,UNSPECIFIED,,,,PAGE-CHECK,,NO,PENDING,NO
E-00042,B1-C00042,903,,UNSPECIFIED,,,,PAGE-CHECK,,NO,PENDING,NO
E-00043,B1-C00043,1029,,QURAN,,,51:56,VERIFIED,Qur'an reference structural control (ayah citation present),NO,N/A,NO
E-00044,B1-C00044,1030,REF-016,UNSPECIFIED,,,,CONFLICT,Attribution-only; SOURCE_EXISTENCE≠CLAIM_SUPPORT; XRM XRM-085,NO,PENDING,NO
E-00045,B1-C00045,1031,,UNSPECIFIED,,,,PAGE-CHECK,,NO,PENDING,NO
E-00046,B1-C00046,1052,,SUNNI,Sahih_Muslim,,,PAGE-CHECK,,NO,PENDING,NO
E-00047,B1-C00047,1093,,QURAN,,,21:105,VERIFIED,Qur'an reference structural control (ayah citation present),NO,N/A,NO
E-00048,B1-C00048,1094,REF-017,UNSPECIFIED,,,,PAGE-CHECK,,NO,PENDING,NO
E-00049,B1-C00049,1095,,UNSPECIFIED,,,,PAGE-CHECK,,NO,PENDING,NO
E-00050,B1-C00050,1109,REF-018,UNSPECIFIED,,,,PAGE-CHECK,Attribution-only; SOURCE_EXISTENCE≠CLAIM_SUPPORT,NO,PENDING,NO
E-00051,B1-C00051,1148,,SUNNI,Sahih_Muslim,,,PAGE-CHECK,,NO,PENDING,NO
E-00052,B1-C00052,1172,REF-019,QURAN,,,7:12,CONFLICT,Qur'an reference structural control (ayah citation present); XRM XRM-079,NO,PENDING,NO
E-00053,B1-C00053,1173,REF-020,UNSPECIFIED,,,,PAGE-CHECK,Attribution-only; SOURCE_EXISTENCE≠CLAIM_SUPPORT,NO,PENDING,NO
E-00054,B1-C00054,1174,,QURAN,,,18:50,VERIFIED,Qur'an reference structural control (ayah citation present),NO,N/A,NO
E-00055,B1-C00055,1248,,QURAN,,,14:22,VERIFIED,Qur'an reference structural control (ayah citation present),NO,N/A,NO
E-00056,B1-C00056,1249,,UNSPECIFIED,,,,PAGE-CHECK,,NO,PENDING,NO
E-00057,B1-C00057,1333,,QURAN,,,2:2|13:28|107:4,VERIFIED,Qur'an reference structural control (ayah citation present),NO,N/A,NO
E-00058,B1-C00058,1334,REF-021,SHIA,al-Kafi,,,EDITION-LOCK,Shia SECONDARY-ONLY/EDITION-LOCK (thaqalayn blocked),NO,PENDING,NO
E-00059,B1-C00059,1335,REF-022,SUNNI,Sahih_Muslim,,,PAGE-CHECK,,NO,PENDING,NO
E-00060,B1-C00060,1336,,UNSPECIFIED,,,,PAGE-CHECK,,NO,PENDING,NO
E-00061,B1-C00061,1423,,SUNNI,Sahih_Muslim,,,PAGE-CHECK,,NO,PENDING,NO
E-00062,B1-C00062,1442,REF-023,UNSPECIFIED,,,,CONFLICT,Attribution-only; SOURCE_EXISTENCE≠CLAIM_SUPPORT; XRM XRM-045,NO,PENDING,NO
E-00063,B1-C00063,1445,REF-024,SHIA,al-Kafi,,,CONFLICT,Shia SECONDARY-ONLY/EDITION-LOCK (thaqalayn blocked); XRM XRM-044,NO,PENDING,NO
E-00064,B1-C00064,1464,REF-025,UNSPECIFIED,,,,CONFLICT,"Attribution-only; SOURCE_EXISTENCE≠CLAIM_SUPPORT; XRM XRM-042,XRM-043",YES,PENDING,NO
E-00065,B1-C00065,1465,,SHIA,al-Kafi,,,EDITION-LOCK,Shia SECONDARY-ONLY/EDITION-LOCK (thaqalayn blocked),NO,PENDING,NO
E-00066,B1-C00066,1519,,SHIA,al-Kafi,,,EDITION-LOCK,Shia SECONDARY-ONLY/EDITION-LOCK (thaqalayn blocked),NO,PENDING,NO
E-00067,B1-C00067,1531,,SHIA,al-Kafi,,,EDITION-LOCK,Shia SECONDARY-ONLY/EDITION-LOCK (thaqalayn blocked),YES,PENDING,NO
E-00068,B1-C00068,1543,,SHIA,al-Kafi,,,EDITION-LOCK,Shia SECONDARY-ONLY/EDITION-LOCK (thaqalayn blocked),NO,PENDING,NO
E-00069,B1-C00069,1553,,UNSPECIFIED,,,,PAGE-CHECK,,YES,PENDING,NO
E-00070,B1-C00070,1570,REF-026,UNSPECIFIED,,,,PAGE-CHECK,Attribution-only; SOURCE_EXISTENCE≠CLAIM_SUPPORT,NO,PENDING,NO
E-00071,B1-C00071,1581,,SHIA,Nahj_al-Balagha,,,EDITION-LOCK,Shia SECONDARY-ONLY/EDITION-LOCK (thaqalayn blocked),NO,PENDING,NO
E-00072,B1-C00072,1589,REF-027,UNSPECIFIED,,,,CONFLICT,Attribution-only; SOURCE_EXISTENCE≠CLAIM_SUPPORT; XRM XRM-041,NO,PENDING,NO
E-00073,B1-C00073,1592,,SHIA,al-Kafi,,,EDITION-LOCK,Shia SECONDARY-ONLY/EDITION-LOCK (thaqalayn blocked),NO,PENDING,NO
E-00074,B1-C00074,1601,,SHIA,al-Kafi,,,EDITION-LOCK,Shia SECONDARY-ONLY/EDITION-LOCK (thaqalayn blocked),NO,PENDING,NO
E-00075,B1-C00075,1636,REF-028,UNSPECIFIED,,,,PAGE-CHECK,,NO,PENDING,NO
E-00076,B1-C00076,1637,,QURAN,,,1:1|2:257|5:55|9:105|15:87|17:71|24:35|29:45|35:10|43:36|62:11,VERIFIED,Qur'an reference structural control (ayah citation present),NO,N/A,NO
E-00077,B1-C00077,1638,,SUNNI,Kanz_al-Ummal,,,EDITION-LOCK,outside six-book corpus — EDITION-LOCK/PAGE-CHECK,NO,PENDING,NO
E-00078,B1-C00078,1639,REF-029,SUNNI,Sahih_Muslim,,,PAGE-CHECK,,NO,PENDING,NO
E-00079,B1-C00079,1640,REF-030,SHIA,al-Kafi,al-Kafi:3|al-Kafi:3,,EDITION-LOCK,Shia SECONDARY-ONLY/EDITION-LOCK (thaqalayn blocked),NO,PENDING,NO
E-00080,B1-C00080,1641,REF-031,SUNNI,Mustadrak_al-Hakim|Sahih_Muslim,,,PAGE-CHECK,,NO,PENDING,NO
E-00081,B1-C00081,1642,REF-032,SHIA,Bihar_al-Anwar,Bihar_al-Anwar:85|Bihar_al-Anwar:20|Bihar_al-Anwar:85|Bihar_al-Anwar:20,,CONFLICT,Shia SECONDARY-ONLY/EDITION-LOCK (thaqalayn blocked); XRM XRM-045,NO,PENDING,NO
E-00082,B1-C00082,1643,REF-033,SHIA,al-Kafi,al-Kafi:1|al-Kafi:114|al-Kafi:1|al-Kafi:114,,CONFLICT,Shia SECONDARY-ONLY/EDITION-LOCK (thaqalayn blocked); XRM XRM-044,NO,PENDING,NO
E-00083,B1-C00083,1644,REF-034,SHIA,al-Amali|al-Kafi,al-Kafi:2|al-Kafi:2|al-Amali:36|al-Amali:12|al-Amali:36|al-Amali:12,,CONFLICT,"Shia SECONDARY-ONLY/EDITION-LOCK (thaqalayn blocked); XRM XRM-042,XRM-043",NO,PENDING,NO
E-00084,B1-C00084,1645,,UNSPECIFIED,,,,PAGE-CHECK,,NO,PENDING,NO
E-00085,B1-C00085,1646,REF-035,SHIA,al-Kafi,al-Kafi:2|al-Kafi:2,,CONFLICT,Shia SECONDARY-ONLY/EDITION-LOCK (thaqalayn blocked); XRM XRM-046,NO,PENDING,NO
E-00086,B1-C00086,1647,REF-036,SHIA,al-Kafi,al-Kafi:1|al-Kafi:1,9:105,VERIFIED,Qur'an reference structural control (ayah citation present),NO,N/A,NO
E-00087,B1-C00087,1648,REF-037,SHIA|SUNNI,Sahih_Muslim|al-Kafi,al-Kafi:1|al-Kafi:1,,CONFLICT,Shia SECONDARY-ONLY/EDITION-LOCK (thaqalayn blocked); XRM XRM-023,NO,PENDING,NO
E-00088,B1-C00088,1649,,UNSPECIFIED,,,,PAGE-CHECK,,NO,PENDING,NO
E-00089,B1-C00089,1650,,QURAN,,,7:16|4:119|17:62|17:64|12:53|91:9|79:40|45:23|25:43|89:27|2:34|7:11|38:71,VERIFIED,Qur'an reference structural control (ayah citation present),NO,N/A,NO
E-00090,B1-C00090,1651,REF-038,UNSPECIFIED,,,,PAGE-CHECK,Attribution-only; SOURCE_EXISTENCE≠CLAIM_SUPPORT,NO,PENDING,NO
E-00091,B1-C00091,1652,,SUNNI,Sahih_Muslim,Sahih_Muslim:2985|Sahih_Muslim:2985,,PAGE-CHECK,,NO,PENDING,NO
E-00092,B1-C00092,1653,REF-039,SUNNI,Sahih_Muslim,Sahih_Muslim:2175|Sahih_Muslim:2175,,CONFLICT,"verify_sunni FOUND muslim 2175; XRM XRM-025,XRM-081,XRM-084",NO,PENDING,NO
E-00093,B1-C00093,1654,REF-040,SHIA,Nahj_al-Balagha,Nahj_al-Balagha:123|Nahj_al-Balagha:123,,EDITION-LOCK,Shia SECONDARY-ONLY/EDITION-LOCK (thaqalayn blocked),NO,PENDING,NO
E-00094,B1-C00094,1655,REF-041,UNSPECIFIED,,,,CONFLICT,Attribution-only; SOURCE_EXISTENCE≠CLAIM_SUPPORT; XRM XRM-041,NO,PENDING,NO
E-00095,B1-C00095,1656,,SHIA,Bihar_al-Anwar|al-Kafi,al-Kafi:1|al-Kafi:1|Bihar_al-Anwar:23|Bihar_al-Anwar:76|Bihar_al-Anwar:23|Bihar_al-Anwar:76,,EDITION-LOCK,Shia SECONDARY-ONLY/EDITION-LOCK (thaqalayn blocked),NO,PENDING,NO
E-00096,B1-C00096,1657,REF-042,SHIA,al-Kafi,al-Kafi:1|al-Kafi:1,,EDITION-LOCK,Shia SECONDARY-ONLY/EDITION-LOCK (thaqalayn blocked),NO,PENDING,NO
E-00097,B1-C00097,1658,,SHIA,al-Kafi,al-Kafi:3|al-Kafi:3|al-Kafi:3|al-Kafi:3,,EDITION-LOCK,Shia SECONDARY-ONLY/EDITION-LOCK (thaqalayn blocked),NO,PENDING,NO
E-00098,B1-C00098,1659,REF-043,SUNNI,Jami_al-Tirmidhi|Sahih_Muslim,Sahih_Muslim:2408|Jami_al-Tirmidhi:3786|Jami_al-Tirmidhi:3786,,CONFLICT,"verify_sunni FOUND tirmidhi 3786; XRM XRM-009,XRM-011,XRM-012,XRM-025,XRM-080",NO,PENDING,NO
E-00099,B1-C00099,1660,REF-044,UNSPECIFIED,,,,CONFLICT,"XRM XRM-080,XRM-081",NO,PENDING,NO
E-00100,B1-C00100,1661,REF-045,SUNNI,Sahih_Muslim,Sahih_Muslim:863|Sahih_Muslim:863,62:11,CONFLICT,"verify_sunni FOUND muslim 863; XRM XRM-025,XRM-081",NO,PENDING,NO
E-00101,B1-C00101,1662,,QURAN,,,33:56|55:29,VERIFIED,Qur'an reference structural control (ayah citation present),NO,N/A,NO
E-00102,B1-C00102,1663,,SHIA,al-Kafi,al-Kafi:2|al-Kafi:2,,EDITION-LOCK,Shia SECONDARY-ONLY/EDITION-LOCK (thaqalayn blocked),NO,PENDING,NO
E-00103,B1-C00103,1664,,SHIA,al-Kafi,al-Kafi:2|al-Kafi:16|al-Kafi:2|al-Kafi:16,,EDITION-LOCK,Shia SECONDARY-ONLY/EDITION-LOCK (thaqalayn blocked),NO,PENDING,NO
E-00104,B1-C00104,1665,REF-046,SHIA,Bihar_al-Anwar,Bihar_al-Anwar:27|Bihar_al-Anwar:27,,CONFLICT,Shia SECONDARY-ONLY/EDITION-LOCK (thaqalayn blocked); XRM XRM-046,NO,PENDING,NO
E-00105,B1-C00105,1666,,SHIA,al-Kafi,al-Kafi:2|al-Kafi:5|al-Kafi:2|al-Kafi:5,,EDITION-LOCK,Shia SECONDARY-ONLY/EDITION-LOCK (thaqalayn blocked),NO,PENDING,NO
E-00106,B1-C00106,1667,REF-047,SUNNI,Ibn_Saad_Tabaqat,Ibn_Saad_Tabaqat:3|Ibn_Saad_Tabaqat:24|Ibn_Saad_Tabaqat:3|Ibn_Saad_Tabaqat:24,,EDITION-LOCK,outside six-book corpus — EDITION-LOCK/PAGE-CHECK,NO,PENDING,NO
E-00107,B1-C00107,1668,,UNSPECIFIED,,,,PAGE-CHECK,,NO,PENDING,NO
E-00108,B1-C00108,1718,,UNSPECIFIED,,,,PAGE-CHECK,,YES,PENDING,NO
E-00109,B1-C00109,1732,,SHIA,Ilal_al-Sharai,,,EDITION-LOCK,Shia SECONDARY-ONLY/EDITION-LOCK (thaqalayn blocked),NO,PENDING,NO
E-00110,B1-C00110,1748,,SUNNI,Sahih_Muslim,,,PAGE-CHECK,,NO,PENDING,NO
E-00111,B1-C00111,1757,,QURAN,,,84:16,VERIFIED,Qur'an reference structural control (ayah citation present),NO,N/A,NO
E-00112,B1-C00112,1762,,QURAN,,,76:25,VERIFIED,Qur'an reference structural control (ayah citation present),NO,N/A,NO
E-00113,B1-C00113,1765,,QURAN,,,2:187,VERIFIED,Qur'an reference structural control (ayah citation present),NO,N/A,NO
E-00114,B1-C00114,1767,,QURAN,,,25:5|24:36|7:205,VERIFIED,Qur'an reference structural control (ayah citation present),NO,N/A,NO
E-00115,B1-C00115,1769,,QURAN,,,24:24,VERIFIED,Qur'an reference structural control (ayah citation present),NO,N/A,NO
E-00116,B1-C00116,1775,,QURAN,,,6:45,VERIFIED,Qur'an reference structural control (ayah citation present),NO,N/A,NO
E-00117,B1-C00117,1810,,SHIA,Ilal_al-Sharai,,,EDITION-LOCK,Shia SECONDARY-ONLY/EDITION-LOCK (thaqalayn blocked),NO,PENDING,NO
E-00118,B1-C00118,1814,,SHIA,al-Kafi,,,EDITION-LOCK,Shia SECONDARY-ONLY/EDITION-LOCK (thaqalayn blocked),NO,PENDING,NO
E-00119,B1-C00119,1827,REF-048,UNSPECIFIED,,,,CONFLICT,Attribution-only; SOURCE_EXISTENCE≠CLAIM_SUPPORT; XRM XRM-057,YES,PENDING,NO
E-00120,B1-C00120,1832,,SHIA,al-Kafi,,,EDITION-LOCK,Shia SECONDARY-ONLY/EDITION-LOCK (thaqalayn blocked),NO,PENDING,NO
E-00121,B1-C00121,1899,,UNSPECIFIED,,,,PAGE-CHECK,,NO,PENDING,NO
E-00122,B1-C00122,1900,,UNSPECIFIED,,,,PAGE-CHECK,,NO,PENDING,NO
E-00123,B1-C00123,1901,,QURAN,,,2:187|84:16|76:25|36:37|92:1|11:114|6:164|17:15,VERIFIED,Qur'an reference structural control (ayah citation present),NO,N/A,NO
E-00124,B1-C00124,1902,,QURAN,,,25:5|24:36|7:205|24:24,VERIFIED,Qur'an reference structural control (ayah citation present),NO,N/A,NO
E-00125,B1-C00125,1903,,SUNNI,Kanz_al-Ummal|Sahih_Muslim,,,PAGE-CHECK,,NO,PENDING,NO
E-00126,B1-C00126,1904,REF-049,UNSPECIFIED,,HADITH:694|HADITH:1815,,CONFLICT,"Attribution-only; SOURCE_EXISTENCE≠CLAIM_SUPPORT; XRM XRM-057,XRM-058",NO,PENDING,NO
E-00127,B1-C00127,1905,,UNSPECIFIED,,,,PAGE-CHECK,,NO,PENDING,NO
E-00128,B1-C00128,1906,,SHIA,al-Kafi,al-Kafi:4|al-Kafi:4,,EDITION-LOCK,Shia SECONDARY-ONLY/EDITION-LOCK (thaqalayn blocked),NO,PENDING,NO
E-00129,B1-C00129,1907,,UNSPECIFIED,,,,PAGE-CHECK,,NO,PENDING,NO
E-00130,B1-C00130,1908,,QURAN,,,6:51|7:07|7:17|7:46|8:17,VERIFIED,Qur'an reference structural control (ayah citation present),NO,N/A,NO
E-00131,B1-C00131,1909,,QURAN,,,2:187,VERIFIED,Qur'an reference structural control (ayah citation present),NO,N/A,NO
E-00132,B1-C00132,1910,,UNSPECIFIED,,,,PAGE-CHECK,,NO,PENDING,NO
E-00133,B1-C00133,1966,REF-050,UNSPECIFIED,,,,CONFLICT,Attribution-only; SOURCE_EXISTENCE≠CLAIM_SUPPORT; XRM XRM-052,NO,PENDING,NO
E-00134,B1-C00134,2017,,UNSPECIFIED,,,,PAGE-CHECK,,NO,PENDING,NO
E-00135,B1-C00135,2028,,UNSPECIFIED,,,,PAGE-CHECK,,NO,PENDING,NO
E-00136,B1-C00136,2029,,UNSPECIFIED,,,,PAGE-CHECK,,NO,PENDING,NO
E-00137,B1-C00137,2040,,UNSPECIFIED,,,,PAGE-CHECK,,NO,PENDING,NO
E-00138,B1-C00138,2041,,UNSPECIFIED,,,,PAGE-CHECK,,NO,PENDING,NO
E-00139,B1-C00139,2084,REF-051,UNSPECIFIED,,,,CONFLICT,Attribution-only; SOURCE_EXISTENCE≠CLAIM_SUPPORT; XRM XRM-069,NO,PENDING,NO
E-00140,B1-C00140,2122,,UNSPECIFIED,,,,PAGE-CHECK,,NO,PENDING,NO
E-00141,B1-C00141,2129,,UNSPECIFIED,,,,PAGE-CHECK,,NO,PENDING,NO
E-00142,B1-C00142,2136,,UNSPECIFIED,,,,PAGE-CHECK,,NO,PENDING,NO
E-00143,B1-C00143,2184,,UNSPECIFIED,,,,PAGE-CHECK,,NO,PENDING,NO
E-00144,B1-C00144,2190,REF-052,UNSPECIFIED,,,,PAGE-CHECK,,NO,PENDING,NO
E-00145,B1-C00145,2191,REF-053,SUNNI,Sahih_Muslim|Sahih_al-Bukhari,Sahih_al-Bukhari:1129|Sahih_al-Bukhari:761|Sahih_al-Bukhari:1129|Sahih_al-Bukhari:761|Sahih_Muslim:761|Sahih_Muslim:761|Sahih_Muslim:4,,CONFLICT,"verify_sunni FOUND muslim 761; XRM XRM-025,XRM-081,XRM-086",NO,PENDING,NO
E-00146,B1-C00146,2192,REF-054,SUNNI,Sahih_al-Bukhari,Sahih_al-Bukhari:2010|Sahih_al-Bukhari:2010,,CONFLICT,"verify_sunni FOUND bukhari 2010; XRM XRM-081,XRM-086",NO,PENDING,NO
E-00147,B1-C00147,2193,REF-055,SHIA,al-Kafi,al-Kafi:8|al-Kafi:8,,EDITION-LOCK,Shia SECONDARY-ONLY/EDITION-LOCK (thaqalayn blocked),NO,PENDING,NO
E-00148,B1-C00148,2194,,QURAN,,,8:41|59:7|17:26|5:55|24:35|22:37|9:11,VERIFIED,Qur'an reference structural control (ayah citation present),NO,N/A,NO
E-00149,B1-C00149,2195,,SHIA,al-Kafi,al-Kafi:1|al-Kafi:1,,EDITION-LOCK,Shia SECONDARY-ONLY/EDITION-LOCK (thaqalayn blocked),NO,PENDING,NO
E-00150,B1-C00150,2196,,SUNNI,Sahih_Muslim|Sunan_Abu_Dawud|Sunan_al-Nasai,,8:41,VERIFIED,Qur'an reference structural control (ayah citation present),NO,N/A,NO
E-00151,B1-C00151,2197,,SHIA,al-Kafi,al-Kafi:1|al-Kafi:1,17:26,VERIFIED,Qur'an reference structural control (ayah citation present),NO,N/A,NO
E-00152,B1-C00152,2198,,QURAN,,,17:26|17:26,VERIFIED,Qur'an reference structural control (ayah citation present),NO,N/A,NO
E-00153,B1-C00153,2199,,UNSPECIFIED,,,,PAGE-CHECK,,NO,PENDING,NO
E-00154,B1-C00154,2200,,SHIA,al-Kafi,al-Kafi:1|al-Kafi:1|al-Kafi:1|al-Kafi:1,,EDITION-LOCK,Shia SECONDARY-ONLY/EDITION-LOCK (thaqalayn blocked),NO,PENDING,NO
E-00155,B1-C00155,2201,,SHIA,al-Kafi,al-Kafi:2|al-Kafi:2,,EDITION-LOCK,Shia SECONDARY-ONLY/EDITION-LOCK (thaqalayn blocked),NO,PENDING,NO
E-00156,B1-C00156,2202,REF-056,SHIA|SUNNI,Mustadrak_al-Hakim|al-Kafi,al-Kafi:1|al-Kafi:1,5:55,CONFLICT,Qur'an reference structural control (ayah citation present); XRM XRM-069,NO,PENDING,NO
E-00157,B1-C00157,2203,REF-057,UNSPECIFIED,,,,CONFLICT,Attribution-only; SOURCE_EXISTENCE≠CLAIM_SUPPORT; XRM XRM-052,NO,PENDING,NO
E-00158,B1-C00158,2204,,UNSPECIFIED,,,,PAGE-CHECK,,NO,PENDING,NO
E-00159,B1-C00159,2261,REF-058,UNSPECIFIED,,,,PAGE-CHECK,Attribution-only; SOURCE_EXISTENCE≠CLAIM_SUPPORT,NO,PENDING,NO
E-00160,B1-C00160,2293,,QURAN,,,4:59|5:55,VERIFIED,Qur'an reference structural control (ayah citation present),NO,N/A,NO
E-00161,B1-C00161,2294,REF-059,SHIA,al-Kafi,al-Kafi:1|al-Kafi:6|al-Kafi:1|al-Kafi:6,,CONFLICT,"Shia SECONDARY-ONLY/EDITION-LOCK (thaqalayn blocked); XRM XRM-023,XRM-024",NO,PENDING,NO
E-00162,B1-C00162,2295,REF-060,UNSPECIFIED,,,,PAGE-CHECK,Attribution-only; SOURCE_EXISTENCE≠CLAIM_SUPPORT,NO,PENDING,NO
E-00163,B1-C00163,2296,REF-061,UNSPECIFIED,,,,PAGE-CHECK,,NO,PENDING,NO
E-00164,B1-C00164,2297,,UNSPECIFIED,,,,PAGE-CHECK,,NO,PENDING,NO
E-00165,B1-C00165,2326,REF-062,UNSPECIFIED,,,,PAGE-CHECK,Attribution-only; SOURCE_EXISTENCE≠CLAIM_SUPPORT,NO,PENDING,NO
E-00166,B1-C00166,2377,REF-063,SHIA,Bihar_al-Anwar|Ilal_al-Sharai,Bihar_al-Anwar:43|Bihar_al-Anwar:43,,CONFLICT,Shia SECONDARY-ONLY/EDITION-LOCK (thaqalayn blocked); XRM XRM-047,NO,PENDING,NO
E-00167,B1-C00167,2378,REF-064,SHIA,al-Kafi,al-Kafi:3|al-Kafi:3,,CONFLICT,"Shia SECONDARY-ONLY/EDITION-LOCK (thaqalayn blocked); XRM XRM-021,XRM-022",NO,PENDING,NO
E-00168,B1-C00168,2402,,SUNNI,Sahih_Muslim,,,PAGE-CHECK,,NO,PENDING,NO
E-00169,B1-C00169,2407,,SUNNI,Sahih_Muslim,,,PAGE-CHECK,,NO,PENDING,NO
E-00170,B1-C00170,2462,,UNSPECIFIED,,,,PAGE-CHECK,,NO,PENDING,NO
E-00171,B1-C00171,2483,,SUNNI,Sahih_Muslim,,,PAGE-CHECK,,NO,PENDING,NO
E-00172,B1-C00172,2490,,SUNNI,Sahih_Muslim,,,PAGE-CHECK,,NO,PENDING,NO
E-00173,B1-C00173,2528,,UNSPECIFIED,,,,PAGE-CHECK,,NO,PENDING,NO
E-00174,B1-C00174,2529,,QURAN,,,30:30,VERIFIED,Qur'an reference structural control (ayah citation present),NO,N/A,NO
E-00175,B1-C00175,2530,,QURAN,,,16:78,VERIFIED,Qur'an reference structural control (ayah citation present),NO,N/A,NO
E-00176,B1-C00176,2531,,QURAN,,,67:2,VERIFIED,Qur'an reference structural control (ayah citation present),NO,N/A,NO
E-00177,B1-C00177,2532,,QURAN,,,8:2,VERIFIED,Qur'an reference structural control (ayah citation present),NO,N/A,NO
E-00178,B1-C00178,2533,REF-065,SUNNI,Sahih_al-Bukhari,Sahih_al-Bukhari:1385|Sahih_al-Bukhari:1385|HADITH:1385,,CONFLICT,verify_sunni FOUND bukhari 1385; XRM XRM-081,NO,PENDING,NO
E-00179,B1-C00179,2553,REF-066,UNSPECIFIED,,,,CONFLICT,Attribution-only; SOURCE_EXISTENCE≠CLAIM_SUPPORT; XRM XRM-022,NO,PENDING,NO
E-00180,B1-C00180,2594,,UNSPECIFIED,,,,PAGE-CHECK,,NO,PENDING,NO
E-00181,B1-C00181,2595,REF-067,SHIA|SUNNI,Sahih_al-Bukhari|al-Kafi,Sahih_al-Bukhari:370|Sahih_al-Bukhari:370|al-Kafi:3|al-Kafi:3|HADITH:3705,,CONFLICT,"Shia SECONDARY-ONLY/EDITION-LOCK (thaqalayn blocked); XRM XRM-021,XRM-022,XRM-081",NO,PENDING,NO
E-00182,B1-C00182,2596,REF-068,SUNNI,Jami_al-Tirmidhi|Sunan_Abu_Dawud,Jami_al-Tirmidhi:3872|Jami_al-Tirmidhi:3872|Sunan_Abu_Dawud:5217|Sunan_Abu_Dawud:5217|HADITH:5217|HADITH:3872,,CONFLICT,"verify_sunni FOUND abudawud 5217; XRM XRM-081,XRM-089",NO,PENDING,NO
E-00183,B1-C00183,2597,REF-069,UNSPECIFIED,,,,CONFLICT,Attribution-only; SOURCE_EXISTENCE≠CLAIM_SUPPORT; XRM XRM-008,NO,PENDING,NO
E-00184,B1-C00184,2598,,UNSPECIFIED,,,,PAGE-CHECK,,NO,PENDING,NO
E-00185,B1-C00185,2639,,UNSPECIFIED,,,,PAGE-CHECK,,YES,PENDING,NO
E-00186,B1-C00186,2646,,UNSPECIFIED,,,,PAGE-CHECK,,YES,PENDING,NO
E-00187,B1-C00187,2671,,UNSPECIFIED,,,,PAGE-CHECK,,NO,PENDING,NO
E-00188,B1-C00188,2672,REF-070,QURAN,,,25:74|25:74,CONFLICT,Qur'an reference structural control (ayah citation present); XRM XRM-079,NO,PENDING,NO
E-00189,B1-C00189,2673,,QURAN,,,59:9,VERIFIED,Qur'an reference structural control (ayah citation present),NO,N/A,NO
E-00190,B1-C00190,2674,REF-071,SUNNI,Mustadrak_al-Hakim|Sunan_Abu_Dawud,Sunan_Abu_Dawud:4213|Sunan_Abu_Dawud:4213|HADITH:4213,,CONFLICT,verify_sunni FOUND abudawud 4213; XRM XRM-081,NO,PENDING,NO
E-00191,B1-C00191,2675,REF-072,SUNNI,Sahih_al-Bukhari,Sahih_al-Bukhari:3714|Sahih_al-Bukhari:4|Sahih_al-Bukhari:3714|Sahih_al-Bukhari:4,,CONFLICT,"verify_sunni FOUND bukhari 3714; XRM XRM-016,XRM-019,XRM-078,XRM-081",NO,PENDING,NO
E-00192,B1-C00192,2676,REF-073,SUNNI,Jami_al-Tirmidhi,Jami_al-Tirmidhi:3874|Jami_al-Tirmidhi:3874|Jami_al-Tirmidhi:3868|Jami_al-Tirmidhi:3868|Jami_al-Tirmidhi:3819|Jami_al-Tirmidhi:3819|HADITH:3874,,CONFLICT,"verify_sunni FOUND tirmidhi 3819; XRM XRM-066,XRM-081",NO,PENDING,NO
E-00193,B1-C00193,2677,REF-074,UNSPECIFIED,,,,PAGE-CHECK,,NO,PENDING,NO
E-00194,B1-C00194,2684,,SHIA,Nahj_al-Balagha,,,EDITION-LOCK,Shia SECONDARY-ONLY/EDITION-LOCK (thaqalayn blocked),NO,PENDING,NO
E-00195,B1-C00195,2695,,SHIA,Nahj_al-Balagha,,,EDITION-LOCK,Shia SECONDARY-ONLY/EDITION-LOCK (thaqalayn blocked),NO,PENDING,NO
E-00196,B1-C00196,2700,,SUNNI,Sahih_al-Bukhari,,,PAGE-CHECK,,NO,PENDING,NO
E-00197,B1-C00197,2701,,SUNNI,Sahih_Muslim,,,PAGE-CHECK,,NO,PENDING,NO
E-00198,B1-C00198,2706,,SUNNI,Sahih_al-Bukhari,,,PAGE-CHECK,,NO,PENDING,NO
E-00199,B1-C00199,2719,,UNSPECIFIED,,,,PAGE-CHECK,,YES,PENDING,NO
E-00200,B1-C00200,2730,,SUNNI,Sahih_al-Bukhari,,,PAGE-CHECK,,NO,PENDING,NO
E-00201,B1-C00201,2735,,SUNNI,Sunan_al-Nasai|al-Isabah,,,PAGE-CHECK,,NO,PENDING,NO
E-00202,B1-C00202,2740,,SUNNI,Sahih_al-Bukhari,,,PAGE-CHECK,,NO,PENDING,NO
E-00203,B1-C00203,2750,,UNSPECIFIED,,,,PAGE-CHECK,,NO,PENDING,NO
E-00204,B1-C00204,2752,,UNSPECIFIED,,,,PAGE-CHECK,,NO,PENDING,NO
E-00205,B1-C00205,2755,,UNSPECIFIED,,,,PAGE-CHECK,,NO,PENDING,NO
E-00206,B1-C00206,2756,,QURAN,,,49:13|33:33|98:8|9:100|37:109|4:86|36:58|36:58,VERIFIED,Qur'an reference structural control (ayah citation present),NO,N/A,NO
E-00207,B1-C00207,2757,REF-075,SUNNI,Sahih_al-Bukhari,,,CONFLICT,"XRM XRM-058,XRM-059",NO,PENDING,NO
E-00208,B1-C00208,2758,REF-076,SUNNI,Sahih_al-Bukhari,Sahih_al-Bukhari:3714|Sahih_al-Bukhari:3714,,CONFLICT,"verify_sunni FOUND bukhari 3714; XRM XRM-016,XRM-017,XRM-018,XRM-078,XRM-081",NO,PENDING,NO
E-00209,B1-C00209,2759,REF-077,SUNNI,Sahih_al-Bukhari|al-Isabah,,,PAGE-CHECK,,NO,PENDING,NO
E-00210,B1-C00210,2761,,UNSPECIFIED,,,,PAGE-CHECK,,NO,PENDING,NO
E-00211,B1-C00211,2767,,UNSPECIFIED,,,,PAGE-CHECK,,NO,PENDING,NO
E-00212,B1-C00212,2770,,UNSPECIFIED,,,,PAGE-CHECK,,NO,PENDING,NO
E-00213,B1-C00213,2772,,SUNNI,Sahih_al-Bukhari,,,PAGE-CHECK,,NO,PENDING,NO
E-00214,B1-C00214,2775,,SUNNI,Sunan_Abu_Dawud,,,PAGE-CHECK,,NO,PENDING,NO
E-00215,B1-C00215,2781,,UNSPECIFIED,,,,PAGE-CHECK,,NO,PENDING,NO
E-00216,B1-C00216,2786,,UNSPECIFIED,,,,PAGE-CHECK,,NO,PENDING,NO
E-00217,B1-C00217,2790,REF-078,UNSPECIFIED,,,,CONFLICT,"Attribution-only; SOURCE_EXISTENCE≠CLAIM_SUPPORT; XRM XRM-002,XRM-003,XRM-004,XRM-005,XRM-065; REF-078 Fadak deed Prophet vs Abu Bakr OPEN",NO,PENDING,NO
E-00218,B1-C00218,2798,,UNSPECIFIED,,,,PAGE-CHECK,,NO,PENDING,NO
E-00219,B1-C00219,2800,,UNSPECIFIED,,,,PAGE-CHECK,,NO,PENDING,NO
E-00220,B1-C00220,2802,,UNSPECIFIED,,,,PAGE-CHECK,,NO,PENDING,NO
E-00221,B1-C00221,2804,,UNSPECIFIED,,,,PAGE-CHECK,,NO,PENDING,NO
E-00222,B1-C00222,2807,,UNSPECIFIED,,,,PAGE-CHECK,,NO,PENDING,NO
E-00223,B1-C00223,2808,,SUNNI,Sahih_Muslim,,,PAGE-CHECK,,NO,PENDING,NO
E-00224,B1-C00224,2810,,UNSPECIFIED,,,,PAGE-CHECK,,NO,PENDING,NO
E-00225,B1-C00225,2827,,UNSPECIFIED,,,,PAGE-CHECK,,NO,PENDING,NO
E-00226,B1-C00226,2841,,UNSPECIFIED,,,,PAGE-CHECK,,NO,PENDING,NO
E-00227,B1-C00227,2842,REF-079,SUNNI,Sahih_al-Bukhari|Sunan_Abu_Dawud,Sahih_al-Bukhari:4240|Sahih_al-Bukhari:4241|Sahih_al-Bukhari:4240|Sahih_al-Bukhari:4241|Sunan_Abu_Dawud:2968|Sunan_Abu_Dawud:2968,,CONFLICT,"verify_sunni FOUND abudawud 2968; XRM XRM-005,XRM-006,XRM-059,XRM-061",NO,PENDING,NO
E-00228,B1-C00228,2843,REF-080,SUNNI,Sahih_Muslim,Sahih_Muslim:2404|Sahih_Muslim:2404,33:33|3:61,CONFLICT,"verify_sunni FOUND muslim 2404; XRM XRM-025,XRM-037,XRM-079,XRM-081",NO,PENDING,NO
E-00229,B1-C00229,2844,REF-081,SHIA,al-Ihtijaj,al-Ihtijaj:1|al-Ihtijaj:1,,CONFLICT,"Shia SECONDARY-ONLY/EDITION-LOCK (thaqalayn blocked); XRM XRM-002,XRM-004,XRM-007,XRM-062,XRM-065",NO,PENDING,NO
E-00230,B1-C00230,2845,REF-082,SUNNI,Ibn_Saad_Tabaqat,,,CONFLICT,outside six-book corpus — EDITION-LOCK/PAGE-CHECK; XRM XRM-007,NO,PENDING,NO
E-00231,B1-C00231,2846,,UNSPECIFIED,,,,PAGE-CHECK,,NO,PENDING,NO
E-00232,B1-C00232,2907,,UNSPECIFIED,,,,PAGE-CHECK,,NO,PENDING,NO
E-00233,B1-C00233,2908,REF-083,SHIA|SUNNI,Sahih_Muslim|al-Kafi,Sahih_Muslim:3|Sahih_Muslim:1478|Sahih_Muslim:3|Sahih_Muslim:1478|Sahih_Muslim:1851|Sahih_Muslim:1851|al-Kafi:1|al-Kafi:1|HADITH:1851,,CONFLICT,"verify_sunni FOUND muslim 1851; XRM XRM-023,XRM-024,XRM-025,XRM-081",NO,PENDING,NO
E-00234,B1-C00234,2909,REF-084,UNSPECIFIED,,,,PAGE-CHECK,Attribution-only; SOURCE_EXISTENCE≠CLAIM_SUPPORT,NO,PENDING,NO
E-00235,B1-C00235,2910,,UNSPECIFIED,,,,PAGE-CHECK,,NO,PENDING,NO
E-00236,B1-C00236,2941,,SUNNI,Sahih_Muslim,,,PAGE-CHECK,,NO,PENDING,NO
E-00237,B1-C00237,2944,,SUNNI,Sahih_Muslim,,,PAGE-CHECK,,NO,PENDING,NO
E-00238,B1-C00238,2961,,UNSPECIFIED,,,,PAGE-CHECK,,NO,PENDING,NO
E-00239,B1-C00239,2962,,QURAN,,,17:72,VERIFIED,Qur'an reference structural control (ayah citation present),NO,N/A,NO
E-00240,B1-C00240,2963,,QURAN,,,3:102,VERIFIED,Qur'an reference structural control (ayah citation present),NO,N/A,NO
E-00241,B1-C00241,2964,,QURAN,,,2:124,VERIFIED,Qur'an reference structural control (ayah citation present),NO,N/A,NO
E-00242,B1-C00242,2965,,QURAN,,,24:35,VERIFIED,Qur'an reference structural control (ayah citation present),NO,N/A,NO
E-00243,B1-C00243,2966,,QURAN,,,12:53|75:2|89:27,VERIFIED,Qur'an reference structural control (ayah citation present),NO,N/A,NO
E-00244,B1-C00244,2981,,UNSPECIFIED,,,,PAGE-CHECK,,YES,PENDING,NO
E-00245,B1-C00245,2987,,SUNNI,Sahih_al-Bukhari,,,PAGE-CHECK,,NO,PENDING,NO
E-00246,B1-C00246,2998,,QURAN,,,17:71,VERIFIED,Qur'an reference structural control (ayah citation present),NO,N/A,NO
E-00247,B1-C00247,3015,,UNSPECIFIED,,,,PAGE-CHECK,,NO,PENDING,NO
E-00248,B1-C00248,3016,,QURAN,,,42:23,VERIFIED,Qur'an reference structural control (ayah citation present),NO,N/A,NO
E-00249,B1-C00249,3017,,QURAN,,,17:71,VERIFIED,Qur'an reference structural control (ayah citation present),NO,N/A,NO
E-00250,B1-C00250,3018,,QURAN,,,2:255,VERIFIED,Qur'an reference structural control (ayah citation present),NO,N/A,NO
E-00251,B1-C00251,3019,REF-085,SUNNI,Jami_al-Tirmidhi|Sahih_al-Bukhari,Sahih_al-Bukhari:3624|Sahih_al-Bukhari:3624|Jami_al-Tirmidhi:3768|Jami_al-Tirmidhi:3768|HADITH:3624,,CONFLICT,"verify_sunni FOUND tirmidhi 3768; XRM XRM-019,XRM-020,XRM-081",NO,PENDING,NO
E-00252,B1-C00252,3020,,UNSPECIFIED,,,,PAGE-CHECK,,NO,PENDING,NO
E-00253,B1-C00253,3045,,UNSPECIFIED,,,,PAGE-CHECK,,NO,PENDING,NO
E-00254,B1-C00254,3066,,SUNNI,Sahih_Muslim,,,PAGE-CHECK,,NO,PENDING,NO
E-00255,B1-C00255,3070,,UNSPECIFIED,,,,PAGE-CHECK,,NO,PENDING,NO
E-00256,B1-C00256,3071,,QURAN,,,4:136,VERIFIED,Qur'an reference structural control (ayah citation present),NO,N/A,NO
E-00257,B1-C00257,3072,,UNSPECIFIED,,,,PAGE-CHECK,,NO,PENDING,NO
E-00258,B1-C00258,3132,,SUNNI,Sahih_Muslim,,,PAGE-CHECK,,NO,PENDING,NO
E-00259,B1-C00259,3135,,SUNNI,Sahih_Muslim,,,PAGE-CHECK,,NO,PENDING,NO
E-00260,B1-C00260,3136,,SUNNI,Sahih_Muslim,,,PAGE-CHECK,,NO,PENDING,NO
E-00261,B1-C00261,3140,,SUNNI,Sahih_Muslim,,,PAGE-CHECK,,NO,PENDING,NO
E-00262,B1-C00262,3143,,SUNNI,Sahih_Muslim,,,PAGE-CHECK,,NO,PENDING,NO
E-00263,B1-C00263,3147,,SHIA|SUNNI,Sahih_Muslim|al-Kafi,,,EDITION-LOCK,Shia SECONDARY-ONLY/EDITION-LOCK (thaqalayn blocked),NO,PENDING,NO
E-00264,B1-C00264,3157,,QURAN,,,11:24,VERIFIED,Qur'an reference structural control (ayah citation present),NO,N/A,NO
E-00265,B1-C00265,3158,,QURAN,,,49:14,VERIFIED,Qur'an reference structural control (ayah citation present),NO,N/A,NO
E-00266,B1-C00266,3159,,QURAN,,,3:102,VERIFIED,Qur'an reference structural control (ayah citation present),NO,N/A,NO
E-00267,B1-C00267,3160,,UNSPECIFIED,,,,PAGE-CHECK,,NO,PENDING,NO
E-00268,B1-C00268,3162,,SHIA,al-Kafi,,,EDITION-LOCK,Shia SECONDARY-ONLY/EDITION-LOCK (thaqalayn blocked),NO,PENDING,NO
E-00269,B1-C00269,3179,,SHIA,al-Kafi,,,EDITION-LOCK,Shia SECONDARY-ONLY/EDITION-LOCK (thaqalayn blocked),NO,PENDING,NO
E-00270,B1-C00270,3185,,SUNNI,Sahih_Muslim,,,PAGE-CHECK,,NO,PENDING,NO
E-00271,B1-C00271,3234,,UNSPECIFIED,,,,PAGE-CHECK,,NO,PENDING,NO
E-00272,B1-C00272,3250,,SHIA,al-Kafi,,,EDITION-LOCK,Shia SECONDARY-ONLY/EDITION-LOCK (thaqalayn blocked),NO,PENDING,NO
E-00273,B1-C00273,3267,,SUNNI,Sahih_Muslim,,,PAGE-CHECK,,NO,PENDING,NO
E-00274,B1-C00274,3268,,SUNNI,Sahih_Muslim,,,PAGE-CHECK,,NO,PENDING,NO
E-00275,B1-C00275,3269,,SUNNI,Sahih_Muslim,,,PAGE-CHECK,,NO,PENDING,NO
E-00276,B1-C00276,3297,,SHIA|SUNNI,Sahih_Muslim|al-Kafi,,,EDITION-LOCK,Shia SECONDARY-ONLY/EDITION-LOCK (thaqalayn blocked),NO,PENDING,NO
E-00277,B1-C00277,3321,,QURAN,,,12:53|75:2|89:27,VERIFIED,Qur'an reference structural control (ayah citation present),NO,N/A,NO
E-00278,B1-C00278,3336,,SHIA|SUNNI,Sahih_Muslim|al-Kafi,,,EDITION-LOCK,Shia SECONDARY-ONLY/EDITION-LOCK (thaqalayn blocked),NO,PENDING,NO
E-00279,B1-C00279,3339,,SHIA,al-Kafi,,,EDITION-LOCK,Shia SECONDARY-ONLY/EDITION-LOCK (thaqalayn blocked),NO,PENDING,NO
E-00280,B1-C00280,3352,,SUNNI,Sahih_Muslim,,,PAGE-CHECK,,NO,PENDING,NO
E-00281,B1-C00281,3364,,SUNNI,Sahih_Muslim,,,PAGE-CHECK,,NO,PENDING,NO
E-00282,B1-C00282,3367,,SUNNI,Sahih_Muslim,,,PAGE-CHECK,,NO,PENDING,NO
E-00283,B1-C00283,3377,,SUNNI,Sahih_Muslim,,,PAGE-CHECK,,NO,PENDING,NO
E-00284,B1-C00284,3395,,SUNNI,Sahih_Muslim,,,PAGE-CHECK,,NO,PENDING,NO
E-00285,B1-C00285,3398,,QURAN,,,35:7,VERIFIED,Qur'an reference structural control (ayah citation present),NO,N/A,NO
E-00286,B1-C00286,3399,,QURAN,,,4:48,VERIFIED,Qur'an reference structural control (ayah citation present),NO,N/A,NO
E-00287,B1-C00287,3400,,QURAN,,,3:85,VERIFIED,Qur'an reference structural control (ayah citation present),NO,N/A,NO
E-00288,B1-C00288,3412,,SUNNI,Sahih_Muslim,,,PAGE-CHECK,,NO,PENDING,NO
E-00289,B1-C00289,3421,,SUNNI,Sahih_Muslim,,,PAGE-CHECK,,NO,PENDING,NO
E-00290,B1-C00290,3423,,SUNNI,Sahih_Muslim,,,PAGE-CHECK,,NO,PENDING,NO
E-00291,B1-C00291,3469,,SUNNI,Sahih_Muslim,,,PAGE-CHECK,,NO,PENDING,NO
E-00292,B1-C00292,3474,,UNSPECIFIED,,,,PAGE-CHECK,,YES,PENDING,NO
E-00293,B1-C00293,3514,,QURAN,,,89:27,VERIFIED,Qur'an reference structural control (ayah citation present),NO,N/A,NO
E-00294,B1-C00294,3530,,QURAN,,,13:28|29:45|2:222|10:57|91:9|26:88|89:27,VERIFIED,Qur'an reference structural control (ayah citation present),NO,N/A,NO
E-00295,B1-C00295,3531,REF-086,SUNNI,Kanz_al-Ummal,Kanz_al-Ummal:6|Kanz_al-Ummal:219|Kanz_al-Ummal:6|Kanz_al-Ummal:219,,CONFLICT,outside six-book corpus — EDITION-LOCK/PAGE-CHECK; XRM XRM-049,NO,PENDING,NO
E-00296,B1-C00296,3532,REF-087,UNSPECIFIED,,,,CONFLICT,"Attribution-only; SOURCE_EXISTENCE≠CLAIM_SUPPORT; XRM XRM-074,XRM-075,XRM-076",NO,PENDING,NO
E-00297,B1-C00297,3545,,SHIA,al-Kafi,,,EDITION-LOCK,Shia SECONDARY-ONLY/EDITION-LOCK (thaqalayn blocked),NO,PENDING,NO
E-00298,B1-C00298,3554,,SUNNI,Sahih_Muslim,,,PAGE-CHECK,,NO,PENDING,NO
E-00299,B1-C00299,3634,,QURAN,,,29:10|23:1|4:145|4:143|54:54|72:26|7:199|22:35|22:35,VERIFIED,Qur'an reference structural control (ayah citation present),NO,N/A,NO
E-00300,B1-C00300,3635,REF-088,SHIA,al-Kafi,,,EDITION-LOCK,Shia SECONDARY-ONLY/EDITION-LOCK (thaqalayn blocked),NO,PENDING,NO
E-00301,B1-C00301,3636,REF-089,SHIA,al-Kafi,al-Kafi:2|al-Kafi:2,,CONFLICT,Shia SECONDARY-ONLY/EDITION-LOCK (thaqalayn blocked); XRM XRM-053,NO,PENDING,NO
E-00302,B1-C00302,3637,REF-090,UNSPECIFIED,,,,PAGE-CHECK,Attribution-only; SOURCE_EXISTENCE≠CLAIM_SUPPORT,NO,PENDING,NO
E-00303,B1-C00303,3638,REF-091,UNSPECIFIED,,,,PAGE-CHECK,Attribution-only; SOURCE_EXISTENCE≠CLAIM_SUPPORT,NO,PENDING,NO
E-00304,B1-C00304,3689,,QURAN,,,10:20,VERIFIED,Qur'an reference structural control (ayah citation present),NO,N/A,NO
E-00305,B1-C00305,3744,,QURAN,,,2:2|2:3|10:20,VERIFIED,Qur'an reference structural control (ayah citation present),NO,N/A,NO
E-00306,B1-C00306,3745,REF-092,QURAN,,,2:3,VERIFIED,Qur'an reference structural control (ayah citation present),NO,N/A,NO
E-00307,B1-C00307,3746,REF-093,UNSPECIFIED,,,,PAGE-CHECK,,NO,PENDING,NO
E-00308,B1-C00308,3747,,UNSPECIFIED,,,,PAGE-CHECK,,NO,PENDING,NO
E-00309,B1-C00309,3867,,QURAN,,,45:19|11:113|9:103,VERIFIED,Qur'an reference structural control (ayah citation present),NO,N/A,NO
E-00310,B1-C00310,3868,REF-094,SUNNI,al-Bayhaqi,al-Bayhaqi:373|al-Bayhaqi:373|HADITH:373,,CONFLICT,"outside six-book corpus — EDITION-LOCK/PAGE-CHECK; XRM XRM-082,XRM-083",NO,PENDING,NO
E-00311,B1-C00311,3869,REF-095,UNSPECIFIED,,,,CONFLICT,"Attribution-only; SOURCE_EXISTENCE≠CLAIM_SUPPORT; XRM XRM-082,XRM-083",NO,PENDING,NO
E-00312,B1-C00312,3870,,UNSPECIFIED,,,,PAGE-CHECK,,NO,PENDING,NO
E-00313,B1-C00313,3871,,UNSPECIFIED,,,,PAGE-CHECK,,NO,PENDING,NO
E-00314,B1-C00314,3950,,QURAN,,,33:33,VERIFIED,Qur'an reference structural control (ayah citation present),NO,N/A,NO
E-00315,B1-C00315,3954,,QURAN,,,28:68,VERIFIED,Qur'an reference structural control (ayah citation present),NO,N/A,NO
E-00316,B1-C00316,3955,,UNSPECIFIED,,,,PAGE-CHECK,,NO,PENDING,NO
E-00317,B1-C00317,3956,,UNSPECIFIED,,,,PAGE-CHECK,,NO,PENDING,NO
E-00318,B1-C00318,4058,,QURAN,,,33:33|83:27,VERIFIED,Qur'an reference structural control (ayah citation present),NO,N/A,NO
E-00319,B1-C00319,4059,REF-096,SUNNI,Jami_al-Tirmidhi|Sahih_Muslim,,,CONFLICT,"XRM XRM-038,XRM-081",NO,PENDING,NO
E-00320,B1-C00320,4060,REF-097,UNSPECIFIED,,,,PAGE-CHECK,Attribution-only; SOURCE_EXISTENCE≠CLAIM_SUPPORT,NO,PENDING,NO
E-00321,B1-C00321,4061,,UNSPECIFIED,,,,PAGE-CHECK,,NO,PENDING,NO
E-00322,B1-C00322,4115,,UNSPECIFIED,,,,PAGE-CHECK,,YES,PENDING,NO
E-00323,B1-C00323,4133,,QURAN,,,42:23|98:7,VERIFIED,Qur'an reference structural control (ayah citation present),NO,N/A,NO
E-00324,B1-C00324,4134,REF-098,UNSPECIFIED,,,,PAGE-CHECK,,NO,PENDING,NO
E-00325,B1-C00325,4135,REF-099,QURAN,,,98:7|98:7,CONFLICT,Qur'an reference structural control (ayah citation present); XRM XRM-077,NO,PENDING,NO
E-00326,B1-C00326,4136,REF-100,UNSPECIFIED,,,,NOT_FOUND,Manuscript states সূত্র নেই / no classical locus located,NO,N/A,NO
E-00327,B1-C00327,4205,,UNSPECIFIED,,,,PAGE-CHECK,,YES,PENDING,NO
E-00328,B1-C00328,4221,,QURAN,,,108:1,VERIFIED,Qur'an reference structural control (ayah citation present),NO,N/A,NO
E-00329,B1-C00329,4222,REF-101,SHIA,al-Ihtijaj,,,CONFLICT,Shia SECONDARY-ONLY/EDITION-LOCK (thaqalayn blocked); XRM XRM-080,NO,PENDING,NO
E-00330,B1-C00330,4223,REF-102,UNSPECIFIED,,,,PAGE-CHECK,,NO,PENDING,NO
E-00331,B1-C00331,4224,REF-103,SUNNI,al-Tabarani,,,CONFLICT,outside six-book corpus — EDITION-LOCK/PAGE-CHECK; XRM XRM-077,NO,PENDING,NO
E-00332,B1-C00332,4225,REF-104,UNSPECIFIED,,,,PAGE-CHECK,Attribution-only; SOURCE_EXISTENCE≠CLAIM_SUPPORT,NO,PENDING,NO
E-00333,B1-C00333,4226,REF-105,UNSPECIFIED,,,,CONFLICT,"Attribution-only; SOURCE_EXISTENCE≠CLAIM_SUPPORT; XRM XRM-074,XRM-075,XRM-076",NO,PENDING,NO
E-00334,B1-C00334,4266,,SUNNI,al-Durr_al-Manthur,,,EDITION-LOCK,outside six-book corpus — EDITION-LOCK/PAGE-CHECK,NO,PENDING,NO
E-00335,B1-C00335,4268,,SUNNI,Sahih_Muslim,,,PAGE-CHECK,,NO,PENDING,NO
E-00336,B1-C00336,4269,,SUNNI,Sahih_Muslim,,,PAGE-CHECK,,NO,PENDING,NO
E-00337,B1-C00337,4270,,UNSPECIFIED,,,,PAGE-CHECK,,YES,PENDING,NO
E-00338,B1-C00338,4315,,QURAN,,,3:61,VERIFIED,Qur'an reference structural control (ayah citation present),NO,N/A,NO
E-00339,B1-C00339,4316,REF-106,SUNNI,al-Durr_al-Manthur,al-Durr_al-Manthur:2|al-Durr_al-Manthur:39|al-Durr_al-Manthur:2|al-Durr_al-Manthur:39,,CONFLICT,outside six-book corpus — EDITION-LOCK/PAGE-CHECK; XRM XRM-037,NO,PENDING,NO
E-00340,B1-C00340,4317,REF-107,SUNNI,Sahih_Muslim,Sahih_Muslim:2|Sahih_Muslim:2|HADITH:6062,,CONFLICT,"XRM XRM-025,XRM-037,XRM-058",NO,PENDING,NO
E-00341,B1-C00341,4318,,UNSPECIFIED,,,,PAGE-CHECK,,NO,PENDING,NO
E-00342,B1-C00342,4396,,QURAN,,,76:8,VERIFIED,Qur'an reference structural control (ayah citation present),NO,N/A,NO
E-00343,B1-C00343,4397,REF-108,UNSPECIFIED,,,,PAGE-CHECK,Attribution-only; SOURCE_EXISTENCE≠CLAIM_SUPPORT,NO,PENDING,NO
E-00344,B1-C00344,4398,REF-109,QURAN,,,76:8,VERIFIED,Qur'an reference structural control (ayah citation present),NO,N/A,NO
E-00345,B1-C00345,4399,REF-110,UNSPECIFIED,,,,PAGE-CHECK,Attribution-only; SOURCE_EXISTENCE≠CLAIM_SUPPORT,NO,PENDING,NO
E-00346,B1-C00346,4463,,QURAN,,,4:59,VERIFIED,Qur'an reference structural control (ayah citation present),NO,N/A,NO
E-00347,B1-C00347,4470,,QURAN,,,4:59,VERIFIED,Qur'an reference structural control (ayah citation present),NO,N/A,NO
E-00348,B1-C00348,4471,,UNSPECIFIED,,,,PAGE-CHECK,,NO,PENDING,NO
E-00349,B1-C00349,4511,,QURAN,,,33:33|83:28|42:23|3:61|9:119|4:59,VERIFIED,Qur'an reference structural control (ayah citation present),NO,N/A,NO
E-00350,B1-C00350,4553,,QURAN,,,8:2|10:62|89:27|8:2,VERIFIED,Qur'an reference structural control (ayah citation present),NO,N/A,NO
E-00351,B1-C00351,4554,,UNSPECIFIED,,,,PAGE-CHECK,,NO,PENDING,NO
E-00352,B1-C00352,4668,,UNSPECIFIED,,,,PAGE-CHECK,,NO,PENDING,NO
E-00353,B1-C00353,4669,REF-111,UNSPECIFIED,,,,PAGE-CHECK,Attribution-only; SOURCE_EXISTENCE≠CLAIM_SUPPORT,NO,PENDING,NO
E-00354,B1-C00354,4761,REF-112,UNSPECIFIED,,,,PAGE-CHECK,Attribution-only; SOURCE_EXISTENCE≠CLAIM_SUPPORT,NO,PENDING,NO
E-00355,B1-C00355,4797,,UNSPECIFIED,,,,PAGE-CHECK,,NO,PENDING,NO
E-00356,B1-C00356,4798,,QURAN,,,33:56|3:169,VERIFIED,Qur'an reference structural control (ayah citation present),NO,N/A,NO
E-00357,B1-C00357,4799,REF-113,SHIA,Bihar_al-Anwar|Tafsir_al-Qummi,Bihar_al-Anwar:22|Bihar_al-Anwar:22,,EDITION-LOCK,Shia SECONDARY-ONLY/EDITION-LOCK (thaqalayn blocked),NO,PENDING,NO
E-00358,B1-C00358,4800,REF-114,SHIA,al-Kafi,al-Kafi:1|al-Kafi:1,,EDITION-LOCK,Shia SECONDARY-ONLY/EDITION-LOCK (thaqalayn blocked),NO,PENDING,NO
E-00359,B1-C00359,4801,REF-115,UNSPECIFIED,,,,NOT_FOUND,Manuscript states সূত্র নেই / no classical locus located,NO,N/A,NO
E-00360,B1-C00360,4802,,UNSPECIFIED,,,,PAGE-CHECK,,NO,PENDING,NO
E-00361,B1-C00361,4812,,UNSPECIFIED,,,,PAGE-CHECK,,NO,PENDING,NO
E-00362,B1-C00362,4815,,UNSPECIFIED,,,,PAGE-CHECK,,NO,PENDING,NO
E-00363,B1-C00363,4819,,QURAN,,,59:6,VERIFIED,Qur'an reference structural control (ayah citation present),NO,N/A,NO
E-00364,B1-C00364,4832,,UNSPECIFIED,,,,PAGE-CHECK,,NO,PENDING,NO
E-00365,B1-C00365,4834,,UNSPECIFIED,,,,PAGE-CHECK,,NO,PENDING,NO
E-00366,B1-C00366,4850,,UNSPECIFIED,,,,PAGE-CHECK,,NO,PENDING,NO
E-00367,B1-C00367,4894,,UNSPECIFIED,,,,PAGE-CHECK,,NO,PENDING,NO
E-00368,B1-C00368,4895,,UNSPECIFIED,,,,PAGE-CHECK,,NO,PENDING,NO
E-00369,B1-C00369,4899,,UNSPECIFIED,,,,PAGE-CHECK,,NO,PENDING,NO
E-00370,B1-C00370,4901,,UNSPECIFIED,,,,PAGE-CHECK,,NO,PENDING,NO
E-00371,B1-C00371,4904,,UNSPECIFIED,,,,PAGE-CHECK,,NO,PENDING,NO
E-00372,B1-C00372,4912,,UNSPECIFIED,,,,PAGE-CHECK,,NO,PENDING,NO
E-00373,B1-C00373,4913,,UNSPECIFIED,,,,PAGE-CHECK,,NO,PENDING,NO
E-00374,B1-C00374,4917,,UNSPECIFIED,,,,PAGE-CHECK,,NO,PENDING,NO
E-00375,B1-C00375,4930,,QURAN,,,27:16,VERIFIED,Qur'an reference structural control (ayah citation present),NO,N/A,NO
E-00376,B1-C00376,4949,,UNSPECIFIED,,,,PAGE-CHECK,,NO,PENDING,NO
E-00377,B1-C00377,4950,,QURAN,,,59:6|27:16|53:2,VERIFIED,Qur'an reference structural control (ayah citation present),NO,N/A,NO
E-00378,B1-C00378,4951,REF-116,UNSPECIFIED,,,,CONFLICT,Attribution-only; SOURCE_EXISTENCE≠CLAIM_SUPPORT; XRM XRM-064,NO,PENDING,NO
E-00379,B1-C00379,4958,,SHIA,al-Ihtijaj,,,EDITION-LOCK,Shia SECONDARY-ONLY/EDITION-LOCK (thaqalayn blocked),NO,PENDING,NO
E-00380,B1-C00380,4978,,SUNNI,Sahih_Muslim,,,PAGE-CHECK,,NO,PENDING,NO
E-00381,B1-C00381,5034,,SHIA,al-Ihtijaj,,,EDITION-LOCK,Shia SECONDARY-ONLY/EDITION-LOCK (thaqalayn blocked),NO,PENDING,NO
E-00382,B1-C00382,5037,,UNSPECIFIED,,,,PAGE-CHECK,,NO,PENDING,NO
E-00383,B1-C00383,5038,,UNSPECIFIED,,,,PAGE-CHECK,,NO,PENDING,NO
E-00384,B1-C00384,5040,,UNSPECIFIED,,,,PAGE-CHECK,,NO,PENDING,NO
E-00385,B1-C00385,5041,,UNSPECIFIED,,,,PAGE-CHECK,,NO,PENDING,NO
E-00386,B1-C00386,5047,,UNSPECIFIED,,,,PAGE-CHECK,,NO,PENDING,NO
E-00387,B1-C00387,5052,,UNSPECIFIED,,,,PAGE-CHECK,,NO,PENDING,NO
E-00388,B1-C00388,5057,,UNSPECIFIED,,,,PAGE-CHECK,,NO,PENDING,NO
E-00389,B1-C00389,5058,,UNSPECIFIED,,,,PAGE-CHECK,,NO,PENDING,NO
E-00390,B1-C00390,5071,,UNSPECIFIED,,,,PAGE-CHECK,,NO,PENDING,NO
E-00391,B1-C00391,5119,,UNSPECIFIED,,,,PAGE-CHECK,,NO,PENDING,NO
E-00392,B1-C00392,5148,,SUNNI,Sahih_Muslim,,,PAGE-CHECK,,NO,PENDING,NO
E-00393,B1-C00393,5194,,SHIA,al-Ihtijaj,,,EDITION-LOCK,Shia SECONDARY-ONLY/EDITION-LOCK (thaqalayn blocked),NO,PENDING,NO
E-00394,B1-C00394,5202,,UNSPECIFIED,,,,PAGE-CHECK,,NO,PENDING,NO
E-00395,B1-C00395,5211,,UNSPECIFIED,,,,PAGE-CHECK,,NO,PENDING,NO
E-00396,B1-C00396,5212,REF-117,SHIA,al-Ihtijaj,al-Ihtijaj:1|al-Ihtijaj:1,,CONFLICT,Shia SECONDARY-ONLY/EDITION-LOCK (thaqalayn blocked); XRM XRM-065,NO,PENDING,NO
E-00397,B1-C00397,5213,,QURAN,,,9:128|5:50|3:85|27:16|19:5|8:75|33:6|4:11|2:180|35:28|3:102,VERIFIED,Qur'an reference structural control (ayah citation present),NO,N/A,NO
E-00398,B1-C00398,5214,REF-118,SHIA,al-Ihtijaj,al-Ihtijaj:1|al-Ihtijaj:1,,CONFLICT,Shia SECONDARY-ONLY/EDITION-LOCK (thaqalayn blocked); XRM XRM-065,NO,PENDING,NO
E-00399,B1-C00399,5215,REF-119,SHIA,Bihar_al-Anwar,Bihar_al-Anwar:43|Bihar_al-Anwar:43,,EDITION-LOCK,Shia SECONDARY-ONLY/EDITION-LOCK (thaqalayn blocked),NO,PENDING,NO
E-00400,B1-C00400,5216,REF-120,UNSPECIFIED,,,,PAGE-CHECK,Attribution-only; SOURCE_EXISTENCE≠CLAIM_SUPPORT,NO,PENDING,NO
E-00401,B1-C00401,5223,,UNSPECIFIED,,,,PAGE-CHECK,,NO,PENDING,NO
E-00402,B1-C00402,5229,,UNSPECIFIED,,,,PAGE-CHECK,,NO,PENDING,NO
E-00403,B1-C00403,5233,,UNSPECIFIED,,,,PAGE-CHECK,,NO,PENDING,NO
E-00404,B1-C00404,5235,,UNSPECIFIED,,,,PAGE-CHECK,,NO,PENDING,NO
E-00405,B1-C00405,5237,,UNSPECIFIED,,,,PAGE-CHECK,,NO,PENDING,NO
E-00406,B1-C00406,5241,,UNSPECIFIED,,,,PAGE-CHECK,,NO,PENDING,NO
E-00407,B1-C00407,5242,,UNSPECIFIED,,,,PAGE-CHECK,,NO,PENDING,NO
E-00408,B1-C00408,5247,,UNSPECIFIED,,,,PAGE-CHECK,,NO,PENDING,NO
E-00409,B1-C00409,5250,,UNSPECIFIED,,,,PAGE-CHECK,,NO,PENDING,NO
E-00410,B1-C00410,5253,,UNSPECIFIED,,,,PAGE-CHECK,,NO,PENDING,NO
E-00411,B1-C00411,5254,,UNSPECIFIED,,,,PAGE-CHECK,,NO,PENDING,NO
E-00412,B1-C00412,5256,,UNSPECIFIED,,,,PAGE-CHECK,,NO,PENDING,NO
E-00413,B1-C00413,5262,,UNSPECIFIED,,,,PAGE-CHECK,,NO,PENDING,NO
E-00414,B1-C00414,5264,,UNSPECIFIED,,,,PAGE-CHECK,,NO,PENDING,NO
E-00415,B1-C00415,5265,,UNSPECIFIED,,,,PAGE-CHECK,,NO,PENDING,NO
E-00416,B1-C00416,5270,,UNSPECIFIED,,,,PAGE-CHECK,,NO,PENDING,NO
E-00417,B1-C00417,5272,,UNSPECIFIED,,,,PAGE-CHECK,,NO,PENDING,NO
E-00418,B1-C00418,5281,,SHIA,al-Kafi,,,EDITION-LOCK,Shia SECONDARY-ONLY/EDITION-LOCK (thaqalayn blocked),NO,PENDING,NO
E-00419,B1-C00419,5284,,SHIA,al-Kafi,,,EDITION-LOCK,Shia SECONDARY-ONLY/EDITION-LOCK (thaqalayn blocked),NO,PENDING,NO
E-00420,B1-C00420,5287,,SUNNI,Sahih_Muslim,,,PAGE-CHECK,,NO,PENDING,NO
E-00421,B1-C00421,5289,,SHIA,al-Kafi,,,EDITION-LOCK,Shia SECONDARY-ONLY/EDITION-LOCK (thaqalayn blocked),NO,PENDING,NO
E-00422,B1-C00422,5291,,SHIA,al-Kafi,,,EDITION-LOCK,Shia SECONDARY-ONLY/EDITION-LOCK (thaqalayn blocked),NO,PENDING,NO
E-00423,B1-C00423,5292,,SHIA,al-Kafi,,,EDITION-LOCK,Shia SECONDARY-ONLY/EDITION-LOCK (thaqalayn blocked),NO,PENDING,NO
E-00424,B1-C00424,5293,,UNSPECIFIED,,,,PAGE-CHECK,,NO,PENDING,NO
E-00425,B1-C00425,5294,,SHIA,al-Kafi,,,EDITION-LOCK,Shia SECONDARY-ONLY/EDITION-LOCK (thaqalayn blocked),NO,PENDING,NO
E-00426,B1-C00426,5296,,SHIA,al-Kafi,,,EDITION-LOCK,Shia SECONDARY-ONLY/EDITION-LOCK (thaqalayn blocked),NO,PENDING,NO
E-00427,B1-C00427,5300,,UNSPECIFIED,,,,PAGE-CHECK,,NO,PENDING,NO
E-00428,B1-C00428,5301,,UNSPECIFIED,,,,PAGE-CHECK,,NO,PENDING,NO
E-00429,B1-C00429,5305,,UNSPECIFIED,,,,PAGE-CHECK,,NO,PENDING,NO
E-00430,B1-C00430,5314,,UNSPECIFIED,,,,PAGE-CHECK,,NO,PENDING,NO
E-00431,B1-C00431,5319,,UNSPECIFIED,,,,PAGE-CHECK,,NO,PENDING,NO
E-00432,B1-C00432,5341,,UNSPECIFIED,,,,PAGE-CHECK,,NO,PENDING,NO
E-00433,B1-C00433,5342,,QURAN,,,4:150|17:26,VERIFIED,Qur'an reference structural control (ayah citation present),NO,N/A,NO
E-00434,B1-C00434,5343,REF-121,SUNNI,al-Tabarani,,17:26,CONFLICT,"Qur'an reference structural control (ayah citation present); XRM XRM-005,XRM-063,XRM-064",NO,PENDING,NO
E-00435,B1-C00435,5344,REF-122,SUNNI,al-Baladhuri,,,CONFLICT,"outside six-book corpus — EDITION-LOCK/PAGE-CHECK; XRM XRM-002,XRM-003,XRM-004",NO,PENDING,NO
E-00436,B1-C00436,5345,REF-123,SUNNI,Sahih_Muslim|Sahih_al-Bukhari,Sahih_al-Bukhari:1759|Sahih_al-Bukhari:1759|Sahih_Muslim:1759|Sahih_Muslim:1759,,CONFLICT,"verify_sunni FOUND muslim 1759; XRM XRM-025,XRM-062,XRM-081,XRM-092",NO,PENDING,NO
E-00437,B1-C00437,5346,REF-124,SHIA|SUNNI,Sahih_Muslim|al-Kafi,Sahih_Muslim:2|Sahih_Muslim:2|al-Kafi:2|al-Kafi:2,,EDITION-LOCK,Shia SECONDARY-ONLY/EDITION-LOCK (thaqalayn blocked),NO,PENDING,NO
E-00438,B1-C00438,5347,REF-125,UNSPECIFIED,,,,CONFLICT,Attribution-only; SOURCE_EXISTENCE≠CLAIM_SUPPORT; XRM XRM-064,NO,PENDING,NO
E-00439,B1-C00439,5349,,UNSPECIFIED,,,,PAGE-CHECK,,NO,PENDING,NO
E-00440,B1-C00440,5359,,UNSPECIFIED,,,,PAGE-CHECK,,NO,PENDING,NO
E-00441,B1-C00441,5370,,UNSPECIFIED,,,,PAGE-CHECK,,NO,PENDING,NO
E-00442,B1-C00442,5379,,UNSPECIFIED,,,,PAGE-CHECK,,NO,PENDING,NO
E-00443,B1-C00443,5383,,UNSPECIFIED,,,,PAGE-CHECK,,NO,PENDING,NO
E-00444,B1-C00444,5391,,UNSPECIFIED,,,,PAGE-CHECK,,NO,PENDING,NO
E-00445,B1-C00445,5394,,SUNNI,Sahih_al-Bukhari,,,PAGE-CHECK,,NO,PENDING,NO
E-00446,B1-C00446,5396,,UNSPECIFIED,,,,PAGE-CHECK,,NO,PENDING,NO
E-00447,B1-C00447,5402,,SUNNI,Sahih_al-Bukhari,,,PAGE-CHECK,,NO,PENDING,NO
E-00448,B1-C00448,5415,,UNSPECIFIED,,,,PAGE-CHECK,,NO,PENDING,NO
E-00449,B1-C00449,5422,,UNSPECIFIED,,,,PAGE-CHECK,,NO,PENDING,NO
E-00450,B1-C00450,5423,REF-126,SUNNI,Sahih_al-Bukhari,Sahih_al-Bukhari:4240|Sahih_al-Bukhari:4240,,CONFLICT,"verify_sunni FOUND bukhari 4240; XRM XRM-006,XRM-058,XRM-059,XRM-060,XRM-061",NO,PENDING,NO
E-00451,B1-C00451,5430,,SUNNI,Sahih_al-Bukhari,,,PAGE-CHECK,,NO,PENDING,NO
E-00452,B1-C00452,5446,,UNSPECIFIED,,,,PAGE-CHECK,,NO,PENDING,NO
E-00453,B1-C00453,5451,,UNSPECIFIED,,,,PAGE-CHECK,,NO,PENDING,NO
E-00454,B1-C00454,5452,,SUNNI,Sahih_Muslim,,,PAGE-CHECK,,NO,PENDING,NO
E-00455,B1-C00455,5459,,UNSPECIFIED,,,,PAGE-CHECK,,NO,PENDING,NO
E-00456,B1-C00456,5502,REF-127,QURAN,,,30:38|30:38|17:26,CONFLICT,Qur'an reference structural control (ayah citation present); XRM XRM-079,NO,PENDING,NO
E-00457,B1-C00457,5503,REF-128,SUNNI,Mustadrak_al-Hakim,,30:38,CONFLICT,Qur'an reference structural control (ayah citation present); XRM XRM-067,NO,PENDING,NO
E-00458,B1-C00458,5504,REF-129,UNSPECIFIED,,,,PAGE-CHECK,Attribution-only; SOURCE_EXISTENCE≠CLAIM_SUPPORT,NO,PENDING,NO
E-00459,B1-C00459,5505,REF-130,SHIA,Bihar_al-Anwar,Bihar_al-Anwar:43|Bihar_al-Anwar:43,,CONFLICT,Shia SECONDARY-ONLY/EDITION-LOCK (thaqalayn blocked); XRM XRM-060,NO,PENDING,NO
E-00460,B1-C00460,5506,REF-131,SUNNI,Sahih_al-Bukhari,Sahih_al-Bukhari:4240|Sahih_al-Bukhari:13|Sahih_al-Bukhari:4240|Sahih_al-Bukhari:13|Sahih_al-Bukhari:4240|Sahih_al-Bukhari:4240,,CONFLICT,"verify_sunni FOUND bukhari 4240; XRM XRM-006,XRM-059,XRM-061",NO,PENDING,NO
E-00461,B1-C00461,5519,,UNSPECIFIED,,,,PAGE-CHECK,,NO,PENDING,NO
E-00462,B1-C00462,5520,,UNSPECIFIED,,,,PAGE-CHECK,,NO,PENDING,NO
E-00463,B1-C00463,5523,,UNSPECIFIED,,,,PAGE-CHECK,,NO,PENDING,NO
E-00464,B1-C00464,5525,,UNSPECIFIED,,,,PAGE-CHECK,,NO,PENDING,NO
E-00465,B1-C00465,5537,,UNSPECIFIED,,,,PAGE-CHECK,,NO,PENDING,NO
E-00466,B1-C00466,5540,,UNSPECIFIED,,,,PAGE-CHECK,,NO,PENDING,NO
E-00467,B1-C00467,5542,,UNSPECIFIED,,,,PAGE-CHECK,,NO,PENDING,NO
E-00468,B1-C00468,5545,,SUNNI,Mustadrak_al-Hakim,,,EDITION-LOCK,outside six-book corpus — EDITION-LOCK/PAGE-CHECK,NO,PENDING,NO
E-00469,B1-C00469,5547,,UNSPECIFIED,,,,PAGE-CHECK,,NO,PENDING,NO
E-00470,B1-C00470,5567,,UNSPECIFIED,,,,PAGE-CHECK,,NO,PENDING,NO
E-00471,B1-C00471,5572,,UNSPECIFIED,,,,PAGE-CHECK,,NO,PENDING,NO
E-00472,B1-C00472,5576,,UNSPECIFIED,,,,PAGE-CHECK,,NO,PENDING,NO
E-00473,B1-C00473,5579,,UNSPECIFIED,,,,PAGE-CHECK,,NO,PENDING,NO
E-00474,B1-C00474,5580,,UNSPECIFIED,,,,PAGE-CHECK,,NO,PENDING,NO
E-00475,B1-C00475,5591,,UNSPECIFIED,,,,PAGE-CHECK,,NO,PENDING,NO
E-00476,B1-C00476,5596,,SHIA,al-Kafi,,,EDITION-LOCK,Shia SECONDARY-ONLY/EDITION-LOCK (thaqalayn blocked),NO,PENDING,NO
E-00477,B1-C00477,5618,,UNSPECIFIED,,,,PAGE-CHECK,,NO,PENDING,NO
E-00478,B1-C00478,5620,,UNSPECIFIED,,,,PAGE-CHECK,,NO,PENDING,NO
E-00479,B1-C00479,5621,,UNSPECIFIED,,,,PAGE-CHECK,,NO,PENDING,NO
E-00480,B1-C00480,5623,,UNSPECIFIED,,,,PAGE-CHECK,,NO,PENDING,NO
E-00481,B1-C00481,5625,,UNSPECIFIED,,,,PAGE-CHECK,,NO,PENDING,NO
E-00482,B1-C00482,5628,,UNSPECIFIED,,,,PAGE-CHECK,,NO,PENDING,NO
E-00483,B1-C00483,5629,,UNSPECIFIED,,,,PAGE-CHECK,,NO,PENDING,NO
E-00484,B1-C00484,5631,,UNSPECIFIED,,,,PAGE-CHECK,,NO,PENDING,NO
E-00485,B1-C00485,5639,,UNSPECIFIED,,,,PAGE-CHECK,,NO,PENDING,NO
E-00486,B1-C00486,5640,,SUNNI,Sahih_Muslim,,,PAGE-CHECK,,NO,PENDING,NO
E-00487,B1-C00487,5641,,UNSPECIFIED,,,,PAGE-CHECK,,NO,PENDING,NO
E-00488,B1-C00488,5648,,UNSPECIFIED,,,,PAGE-CHECK,,NO,PENDING,NO
E-00489,B1-C00489,5673,,UNSPECIFIED,,,,PAGE-CHECK,,NO,PENDING,NO
E-00490,B1-C00490,5674,,QURAN,,,5:67|5:3,VERIFIED,Qur'an reference structural control (ayah citation present),NO,N/A,NO
E-00491,B1-C00491,5675,REF-132,SUNNI,Sahih_Muslim|Sahih_al-Bukhari,Sahih_al-Bukhari:3623|Sahih_al-Bukhari:3624|Sahih_al-Bukhari:2450|Sahih_al-Bukhari:3623|Sahih_al-Bukhari:3624|Sahih_al-Bukhari:2450|Sahih_Muslim:2450|Sahih_Muslim:2450,,CONFLICT,"verify_sunni FOUND muslim 2450; XRM XRM-020,XRM-025,XRM-081",NO,PENDING,NO
E-00492,B1-C00492,5676,REF-133,UNSPECIFIED,,,,PAGE-CHECK,Attribution-only; SOURCE_EXISTENCE≠CLAIM_SUPPORT,NO,PENDING,NO
E-00493,B1-C00493,5677,REF-134,SUNNI,Sahih_al-Bukhari,,,CONFLICT,"XRM XRM-025,XRM-068,XRM-081",NO,PENDING,NO
E-00494,B1-C00494,5678,REF-135,SHIA,Bihar_al-Anwar,Bihar_al-Anwar:43|Bihar_al-Anwar:43,,CONFLICT,Shia SECONDARY-ONLY/EDITION-LOCK (thaqalayn blocked); XRM XRM-060,NO,PENDING,NO
E-00495,B1-C00495,5699,,UNSPECIFIED,,,,PAGE-CHECK,,NO,PENDING,NO
E-00496,B1-C00496,5700,,UNSPECIFIED,,,,PAGE-CHECK,,NO,PENDING,NO
E-00497,B1-C00497,5702,,UNSPECIFIED,,,,PAGE-CHECK,,NO,PENDING,NO
E-00498,B1-C00498,5703,,UNSPECIFIED,,,,PAGE-CHECK,,NO,PENDING,NO
E-00499,B1-C00499,5704,,UNSPECIFIED,,,,PAGE-CHECK,,NO,PENDING,NO
E-00500,B1-C00500,5710,,UNSPECIFIED,,,,PAGE-CHECK,,NO,PENDING,NO
E-00501,B1-C00501,5712,,UNSPECIFIED,,,,PAGE-CHECK,,NO,PENDING,NO
E-00502,B1-C00502,5715,,UNSPECIFIED,,,,PAGE-CHECK,,NO,PENDING,NO
E-00503,B1-C00503,5721,,UNSPECIFIED,,,,PAGE-CHECK,,NO,PENDING,NO
E-00504,B1-C00504,5724,,UNSPECIFIED,,,,PAGE-CHECK,,NO,PENDING,NO
E-00505,B1-C00505,5726,,UNSPECIFIED,,,,PAGE-CHECK,,NO,PENDING,NO
E-00506,B1-C00506,5728,,UNSPECIFIED,,,,PAGE-CHECK,,NO,PENDING,NO
E-00507,B1-C00507,5730,,UNSPECIFIED,,,,PAGE-CHECK,,NO,PENDING,NO
E-00508,B1-C00508,5746,,UNSPECIFIED,,,,PAGE-CHECK,,NO,PENDING,NO
E-00509,B1-C00509,5748,,UNSPECIFIED,,,,PAGE-CHECK,,NO,PENDING,NO
E-00510,B1-C00510,5754,,UNSPECIFIED,,,,PAGE-CHECK,,NO,PENDING,NO
E-00511,B1-C00511,5762,,UNSPECIFIED,,,,PAGE-CHECK,,NO,PENDING,NO
E-00512,B1-C00512,5772,,UNSPECIFIED,,,,PAGE-CHECK,,NO,PENDING,NO
E-00513,B1-C00513,5776,,UNSPECIFIED,,,,PAGE-CHECK,,NO,PENDING,NO
E-00514,B1-C00514,5782,,UNSPECIFIED,,,,PAGE-CHECK,,NO,PENDING,NO
E-00515,B1-C00515,5811,,QURAN,,,17:26|30:38|59:6,VERIFIED,Qur'an reference structural control (ayah citation present),NO,N/A,NO
E-00516,B1-C00516,5812,REF-136,QURAN,,,17:26,CONFLICT,"Qur'an reference structural control (ayah citation present); XRM XRM-005,XRM-063,XRM-064",NO,PENDING,NO
E-00517,B1-C00517,5813,REF-137,UNSPECIFIED,,,,CONFLICT,XRM XRM-063,NO,PENDING,NO
E-00518,B1-C00518,5814,REF-138,UNSPECIFIED,,,,CONFLICT,XRM XRM-063,NO,PENDING,NO
E-00519,B1-C00519,5815,REF-139,UNSPECIFIED,,,,PAGE-CHECK,,NO,PENDING,NO
E-00520,B1-C00520,5816,REF-140,UNSPECIFIED,,,,PAGE-CHECK,,NO,PENDING,NO
E-00521,B1-C00521,5817,REF-141,UNSPECIFIED,,,,CONFLICT,XRM XRM-004,NO,PENDING,NO
E-00522,B1-C00522,5826,,SUNNI,Sahih_Muslim,,,PAGE-CHECK,,NO,PENDING,NO
E-00523,B1-C00523,5860,,SUNNI,Sahih_Muslim,,,PAGE-CHECK,,NO,PENDING,NO
E-00524,B1-C00524,5897,,SUNNI,Jami_al-Tirmidhi|Sahih_Muslim,Sahih_Muslim:2408|Sahih_Muslim:3786|Sahih_Muslim:2408|Sahih_Muslim:3786|Jami_al-Tirmidhi:3786|Jami_al-Tirmidhi:3786,,VERIFIED,verify_sunni FOUND tirmidhi 3786,NO,N/A,NO
E-00525,B1-C00525,5981,,UNSPECIFIED,,,,PAGE-CHECK,,YES,PENDING,NO
E-00526,B1-C00526,6006,REF-142,SUNNI,Sahih_al-Bukhari,Sahih_al-Bukhari:3714|Sahih_al-Bukhari:3714,,CONFLICT,"verify_sunni FOUND bukhari 3714; XRM XRM-016,XRM-017,XRM-018,XRM-019,XRM-025",NO,PENDING,NO
E-00527,B1-C00527,6007,,SUNNI,Jami_al-Tirmidhi|Sahih_Muslim,Sahih_Muslim:2408|Sahih_Muslim:3786|Sahih_Muslim:2408|Sahih_Muslim:3786|Sahih_Muslim:173|Jami_al-Tirmidhi:3786|Jami_al-Tirmidhi:3786|Jami_al-Tirmidhi:173,,VERIFIED,verify_sunni FOUND tirmidhi 3786,NO,N/A,NO
E-00528,B1-C00528,6008,,UNSPECIFIED,,,,PAGE-CHECK,,NO,PENDING,NO
E-00529,B1-C00529,6025,,UNSPECIFIED,,,,PAGE-CHECK,,YES,PENDING,NO
E-00530,B1-C00530,6027,,UNSPECIFIED,,,,PAGE-CHECK,,YES,PENDING,NO
E-00531,B1-C00531,6106,,SUNNI,Jami_al-Tirmidhi|Sahih_Muslim,Sahih_Muslim:2408|Sahih_Muslim:2408|Sahih_Muslim:173|Jami_al-Tirmidhi:3786|Jami_al-Tirmidhi:3788|Jami_al-Tirmidhi:2408|Jami_al-Tirmidhi:3786|Jami_al-Tirmidhi:3788|Jami_al-Tirmidhi:2408|Jami_al-Tirmidhi:1,,VERIFIED,verify_sunni FOUND tirmidhi 3788,NO,N/A,NO
E-00532,B1-C00532,6107,REF-143,SUNNI,Sahih_Muslim|Sahih_al-Bukhari,Sahih_al-Bukhari:7222|Sahih_al-Bukhari:7222|Sahih_Muslim:7222|Sahih_Muslim:7222,,CONFLICT,"verify_sunni FOUND bukhari 7222; XRM XRM-025,XRM-033,XRM-034,XRM-081",NO,PENDING,NO
E-00533,B1-C00533,6108,REF-144,SUNNI,Jami_al-Tirmidhi,Jami_al-Tirmidhi:33|Jami_al-Tirmidhi:33|Jami_al-Tirmidhi:33|Jami_al-Tirmidhi:33,33:33|33:33,CONFLICT,"Qur'an reference structural control (ayah citation present); XRM XRM-039,XRM-040,XRM-079,XRM-081",NO,PENDING,NO
E-00534,B1-C00534,6145,,UNSPECIFIED,,,,PAGE-CHECK,,YES,PENDING,NO
E-00535,B1-C00535,6178,REF-145,UNSPECIFIED,,,,PAGE-CHECK,,NO,PENDING,NO
E-00536,B1-C00536,6179,,UNSPECIFIED,,,,PAGE-CHECK,,NO,PENDING,NO
E-00537,B1-C00537,6180,REF-146,UNSPECIFIED,,,,PAGE-CHECK,,NO,PENDING,NO
E-00538,B1-C00538,6181,REF-147,UNSPECIFIED,,,,PAGE-CHECK,,NO,PENDING,NO
E-00539,B1-C00539,6182,REF-148,UNSPECIFIED,,,,PAGE-CHECK,,NO,PENDING,NO
E-00540,B1-C00540,6183,REF-149,UNSPECIFIED,,,,PAGE-CHECK,,NO,PENDING,NO
E-00541,B1-C00541,6184,REF-150,UNSPECIFIED,,,,PAGE-CHECK,,NO,PENDING,NO
E-00542,B1-C00542,6185,REF-151,UNSPECIFIED,,,,PAGE-CHECK,,NO,PENDING,NO
E-00543,B1-C00543,6205,,UNSPECIFIED,,,,PAGE-CHECK,,YES,PENDING,NO
E-00544,B1-C00544,6229,,UNSPECIFIED,,,,PAGE-CHECK,,YES,PENDING,NO
E-00545,B1-C00545,6274,,QURAN,,,24:35,VERIFIED,Qur'an reference structural control (ayah citation present),NO,N/A,NO
E-00546,B1-C00546,6287,,SUNNI,Sahih_Muslim,,,PAGE-CHECK,,YES,PENDING,NO
E-00547,B1-C00547,6304,,QURAN,,,4:59|24:35|24:35,VERIFIED,Qur'an reference structural control (ayah citation present),NO,N/A,NO
E-00548,B1-C00548,6305,REF-152,SUNNI,Sahih_Muslim|Sahih_al-Bukhari,Sahih_al-Bukhari:7222|Sahih_al-Bukhari:7222|Sahih_Muslim:7222|Sahih_Muslim:7222,,CONFLICT,verify_sunni FOUND bukhari 7222; XRM XRM-033,NO,PENDING,NO
E-00549,B1-C00549,6306,REF-153,SUNNI,Sahih_al-Bukhari,Sahih_al-Bukhari:3714|Sahih_al-Bukhari:3714,,CONFLICT,verify_sunni FOUND bukhari 3714; XRM XRM-016,NO,PENDING,NO
E-00550,B1-C00550,6307,REF-154,UNSPECIFIED,,,,CONFLICT,Attribution-only; SOURCE_EXISTENCE≠CLAIM_SUPPORT; XRM XRM-041,NO,PENDING,NO
E-00551,B1-C00551,6308,REF-155,UNSPECIFIED,,,,CONFLICT,Attribution-only; SOURCE_EXISTENCE≠CLAIM_SUPPORT; XRM XRM-008,NO,PENDING,NO
E-00552,B1-C00552,6333,,SUNNI,Sahih_Muslim|Sahih_al-Bukhari,,,PAGE-CHECK,,NO,PENDING,NO
E-00553,B1-C00553,6335,,SUNNI,Sunan_Abu_Dawud|Sunan_Ibn_Majah,,,PAGE-CHECK,,NO,PENDING,NO
E-00554,B1-C00554,6340,,SUNNI,Sahih_Muslim,,,PAGE-CHECK,,NO,PENDING,NO
E-00555,B1-C00555,6455,REF-156,SUNNI,Mustadrak_al-Hakim,Mustadrak_al-Hakim:318|Mustadrak_al-Hakim:319|Mustadrak_al-Hakim:318|Mustadrak_al-Hakim:319,,EDITION-LOCK,outside six-book corpus — EDITION-LOCK/PAGE-CHECK,NO,PENDING,NO
E-00556,B1-C00556,6456,REF-157,SUNNI,Jami_al-Tirmidhi|Sahih_Muslim,Sahih_Muslim:2408|Sahih_Muslim:3786|Sahih_Muslim:2408|Sahih_Muslim:3786|Jami_al-Tirmidhi:3786|Jami_al-Tirmidhi:3788|Jami_al-Tirmidhi:3786|Jami_al-Tirmidhi:3788|Jami_al-Tirmidhi:173,,CONFLICT,"verify_sunni FOUND tirmidhi 3788; XRM XRM-009,XRM-010,XRM-011,XRM-012,XRM-025",NO,PENDING,NO
E-00557,B1-C00557,6457,,QURAN,,,16:108|2:174|33:36|4:115,VERIFIED,Qur'an reference structural control (ayah citation present),NO,N/A,NO
E-00558,B1-C00558,6458,REF-158,SHIA|SUNNI,Bihar_al-Anwar|Sahih_Muslim|Sahih_al-Bukhari,Sahih_Muslim:3|Sahih_Muslim:364|Sahih_Muslim:2|Sahih_Muslim:3|Sahih_Muslim:364|Sahih_Muslim:2|Bihar_al-Anwar:22|Bihar_al-Anwar:469|Bihar_al-Anwar:04|Bihar_al-Anwar:22|Bihar_al-Anwar:469|Bihar_al-Anwar:04,,CONFLICT,"Shia SECONDARY-ONLY/EDITION-LOCK (thaqalayn blocked); XRM XRM-025,XRM-068,XRM-081",NO,PENDING,NO
E-00559,B1-C00559,6459,REF-159,UNSPECIFIED,,,,PAGE-CHECK,Attribution-only; SOURCE_EXISTENCE≠CLAIM_SUPPORT,NO,PENDING,NO
E-00560,B1-C00560,6524,,SUNNI,Sahih_Muslim,,,PAGE-CHECK,,NO,PENDING,NO
E-00561,B1-C00561,6528,,UNSPECIFIED,,,,PAGE-CHECK,,YES,PENDING,NO
E-00562,B1-C00562,6557,,QURAN,,,25:74|5:67|5:3,VERIFIED,Qur'an reference structural control (ayah citation present),NO,N/A,NO
E-00563,B1-C00563,6558,,SUNNI,Jami_al-Tirmidhi,Jami_al-Tirmidhi:3713|Jami_al-Tirmidhi:3713|Jami_al-Tirmidhi:173,,VERIFIED,verify_sunni FOUND tirmidhi 3713,NO,N/A,NO
E-00564,B1-C00564,6559,REF-160,SUNNI,Mustadrak_al-Hakim,,,EDITION-LOCK,outside six-book corpus — EDITION-LOCK/PAGE-CHECK,NO,PENDING,NO
E-00565,B1-C00565,6560,REF-161,UNSPECIFIED,,,,CONFLICT,XRM XRM-066,NO,PENDING,NO
E-00566,B1-C00566,6576,REF-162,UNSPECIFIED,,,,PAGE-CHECK,Attribution-only; SOURCE_EXISTENCE≠CLAIM_SUPPORT,NO,PENDING,NO
E-00567,B1-C00567,6581,,UNSPECIFIED,,,,PAGE-CHECK,,YES,PENDING,NO
E-00568,B1-C00568,6592,,UNSPECIFIED,,,,PAGE-CHECK,,YES,PENDING,NO
E-00569,B1-C00569,6610,,UNSPECIFIED,,,,PAGE-CHECK,,YES,PENDING,NO
E-00570,B1-C00570,6615,,UNSPECIFIED,,,,PAGE-CHECK,,YES,PENDING,NO
E-00571,B1-C00571,6617,,SUNNI,Sahih_Muslim,,,PAGE-CHECK,,NO,PENDING,NO
E-00572,B1-C00572,6620,,UNSPECIFIED,,,,PAGE-CHECK,,YES,PENDING,NO
E-00573,B1-C00573,6645,,QURAN,,,13:43|27:40|16:43|65:10,VERIFIED,Qur'an reference structural control (ayah citation present),NO,N/A,NO
E-00574,B1-C00574,6646,REF-163,QURAN,,,13:43,VERIFIED,Qur'an reference structural control (ayah citation present),NO,N/A,NO
E-00575,B1-C00575,6647,REF-164,SUNNI,Jami_al-Tirmidhi|Mustadrak_al-Hakim,,,CONFLICT,"XRM XRM-030,XRM-031,XRM-032",NO,PENDING,NO
E-00576,B1-C00576,6648,REF-165,UNSPECIFIED,,,,PAGE-CHECK,Attribution-only; SOURCE_EXISTENCE≠CLAIM_SUPPORT,NO,PENDING,NO
E-00577,B1-C00577,6649,REF-166,SHIA,Bihar_al-Anwar,Bihar_al-Anwar:2|Bihar_al-Anwar:2,,EDITION-LOCK,Shia SECONDARY-ONLY/EDITION-LOCK (thaqalayn blocked),NO,PENDING,NO
E-00578,B1-C00578,6695,,SHIA,al-Kafi,,,EDITION-LOCK,Shia SECONDARY-ONLY/EDITION-LOCK (thaqalayn blocked),NO,PENDING,NO
E-00579,B1-C00579,6721,REF-167,UNSPECIFIED,,,,CONFLICT,Attribution-only; SOURCE_EXISTENCE≠CLAIM_SUPPORT; XRM XRM-054,NO,PENDING,NO
E-00580,B1-C00580,6738,,QURAN,,,7:128|57:11,VERIFIED,Qur'an reference structural control (ayah citation present),NO,N/A,NO
E-00581,B1-C00581,6739,REF-168,UNSPECIFIED,,,,CONFLICT,XRM XRM-052,NO,PENDING,NO
E-00582,B1-C00582,6740,REF-169,UNSPECIFIED,,,,CONFLICT,Attribution-only; SOURCE_EXISTENCE≠CLAIM_SUPPORT; XRM XRM-072,NO,PENDING,NO
E-00583,B1-C00583,6741,REF-170,SHIA,al-Kafi,,57:11,CONFLICT,Qur'an reference structural control (ayah citation present); XRM XRM-072,NO,PENDING,NO
E-00584,B1-C00584,6742,REF-171,UNSPECIFIED,,,,CONFLICT,Attribution-only; SOURCE_EXISTENCE≠CLAIM_SUPPORT; XRM XRM-054,NO,PENDING,NO
E-00585,B1-C00585,6753,,UNSPECIFIED,,,,PAGE-CHECK,,NO,PENDING,NO
E-00586,B1-C00586,6757,,SUNNI,Sahih_Muslim,,,PAGE-CHECK,,NO,PENDING,NO
E-00587,B1-C00587,6767,,UNSPECIFIED,,,,PAGE-CHECK,,YES,PENDING,NO
E-00588,B1-C00588,6791,REF-172,UNSPECIFIED,,,,CONFLICT,Attribution-only; SOURCE_EXISTENCE≠CLAIM_SUPPORT; XRM XRM-071,NO,PENDING,NO
E-00589,B1-C00589,6802,,QURAN,,,1:6|2:142|3:101|7:16|22:54|67:22|33:33,VERIFIED,Qur'an reference structural control (ayah citation present),NO,N/A,NO
E-00590,B1-C00590,6803,,SUNNI,Sahih_Muslim,Sahih_Muslim:2424|Sahih_Muslim:2424,,VERIFIED,verify_sunni FOUND muslim 2424,NO,N/A,NO
E-00591,B1-C00591,6804,REF-173,QURAN,,,1:6,CONFLICT,"Qur'an reference structural control (ayah citation present); XRM XRM-067,XRM-071",NO,PENDING,NO
E-00592,B1-C00592,6805,REF-174,SHIA,Tafsir_al-Ayyashi|Tafsir_al-Qummi,,67:22,CONFLICT,Qur'an reference structural control (ayah citation present); XRM XRM-071,NO,PENDING,NO
E-00593,B1-C00593,6806,REF-175,UNSPECIFIED,,,,PAGE-CHECK,Attribution-only; SOURCE_EXISTENCE≠CLAIM_SUPPORT,NO,PENDING,NO
E-00594,B1-C00594,6826,REF-176,UNSPECIFIED,,,,CONFLICT,Attribution-only; SOURCE_EXISTENCE≠CLAIM_SUPPORT; XRM XRM-070,NO,PENDING,NO
E-00595,B1-C00595,6853,,QURAN,,,6:153,VERIFIED,Qur'an reference structural control (ayah citation present),NO,N/A,NO
E-00596,B1-C00596,6854,,SUNNI,Jami_al-Tirmidhi,Jami_al-Tirmidhi:3713|Jami_al-Tirmidhi:3713|Jami_al-Tirmidhi:173,,VERIFIED,verify_sunni FOUND tirmidhi 3713,NO,N/A,NO
E-00597,B1-C00597,6855,REF-177,UNSPECIFIED,,,,CONFLICT,XRM XRM-070,NO,PENDING,NO
E-00598,B1-C00598,6856,REF-178,SHIA,Tafsir_al-Ayyashi,,,CONFLICT,Shia SECONDARY-ONLY/EDITION-LOCK (thaqalayn blocked); XRM XRM-070,NO,PENDING,NO
E-00599,B1-C00599,6975,,QURAN,,,13:7|2:44|82:6,VERIFIED,Qur'an reference structural control (ayah citation present),NO,N/A,NO
E-00600,B1-C00600,6976,REF-179,UNSPECIFIED,,,,PAGE-CHECK,,NO,PENDING,NO
E-00601,B1-C00601,6977,REF-180,QURAN,,,13:7,VERIFIED,Qur'an reference structural control (ayah citation present),NO,N/A,NO
E-00602,B1-C00602,6997,,UNSPECIFIED,,,,PAGE-CHECK,,YES,PENDING,NO
E-00603,B1-C00603,7032,,UNSPECIFIED,,,,PAGE-CHECK,,YES,PENDING,NO
E-00604,B1-C00604,7044,,QURAN,,,1:7|9:119|4:69,VERIFIED,Qur'an reference structural control (ayah citation present),NO,N/A,NO
E-00605,B1-C00605,7045,REF-181,UNSPECIFIED,,,,PAGE-CHECK,,NO,PENDING,NO
E-00606,B1-C00606,7046,REF-182,UNSPECIFIED,,,,PAGE-CHECK,,NO,PENDING,NO
E-00607,B1-C00607,7047,REF-183,SHIA,Nahj_al-Balagha,Nahj_al-Balagha:455|Nahj_al-Balagha:4|Nahj_al-Balagha:455|Nahj_al-Balagha:4,,EDITION-LOCK,Shia SECONDARY-ONLY/EDITION-LOCK (thaqalayn blocked),NO,PENDING,NO
E-00608,B1-C00608,7048,REF-184,UNSPECIFIED,,,,PAGE-CHECK,,NO,PENDING,NO
E-00609,B1-C00609,7049,REF-185,UNSPECIFIED,,,,PAGE-CHECK,,NO,PENDING,NO
E-00610,B1-C00610,7086,,SUNNI,Jami_al-Tirmidhi,,,PAGE-CHECK,,NO,PENDING,NO
E-00611,B1-C00611,7115,,QURAN,,,33:33,VERIFIED,Qur'an reference structural control (ayah citation present),NO,N/A,NO
E-00612,B1-C00612,7116,REF-186,SUNNI,Jami_al-Tirmidhi,,,CONFLICT,"XRM XRM-038,XRM-081",NO,PENDING,NO
E-00613,B1-C00613,7117,REF-187,UNSPECIFIED,,,,CONFLICT,"XRM XRM-039,XRM-067",NO,PENDING,NO
E-00614,B1-C00614,7118,,SUNNI,Sahih_al-Bukhari,Sahih_al-Bukhari:3714|Sahih_al-Bukhari:3714,,VERIFIED,verify_sunni FOUND bukhari 3714,NO,N/A,NO
E-00615,B1-C00615,7129,,QURAN,,,33:33,VERIFIED,Qur'an reference structural control (ayah citation present),NO,N/A,NO
E-00616,B1-C00616,7143,,QURAN,,,33:33,VERIFIED,Qur'an reference structural control (ayah citation present),NO,N/A,NO
E-00617,B1-C00617,7152,,UNSPECIFIED,,,,PAGE-CHECK,,YES,PENDING,NO
E-00618,B1-C00618,7181,REF-188,SUNNI,Jami_al-Tirmidhi|Sahih_Muslim|al-Bayhaqi,Sahih_Muslim:2424|Sahih_Muslim:2424,,CONFLICT,"verify_sunni FOUND muslim 2424; XRM XRM-038,XRM-078,XRM-081",NO,PENDING,NO
E-00619,B1-C00619,7182,REF-189,UNSPECIFIED,,,,CONFLICT,"XRM XRM-040,XRM-067",NO,PENDING,NO
E-00620,B1-C00620,7183,REF-190,UNSPECIFIED,,,,CONFLICT,XRM XRM-038,NO,PENDING,NO
E-00621,B1-C00621,7184,REF-191,SUNNI,Mustadrak_al-Hakim,,,CONFLICT,outside six-book corpus — EDITION-LOCK/PAGE-CHECK; XRM XRM-013,NO,PENDING,NO
E-00622,B1-C00622,7234,,SUNNI,Sahih_Muslim,,,PAGE-CHECK,,NO,PENDING,NO
E-00623,B1-C00623,7294,,QURAN,,,98:5|17:71,VERIFIED,Qur'an reference structural control (ayah citation present),NO,N/A,NO
E-00624,B1-C00624,7295,REF-192,SHIA,Tafsir_al-Qummi|Tawil_al-Ayat,,98:5,VERIFIED,Qur'an reference structural control (ayah citation present),NO,N/A,NO
E-00625,B1-C00625,7296,,UNSPECIFIED,,,,PAGE-CHECK,,NO,PENDING,NO
E-00626,B1-C00626,7317,,SUNNI,Sahih_al-Bukhari,,,PAGE-CHECK,,NO,PENDING,NO
E-00627,B1-C00627,7318,,SUNNI,Sahih_al-Bukhari,,,PAGE-CHECK,,NO,PENDING,NO
E-00628,B1-C00628,7345,,UNSPECIFIED,,,,PAGE-CHECK,,NO,PENDING,NO
E-00629,B1-C00629,7423,REF-193,UNSPECIFIED,,,,PAGE-CHECK,Attribution-only; SOURCE_EXISTENCE≠CLAIM_SUPPORT,NO,PENDING,NO
E-00630,B1-C00630,7424,REF-194,SHIA,Nahj_al-Balagha,Nahj_al-Balagha:179|Nahj_al-Balagha:179,,EDITION-LOCK,Shia SECONDARY-ONLY/EDITION-LOCK (thaqalayn blocked),NO,PENDING,NO
E-00631,B1-C00631,7425,,UNSPECIFIED,,,,PAGE-CHECK,,NO,PENDING,NO
E-00632,B1-C00632,7433,,SHIA,Nahj_al-Balagha,,,EDITION-LOCK,Shia SECONDARY-ONLY/EDITION-LOCK (thaqalayn blocked),NO,PENDING,NO
E-00633,B1-C00633,7496,REF-195,SHIA,Nahj_al-Balagha,Nahj_al-Balagha:179|Nahj_al-Balagha:179,,EDITION-LOCK,Shia SECONDARY-ONLY/EDITION-LOCK (thaqalayn blocked),NO,PENDING,NO
E-00634,B1-C00634,7497,REF-196,UNSPECIFIED,,,,PAGE-CHECK,Attribution-only; SOURCE_EXISTENCE≠CLAIM_SUPPORT,NO,PENDING,NO
E-00635,B1-C00635,7498,REF-197,SHIA,al-Kafi,,,EDITION-LOCK,Shia SECONDARY-ONLY/EDITION-LOCK (thaqalayn blocked),NO,PENDING,NO
E-00636,B1-C00636,7553,,QURAN,,,2:207|3:195|3:198,VERIFIED,Qur'an reference structural control (ayah citation present),NO,N/A,NO
E-00637,B1-C00637,7554,REF-198,UNSPECIFIED,,,,PAGE-CHECK,,NO,PENDING,NO
E-00638,B1-C00638,7555,REF-199,SHIA,Bihar_al-Anwar,Bihar_al-Anwar:5,,EDITION-LOCK,Shia SECONDARY-ONLY/EDITION-LOCK (thaqalayn blocked),NO,PENDING,NO
E-00639,B1-C00639,7556,REF-200,QURAN,,,3:195|3:198,VERIFIED,Qur'an reference structural control (ayah citation present),NO,N/A,NO
E-00640,B1-C00640,7599,,QURAN,,,9:84,VERIFIED,Qur'an reference structural control (ayah citation present),NO,N/A,NO
E-00641,B1-C00641,7600,REF-201,SUNNI,Sahih_Muslim|Sahih_al-Bukhari,,,CONFLICT,"XRM XRM-014,XRM-015,XRM-025,XRM-081",NO,PENDING,NO
E-00642,B1-C00642,7601,REF-202,SUNNI,Sahih_al-Bukhari,Sahih_al-Bukhari:1350|Sahih_al-Bukhari:1350,,CONFLICT,verify_sunni FOUND bukhari 1350; XRM XRM-081,NO,PENDING,NO
E-00643,B1-C00643,7602,REF-203,UNSPECIFIED,,,,PAGE-CHECK,,NO,PENDING,NO
E-00644,B1-C00644,7659,,QURAN,,,38:75|8:62,VERIFIED,Qur'an reference structural control (ayah citation present),NO,N/A,NO
E-00645,B1-C00645,7660,REF-204,SHIA,Tafsir_al-Qummi,,,EDITION-LOCK,Shia SECONDARY-ONLY/EDITION-LOCK (thaqalayn blocked),NO,PENDING,NO
E-00646,B1-C00646,7759,,UNSPECIFIED,,,,PAGE-CHECK,,YES,PENDING,NO
E-00647,B1-C00647,7766,,UNSPECIFIED,,,,PAGE-CHECK,,YES,PENDING,NO
E-00648,B1-C00648,7768,REF-205,UNSPECIFIED,,,,CONFLICT,Attribution-only; SOURCE_EXISTENCE≠CLAIM_SUPPORT; XRM XRM-091,YES,PENDING,NO
E-00649,B1-C00649,7780,,UNSPECIFIED,,,,PAGE-CHECK,,YES,PENDING,NO
E-00650,B1-C00650,7810,,UNSPECIFIED,,,,PAGE-CHECK,,NO,PENDING,NO
E-00651,B1-C00651,7811,,QURAN,,,3:31,VERIFIED,Qur'an reference structural control (ayah citation present),NO,N/A,NO
E-00652,B1-C00652,7812,REF-206,SUNNI,Jami_al-Tirmidhi|Sahih_Muslim,Sahih_Muslim:2408|Sahih_Muslim:2408|Jami_al-Tirmidhi:3786|Jami_al-Tirmidhi:3786|Jami_al-Tirmidhi:3788|Jami_al-Tirmidhi:3788,,CONFLICT,"verify_sunni FOUND tirmidhi 3788; XRM XRM-009,XRM-010,XRM-011,XRM-012,XRM-025",NO,PENDING,NO
E-00653,B1-C00653,7813,REF-207,UNSPECIFIED,,,,CONFLICT,Attribution-only; SOURCE_EXISTENCE≠CLAIM_SUPPORT; XRM XRM-031,NO,PENDING,NO
E-00654,B1-C00654,7814,REF-208,UNSPECIFIED,,,,CONFLICT,Attribution-only; SOURCE_EXISTENCE≠CLAIM_SUPPORT; XRM XRM-013,NO,PENDING,NO
E-00655,B1-C00655,7815,,QURAN,,,28:56|13:27,VERIFIED,Qur'an reference structural control (ayah citation present),NO,N/A,NO
E-00656,B1-C00656,7816,REF-209,UNSPECIFIED,,,,CONFLICT,Attribution-only; SOURCE_EXISTENCE≠CLAIM_SUPPORT; XRM XRM-091,NO,PENDING,NO
E-00657,B1-C00657,7817,REF-210,QURAN,,,42:23,VERIFIED,Qur'an reference structural control (ayah citation present),NO,N/A,NO
E-00658,B1-C00658,7818,,QURAN,,,38:76,VERIFIED,Qur'an reference structural control (ayah citation present),NO,N/A,NO
E-00659,B1-C00659,7871,REF-211,UNSPECIFIED,,,,CONFLICT,Attribution-only; SOURCE_EXISTENCE≠CLAIM_SUPPORT; XRM XRM-090,NO,PENDING,NO
E-00660,B1-C00660,7884,,SHIA,Nahj_al-Balagha,,,EDITION-LOCK,Shia SECONDARY-ONLY/EDITION-LOCK (thaqalayn blocked),NO,PENDING,NO
E-00661,B1-C00661,7940,,SHIA,Nahj_al-Balagha,,,EDITION-LOCK,Shia SECONDARY-ONLY/EDITION-LOCK (thaqalayn blocked),NO,PENDING,NO
E-00662,B1-C00662,7957,,UNSPECIFIED,,,,PAGE-CHECK,,NO,PENDING,NO
E-00663,B1-C00663,7958,,QURAN,,,6:50|24:40|24:40,VERIFIED,Qur'an reference structural control (ayah citation present),NO,N/A,NO
E-00664,B1-C00664,7959,REF-212,QURAN,,,24:40,CONFLICT,Qur'an reference structural control (ayah citation present); XRM XRM-090,NO,PENDING,NO
E-00665,B1-C00665,7960,REF-213,SHIA,Nahj_al-Balagha,Nahj_al-Balagha:50|Nahj_al-Balagha:50,,EDITION-LOCK,Shia SECONDARY-ONLY/EDITION-LOCK (thaqalayn blocked),NO,PENDING,NO
E-00666,B1-C00666,7961,REF-214,SHIA,Nahj_al-Balagha,Nahj_al-Balagha:93|Nahj_al-Balagha:93,,EDITION-LOCK,Shia SECONDARY-ONLY/EDITION-LOCK (thaqalayn blocked),NO,PENDING,NO
E-00667,B1-C00667,7991,,UNSPECIFIED,,,,PAGE-CHECK,,YES,PENDING,NO
E-00668,B1-C00668,8000,REF-215,UNSPECIFIED,,,,PAGE-CHECK,Attribution-only; SOURCE_EXISTENCE≠CLAIM_SUPPORT,NO,PENDING,NO
E-00669,B1-C00669,8019,REF-216,UNSPECIFIED,,,,CONFLICT,Attribution-only; SOURCE_EXISTENCE≠CLAIM_SUPPORT; XRM XRM-053,NO,PENDING,NO
E-00670,B1-C00670,8039,,SHIA,al-Kafi,,,EDITION-LOCK,Shia SECONDARY-ONLY/EDITION-LOCK (thaqalayn blocked),YES,PENDING,NO
E-00671,B1-C00671,8081,,SHIA,al-Kafi,,,EDITION-LOCK,Shia SECONDARY-ONLY/EDITION-LOCK (thaqalayn blocked),NO,PENDING,NO
E-00672,B1-C00672,8090,,UNSPECIFIED,,,,PAGE-CHECK,,NO,PENDING,NO
E-00673,B1-C00673,8091,REF-217,SHIA,al-Kafi,al-Kafi:1|al-Kafi:1|HADITH:8|HADITH:4|HADITH:3|HADITH:5,,CONFLICT,Shia SECONDARY-ONLY/EDITION-LOCK (thaqalayn blocked); XRM XRM-080,NO,PENDING,NO
E-00674,B1-C00674,8092,REF-218,SHIA,al-Kafi,al-Kafi:2|al-Kafi:2,,EDITION-LOCK,Shia SECONDARY-ONLY/EDITION-LOCK (thaqalayn blocked),NO,PENDING,NO
E-00675,B1-C00675,8093,REF-219,SHIA,al-Kafi,,,EDITION-LOCK,Shia SECONDARY-ONLY/EDITION-LOCK (thaqalayn blocked),NO,PENDING,NO
E-00676,B1-C00676,8094,REF-220,UNSPECIFIED,,,,CONFLICT,Attribution-only; SOURCE_EXISTENCE≠CLAIM_SUPPORT; XRM XRM-053,NO,PENDING,NO
E-00677,B1-C00677,8095,REF-221,UNSPECIFIED,,,,PAGE-CHECK,Attribution-only; SOURCE_EXISTENCE≠CLAIM_SUPPORT,NO,PENDING,NO
E-00678,B1-C00678,8096,,QURAN,,,72:26|7:199|2:177,VERIFIED,Qur'an reference structural control (ayah citation present),NO,N/A,NO
E-00679,B1-C00679,8113,,SHIA,al-Kafi,,,EDITION-LOCK,Shia SECONDARY-ONLY/EDITION-LOCK (thaqalayn blocked),NO,PENDING,NO
E-00680,B1-C00680,8131,,SHIA,al-Kafi,,,EDITION-LOCK,Shia SECONDARY-ONLY/EDITION-LOCK (thaqalayn blocked),NO,PENDING,NO
E-00681,B1-C00681,8134,REF-222,UNSPECIFIED,,,,CONFLICT,Attribution-only; SOURCE_EXISTENCE≠CLAIM_SUPPORT; XRM XRM-028,NO,PENDING,NO
E-00682,B1-C00682,8136,,UNSPECIFIED,,,,PAGE-CHECK,,YES,PENDING,NO
E-00683,B1-C00683,8139,,UNSPECIFIED,,,,PAGE-CHECK,,YES,PENDING,NO
E-00684,B1-C00684,8192,,UNSPECIFIED,,,,PAGE-CHECK,,NO,PENDING,NO
E-00685,B1-C00685,8193,REF-223,SUNNI,Jami_al-Tirmidhi,Jami_al-Tirmidhi:2950|Jami_al-Tirmidhi:2951|Jami_al-Tirmidhi:2950|Jami_al-Tirmidhi:2951,,CONFLICT,"verify_sunni FOUND tirmidhi 2951; XRM XRM-027,XRM-028,XRM-081",NO,PENDING,NO
E-00686,B1-C00686,8194,REF-224,SUNNI,Jami_al-Tirmidhi,,,CONFLICT,XRM XRM-027,NO,PENDING,NO
E-00687,B1-C00687,8195,REF-225,SUNNI,Jami_al-Tirmidhi|Sunan_Abu_Dawud,Sunan_Abu_Dawud:3652|Sunan_Abu_Dawud:3652,,CONFLICT,verify_sunni FOUND abudawud 3652; XRM XRM-081,NO,PENDING,NO
E-00688,B1-C00688,8196,REF-226,SHIA,Nahj_al-Balagha|al-Kafi,al-Kafi:1|al-Kafi:6|al-Kafi:1|al-Kafi:6|Nahj_al-Balagha:17|Nahj_al-Balagha:1|Nahj_al-Balagha:17|Nahj_al-Balagha:1|HADITH:6,,CONFLICT,Shia SECONDARY-ONLY/EDITION-LOCK (thaqalayn blocked); XRM XRM-080,NO,PENDING,NO
E-00689,B1-C00689,8197,,UNSPECIFIED,,,,PAGE-CHECK,,NO,PENDING,NO
E-00690,B1-C00690,8220,,UNSPECIFIED,,,,PAGE-CHECK,,YES,PENDING,NO
E-00691,B1-C00691,8237,,SUNNI,Mustadrak_al-Hakim,,,EDITION-LOCK,outside six-book corpus — EDITION-LOCK/PAGE-CHECK,NO,PENDING,NO
E-00692,B1-C00692,8238,,SUNNI,Mustadrak_al-Hakim,,,EDITION-LOCK,outside six-book corpus — EDITION-LOCK/PAGE-CHECK,NO,PENDING,NO
E-00693,B1-C00693,8240,,SUNNI,Mustadrak_al-Hakim,,,EDITION-LOCK,outside six-book corpus — EDITION-LOCK/PAGE-CHECK,NO,PENDING,NO
E-00694,B1-C00694,8243,,SUNNI,Mustadrak_al-Hakim,,,EDITION-LOCK,outside six-book corpus — EDITION-LOCK/PAGE-CHECK,NO,PENDING,NO
E-00695,B1-C00695,8252,,SUNNI,Mustadrak_al-Hakim,,,EDITION-LOCK,outside six-book corpus — EDITION-LOCK/PAGE-CHECK,NO,PENDING,NO
E-00696,B1-C00696,8253,,SUNNI,Mustadrak_al-Hakim,,,EDITION-LOCK,outside six-book corpus — EDITION-LOCK/PAGE-CHECK,NO,PENDING,NO
E-00697,B1-C00697,8259,,SHIA,al-Kafi,,,EDITION-LOCK,Shia SECONDARY-ONLY/EDITION-LOCK (thaqalayn blocked),NO,PENDING,NO
E-00698,B1-C00698,8261,,SUNNI,Mustadrak_al-Hakim,,,EDITION-LOCK,outside six-book corpus — EDITION-LOCK/PAGE-CHECK,NO,PENDING,NO
E-00699,B1-C00699,8264,,SHIA|SUNNI,Mustadrak_al-Hakim|al-Kafi,,,EDITION-LOCK,Shia SECONDARY-ONLY/EDITION-LOCK (thaqalayn blocked),NO,PENDING,NO
E-00700,B1-C00700,8286,,SUNNI,Mustadrak_al-Hakim,,,EDITION-LOCK,outside six-book corpus — EDITION-LOCK/PAGE-CHECK,NO,PENDING,NO
E-00701,B1-C00701,8289,,UNSPECIFIED,,,,PAGE-CHECK,,NO,PENDING,NO
E-00702,B1-C00702,8290,,QURAN,,,5:15,VERIFIED,Qur'an reference structural control (ayah citation present),NO,N/A,NO
E-00703,B1-C00703,8291,REF-227,QURAN,,,5:15,VERIFIED,Qur'an reference structural control (ayah citation present),NO,N/A,NO
E-00704,B1-C00704,8292,REF-228,UNSPECIFIED,,,,CONFLICT,Attribution-only; SOURCE_EXISTENCE≠CLAIM_SUPPORT; XRM XRM-032,NO,PENDING,NO
E-00705,B1-C00705,8293,REF-229,UNSPECIFIED,,,,PAGE-CHECK,Attribution-only; SOURCE_EXISTENCE≠CLAIM_SUPPORT,NO,PENDING,NO
E-00706,B1-C00706,8294,REF-230,UNSPECIFIED,,,,PAGE-CHECK,Attribution-only; SOURCE_EXISTENCE≠CLAIM_SUPPORT,NO,PENDING,NO
E-00707,B1-C00707,8295,REF-231,SHIA,Nahj_al-Balagha|al-Kafi,al-Kafi:1|al-Kafi:6|al-Kafi:1|al-Kafi:6|Nahj_al-Balagha:17|Nahj_al-Balagha:17|HADITH:6,,CONFLICT,Shia SECONDARY-ONLY/EDITION-LOCK (thaqalayn blocked); XRM XRM-080,NO,PENDING,NO
E-00708,B1-C00708,8296,REF-232,UNSPECIFIED,,,,PAGE-CHECK,,NO,PENDING,NO
E-00709,B1-C00709,8348,REF-233,UNSPECIFIED,,,,CONFLICT,Attribution-only; SOURCE_EXISTENCE≠CLAIM_SUPPORT; XRM XRM-036,NO,PENDING,NO
E-00710,B1-C00710,8354,REF-234,UNSPECIFIED,,,,PAGE-CHECK,Attribution-only; SOURCE_EXISTENCE≠CLAIM_SUPPORT,NO,PENDING,NO
E-00711,B1-C00711,8393,,UNSPECIFIED,,,,PAGE-CHECK,,YES,PENDING,NO
E-00712,B1-C00712,8402,,SHIA,al-Kafi,,,EDITION-LOCK,Shia SECONDARY-ONLY/EDITION-LOCK (thaqalayn blocked),NO,PENDING,NO
E-00713,B1-C00713,8432,,QURAN,,,32:24,VERIFIED,Qur'an reference structural control (ayah citation present),NO,N/A,NO
E-00714,B1-C00714,8433,,QURAN,,,2:30|38:26|7:142|32:24|28:41|3:61|6:165,VERIFIED,Qur'an reference structural control (ayah citation present),NO,N/A,NO
E-00715,B1-C00715,8434,REF-235,QURAN,,,32:24,VERIFIED,Qur'an reference structural control (ayah citation present),NO,N/A,NO
E-00716,B1-C00716,8435,REF-236,SUNNI,Sahih_Muslim|Sahih_al-Bukhari,Sahih_al-Bukhari:3706|Sahih_al-Bukhari:2404|Sahih_al-Bukhari:3706|Sahih_al-Bukhari:2404|Sahih_Muslim:2404|Sahih_Muslim:2404,,CONFLICT,"verify_sunni FOUND muslim 2404; XRM XRM-025,XRM-034,XRM-037,XRM-081",NO,PENDING,NO
E-00717,B1-C00717,8436,REF-237,SUNNI,Jami_al-Tirmidhi,Jami_al-Tirmidhi:3713|Jami_al-Tirmidhi:3713,,CONFLICT,"verify_sunni FOUND tirmidhi 3713; XRM XRM-035,XRM-036,XRM-078,XRM-081",NO,PENDING,NO
E-00718,B1-C00718,8437,REF-238,SHIA,al-Kafi,al-Kafi:1|al-Kafi:1,,EDITION-LOCK,Shia SECONDARY-ONLY/EDITION-LOCK (thaqalayn blocked),NO,PENDING,NO
E-00719,B1-C00719,8438,REF-239,UNSPECIFIED,,,,PAGE-CHECK,Attribution-only; SOURCE_EXISTENCE≠CLAIM_SUPPORT,NO,PENDING,NO
E-00720,B1-C00720,8439,REF-240,SUNNI,Jami_al-Tirmidhi|Sahih_Muslim|Sahih_al-Bukhari|Sunan_Abu_Dawud,Sahih_al-Bukhari:30|Sahih_al-Bukhari:30|Sahih_Muslim:30|Sahih_Muslim:30,,CONFLICT,"XRM XRM-025,XRM-031,XRM-033,XRM-034,XRM-081",NO,PENDING,NO
E-00721,B1-C00721,8440,REF-241,QURAN,,,32:23,VERIFIED,Qur'an reference structural control (ayah citation present),NO,N/A,NO
E-00722,B1-C00722,8541,,UNSPECIFIED,,,,PAGE-CHECK,,NO,PENDING,NO
E-00723,B1-C00723,8542,,QURAN,,,5:54,VERIFIED,Qur'an reference structural control (ayah citation present),NO,N/A,NO
E-00724,B1-C00724,8574,,SHIA,Ilal_al-Sharai,,,EDITION-LOCK,Shia SECONDARY-ONLY/EDITION-LOCK (thaqalayn blocked),NO,PENDING,NO
E-00725,B1-C00725,8594,,UNSPECIFIED,,,,PAGE-CHECK,,YES,PENDING,NO
E-00726,B1-C00726,8602,,SHIA,al-Kafi,,,EDITION-LOCK,Shia SECONDARY-ONLY/EDITION-LOCK (thaqalayn blocked),NO,PENDING,NO
E-00727,B1-C00727,8607,,UNSPECIFIED,,,,PAGE-CHECK,,YES,PENDING,NO
E-00728,B1-C00728,8644,,QURAN,,,44:1|38:75,VERIFIED,Qur'an reference structural control (ayah citation present),NO,N/A,NO
E-00729,B1-C00729,8645,,QURAN,,,44:1|38:75,VERIFIED,Qur'an reference structural control (ayah citation present),NO,N/A,NO
E-00730,B1-C00730,8646,REF-242,SUNNI,Jami_al-Tirmidhi|Sahih_Muslim,Sahih_Muslim:2408|Sahih_Muslim:2408|Jami_al-Tirmidhi:3786|Jami_al-Tirmidhi:3786|Jami_al-Tirmidhi:3788|Jami_al-Tirmidhi:3788,,CONFLICT,"verify_sunni FOUND tirmidhi 3788; XRM XRM-009,XRM-010,XRM-011,XRM-012,XRM-025",NO,PENDING,NO
E-00731,B1-C00731,8647,REF-243,SHIA,al-Kafi,al-Kafi:1|al-Kafi:1|HADITH:4,,EDITION-LOCK,Shia SECONDARY-ONLY/EDITION-LOCK (thaqalayn blocked),NO,PENDING,NO
E-00732,B1-C00732,8648,REF-244,UNSPECIFIED,,,,CONFLICT,Attribution-only; SOURCE_EXISTENCE≠CLAIM_SUPPORT; XRM XRM-041,NO,PENDING,NO
E-00733,B1-C00733,8649,REF-245,UNSPECIFIED,,,,CONFLICT,Attribution-only; SOURCE_EXISTENCE≠CLAIM_SUPPORT; XRM XRM-031,NO,PENDING,NO
E-00734,B1-C00734,8669,,UNSPECIFIED,,,,PAGE-CHECK,,YES,PENDING,NO
E-00735,B1-C00735,8733,REF-246,UNSPECIFIED,,,,CONFLICT,Attribution-only; SOURCE_EXISTENCE≠CLAIM_SUPPORT; XRM XRM-048,NO,PENDING,NO
E-00736,B1-C00736,8764,,UNSPECIFIED,,,,PAGE-CHECK,,NO,PENDING,NO
E-00737,B1-C00737,8765,,QURAN,,,38:76|6:125|61:8|33:70|2:257,VERIFIED,Qur'an reference structural control (ayah citation present),NO,N/A,NO
E-00738,B1-C00738,8766,REF-247,SHIA,Bihar_al-Anwar|Ilal_al-Sharai,Bihar_al-Anwar:15|Bihar_al-Anwar:15|Ilal_al-Sharai:15|Ilal_al-Sharai:15,,EDITION-LOCK,Shia SECONDARY-ONLY/EDITION-LOCK (thaqalayn blocked),NO,PENDING,NO
E-00739,B1-C00739,8767,REF-248,UNSPECIFIED,,,,PAGE-CHECK,Attribution-only; SOURCE_EXISTENCE≠CLAIM_SUPPORT,NO,PENDING,NO
E-00740,B1-C00740,8768,REF-249,SHIA,Ilal_al-Sharai,,,CONFLICT,"Shia SECONDARY-ONLY/EDITION-LOCK (thaqalayn blocked); XRM XRM-047,XRM-048",NO,PENDING,NO
E-00741,B1-C00741,8839,,UNSPECIFIED,,,,PAGE-CHECK,,YES,PENDING,NO
E-00742,B1-C00742,8861,,SUNNI,Mustadrak_al-Hakim,,,EDITION-LOCK,outside six-book corpus — EDITION-LOCK/PAGE-CHECK,NO,PENDING,NO
E-00743,B1-C00743,8903,,UNSPECIFIED,,,,PAGE-CHECK,,NO,PENDING,NO
E-00744,B1-C00744,8904,,QURAN,,,53:3|33:57|21:102|2:156,VERIFIED,Qur'an reference structural control (ayah citation present),NO,N/A,NO
E-00745,B1-C00745,8905,REF-250,SUNNI,Sahih_al-Bukhari,Sahih_al-Bukhari:3714|Sahih_al-Bukhari:3714,,CONFLICT,"verify_sunni FOUND bukhari 3714; XRM XRM-016,XRM-017,XRM-019,XRM-081",NO,PENDING,NO
E-00746,B1-C00746,8906,REF-251,SUNNI,Mustadrak_al-Hakim|Sahih_Muslim|Sahih_al-Bukhari,Sahih_al-Bukhari:008|Sahih_Muslim:008|Mustadrak_al-Hakim:4730|Mustadrak_al-Hakim:4730|Mustadrak_al-Hakim:008,,PAGE-CHECK,,NO,PENDING,NO
E-00747,B1-C00747,8907,REF-252,SUNNI,Jami_al-Tirmidhi|Sunan_Abu_Dawud,,,CONFLICT,"XRM XRM-081,XRM-089",NO,PENDING,NO
E-00748,B1-C00748,8908,REF-253,UNSPECIFIED,,,,PAGE-CHECK,,NO,PENDING,NO
E-00749,B1-C00749,8909,REF-254,UNSPECIFIED,,,,PAGE-CHECK,,NO,PENDING,NO
E-00750,B1-C00750,8910,REF-255,SHIA,Bihar_al-Anwar,Bihar_al-Anwar:43|Bihar_al-Anwar:2|Bihar_al-Anwar:43|Bihar_al-Anwar:2,,CONFLICT,Shia SECONDARY-ONLY/EDITION-LOCK (thaqalayn blocked); XRM XRM-008,NO,PENDING,NO
E-00751,B1-C00751,8911,,UNSPECIFIED,,,,PAGE-CHECK,,NO,PENDING,NO
E-00752,B1-C00752,8960,,UNSPECIFIED,,,,PAGE-CHECK,,YES,PENDING,NO
E-00753,B1-C00753,8966,REF-256,UNSPECIFIED,,,,CONFLICT,"Attribution-only; SOURCE_EXISTENCE≠CLAIM_SUPPORT; XRM XRM-049,XRM-050",YES,PENDING,NO
E-00754,B1-C00754,8995,REF-257,UNSPECIFIED,,,,CONFLICT,Attribution-only; SOURCE_EXISTENCE≠CLAIM_SUPPORT; XRM XRM-051,YES,PENDING,NO
E-00755,B1-C00755,9000,,UNSPECIFIED,,,,PAGE-CHECK,,YES,PENDING,NO
E-00756,B1-C00756,9005,,UNSPECIFIED,,,,PAGE-CHECK,,YES,PENDING,NO
E-00757,B1-C00757,9058,,UNSPECIFIED,,,,PAGE-CHECK,,NO,PENDING,NO
E-00758,B1-C00758,9059,,QURAN,,,42:23|33:33|3:33|39:53|108:1,VERIFIED,Qur'an reference structural control (ayah citation present),NO,N/A,NO
E-00759,B1-C00759,9060,REF-258,SUNNI,Jami_al-Tirmidhi|Sahih_Muslim,Sahih_Muslim:2408|Sahih_Muslim:2408|Jami_al-Tirmidhi:3786|Jami_al-Tirmidhi:3786|Jami_al-Tirmidhi:3788|Jami_al-Tirmidhi:3788,,CONFLICT,"verify_sunni FOUND tirmidhi 3788; XRM XRM-009,XRM-010,XRM-011,XRM-025,XRM-078",NO,PENDING,NO
E-00760,B1-C00760,9061,REF-259,UNSPECIFIED,,,,CONFLICT,"Attribution-only; SOURCE_EXISTENCE≠CLAIM_SUPPORT; XRM XRM-049,XRM-050",NO,PENDING,NO
E-00761,B1-C00761,9062,REF-260,SUNNI,al-Tabarani,,,CONFLICT,outside six-book corpus — EDITION-LOCK/PAGE-CHECK; XRM XRM-051,NO,PENDING,NO
E-00762,B1-C00762,9063,REF-261,SUNNI,Jami_al-Tirmidhi,,,CONFLICT,XRM XRM-081,NO,PENDING,NO
E-00763,B1-C00763,9064,,UNSPECIFIED,,,,PAGE-CHECK,,NO,PENDING,NO
E-00764,B1-C00764,9065,REF-262,SUNNI,Sahih_Muslim|Sahih_al-Bukhari,,,CONFLICT,"XRM XRM-020,XRM-081,XRM-089",NO,PENDING,NO
E-00765,B1-C00765,9082,,UNSPECIFIED,,,,PAGE-CHECK,,YES,PENDING,NO
E-00766,B1-C00766,9096,REF-263,UNSPECIFIED,,,,CONFLICT,Attribution-only; SOURCE_EXISTENCE≠CLAIM_SUPPORT; XRM XRM-085,NO,PENDING,NO
E-00767,B1-C00767,9107,,UNSPECIFIED,,,,PAGE-CHECK,,YES,PENDING,NO
E-00768,B1-C00768,9140,,UNSPECIFIED,,,,PAGE-CHECK,,NO,PENDING,NO
E-00769,B1-C00769,9141,,QURAN,,,4:164|5:48|15:9|96:19|1:2,VERIFIED,Qur'an reference structural control (ayah citation present),NO,N/A,NO
E-00770,B1-C00770,9142,REF-264,SUNNI,Sahih_Muslim,Sahih_Muslim:395|Sahih_Muslim:395,,CONFLICT,"verify_sunni FOUND muslim 395; XRM XRM-025,XRM-081",NO,PENDING,NO
E-00771,B1-C00771,9143,REF-265,UNSPECIFIED,,,,CONFLICT,Attribution-only; SOURCE_EXISTENCE≠CLAIM_SUPPORT; XRM XRM-085,NO,PENDING,NO
E-00772,B1-C00772,9144,REF-266,UNSPECIFIED,,,,PAGE-CHECK,,NO,PENDING,NO
E-00773,B1-C00773,9172,,UNSPECIFIED,,,,PAGE-CHECK,,YES,PENDING,NO
E-00774,B1-C00774,9191,REF-267,UNSPECIFIED,,,,CONFLICT,"Attribution-only; SOURCE_EXISTENCE≠CLAIM_SUPPORT; XRM XRM-039,XRM-088",NO,PENDING,NO
E-00775,B1-C00775,9199,REF-268,UNSPECIFIED,,,,PAGE-CHECK,Attribution-only; SOURCE_EXISTENCE≠CLAIM_SUPPORT,NO,PENDING,NO
E-00776,B1-C00776,9218,REF-269,UNSPECIFIED,,,,CONFLICT,"Attribution-only; SOURCE_EXISTENCE≠CLAIM_SUPPORT; XRM XRM-039,XRM-040",NO,PENDING,NO
E-00777,B1-C00777,9250,,UNSPECIFIED,,,,PAGE-CHECK,,NO,PENDING,NO
E-00778,B1-C00778,9251,,QURAN,,,98:5|20:132|33:33,VERIFIED,Qur'an reference structural control (ayah citation present),NO,N/A,NO
E-00779,B1-C00779,9252,REF-270,QURAN,,,98:5,VERIFIED,Qur'an reference structural control (ayah citation present),NO,N/A,NO
E-00780,B1-C00780,9253,REF-271,SUNNI,Jami_al-Tirmidhi,,,CONFLICT,"XRM XRM-081,XRM-088",NO,PENDING,NO
E-00781,B1-C00781,9254,REF-272,UNSPECIFIED,,,,PAGE-CHECK,Attribution-only; SOURCE_EXISTENCE≠CLAIM_SUPPORT,NO,PENDING,NO
E-00782,B1-C00782,9255,REF-273,SUNNI,Sahih_al-Bukhari,Sahih_al-Bukhari:8|Sahih_al-Bukhari:24|Sahih_al-Bukhari:8|Sahih_al-Bukhari:24,8:24,CONFLICT,Qur'an reference structural control (ayah citation present); XRM XRM-081,NO,PENDING,NO
E-00783,B1-C00783,9256,REF-274,SUNNI,Jami_al-Tirmidhi,,,CONFLICT,"XRM XRM-039,XRM-040,XRM-081",NO,PENDING,NO
E-00784,B1-C00784,9344,,UNSPECIFIED,,,,PAGE-CHECK,,NO,PENDING,NO
E-00785,B1-C00785,9345,,QURAN,,,11:114|17:78,VERIFIED,Qur'an reference structural control (ayah citation present),NO,N/A,NO
E-00786,B1-C00786,9346,REF-275,SUNNI,Sahih_Muslim,Sahih_Muslim:705|Sahih_Muslim:705,,CONFLICT,"verify_sunni FOUND muslim 705; XRM XRM-025,XRM-081",NO,PENDING,NO
E-00787,B1-C00787,9357,,UNSPECIFIED,,,,PAGE-CHECK,,YES,PENDING,NO
E-00788,B1-C00788,9384,REF-276,UNSPECIFIED,,,,CONFLICT,Attribution-only; SOURCE_EXISTENCE≠CLAIM_SUPPORT; XRM XRM-001,NO,PENDING,NO
E-00789,B1-C00789,9391,,UNSPECIFIED,,,,PAGE-CHECK,,YES,PENDING,NO
E-00790,B1-C00790,9418,REF-277,UNSPECIFIED,,,,CONFLICT,XRM XRM-081,NO,PENDING,NO
E-00791,B1-C00791,9419,,QURAN,,,19:59|107:4,VERIFIED,Qur'an reference structural control (ayah citation present),NO,N/A,NO
E-00792,B1-C00792,9420,REF-278,UNSPECIFIED,,,,CONFLICT,XRM XRM-081,NO,PENDING,NO
E-00793,B1-C00793,9421,REF-279,UNSPECIFIED,,,,CONFLICT,Attribution-only; SOURCE_EXISTENCE≠CLAIM_SUPPORT; XRM XRM-001,NO,PENDING,NO
E-00794,B1-C00794,9422,REF-280,SUNNI,Mustadrak_al-Hakim,,,EDITION-LOCK,outside six-book corpus — EDITION-LOCK/PAGE-CHECK,NO,PENDING,NO
E-00795,B1-C00795,9423,,UNSPECIFIED,,,,PAGE-CHECK,,NO,PENDING,NO
E-00796,B1-C00796,9455,REF-281,UNSPECIFIED,,,,CONFLICT,Attribution-only; SOURCE_EXISTENCE≠CLAIM_SUPPORT; XRM XRM-069,NO,PENDING,NO
E-00797,B1-C00797,9498,,QURAN,,,5:55|2:257|20:29|19:31|5:55,VERIFIED,Qur'an reference structural control (ayah citation present),NO,N/A,NO
E-00798,B1-C00798,9499,REF-282,UNSPECIFIED,,,,CONFLICT,"Attribution-only; SOURCE_EXISTENCE≠CLAIM_SUPPORT; XRM XRM-067,XRM-069",NO,PENDING,NO
E-00799,B1-C00799,9500,REF-283,UNSPECIFIED,,,,PAGE-CHECK,,NO,PENDING,NO
E-00800,B1-C00800,9501,REF-284,UNSPECIFIED,,,,CONFLICT,XRM XRM-046,NO,PENDING,NO
E-00801,B1-C00801,9565,REF-285,SUNNI,Sahih_Muslim,Sahih_Muslim:667|Sahih_Muslim:667,,CONFLICT,verify_sunni FOUND muslim 667; XRM XRM-081,NO,PENDING,NO
E-00802,B1-C00802,9566,,QURAN,,,2:43|23:1|87:14|29:45,VERIFIED,Qur'an reference structural control (ayah citation present),NO,N/A,NO
E-00803,B1-C00803,9567,,QURAN,,,28:76,VERIFIED,Qur'an reference structural control (ayah citation present),NO,N/A,NO
E-00804,B1-C00804,9568,,UNSPECIFIED,,,,PAGE-CHECK,,NO,PENDING,NO
E-00805,B1-C00805,9596,,UNSPECIFIED,,,,PAGE-CHECK,,YES,PENDING,NO
E-00806,B1-C00806,9608,REF-286,UNSPECIFIED,,,,PAGE-CHECK,Attribution-only; SOURCE_EXISTENCE≠CLAIM_SUPPORT,NO,PENDING,NO
E-00807,B1-C00807,9616,,SUNNI,Sahih_Muslim,,,PAGE-CHECK,,NO,PENDING,NO
E-00808,B1-C00808,9617,REF-287,UNSPECIFIED,,,,CONFLICT,Attribution-only; SOURCE_EXISTENCE≠CLAIM_SUPPORT; XRM XRM-073,NO,PENDING,NO
E-00809,B1-C00809,9619,REF-288,UNSPECIFIED,,,,CONFLICT,Attribution-only; SOURCE_EXISTENCE≠CLAIM_SUPPORT; XRM XRM-073,NO,PENDING,NO
E-00810,B1-C00810,9626,REF-289,SHIA,Ilal_al-Sharai,,,CONFLICT,Shia SECONDARY-ONLY/EDITION-LOCK (thaqalayn blocked); XRM XRM-048,NO,PENDING,NO
E-00811,B1-C00811,9643,REF-290,UNSPECIFIED,,,,PAGE-CHECK,Attribution-only; SOURCE_EXISTENCE≠CLAIM_SUPPORT,NO,PENDING,NO
E-00812,B1-C00812,9644,REF-291,SHIA,Ilal_al-Sharai,,,CONFLICT,Shia SECONDARY-ONLY/EDITION-LOCK (thaqalayn blocked); XRM XRM-047,NO,PENDING,NO
E-00813,B1-C00813,9645,,QURAN,,,3:61|20:1,VERIFIED,Qur'an reference structural control (ayah citation present),NO,N/A,NO
E-00814,B1-C00814,9646,REF-292,UNSPECIFIED,,,,PAGE-CHECK,,NO,PENDING,NO
E-00815,B1-C00815,9647,REF-293,SUNNI,Sahih_Muslim,Sahih_Muslim:2818|Sahih_Muslim:2818,,CONFLICT,"verify_sunni FOUND muslim 2818; XRM XRM-025,XRM-026,XRM-081,XRM-087",NO,PENDING,NO
E-00816,B1-C00816,9648,REF-294,UNSPECIFIED,,,,CONFLICT,XRM XRM-073,NO,PENDING,NO
E-00817,B1-C00817,9649,REF-295,UNSPECIFIED,,,,NOT_FOUND,Manuscript states সূত্র নেই / no classical locus located,NO,N/A,NO
E-00818,B1-C00818,9650,REF-296,UNSPECIFIED,,,,PAGE-CHECK,,NO,PENDING,NO
E-00819,B1-C00819,9663,,UNSPECIFIED,,,,PAGE-CHECK,,YES,PENDING,NO
E-00820,B1-C00820,9676,,UNSPECIFIED,,,,PAGE-CHECK,,YES,PENDING,NO
E-00821,B1-C00821,9680,,UNSPECIFIED,,,,PAGE-CHECK,,YES,PENDING,NO
E-00822,B1-C00822,9691,,UNSPECIFIED,,,,PAGE-CHECK,,YES,PENDING,NO
E-00823,B1-C00823,9698,,UNSPECIFIED,,,,PAGE-CHECK,,YES,PENDING,NO
E-00824,B1-C00824,9727,,QURAN,,,51:56,VERIFIED,Qur'an reference structural control (ayah citation present),NO,N/A,NO
E-00825,B1-C00825,9728,REF-297,UNSPECIFIED,,,,PAGE-CHECK,,NO,PENDING,NO
E-00826,B1-C00826,9729,REF-298,SUNNI,Sahih_Muslim,,,CONFLICT,"XRM XRM-025,XRM-081",NO,PENDING,NO
E-00827,B1-C00827,9730,REF-299,UNSPECIFIED,,,,PAGE-CHECK,,NO,PENDING,NO
E-00828,B1-C00828,9766,REF-300,UNSPECIFIED,,,,PAGE-CHECK,Attribution-only; SOURCE_EXISTENCE≠CLAIM_SUPPORT,NO,PENDING,NO
E-00829,B1-C00829,9796,,QURAN,,,42:23,VERIFIED,Qur'an reference structural control (ayah citation present),NO,N/A,NO
E-00830,B1-C00830,9797,REF-301,SHIA,Bihar_al-Anwar,Bihar_al-Anwar:41|Bihar_al-Anwar:14|Bihar_al-Anwar:41|Bihar_al-Anwar:14,,EDITION-LOCK,Shia SECONDARY-ONLY/EDITION-LOCK (thaqalayn blocked),NO,PENDING,NO
E-00831,B1-C00831,9798,,UNSPECIFIED,,,,PAGE-CHECK,,NO,PENDING,NO
E-00832,B1-C00832,9926,,UNSPECIFIED,,,,PAGE-CHECK,,YES,PENDING,NO
E-00833,B1-C00833,9928,REF-302,UNSPECIFIED,,,,CONFLICT,Attribution-only; SOURCE_EXISTENCE≠CLAIM_SUPPORT; XRM XRM-042,NO,PENDING,NO
E-00834,B1-C00834,9956,,UNSPECIFIED,,,,PAGE-CHECK,,NO,PENDING,NO
E-00835,B1-C00835,9957,,QURAN,,,24:35,VERIFIED,Qur'an reference structural control (ayah citation present),NO,N/A,NO
E-00836,B1-C00836,9958,,QURAN,,,33:56,VERIFIED,Qur'an reference structural control (ayah citation present),NO,N/A,NO
E-00837,B1-C00837,9959,REF-303,UNSPECIFIED,,,,CONFLICT,Attribution-only; SOURCE_EXISTENCE≠CLAIM_SUPPORT; XRM XRM-042,NO,PENDING,NO
E-00838,B1-C00838,9960,,UNSPECIFIED,,,,PAGE-CHECK,,NO,PENDING,NO
E-00839,B1-C00839,9961,,UNSPECIFIED,,,,PAGE-CHECK,,NO,PENDING,NO
E-00840,B1-C00840,10008,REF-304,UNSPECIFIED,,,,CONFLICT,Attribution-only; SOURCE_EXISTENCE≠CLAIM_SUPPORT; XRM XRM-029,YES,PENDING,NO
E-00841,B1-C00841,10059,,UNSPECIFIED,,,,PAGE-CHECK,,NO,PENDING,NO
E-00842,B1-C00842,10060,,QURAN,,,2:156,VERIFIED,Qur'an reference structural control (ayah citation present),NO,N/A,NO
E-00843,B1-C00843,10061,REF-305,SUNNI,Sunan_Abu_Dawud,,,CONFLICT,"XRM XRM-029,XRM-081,XRM-084",NO,PENDING,NO
E-00844,B1-C00844,10150,,UNSPECIFIED,,,,PAGE-CHECK,,NO,PENDING,NO
E-00845,B1-C00845,10151,,QURAN,,,51:56|51:58,VERIFIED,Qur'an reference structural control (ayah citation present),NO,N/A,NO
E-00846,B1-C00846,10152,,UNSPECIFIED,,,,PAGE-CHECK,,NO,PENDING,NO
E-00847,B1-C00847,10175,REF-306,UNSPECIFIED,,,,CONFLICT,Attribution-only; SOURCE_EXISTENCE≠CLAIM_SUPPORT; XRM XRM-056,NO,PENDING,NO
E-00848,B1-C00848,10232,,QURAN,,,54:1,VERIFIED,Qur'an reference structural control (ayah citation present),NO,N/A,NO
E-00849,B1-C00849,10233,REF-307,SUNNI,Sahih_Muslim,,,CONFLICT,"XRM XRM-056,XRM-081",NO,PENDING,NO
E-00850,B1-C00850,10234,,UNSPECIFIED,,,,PAGE-CHECK,,NO,PENDING,NO
E-00851,B1-C00851,10321,,UNSPECIFIED,,,,PAGE-CHECK,,NO,PENDING,NO
E-00852,B1-C00852,10322,,QURAN,,,7:23,VERIFIED,Qur'an reference structural control (ayah citation present),NO,N/A,NO
E-00853,B1-C00853,10323,,UNSPECIFIED,,,,PAGE-CHECK,,NO,PENDING,NO
E-00854,B1-C00854,10375,REF-308,UNSPECIFIED,,,,CONFLICT,Attribution-only; SOURCE_EXISTENCE≠CLAIM_SUPPORT; XRM XRM-030,YES,PENDING,NO
E-00855,B1-C00855,10397,,QURAN,,,12:53|75:2|89:27,VERIFIED,Qur'an reference structural control (ayah citation present),NO,N/A,NO
E-00856,B1-C00856,10398,REF-309,SUNNI,Mustadrak_al-Hakim,,,CONFLICT,"outside six-book corpus — EDITION-LOCK/PAGE-CHECK; XRM XRM-030,XRM-031,XRM-032",NO,PENDING,NO
E-00857,B1-C00857,10399,,UNSPECIFIED,,,,PAGE-CHECK,,NO,PENDING,NO
E-00858,B1-C00858,10420,REF-310,UNSPECIFIED,,,,PAGE-CHECK,Attribution-only; SOURCE_EXISTENCE≠CLAIM_SUPPORT,NO,PENDING,NO
E-00859,B1-C00859,10440,REF-311,UNSPECIFIED,,,,PAGE-CHECK,Attribution-only; SOURCE_EXISTENCE≠CLAIM_SUPPORT,YES,PENDING,NO
E-00860,B1-C00860,10479,,QURAN,,,53:39|4:58|5:27|14:42|6:21|2:258,VERIFIED,Qur'an reference structural control (ayah citation present),NO,N/A,NO
E-00861,B1-C00861,10480,REF-312,SUNNI,Sahih_Muslim,Sahih_Muslim:2581|Sahih_Muslim:2581,,CONFLICT,"verify_sunni FOUND muslim 2581; XRM XRM-025,XRM-081",NO,PENDING,NO
E-00862,B1-C00862,10481,REF-313,SUNNI,Sahih_Muslim,Sahih_Muslim:2888|Sahih_Muslim:2888,,CONFLICT,"verify_sunni FOUND muslim 2888; XRM XRM-025,XRM-081",NO,PENDING,NO
E-00863,B1-C00863,10503,REF-314,UNSPECIFIED,,,,CONFLICT,Attribution-only; SOURCE_EXISTENCE≠CLAIM_SUPPORT; XRM XRM-055,NO,PENDING,NO
E-00864,B1-C00864,10511,REF-315,UNSPECIFIED,,,,PAGE-CHECK,Attribution-only; SOURCE_EXISTENCE≠CLAIM_SUPPORT,YES,PENDING,NO
E-00865,B1-C00865,10551,,QURAN,,,61:2,VERIFIED,Qur'an reference structural control (ayah citation present),NO,N/A,NO
E-00866,B1-C00866,10552,REF-316,SUNNI,Sahih_Muslim,Sahih_Muslim:1905|Sahih_Muslim:1905,,CONFLICT,"verify_sunni FOUND muslim 1905; XRM XRM-025,XRM-081",NO,PENDING,NO
E-00867,B1-C00867,10553,REF-317,SUNNI,Sahih_Muslim,Sahih_Muslim:2989|Sahih_Muslim:2989,,CONFLICT,"verify_sunni FOUND muslim 2989; XRM XRM-025,XRM-026,XRM-081",NO,PENDING,NO
E-00868,B1-C00868,10554,REF-318,UNSPECIFIED,,,,CONFLICT,XRM XRM-055,NO,PENDING,NO
E-00869,B1-C00869,10634,,QURAN,,,99:7|2:286|18:57|58:19|41:30|23:99|2:286,VERIFIED,Qur'an reference structural control (ayah citation present),NO,N/A,NO
E-00870,B1-C00870,10635,,UNSPECIFIED,,,,PAGE-CHECK,,NO,PENDING,NO
E-00871,B1-C00871,10710,REF-319,UNSPECIFIED,,,,PAGE-CHECK,Attribution-only; SOURCE_EXISTENCE≠CLAIM_SUPPORT,YES,PENDING,NO
E-00872,B1-C00872,10766,,UNSPECIFIED,,,,PAGE-CHECK,,NO,PENDING,NO
E-00873,B1-C00873,10767,REF-320,UNSPECIFIED,,,,PAGE-CHECK,,NO,PENDING,NO
E-00874,B1-C00874,10768,REF-321,UNSPECIFIED,,,,CONFLICT,XRM XRM-044,NO,PENDING,NO
E-00875,B1-C00875,10769,REF-322,UNSPECIFIED,,,,PAGE-CHECK,,NO,PENDING,NO
E-00876,B1-C00876,10770,REF-323,UNSPECIFIED,,,,PAGE-CHECK,,NO,PENDING,NO
E-00877,B1-C00877,10808,,UNSPECIFIED,,,,PAGE-CHECK,,YES,PENDING,NO
E-00878,B1-C00878,10820,REF-324,UNSPECIFIED,,,,PAGE-CHECK,Attribution-only; SOURCE_EXISTENCE≠CLAIM_SUPPORT,YES,PENDING,NO
E-00879,B1-C00879,10824,REF-325,UNSPECIFIED,,,,PAGE-CHECK,Attribution-only; SOURCE_EXISTENCE≠CLAIM_SUPPORT,NO,PENDING,NO
E-00880,B1-C00880,10852,,QURAN,,,2:177,VERIFIED,Qur'an reference structural control (ayah citation present),NO,N/A,NO
E-00881,B1-C00881,10853,REF-326,SUNNI,Sahih_Muslim,Sahih_Muslim:1907|Sahih_Muslim:1907,,CONFLICT,"verify_sunni FOUND muslim 1907; XRM XRM-025,XRM-081,XRM-087",NO,PENDING,NO
E-00882,B1-C00882,10854,REF-327,SUNNI,al-Tabarani,al-Tabarani:1851|al-Tabarani:1851,,EDITION-LOCK,outside six-book corpus — EDITION-LOCK/PAGE-CHECK,NO,PENDING,NO
E-00883,B1-C00883,10855,REF-328,UNSPECIFIED,,,,PAGE-CHECK,,NO,PENDING,NO
E-00884,C01-S01,,REF-079|REF-126,Sunni,"Sahih al-Bukhari, Kitab al-Maghazi (Khaybar)",Bukhari 4240–4241 (standard numbering),,VERIFIED,"FADAK_MAP: Claim framed as MIRATH (inheritance), not hiba (grant). Do not import the grant framing into this citation. Text checked 2026-10-03 in tools/_hadith-api Arabic corpus (fawazahmed0/hadith-api). Corpus ",NO,PENDING,NO
E-00885,C01-S02,,REF-123,Sunni,"Sahih al-Bukhari, Kitab Fard al-Khumus",Bukhari 3093 (corpus also under 3092),,VERIFIED,FADAK_MAP: Manuscript REF-123 cites «বুখারি (খুমুস)» without number; 3093 is the matching Khumus text. Text checked 2026-10-03 in tools/_hadith-api Arabic corpus (fawazahmed0/hadith-api).,NO,PENDING,NO
E-00886,C01-S03,,REF-123,Sunni,"Sahih al-Bukhari, Kitab al-Fara'id",Bukhari 6726 (corpus also under 6725),,VERIFIED,FADAK_MAP: al-Abbas is a co-claimant in THIS narration only; do not carry him into other recensions. Text checked 2026-10-03 in tools/_hadith-api Arabic corpus (fawazahmed0/hadith-api).,NO,PENDING,NO
E-00887,C01-S04,,REF-123,Sunni,"Sahih Muslim, Kitab al-Jihad wa al-Siyar",Muslim 1759 (Abd al-Baqi; corpus 1759.01); 1759.03 parallel,,VERIFIED,"FADAK_MAP: Muslim checked by direct JSON lookup arabicnumber=1759.01 (corpus hadithnumber 4580). WARNING: `verify_sunni.py show muslim 1759` returns the WRONG hadith (hadithnumber 1759 = Abd al-Baqi 753, witr) b",NO,PENDING,NO
E-00888,C01-S05,,REF-079,Sunni,"Sunan Abi Dawud, Kitab al-Kharaj wa al-Imara wa al-Fay'",Abu Dawud 2968,,VERIFIED,FADAK_MAP: Corpus grades: Sahih (al-Albani; Muhammad Muhyi al-Din Abd al-Hamid; Shu'ayb al-Arna'ut; Zubair Ali Zai). Text checked 2026-10-03 in tools/_hadith-api Arabic corpus (fawazahmed0/hadith-api).,NO,PENDING,NO
E-00889,C01-S06,,REF-079,Sunni,"Sunan Abi Dawud, Kitab al-Kharaj",Abu Dawud 2972,,VERIFIED,"FADAK_MAP: CONTRARY report to the grant claim - record, do not reconcile, do not delete. Grade must print with it: Da'if (al-Albani; Muhammad Muhyi al-Din Abd al-Hamid; Zubair Ali Zai, per corpus) - NOT Abu Dawu",NO,PENDING,NO
E-00890,C01-S07,,REF-081|REF-122,Sunni,Futuh al-Buldan (recensions 1 and 2),Edition-dependent: p. 30/35 marker or pp. 44–45; «527» = reference numbering - PAGE-CHECK (edition),,VERIFIED,FADAK_MAP: Evidence = URL cited in sources/S-181 (research layer); URL not re-opened here (network policy). URLs: https://ablibrary.net/book_content/b/2660/75 ; https://najafdesertlibrary.com/book/فتوح-البلدان/v,NO,PENDING,NO
E-00891,C01-S08,,REF-121|REF-137|REF-138,Sunni,al-Durr al-Manthur (on Q 17:26),4:177 (Egypt ed.) - per ledger research layer,,PAGE-CHECK,"FADAK_MAP: Manuscript names al-Tabarani, al-Kabir; ledger: Tabarani not the primary carrier. Atiyya al-Awfi chain - grade not established in repo. Register HAD-FADAK-1726.",NO,PENDING,NO
E-00892,C01-S09,,REF-128,Sunni,Shawahid al-Tanzil (on Q 30:38),1:570–575 (h. 606–611) - per ledger,,PAGE-CHECK,FADAK_MAP: Ledger triage = SPC. al-Haskani is usually classed as a Hanafi (Sunni) author - classification here is knowledge-based; author to confirm. Q 30:38 «فَآتِ» vs 17:26 «وَآتِ» (REF-127).,NO,PENDING,NO
E-00893,C01-H01,,REF-078|REF-081,Shia,"al-Ihtijaj, vol. 1","vol. 1, pp. 90–92 (one ed.) OR pp. 119–127 (Muhammad Baqir al-Khurasan ed.; Fadak testimony ~p. 129) - EDITION LOCK PENDING",,VERIFIED,FADAK_MAP: Evidence = URL cited in sources/S-181 (research layer); URL not re-opened here (network policy). URLs: https://www.almerja.com/reading.php?idm=124286 ; https://ablibrary.net/book_content/b/11726/191. ,NO,PENDING,NO
E-00894,C01-H02,,REF-081|REF-122,Shia,"Sharh Nahj al-Balagha, vol. 16","16/213–214 (also 216, 225, 273–275); edition assumed Dar Ihya al-Kutub al-Arabiyya (M. Abu al-Fadl Ibrahim) - PAGE-CHECK (edition)",,VERIFIED,FADAK_MAP: Evidence = URL cited in sources/S-181 (research layer); URL not re-opened here (network policy). URLs: https://arabic.balaghah.net/sites/default/files/file/16.pdf ; https://al-majalis.org/books/wp-con,NO,PENDING,NO
E-00895,C01-H03,,REF-081,Shia,Kitab Sulaym b. Qays,Digital text only; printed edition/page not locked - PAGE-CHECK,,VERIFIED,FADAK_MAP: Evidence = URL cited in sources/S-181 (research layer); URL not re-opened here (network policy). URL: https://usul.ai/ar/t/kitab-sulaym-ibn-qays-al-hilali/106,NO,PENDING,NO
E-00896,C01-H04,,REF-136,Shia,"al-Kafi, Kitab al-Hujja, bab al-fay' wa al-anfal",1:543 h. 5 - per ledger research layer,,PAGE-CHECK,FADAK_MAP: Manuscript gives no vol/page; identification is research-layer. Register HAD-FADAK-1726 (do not merge with Durr al-Manthur chain C01-S08).,NO,PENDING,NO
E-00897,C01-H05,,REF-117|REF-118,Shia,"al-Ihtijaj, vol. 1 (Khutbat Fadak)",1:131–149 (al-Khurasan ed. named in ledger - not locked); veiled arrival 1:131,,PAGE-CHECK,FADAK_MAP: A different narrative unit from the testimony episode (C01-H01) - keep separate. Edition must match the one chosen for C01-H01.,NO,PENDING,NO
E-00898,C01-S10,,REF-117,Sunni,Balaghat al-Nisa',pp. 23–30 - per ledger,,PAGE-CHECK,"FADAK_MAP: Column admits only Sunni/Shia: Ibn Tayfur is an Abbasid adab author, not a sectarian hadith compiler - classification PAGE-CHECK by author.",NO,PENDING,NO
E-00899,C02-S01,,REF-079|REF-126,Sunni,"Sahih al-Bukhari, Kitab al-Maghazi",Bukhari 4240–4241,,VERIFIED,"FADAK_MAP: Text checked 2026-10-03 in tools/_hadith-api Arabic corpus (fawazahmed0/hadith-api). Corpus prints identical text under 4240 and 4241 (likewise 3092/3093, 6725/6726); exact sunnah.com split cannot be ",NO,PENDING,NO
E-00900,C02-S02,,REF-123,Sunni,"Sahih al-Bukhari, Kitab Fard al-Khumus",Bukhari 3093,,VERIFIED,FADAK_MAP: Text checked 2026-10-03 in tools/_hadith-api Arabic corpus (fawazahmed0/hadith-api).,NO,PENDING,NO
E-00901,C02-S03,,REF-123,Sunni,"Sahih al-Bukhari, Kitab al-Fara'id",Bukhari 6726,,VERIFIED,FADAK_MAP: Text checked 2026-10-03 in tools/_hadith-api Arabic corpus (fawazahmed0/hadith-api).,NO,PENDING,NO
E-00902,C02-S04,,REF-123,Sunni,"Sahih Muslim, Kitab al-Jihad wa al-Siyar",Muslim 1759 (corpus 1759.01; also 1759.02–.03),,VERIFIED,"FADAK_MAP: Muslim checked by direct JSON lookup arabicnumber=1759.01 (corpus hadithnumber 4580). WARNING: `verify_sunni.py show muslim 1759` returns the WRONG hadith (hadithnumber 1759 = Abd al-Baqi 753, witr) b",NO,PENDING,NO
E-00903,C02-S05,,REF-079,Sunni,Sunan Abi Dawud,Abu Dawud 2968 (Sahih per corpus graders),,VERIFIED,FADAK_MAP: Text checked 2026-10-03 in tools/_hadith-api Arabic corpus (fawazahmed0/hadith-api).,NO,PENDING,NO
E-00904,C02-S06,,REF-122,Sunni,Futuh al-Buldan; Tarikh al-Tabari (as named by manuscript),PAGE-CHECK (no page in manuscript),,PAGE-CHECK,"FADAK_MAP: S-181 quotes NO «state property» wording from Baladhuri - Baladhuri's recorded response is the witness rule (C07). Closest attested wording is al-Ihtijaj «فيء للمسلمين» (Shia, C02-H01) - do not transf",NO,PENDING,NO
E-00905,C02-H01,,REF-081,Shia,"al-Ihtijaj, vol. 1",vol. 1 - EDITION LOCK PENDING (pp. 90–92 vs 119–127),,VERIFIED,FADAK_MAP: Evidence = URL cited in sources/S-181 (research layer); URL not re-opened here (network policy). URLs: https://www.almerja.com/reading.php?idm=124286 ; https://ablibrary.net/book_content/b/11726/191,NO,PENDING,NO
E-00906,C02-H02,,REF-081,Shia,Qurb al-Isnad,h. 99 or h. 335 (numbering differs by edition) - PAGE-CHECK,,VERIFIED,FADAK_MAP: Singular «لا أورث» ≠ Sunni plural «لا نورث» ≠ Ihtijaj «إنا معاشر الأنبياء لا نورث» - quote the wording of the book cited. Evidence = URL cited in sources/S-181 (research layer); URL not re-opened here,NO,PENDING,NO
E-00907,C03-S01,,REF-081,Sunni,Futuh al-Buldan - recension 1,PAGE-CHECK (edition: al-Munajjid or de Goeje),,VERIFIED,FADAK_MAP: Evidence = URL cited in sources/S-181 (research layer); URL not re-opened here (network policy). URL: https://ablibrary.net/book_content/b/2660/75. Sunni primary independent of Shia sources.,NO,PENDING,NO
E-00908,C03-S02,,REF-081,Sunni,Futuh al-Buldan - recension 2,PAGE-CHECK (edition),,VERIFIED,FADAK_MAP: Row documents that Ali's testimony is absent from R2 - never build a composite of R1+R2. Evidence = URL cited in sources/S-181 (research layer); URL not re-opened here (network policy). URL: https://n,NO,PENDING,NO
E-00909,C03-S03,,—,Sunni,Six canonical collections (corpus search),"search 2026-10-03: «فدك»+«شهد» hits = Bukhari 3711-12, 4240-41, Muslim 1759.01, AD 2972, Nasa'i 5581 - none is testimony",,PAGE-CHECK,FADAK_MAP: NOT FOUND in six-book corpus by string search ≠ DOES NOT EXIST (Global Law).,NO,PENDING,NO
E-00910,C03-H01,,REF-081,Shia,"al-Ihtijaj, vol. 1",vol. 1 - EDITION LOCK PENDING,,VERIFIED,"FADAK_MAP: Order here: Umm Ayman FIRST, then Ali (reverse of Baladhuri R1). Do not harmonise. Evidence = URL cited in sources/S-181 (research layer); URL not re-opened here (network policy). URLs: https://www.al",NO,PENDING,NO
E-00911,C03-H02,,REF-081|REF-082,Shia,"Bihar al-Anwar, vol. 29 (bab 11: نزول الآيات في أمر فدك)",p. 176 (online / najafdesertlibrary) OR p. 128 (other ed.) - lock one,,VERIFIED,FADAK_MAP: Evidence = URL cited in sources/S-181 (research layer); URL not re-opened here (network policy). URL: https://najafdesertlibrary.com/book/بحار-الأنوار/v/29/p/176,NO,PENDING,NO
E-00912,C03-H03,,REF-081|REF-122,Shia,"Sharh Nahj al-Balagha, vol. 16","16/213–214, 225, 273–275 - PAGE-CHECK (edition)",,VERIFIED,FADAK_MAP: Evidence = URL cited in sources/S-181 (research layer); URL not re-opened here (network policy). URLs: https://arabic.balaghah.net/sites/default/files/file/16.pdf ; https://al-majalis.org/books/wp-con,NO,PENDING,NO
E-00913,C03-H04,,REF-081,Shia,Kitab Sulaym b. Qays,PAGE-CHECK,,PAGE-CHECK,FADAK_MAP: Ali-testimony wording in Sulaym not quoted anywhere in repo.,NO,PENDING,NO
E-00914,C04-S01,,REF-081,Sunni,Futuh al-Buldan - recension 1,PAGE-CHECK (edition),,VERIFIED,FADAK_MAP: Evidence = URL cited in sources/S-181 (research layer); URL not re-opened here (network policy). URL: https://ablibrary.net/book_content/b/2660/75,NO,PENDING,NO
E-00915,C04-S02,,REF-081,Sunni,Futuh al-Buldan - recension 2,PAGE-CHECK (edition),,VERIFIED,FADAK_MAP: Evidence = URL cited in sources/S-181 (research layer); URL not re-opened here (network policy). URL: https://najafdesertlibrary.com/book/فتوح-البلدان/v/1/p/75,NO,PENDING,NO
E-00916,C04-S03,,—,Sunni,Six canonical collections (corpus search),—,,PAGE-CHECK,FADAK_MAP: NOT FOUND in six-book corpus by string search ≠ DOES NOT EXIST (Global Law). Umm Ayman's identity IS attested live in the six books - see Umm Ayman control file.,NO,PENDING,NO
E-00917,C04-H01,,REF-078|REF-081,Shia,"al-Ihtijaj, vol. 1",vol. 1 - EDITION LOCK PENDING,,VERIFIED,FADAK_MAP: S-181 elides the speaker before «أم أيمن امرأة من أهل الجنة» («فقال …») - do not render it as direct «রাসূল ﷺ বলেছেন» without page-check. Evidence = URL cited in sources/S-181 (research layer); URL no,NO,PENDING,NO
E-00918,C04-H02,,REF-081,Shia,Kitab Sulaym b. Qays,printed edition/page not locked (Ansari ed. suggested by S-181) - PAGE-CHECK,,VERIFIED,FADAK_MAP: Evidence = URL cited in sources/S-181 (research layer); URL not re-opened here (network policy). URL: https://usul.ai/ar/t/kitab-sulaym-ibn-qays-al-hilali/106,NO,PENDING,NO
E-00919,C04-H03,,REF-081|REF-082,Shia,"Bihar al-Anwar, vol. 29 (Fadak chapter)",p. 176 (online) OR p. 128 - lock one,,VERIFIED,FADAK_MAP: Part of the Fadak narrative - a separate report from Ibn Sa'd's marriage-hadith (never merge). Evidence = URL cited in sources/S-181 (research layer); URL not re-opened here (network policy). URL: htt,NO,PENDING,NO
E-00920,C04-H04,,REF-081|REF-122,Shia,"Sharh Nahj al-Balagha, vol. 16",16/213–214 - PAGE-CHECK (edition),,VERIFIED,FADAK_MAP: Evidence = URL cited in sources/S-181 (research layer); URL not re-opened here (network policy). URLs: https://arabic.balaghah.net/sites/default/files/file/16.pdf ; https://al-majalis.org/books/wp-con,NO,PENDING,NO
E-00921,C04-X01,,REF-141,Sunni,al-Saqifa wa Fadak (via Sharh Nahj al-Balagha),"manuscript «vol. 4, p. 81» = probably Sharh numbering; check Sharh 16:214–215 and al-Jawhari (ed. Amini) pp. 103–104",,PAGE-CHECK,"FADAK_MAP: Same register key (HAD-FADAK-TESTIMONY) as the Umm Ayman rows - different woman, different episode; never merge. Tradition label knowledge-based (al-Jawhari presented as a Sunni transmitter) - CLASSIF",NO,PENDING,NO
E-00922,C05-H01,,REF-081,Shia,Qurb al-Isnad,h. 99 or h. 335 - PAGE-CHECK (edition numbering),,VERIFIED,"FADAK_MAP: Aus is a COUNTER-witness, never Umm Ayman's co-witness (S-181 §3-B; patch A-3). URL book-id 8597 not identified here as Qurb al-Isnad vs Bihar - confirm. Evidence = URL cited in sources/S-181 (researc",NO,PENDING,NO
E-00923,C05-H02,,REF-081,Shia,"Bihar al-Anwar, vol. 22 (quoting Qurb al-Isnad)",22/101 h. 59 (older pagination 8/98) - PAGE-CHECK (edition),,PAGE-CHECK,FADAK_MAP: Separate carrier row; not independently URL-checked.,NO,PENDING,NO
E-00924,C05-H03,,REF-081,Shia,"al-Ihtijaj, vol. 1",vol. 1 - EDITION LOCK PENDING,,VERIFIED,FADAK_MAP: Evidence = URL cited in sources/S-181 (research layer); URL not re-opened here (network policy). URLs: https://www.almerja.com/reading.php?idm=124286 ; https://ablibrary.net/book_content/b/11726/191,NO,PENDING,NO
E-00925,C05-S01,,—(noledgerrow),Sunni,Sahih al-Bukhari (Kitab Fard al-Khumus) and parallels,"Arabic quoted from Bukhari 3094 (text read); Muslim 1757.03 (text read); Abu Dawud 2963 (text read; Sahih per corpus); name also in Bukhari 4033, 5358, 6728, AD 2967 (search hits)",,VERIFIED,"FADAK_MAP: DIFFERENT PERSON (Malik, son of Aws), DIFFERENT ROLE (narrator), DIFFERENT TIME (Umar's caliphate) - NOT testimony before Abu Bakr. Included only to block conflation with the Shia «Aus b. al-Hadathan»",NO,PENDING,NO
E-00926,C05-S02,,—,Sunni,Six canonical collections (corpus search),—,,PAGE-CHECK,FADAK_MAP: NOT FOUND in six-book corpus by string search ≠ DOES NOT EXIST (Global Law).,NO,PENDING,NO
E-00927,C06-H01,,REF-081,Shia,Qurb al-Isnad,h. 99 / 335 - PAGE-CHECK,,VERIFIED,FADAK_MAP: Same narration as C05-H01; kept as its own evidentiary unit per brief. Evidence = URL cited in sources/S-181 (research layer); URL not re-opened here (network policy). URL: https://ablibrary.net/book_,NO,PENDING,NO
E-00928,C06-H02,,REF-081,Shia,"al-Ihtijaj, vol. 1",vol. 1 - EDITION LOCK PENDING,,VERIFIED,FADAK_MAP: Evidence = URL cited in sources/S-181 (research layer); URL not re-opened here (network policy). URLs: https://www.almerja.com/reading.php?idm=124286 ; https://ablibrary.net/book_content/b/11726/191,NO,PENDING,NO
E-00929,C06-H03,,REF-081,Shia,"Bihar al-Anwar, vol. 22",22/101 h. 59 - PAGE-CHECK,,PAGE-CHECK,FADAK_MAP: ,NO,PENDING,NO
E-00930,C06-S01,,REF-079|REF-123|REF-126,Sunni,Sahih al-Bukhari 4240/3093/6726; Sahih Muslim 1759; Sunan Abi Dawud 2968,as listed,,VERIFIED,FADAK_MAP: Do not convert narrator role into testimony. Text checked 2026-10-03 in tools/_hadith-api Arabic corpus (fawazahmed0/hadith-api).,NO,PENDING,NO
E-00931,C06-S02,,—(noledgerrow),Sunni,"Sahih Muslim, Kitab al-Jihad wa al-Siyar",Muslim 1758 (corpus arabicnumber 1758),,VERIFIED,FADAK_MAP: Aisha transmits «لا نورث» to the wives - NOT testimony against Fatima; Hafsa not named. Text checked 2026-10-03 in tools/_hadith-api Arabic corpus (fawazahmed0/hadith-api).,NO,PENDING,NO
E-00932,C06-S03,,—,Sunni,Six canonical collections (corpus search),—,,PAGE-CHECK,FADAK_MAP: NOT FOUND in six-book corpus by string search ≠ DOES NOT EXIST (Global Law).,NO,PENDING,NO
E-00933,C07-S01,,REF-081,Sunni,Futuh al-Buldan - recension 1,PAGE-CHECK (edition),,VERIFIED,FADAK_MAP: Evidence = URL cited in sources/S-181 (research layer); URL not re-opened here (network policy). URL: https://ablibrary.net/book_content/b/2660/75,NO,PENDING,NO
E-00934,C07-S02,,REF-081,Sunni,Futuh al-Buldan - recension 2,PAGE-CHECK (edition),,VERIFIED,FADAK_MAP: Wording differs from R1 (no «رجلين أو») - quote the recension cited. Evidence = URL cited in sources/S-181 (research layer); URL not re-opened here (network policy). URL: https://najafdesertlibrary.co,NO,PENDING,NO
E-00935,C07-H01,,REF-081,Shia,"al-Ihtijaj, vol. 1",vol. 1 - EDITION LOCK PENDING,,VERIFIED,FADAK_MAP: Not the Baladhuri formula - do not merge. Evidence = URL cited in sources/S-181 (research layer); URL not re-opened here (network policy). URLs: https://www.almerja.com/reading.php?idm=124286 ; https:,NO,PENDING,NO
E-00936,C07-H02,,REF-081|REF-122,Shia,"Sharh Nahj al-Balagha, vol. 16",16/273–275 (and 213–214) - PAGE-CHECK (edition),,VERIFIED,FADAK_MAP: Evidence = URL cited in sources/S-181 (research layer); URL not re-opened here (network policy). URLs: https://arabic.balaghah.net/sites/default/files/file/16.pdf ; https://al-majalis.org/books/wp-con,NO,PENDING,NO
E-00937,C07-S03,,—,Sunni,Six canonical collections (corpus search),—,,PAGE-CHECK,FADAK_MAP: NOT FOUND in six-book corpus by string search ≠ DOES NOT EXIST (Global Law). Do not cite these numbers for the Fadak witness rule.,NO,PENDING,NO
E-00938,C08-H01,,REF-078|REF-081,Shia,"al-Ihtijaj, vol. 1",vol. 1 - EDITION LOCK PENDING,,VERIFIED,FADAK_MAP: Evidence = URL cited in sources/S-181 (research layer); URL not re-opened here (network policy). URLs: https://www.almerja.com/reading.php?idm=124286 ; https://ablibrary.net/book_content/b/11726/191,NO,PENDING,NO
E-00939,C08-X01,,REF-078,Shia,"(none located) - manuscript dialogue REF-078, mapped by ledger to al-Ihtijaj",—,,PAGE-CHECK,"FADAK_MAP: SUBJECT MISMATCH: al-Ihtijaj (C08-H01) has Abu Bakr as writer, not the Prophet. Ledger Resolution_Note equates the two - residual blending. No repo source for a deed written by the Prophet: keep «বর্ণ",NO,PENDING,NO
E-00940,C08-S01,,REF-081|REF-122,Sunni,Futuh al-Buldan (both recensions),PAGE-CHECK (edition),,VERIFIED,FADAK_MAP: Absence row - the deed belongs to the al-Ihtijaj recension only; never insert it into Baladhuri.,NO,PENDING,NO
E-00941,C08-S02,,REF-122,Sunni,Tarikh al-Khulafa (as named by manuscript),—,,PAGE-CHECK,FADAK_MAP: Ledger: not located - drop unless a page is found.,NO,PENDING,NO
E-00942,C08-S03,,—,Sunni,Six canonical collections (corpus search),—,,PAGE-CHECK,FADAK_MAP: NOT FOUND in six-book corpus by string search ≠ DOES NOT EXIST (Global Law).,NO,PENDING,NO
E-00943,C09-H01,,REF-078|REF-081,Shia,"al-Ihtijaj, vol. 1",vol. 1 - EDITION LOCK PENDING,,VERIFIED,FADAK_MAP: S-181 gives the tearing only in Bengali («উমর এসে দলিল নিয়ে যান/ছিঁড়ে ফেলেন») - exact Arabic of the tearing sentence PAGE-CHECK. Evidence = URL cited in sources/S-181 (research layer); URL not re-op,NO,PENDING,NO
E-00944,C09-H02,,REF-122,Shia,"Sharh Nahj al-Balagha, vol. 16",16:213–216 - per ledger,,PAGE-CHECK,FADAK_MAP: S-181 does not quote a tearing passage from Ibn Abi al-Hadid. Tradition label follows S-181 §0/§3 grouping (Ibn Abi al-Hadid listed with Shia sources); the commentator is a Mu'tazili - author to confi,NO,PENDING,NO
E-00945,C09-S01,,REF-122,Sunni,Tarikh al-Khulafa (as named by manuscript),—,,PAGE-CHECK,FADAK_MAP: Not located (ledger). Drop unless page found.,NO,PENDING,NO
E-00946,C09-S02,,REF-123,Sunni,Sahih al-Bukhari (Khumus); Sahih Muslim,Bukhari 3093; Muslim 1759.03,,VERIFIED,"FADAK_MAP: A different, later episode - not an intervention in the testimony; no tearing in the six books. Text checked 2026-10-03 in tools/_hadith-api Arabic corpus (fawazahmed0/hadith-api).",NO,PENDING,NO
E-00947,C09-S03,,—(noledgerrow),Sunni,Sahih al-Bukhari 3094; Sahih Muslim 1757; Sunan Abi Dawud 2963,Bukhari 3094; Muslim 1757.03; AD 2963 (Arabic quoted from AD 2963; Bukhari 3094 reads «أنشدكما الله، أتعلمان…»),,VERIFIED,FADAK_MAP: Text checked 2026-10-03 in tools/_hadith-api Arabic corpus (fawazahmed0/hadith-api).,NO,PENDING,NO
E-00948,C09-S04,,REF-079|REF-126,Sunni,"Sahih al-Bukhari, Kitab al-Maghazi",Bukhari 4240–4241,,VERIFIED,"FADAK_MAP: This is the only Umar intervention in 4240 - it is about the reconciliation visit, NOT the Fadak deed. Text checked 2026-10-03 in tools/_hadith-api Arabic corpus (fawazahmed0/hadith-api).",NO,PENDING,NO
E-00949,C10-S01,,REF-131|REF-079|REF-126,Sunni,"Sahih al-Bukhari, Kitab al-Maghazi",Bukhari 4240–4241,,VERIFIED,"FADAK_MAP: EXACTLY what 4240 says: night burial BY ALI + Abu Bakr not informed + Ali prayed. 4240 contains NO will (wasiyya) of Fatima, NO instruction to conceal the grave, NO night ghusl/kafan detail. Six-book ",NO,PENDING,NO
E-00950,C10-S02,,—(REF-123citesMuslim1759for«لانورث»only),Sunni,"Sahih Muslim, Kitab al-Jihad wa al-Siyar",Muslim 1759 (corpus 1759.01),,VERIFIED,"FADAK_MAP: Muslim checked by direct JSON lookup arabicnumber=1759.01 (corpus hadithnumber 4580). WARNING: `verify_sunni.py show muslim 1759` returns the WRONG hadith (hadithnumber 1759 = Abd al-Baqi 753, witr) b",NO,PENDING,NO
E-00951,C10W-H01,,REF-131,Shia,"Bihar al-Anwar, vol. 43",43:183 ff - per ledger,,PAGE-CHECK,FADAK_MAP: Must be cited ONLY to its Shia source with «শিয়া সূত্রে বর্ণিত» attribution; never under Bukhari 4240. Exact Arabic and page not in repo.,NO,PENDING,NO
E-00952,C11-S01,,REF-126|REF-079,Sunni,"Sahih al-Bukhari, Kitab al-Maghazi",Bukhari 4240–4241,,VERIFIED,FADAK_MAP: Singular «فهجرته» as REF-126 notes. Text checked 2026-10-03 in tools/_hadith-api Arabic corpus (fawazahmed0/hadith-api).,NO,PENDING,NO
E-00953,C11-S02,,REF-123,Sunni,"Sahih al-Bukhari, Kitab Fard al-Khumus",Bukhari 3093,,VERIFIED,FADAK_MAP: Different wording («فغضبت» / «مهاجرته») - quote the number whose wording is printed. Text checked 2026-10-03 in tools/_hadith-api Arabic corpus (fawazahmed0/hadith-api).,NO,PENDING,NO
E-00954,C11-S03,,REF-123,Sunni,"Sahih al-Bukhari, Kitab al-Fara'id",Bukhari 6726,,VERIFIED,FADAK_MAP: «ماتت» (not «توفيت»). Text checked 2026-10-03 in tools/_hadith-api Arabic corpus (fawazahmed0/hadith-api).,NO,PENDING,NO
E-00955,C11-S04,,REF-123,Sunni,"Sahih Muslim, Kitab al-Jihad wa al-Siyar",Muslim 1759 (corpus 1759.01); 1759.03 has no hijra clause,,VERIFIED,"FADAK_MAP: Whose words follow «قال» is a transmission question - document only, do not resolve in prose. Muslim checked by direct JSON lookup arabicnumber=1759.01 (corpus hadithnumber 4580). WARNING: `verify_sun",NO,PENDING,NO
E-00956,C11-S05,,REF-079,Sunni,Sunan Abi Dawud,Abu Dawud 2968,,VERIFIED,FADAK_MAP: Do not cite AD 2968 for «فهجرته». Text checked 2026-10-03 in tools/_hadith-api Arabic corpus (fawazahmed0/hadith-api).,NO,PENDING,NO
