Para_Index,In_Claim_Inventory,In_328_Ledger_Bound,Flags,Coverage,Text_Excerpt
16,NO,NO,QURAN_MARKER,FLAGGED_UNCLAIMED,"বের হওয়ার সময় আম্মা দরজায় দাঁড়িয়ে বলেছিলেন, “আয়াতুল কুরসি পড়ে নিস।” প্ল্যাটফর্মে দাঁড়িয়ে রাহাত মনে মনে আবার পড়ল।"
91,NO,NO,SUTRA_MARKER,FLAGGED_UNCLAIMED,সূত্র
92,YES,NO,CITATION_BULLET|QURAN_MARKER|HADITH_WORD,COVERED,•  এই অধ্যায়ে কোনো আয়াত বা হাদীস উদ্ধৃত হয়নি। আয়াতুল কুরসি (২:২৫৫) শুধু নামে।
115,NO,NO,QURAN_MARKER,FLAGGED_UNCLAIMED,"রাহাত বলেছিল, “পবিত্রতার কথা ভাবছিলাম। বুরুল্লাহ ভাই অনলাইন ক্লাসে একবার বলেছিলেন, কুরআনের একটা আয়াত আহলুল বাইতের পবিত্রতার কথা বলে। ‘আল্লাহ চান তোমাদের থেকে সব অপবিত্রতা দূর করতে, হে আহলুল বাইত, আর "
116,NO,NO,QURAN_MARKER,FLAGGED_UNCLAIMED,"আমি বলেছিলাম, “তেত্রিশ নম্বর সূরার তেত্রিশ নম্বর আয়াত।”"
144,YES,NO,FADAK,COVERED,"“খালা তো ওয়েটিং রুমে বসে ছিল, সাদিক ভাই। আমরা কেউ জানতাম না। সে নিজেও জানত না।” রাহাত একটু থামল। “খালা মা ফাতিমার শোক পালন করত। ফাদাকের শোক। রাসূলুল্লাহর শোক। সেই শোকের দিনেই দুই ডেক খাবার রান্না করল"
156,NO,NO,SUTRA_MARKER,FLAGGED_UNCLAIMED,সূত্র
157,YES,NO,CITATION_BULLET|QURAN_MARKER,COVERED,"•  কুরআন ৩৩:৩৩ (আয়াতে তাতহীর) — api.alquran.cloud-এ মেলানো, CONFIRMED। আহলুল বাইতের সাথে যুক্ত ব্যাখ্যা তাফসীরের; আয়াতে নাম নেই।"
199,YES,YES,BARNITA_MARKER,COVERED,"“শোন রাহাত।” গলাটা এবার নিচু, যেন কাউকে পড়ে শোনাচ্ছে। “ইমাম সাদিক (আলাইহিস্ সালাম) থেকে বর্ণিত আছে: ‘কিয়ামতের দিন হযরত মা সাইয়্যিদা ফাতিমাতুয্ যাহরা (আলাইহাস্ সালাম) ও আলী (আলাইহিস্ সালাম) এবং তাঁর"
201,NO,NO,QURAN_MARKER,FLAGGED_UNCLAIMED,"“তোর গুনাহ কাতারের বাইরে রাখার জন্য না, রাহাত। কাতারে ঢোকার আগে ধোয়ার জন্য।” একটু থামল। “তোর ফোনে কুরআন আছে?”"
203,NO,NO,QURAN_MARKER,FLAGGED_UNCLAIMED,“সূরা আলে ইমরান খোল। একশো পঁচাশি। নিজে পড়।”
224,NO,NO,QURAN_MARKER|HADITH_WORD,FLAGGED_UNCLAIMED,"ফোনের পর্দা নিভে গেল। রাহাতের মনে বুরুল্লাহর গলা তখনো বাজছে। কোনো তাড়াহুড়া নেই। কোনো ধমক নেই। একটি হাদীস, একটি আয়াত, তারপর এমন কথা, যেন বহু বছর ধরে মাপা।"
232,NO,NO,SUTRA_MARKER,FLAGGED_UNCLAIMED,সূত্র
233,YES,NO,CITATION_BULLET|SUTRA_MARKER|QURAN_MARKER|HADITH_WORD,COVERED,•  এই অধ্যায়ের দেখা ও শোনা রাহাতের নিজের অভিজ্ঞতা; আয়াত ও হাদীসের সূত্র নিচে।
234,YES,NO,CITATION_BULLET|QURAN_MARKER,COVERED,"•  কুরআন ৩:১৮৫ — api.alquran.cloud-এ মেলানো, CONFIRMED।"
235,YES,YES,CITATION_BULLET|PAGE_CHECK_MARKER|SUTRA_MARKER|BARNITA_MARKER,COVERED,"•  ইমাম সাদিক (আলাইহিস্ সালাম) থেকে «বিনা হিসাবে প্রথম জান্নাতে» — খাতায় সূত্র নেই; «বর্ণিত আছে», PAGE-CHECK (উৎস খোঁজা বাকি; ছাপার আগে বই-খণ্ড-পৃষ্ঠা লাগবে)।"
268,NO,NO,QURAN_MARKER,FLAGGED_UNCLAIMED,"কিন্তু এখন সে জানে— সে এমন একটি পরিবেশ তৈরি করেছে, যেখানে প্রতিধ্বনিত হবে আল্লাহর বাণী, যেখানে প্রতিটি নিশ্বাসে উচ্চারিত হবে মা সাইয়্যিদা ফাতিমাতুয্ যাহরা (আলাইহাস্ সালাম)-এর স্মরণ, আর সেই হৃদয়মাঝার"
322,NO,NO,SUTRA_MARKER,FLAGGED_UNCLAIMED,সূত্র
323,YES,YES,CITATION_BULLET|PAGE_CHECK_MARKER|SHIA_BOOK|HADITH_WORD,COVERED,"•  তসবিহে মা সাইয়্যিদা ফাতিমাতুয্ যাহরা (আলাইহাস্ সালাম) ৩৪-৩৩-৩৩: আল-কাফি, খণ্ড ২, কিতাবুদ দোয়া, ঘুমের আগের দোয়ার বাব (ইমাম সাদিক (আলাইহিস্ সালাম) থেকে হিশাম ইবনে সালিমের বর্ণনা) — PAGE-CHECK (হাদ"
324,YES,NO,CITATION_BULLET,COVERED,"•  দরুদ দিনে ৩৬০ বার: উস্তাদ আল-মালিকের অভিজ্ঞতা (S-148, S-149) — রুহানি শিক্ষা, কোনো কিতাবি দাবি নয়।"
335,NO,NO,QURAN_MARKER,FLAGGED_UNCLAIMED,"রাকিকা আর তার খালাতো বোন তাকাভী ইডেন কলেজে সমাজবিজ্ঞানে একই ক্লাসে পড়ে; রাকিকার কাঁধে একটি কাপড়ের ঝোলা, তাতে নোটখাতা, সে ক্যাম্পাস পত্রিকায় লেখে। তাকাভীর চোখে চশমা, হাতে ছোট নোটপ্যাড। শামস আর ফয়সা"
359,NO,NO,QURAN_MARKER,FLAGGED_UNCLAIMED,"শেষে ফয়সালই নীরবতা ভাঙল, নিচু গলায়। “পরীক্ষার উপকরণ… ধন-সম্পদ, সন্তান। এটা তো আনফালের আয়াত, না?”"
362,NO,NO,QURAN_MARKER,FLAGGED_UNCLAIMED,"ফয়সাল চোখ বন্ধ করে আরবিতে পড়ল, সূরা আনফালের আটাশ নম্বর আয়াত। গলা নিচু, কিন্তু লেকের পানির ওপর দিয়ে শব্দটা অনেক দূর গেল। তাকাভী ততক্ষণে ব্যাগ থেকে ছোট্ট একটি অনুবাদসহ কুরআন বের করেছে। পাতা উল্টে আঙ"
364,NO,NO,QURAN_MARKER,FLAGGED_UNCLAIMED,"বুরুল্লাহ রাহাতের দিকে ফিরল। “এই আয়াত জানিস কী বলে, রাহাত? আমরা যা ভালোবাসি—আমাদের সন্তান, স্ত্রী, পিতা-মাতা, জমি, টাকা, বাড়ি—সবকিছুই এক পরিক্ষার আয়োজন। আল্লাহ আমাদের হৃদয়ের দিকেই তাকিয়ে থাকেন—এই"
384,NO,NO,QURAN_MARKER,FLAGGED_UNCLAIMED,"তাকাভী নোটপ্যাডে আয়াতের নম্বর টুকে নিল। কলম থামিয়ে মুখ তুলল, যেন আরও কিছু শোনার অপেক্ষায়।"
387,NO,NO,RASUL_SAID,FLAGGED_UNCLAIMED,"বুরুল্লাহ বলল, “দান—এটা অঙ্কের হিসাব নয়, এটা সেই রহস্যময় বীজ, যা আত্মার জমিনে রোপণ করলে— তার ফলন ছুঁয়ে যায় আখিরাতের আকাশ। যত দান করো, হৃদয়ের আকাশ তত প্রসারিত হয়। দান আত্মাকে মুক্তি দেয়, লোভের শ"
398,NO,NO,SUTRA_MARKER,FLAGGED_UNCLAIMED,সূত্র
399,YES,NO,CITATION_BULLET|QURAN_MARKER,COVERED,•  কুরআন ৮:২৮ (ধন-সম্পদ ও সন্তান পরীক্ষা) — CONFIRMED (api.alquran.cloud)।
400,YES,NO,CITATION_BULLET|QURAN_MARKER,COVERED,"•  কুরআন ২:২৬১ (সাত শীষ, একশত দানা) — CONFIRMED (api.alquran.cloud)।"
401,YES,YES,CITATION_BULLET|PAGE_CHECK_MARKER|SUNNI_BOOK,COVERED,"•  «সাদাকাহ গুনাহ নিভিয়ে দেয়, যেমন পানি আগুন» — তিরমিযিতে বর্ণিত বলে প্রচলিত; PAGE-CHECK (নম্বর মেলানো বাকি, ছাপায় নম্বর ছাড়া)।"
413,NO,NO,QURAN_MARKER,FLAGGED_UNCLAIMED,"বুরুল্লাহ শান্ত কণ্ঠে বলল, “কুরআন কী বলে, রাহাত? কোন সূরায় আছে, ইবলিস ফেরেশতা ছিল?”"
418,NO,NO,QURAN_MARKER,FLAGGED_UNCLAIMED,বুরুল্লাহর মুখে হাসি ফুটল। কোনো ঠাট্টা নেই সেই হাসিতে। “এই দুটো শব্দ আজ তোর সবচেয়ে বড় কথা।” সে তাকাভীর দিকে হাত বাড়াল। “তোর কুরআনটা দে তো।”
419,NO,NO,QURAN_MARKER,FLAGGED_UNCLAIMED,ছোট্ট অনুবাদসহ কুরআনটা ঘুরে এল রাহাতের হাতে। “সূরা কাহফ। পঞ্চাশ। নিজে খোঁজ।”
420,NO,NO,QURAN_MARKER,FLAGGED_UNCLAIMED,"রাহাতের আঙুল পাতা উল্টাতে লাগল। একবার ভুল সূরায় গেল, ফিরে এল। শামস ঝুঁকে এসে সাহায্য করতে চাইল, বুরুল্লাহ চোখের ইশারায় থামাল। অবশেষে আঙুল থামল। রাহাত পড়ল, প্রথমে মনে মনে, তারপর জোরে:"
426,NO,NO,QURAN_MARKER,FLAGGED_UNCLAIMED,সে কুরআনটা বন্ধ করল না। আঙুল লাইনটার ওপরেই রইল।
430,NO,NO,QURAN_MARKER,FLAGGED_UNCLAIMED,"রাহাতের কোলে তখনো তাকাভীর কুরআনটা খোলা। বুরুল্লাহ লেকের দিকে তাকিয়ে কথা শুরু করল, যেন পানিকে শোনাচ্ছে।"
431,NO,NO,QURAN_MARKER,FLAGGED_UNCLAIMED,"বুরুল্লাহ বলে চলল—আল্লাহ তাআলা ইবলিসকে একদা ‘আলিমদের শিরোমণি’ বানিয়েছিলেন। সে ছিল জ্ঞানে, ইবাদতে ও তাসবিহে ফেরেশতাদের শিক্ষকস্বরূপ। কিন্তু ধ্বংস হয়ে গেল সে একটিমাত্র রোগে— অহংকারে। সে ভুলে গেল, জ্ঞা"
432,NO,NO,QURAN_MARKER,FLAGGED_UNCLAIMED,বুরুল্লাহ থেমে রাহাতের কোলের কুরআনটার দিকে আঙুল দেখাল। “বাকারা। চৌত্রিশ।”
434,YES,NO,SHIA_BOOK,COVERED,‘সে অস্বীকার করলো ও অহংকার করলো এবং কাফিরদের অন্তর্ভুক্ত হলো।’
464,NO,NO,QURAN_MARKER,FLAGGED_UNCLAIMED,"বুরুল্লাহ হাসিমুখে বলল: “একদম তাই, সাদিক। জ্ঞান শুধু মস্তিষ্কে নয়, হৃদয়ে জায়গা করে নিলে তবেই তা জান্নাতের পথপ্রদীপ হয়ে ওঠে। পবিত্র কুরআনে আল্লাহ বলেন: ‘যাকে আল্লাহ প্রজ্ঞা দান করেছেন, তাকে মহা কল্"
465,YES,NO,RASUL_SAID,COVERED,"রাসূলুল্লাহ ﷺ বলেন— ‘কোনো আলেমকে ভালোবেসে তার চেহারার দিকে তাকানো ইবাদত।’ ইমাম আস-সাদিক (আলাইহিস্ সালাম)-এর কাছে যখন আলেমের চেহারায় তাকানো ইবাদতের ব্যাপারে প্রশ্ন করা হলো, তিনি বলেছেন— ‘একজন আলেম সেই"
469,YES,NO,SUNNI_BOOK|HADITH_WORD|RASUL_SAID,COVERED,"বুরুল্লাহ উঠে দাঁড়াতে দাঁড়াতে বলল, “রাসূলুল্লাহ ﷺ বলেছেন— ‘জ্ঞান অর্জন করো, যদিও তা চীনের মতো দূর দেশেই হোক। প্রত্যেক মুসলমানের ওপর জ্ঞান অর্জন করা ফরজ।’ আরেক বর্ণনায়— ‘জ্ঞান অর্জন করা প্রত্যেক মুস"
500,NO,NO,SUTRA_MARKER,FLAGGED_UNCLAIMED,সূত্র
501,YES,NO,CITATION_BULLET|QURAN_MARKER,COVERED,"•  কুরআন ১৮:৫০ (ইবলিস জিনদের একজন), ১৭:৩৬, ২:৩৪, ৭:১২, ২:২৬৯ — সব CONFIRMED (api.alquran.cloud)।"
502,YES,YES,CITATION_BULLET|PAGE_CHECK_MARKER|SUTRA_MARKER|SUNNI_BOOK|HADITH_WORD,COVERED,"•  কুঠার কিনে দেওয়ার ঘটনা: সুনানে ইবনে মাজাহ, কিতাবুত তিজারাত, হাদীস ২১৯৮ — খাতার সূত্র; PAGE-CHECK।"
503,YES,YES,CITATION_BULLET|BARNITA_MARKER,COVERED,"•  চারবার বিয়ের ঘটনা — «বর্ণিত আছে»; উৎস খোঁজা বাকি, ছাপায় বইয়ের নাম ছাড়া।"
504,YES,YES,CITATION_BULLET|PAGE_CHECK_MARKER|BARNITA_MARKER,COVERED,"•  ইমাম আলী (আলাইহিস্ সালাম)-এর «তিন মিসকিন» ও «সমালোচনায় আনন্দ» বাণী — «বর্ণিত আছে», PAGE-CHECK।"
505,YES,YES,CITATION_BULLET|PAGE_CHECK_MARKER,COVERED,•  «আলেমের চেহারার দিকে তাকানো ইবাদত» ও ইমাম সাদিক (আলাইহিস্ সালাম)-এর ব্যাখ্যা — PAGE-CHECK।
506,YES,YES,CITATION_BULLET|PAGE_CHECK_MARKER|SUNNI_BOOK,COVERED,•  «জ্ঞান অর্জন ফরজ… শুকরের গলায় মণিমুক্তা» — সুনানে ইবনে মাজাহ (মুকাদ্দিমা) বলে প্রচলিত; «চীন» অংশ দুর্বল সনদের বলে আলেমদের মত। PAGE-CHECK।
507,YES,NO,CITATION_BULLET,COVERED,•  এই অধ্যায়ের স্বপ্নের ইশারা ও দরুদ দিনে ৩৬০ বার — উস্তাদের রুহানি শিক্ষা (S-148)।
542,YES,NO,RASUL_SAID,COVERED,"রাহাত নিজেই খুতবাটি বয়ে আনল হৃদয় থেকে, বলল: “রাসূলুল্লাহ ﷺ বলেছেন: ‘আমি যাহার মাওলা, আলীও তাহার মাওলা।’ তিনি আরও ঘোষণা করেছেন: ‘হাসান ও হুসাইন (আলাইহিস্ সালাম) বেহেশতের যুবকদের নেতা।’ এবং সেই মহীয়স"
557,NO,NO,QURAN_MARKER,FLAGGED_UNCLAIMED,"রাহাত থেমে মিম্বারের পাশের কাঠের রেহালের দিকে তাকাল। তাতে একটি পুরোনো কুরআন, মলাট ফ্যাকাশে, লাল ফিতা গোঁজা। “অনুমতি দিলে, হুজুর?”"
559,NO,NO,QURAN_MARKER,FLAGGED_UNCLAIMED,"রাহাত কুরআনটা দুই হাতে তুলে চুমু খেল, তারপর পাতা উল্টাতে লাগল। সূরা আহযাব। তেত্রিশ নম্বর আয়াতে এসে আঙুল থামল, লাইনের মাঝখানে। সে পড়ল, আস্তে, শব্দ গুনে গুনে:"
561,NO,NO,QURAN_MARKER,FLAGGED_UNCLAIMED,তারপর কুরআনটা খোলা অবস্থায় ইমাম সাহেবের দিকে ঘুরিয়ে ধরল। ইমাম সাহেব ঝুঁকে লাইনটা দেখলেন। এ আয়াত তাঁর অচেনা নয়। তবু তিনি অনেকক্ষণ চোখ সরালেন না।
562,NO,NO,QURAN_MARKER,FLAGGED_UNCLAIMED,"রাহাত কুরআনটা আবার রেহালে রেখে দিল। — “আর রাসূলুল্লাহ ﷺ-এর মুখ থেকেই তো উচ্চারিত হয়েছিল— ‘হুসাইন আমার অংশ, আর আমি হুসাইনের।’ তাঁদের নাম বাদ গেলে, খুতবার প্রাণই কি নিঃশেষ হয়ে যায় না?”"
575,NO,NO,HADITH_WORD,FLAGGED_UNCLAIMED,"তাকাভী নোটপ্যাড খুলে বলল, “রাহাত, তুমি যে হাদীসগুলো বললে, নম্বরসহ পাওয়া যাবে? সনদ দেখতে চাই।”"
576,YES,NO,SUNNI_BOOK,COVERED,"আমি এঁটো হাত ধুয়ে ফোনে নোট খুললাম। “তিরমিযিতে আছে। ‘আমি যার মাওলা, আলীও তার মাওলা’, ‘হাসান-হুসাইন জান্নাতের যুবকদের নেতা’, ‘হুসাইন আমার থেকে, আমি হুসাইন থেকে’। নম্বর তোমার খাতায় লিখে দেব।”"
579,NO,NO,HADITH_WORD,FLAGGED_UNCLAIMED,"রাহাত ভাতের থালায় আঙুল থামিয়ে বলল, “আজ ইমাম সাহেব কাঁদলেন। কিন্তু আমি একটা জিনিস বুঝলাম না। আমরা তাঁর পেছনে নামাজ পড়লাম। তিনি ইমাম। আবার হাদীসে যাঁদের কথা, তাঁরাও ইমাম। দুটো কি এক?”"
583,NO,NO,SUTRA_MARKER,FLAGGED_UNCLAIMED,সূত্র
584,YES,NO,CITATION_BULLET|QURAN_MARKER|HADITH_WORD,COVERED,"•  খাতা ¶১৩১৭–১৩২৫-এর আয়াত-হাদীস অংশ (দৃশ্য থেকে সরানো, হুবহু):"
585,YES,NO,CITATION_BULLET|QURAN_MARKER,COVERED,"•  কুরআন ৩৩:৩৩ — «إِنَّمَا يُرِيدُ ٱللَّهُ لِيُذْهِبَ عَنكُمُ ٱلرِّجْسَ أَهْلَ ٱلْبَيْتِ وَيُطَهِّرَكُمْ تَطْهِيرًۭا» — “নিশ্চয়ই আল্লাহ চান, হে আহলুল বাইত, যেন তিনি তোমাদের থেকে অপবিত্রতা দূর করেন এব"
586,YES,YES,CITATION_BULLET|PAGE_CHECK_MARKER|SUTRA_MARKER|SUNNI_BOOK,COVERED,"•  «হুসাইন আমার অংশ, আর আমি হুসাইনের অংশ। যে হুসাইনকে ভালোবাসে, আল্লাহ তাকে ভালোবাসেন।» — জামে তিরমিযি ৩৭৭৫ (খাতার সূত্র); PAGE-CHECK।"
587,YES,YES,CITATION_BULLET|BARNITA_MARKER|SUNNI_BOOK|HADITH_WORD,COVERED,"•  «আমার আহলুল বাইত হচ্ছে নূহ (আলাইহিস্ সালাম)-এর নৌকার মতো। যারা এতে চড়ে, তারা নাজাত পায়; যারা বিমুখ হয়, তারা ডুবে যায়।» — খাতায় «মুসনাদে আহমদ ৩৭৮৬»; এই নম্বর সন্দেহজনক (তিরমিযি ৩৭৮৬ সাকালাইনের "
588,YES,YES,CITATION_BULLET|PAGE_CHECK_MARKER|SUTRA_MARKER|SUNNI_BOOK,COVERED,"•  «আমি যার মাওলা, আলীও তার মাওলা» — জামে তিরমিযি ৩৭১৩; «হাসান ও হুসাইন জান্নাতের যুবকদের নেতা» — জামে তিরমিযি ৩৭৬৮ (খাতার সূত্র); PAGE-CHECK।"
611,NO,NO,QURAN_MARKER,FLAGGED_UNCLAIMED,"বুরুল্লাহ বলল, “তিনি মসজিদের ইমাম। নামাজের কাতারে সামনে দাঁড়ান। আর আমরা যে ইমামের কথা বলছি, তিনি দ্বীনের পথে সামনে দাঁড়ান।” তারপর ফয়সালের দিকে ফিরল। “হাফেজ সাহেব, বাকারায় ইবরাহিম (আলাইহিস্ সালাম)-"
612,NO,NO,QURAN_MARKER,FLAGGED_UNCLAIMED,"ফয়সাল এক মুহূর্ত চোখ বুজল, ঠোঁট নিঃশব্দে আগের আয়াত থেকে গুনে এল। তারপর পড়ল, আরবিতে, পানির ওপর দিয়ে গলা ছড়িয়ে। পড়া শেষ করে নিজেই অর্থ বলল, ধীরে, একেকটা টুকরো আলাদা করে:"
614,NO,NO,QURAN_MARKER,FLAGGED_UNCLAIMED,ফয়সাল থেমে গেল। নিজের পড়া আয়াতের দিকেই যেন অবাক হয়ে তাকিয়ে আছে। “এটা আমি ছোটবেলা থেকে মুখস্থ পড়ি। কিন্তু… ইবরাহিম (আলাইহিস্ সালাম) তো তখন নবী। নবী হওয়ার পরেও আলাদা করে ইমাম?”
627,YES,NO,SUNNI_BOOK,COVERED,"“যে হৃদয় নিঃশেষ আত্মসমর্পণে আল্লাহর প্রেমে নিজেকে বিলিয়ে দেয়, সে দেহের কারাগার ভেঙে মুক্ত বিহঙ্গের মতো উড়ে চলে অনন্ত আলোর রাজ্যে। তার আত্মা ভেসে চলে এক বিশুদ্ধ নিসর্গে— যেখানে কেবল প্রভুর দীপ্তি, "
647,NO,NO,SUTRA_MARKER,FLAGGED_UNCLAIMED,সূত্র
648,YES,NO,CITATION_BULLET|SUTRA_MARKER|QURAN_MARKER,COVERED,•  এই অধ্যায়ের দেখা ও শোনা তাহারা সেন্টারের রুহানি অভিজ্ঞতা; আয়াতের সূত্র নিচে।
649,YES,NO,CITATION_BULLET|QURAN_MARKER,COVERED,•  কুরআন ২:১২৪ — CONFIRMED (api.alquran.cloud)।
650,YES,NO,CITATION_BULLET,COVERED,•  নাবুয়্যাত-ইমামত ও মা সাইয়্যিদা ফাতিমাতুয্ যাহরা (আলাইহাস্ সালাম)-এর মর্যাদা নিয়ে বুরুল্লাহর কথা জনির খাতার শিক্ষা; কোনো কিতাবি উদ্ধৃতি দাবি করা হয়নি।
665,NO,NO,QURAN_MARKER,FLAGGED_UNCLAIMED,বুরুল্লাহ পকেট থেকে ছোট্ট একটি কুরআন বের করল। কিন্তু নিজে খুলল না। রাকিকার দিকে বাড়িয়ে দিল। “প্রশ্নটা তোমার। উত্তরের প্রথম ধাপটাও তুমি খোঁজো। সূরা ফাতির। উনিশ থেকে একুশ।”
666,NO,NO,QURAN_MARKER,FLAGGED_UNCLAIMED,"রাকিকা কুরআনটা দুই হাতে নিল। পাতা উল্টাতে উল্টাতে আঙুল একবার পেরিয়ে গেল, আবার ফিরল। বুরুল্লাহ অপেক্ষা করল, তাড়া দিল না।"
667,NO,NO,QURAN_MARKER,FLAGGED_UNCLAIMED,"“আল্লাহ সুবহানাহু ওয়া তাআলা পবিত্র কুরআনে ইরশাদ করেছেন—” বুরুল্লাহ বলল, আর রাকিকা পড়ল, আঙুল লাইনের নিচে:"
670,NO,NO,QURAN_MARKER,FLAGGED_UNCLAIMED,"বুরুল্লাহ বলল, “এই আয়াতের প্রতিটি শব্দ যেন এক অবিনশ্বর প্রতিচ্ছবি—একটি চিরন্তন বাস্তবতার প্রতিধ্বনি। যেমন অন্ধ ও চক্ষুষ্মান এক নয়, তেমনি সত্যদ্রষ্টা ও সত্যবিমুখ কখনো এক হতে পারে না। যেমন অন্ধকারের ব"
671,NO,NO,QURAN_MARKER,FLAGGED_UNCLAIMED,"তাকাভী চশমা ঠিক করে সঙ্গে সঙ্গে বলল, “বুরুল্লাহ ভাই, আয়াতে কি তাঁর নাম আছে?”"
672,NO,NO,QURAN_MARKER,FLAGGED_UNCLAIMED,"“নেই,” বুরুল্লাহ বলল। “এই আয়াত আলো আর অন্ধকারের কথা বলে। আমি সেই আলো দিয়ে তাঁকে দেখতে বলছি। দুটো আলাদা রেখো, তাকাভী।”"
675,NO,NO,QURAN_MARKER,FLAGGED_UNCLAIMED,"বুরুল্লাহ বলল, “এই আয়াতের গভীরে রয়েছে এক অলৌকিক সত্য—সত্যের জ্যোতির সামনে মিথ্যার অস্তিত্ব টিকে থাকতে পারে না। যে ব্যক্তি মা সাইয়্যিদা ফাতিমাতুয্ যাহরা (আলাইহাস্ সালাম)-কে চিনতে পারেনি, সে যেন সেই "
681,NO,NO,QURAN_MARKER,FLAGGED_UNCLAIMED,"বুরুল্লাহ গভীর দৃষ্টিতে বলল: “প্রকৃত অন্ধ কি সেই, যার চোখ দেখতে পায় না? না, শামস! একটু আগে কে পড়ল, দেখলি তো? ছড়িওয়ালা মানুষটা, নাকি দুই চোখওয়ালা ছেলেটা? কুরআন আমাদের এক ভয়ঙ্কর বাস্তবতা স্মরণ করি"
682,NO,NO,QURAN_MARKER,FLAGGED_UNCLAIMED,সে রাকিকার হাত থেকে কুরআনটা নিয়ে শামসের কোলে রাখল। “সূরা হজ্জ। ছেচল্লিশ। শেষের দিকটা।”
683,NO,NO,QURAN_MARKER,FLAGGED_UNCLAIMED,"শামস তিনবার ভুল পাতায় গেল। তাকাভী ঝুঁকে এসে সূরার শুরুটা দেখিয়ে দিল, বাকিটা শামস নিজে খুঁজল। আয়াতের শেষ অংশে এসে সে পড়ল, আর পড়তে পড়তে গলা নিচু হয়ে গেল:"
686,NO,NO,QURAN_MARKER,FLAGGED_UNCLAIMED,"বুরুল্লাহ বলল, “এই আয়াত যেন এক চিরন্তন সত্যের দরজা উন্মোচন করে। আলোর মধ্যেও যারা পথ হারায়, যারা দৃষ্টিসম্পন্ন হয়েও সত্যকে অস্বীকার করে— তারাই প্রকৃত অন্ধ। তাদের অন্তর পাথরের চেয়েও কঠিন, যেখানে সত্"
695,NO,NO,QURAN_MARKER,FLAGGED_UNCLAIMED,"সবাই উঠছিল। ফয়সাল শুধু বসে রইল। সারা বিকেল সে একটি কথাও বলেনি। আলোর কথা উঠলেই মাথা নামিয়ে ফেলছিল। হাফেজ ফয়সাল, যার মুখে কুরআনের পর কুরআন, আজ তার ঠোঁট নড়ছিল না।"
697,NO,NO,QURAN_MARKER,FLAGGED_UNCLAIMED,"সেই রাতে ঘুমানোর আগে আমি কুরআনের একটি পাতা অর্থসহ পড়লাম। শুধু একটি পাতা, কিন্তু প্রতিটি আয়াতে থেমে।"
698,NO,NO,QURAN_MARKER,FLAGGED_UNCLAIMED,"আর ভাবলাম, যে ছেলে পুরো কুরআন বুকে নিয়ে ঘোরে, তার মাথা আজ এত নিচু কেন? কাল ভোরে সে কী নিয়ে উঠবে?"
699,NO,NO,SUTRA_MARKER,FLAGGED_UNCLAIMED,সূত্র
700,YES,NO,CITATION_BULLET|QURAN_MARKER,COVERED,"•  খাতার আরবি (দৃশ্য থেকে সরানো, হুবহু): «وَمَا یَسْتَوِی الْاَعْمٰی وَالْبَصِیْرُ، وَلَا الظُّلُمٰتُ وَلَا النُّوْرُ، وَلَا الظِّلُّ وَلَا الْحَرُوْرُ، وَمَا یَسْتَوِی الْاَحْیَآءُ وَلَا الْاَمْوَاتُ"
701,YES,NO,CITATION_BULLET|QURAN_MARKER,COVERED,"•  «فَاِنَّهَا لَا تَعْمَی الْاَبْصَارُ وَلٰكِنْ تَعْمَی الْقُلُوْبُ الَّتِیْ فِی الصُّدُوْرِ» — কুরআন ২২:৪৬, CONFIRMED (api.alquran.cloud)।"
702,YES,NO,CITATION_BULLET|QURAN_MARKER,COVERED,•  ৩৫:১৯–২২ এখানে আলো-অন্ধকারের উপমা হিসেবে; আয়াতে মা সাইয়্যিদা (আলাইহাস্ সালাম)-এর নাম নেই।
726,NO,NO,QURAN_MARKER,FLAGGED_UNCLAIMED,"""রাত প্রায় সাড়ে তিনটা। গভীর ঘুমের মধ্যে দেখলাম, আমি মারা গেছি। আমার আত্মা দেহ থেকে বিচ্ছিন্ন হয়ে এক অজানা শূন্যতায় শ্বাসরুদ্ধ হয়ে দাঁড়িয়ে আছে। বেহেশতের ফেরেশতারা এসে আমাকে জান্নাতের দরজার সামনে"
727,NO,NO,QURAN_MARKER,FLAGGED_UNCLAIMED,"আমি পিছনে তাকিয়ে দেখলাম, লম্বা তিনটি সারিতে দাঁড়িয়ে আছে মানুষ। প্রথম দল—যারা কখনো কুরআন ও আহলুল বাইতের নামই শোনেনি। ফেরেশতারা তাদের বিনা বিচারে জাহান্নামে নিক্ষেপ করলো। দ্বিতীয় দল—যারা কুরআন ও আহল"
731,NO,NO,QURAN_MARKER,FLAGGED_UNCLAIMED,"ফয়সাল কাঁপা কণ্ঠে বলল, ""দোস্ত, আমাকে মাফ করে দে! এখন থেকে তোকে সময় দেবো, আহলুল বাইতকে চিনবো, আর কুরআন অর্থসহ পড়বো!”"
738,NO,NO,QURAN_MARKER,FLAGGED_UNCLAIMED,"রাহাত এবার আস্তে করে ফয়সালকে প্রশ্ন করল, “ফয়সাল ভাই, তুমি তো পুরো কুরআন মুখস্থ জানো। তবু স্বপ্নে এমন হলো?”"
739,NO,NO,QURAN_MARKER,FLAGGED_UNCLAIMED,"ফয়সাল মেঝের দিকে চেয়ে বলল, “জানি। শব্দ জানি, রাহাত। মানে জানি না। তিন বছর বয়স থেকে হুজুরের বেত আর তারাবির মুসল্লিদের তারিফ। কেউ কখনো জানতে চায়নি, যে আয়াত পড়লি, তার মানে কী?”"
744,NO,NO,HADITH_WORD,FLAGGED_UNCLAIMED,"""আজ আমরা চাচার লাইব্রেরিতে যাব,” বুরুল্লাহ ধীরে ধীরে বলল। ""সেখানে রাখা হাদীস, তাফসির খুলে পড়ব। ইনশা-আল্লাহ, তাহলে সত্যটা তোরা আরও ভালো করে জানতে পারবি।”"
745,NO,NO,QURAN_MARKER,FLAGGED_UNCLAIMED,"ফয়সাল নিঃশব্দে মাথা নোয়াল। তারপর উঠে আমার তাকের দিকে গেল। সেখানে অনুবাদসহ একটি কুরআন, আমার নানির দেওয়া। ফয়সাল সেটা নামাল, প্রথম পাতা খুলল। আরবির পাশের বাংলা লাইনে আঙুল রেখে পড়ল, ধীরে, বানান করে ক"
752,NO,NO,SUTRA_MARKER,FLAGGED_UNCLAIMED,সূত্র
753,YES,NO,CITATION_BULLET|SUTRA_MARKER|HADITH_WORD,COVERED,"•  এই অধ্যায়ের স্বপ্ন ফয়সালের রুহানি অভিজ্ঞতা, স্বপ্ন-সাক্ষ্য; এতে কোনো হাদীস-সূত্র দাবি করা হয়নি।"
759,NO,NO,QURAN_MARKER|HADITH_WORD,FLAGGED_UNCLAIMED,"ফয়সালের সামনে একগাদা খোলা বই। সকাল থেকে সে এখানেই। পাতায় পাতায় কাগজের টুকরো গোঁজা, তাতে আয়াতের নম্বর, হাদীসের নাম, আর এমন সব প্রশ্ন, যার উত্তর সে আগে কখনো খোঁজেনি।"
772,NO,NO,RASUL_SAID,FLAGGED_UNCLAIMED,"বুরুল্লাহ একটু হেসে আরও বলল, ‘তবে আবু লাহাব আর আবু জাহলের বিষয়ে তোমার যুক্তি খুবই চমৎকার! অর্থাৎ তাকে দেখা সত্ত্বেও তারা জাহান্নামী শুধুমাত্র তাদের কর্মের কারণে। জি অবশ্যই রাসূলুল্লাহ ﷺ-কে দেখতে পাওয"
798,NO,NO,QURAN_MARKER,FLAGGED_UNCLAIMED,"ফয়সালের ঠোঁট নিঃশব্দে নড়তে শুরু করেছিল, অভ্যাসে, কোনো একটা আয়াত। মাঝপথে থেমে গেল। ফয়সাল চোখ বন্ধ করল। তিন বছর বয়স থেকে মুখস্থ করা আয়াতগুলো যেন বুকের ভেতর একবার দুলে উঠল, তারপর থেমে গেল।"
803,NO,NO,QURAN_MARKER,FLAGGED_UNCLAIMED,"“নামাজ,” শামস বলল। “সূরা আনকাবুতে আছে, নামাজ অশ্লীলতা আর মন্দ কাজ থেকে বিরত রাখে। আমি পাঁচ ওয়াক্ত পড়ি। কিন্তু সেদিন গেটের দারোয়ানকে যে কথা বলেছি, সেটা কি নামাজ আটকাল?”"
804,NO,NO,QURAN_MARKER,FLAGGED_UNCLAIMED,"ফয়সাল আস্তে বলল, “রোজা। সূরা বাকারায় রোজার লক্ষ্য তাকওয়া। ক্ষুধা সহ্য করলাম, কিন্তু জিভ দিয়ে মানুষকে কষ্ট দিলাম। তাহলে বাইরেরটা রাখলাম, ভেতরেরটা?”"
805,NO,NO,QURAN_MARKER,FLAGGED_UNCLAIMED,"আমি বললাম, “যাকাত। সূরা তাওবায় দানের সঙ্গে পবিত্র করার কথা। দিলাম, কিন্তু সম্পদের অহংকার একই থাকল?”"
824,NO,NO,SUTRA_MARKER,FLAGGED_UNCLAIMED,সূত্র
825,YES,YES,CITATION_BULLET|PAGE_CHECK_MARKER|SUNNI_BOOK|HADITH_WORD,COVERED,"•  «যে স্বপ্নে আমাকে দেখল সে সত্যিই আমাকে দেখল» ও স্বপ্নের তিন প্রকার — শ্রোতা ০৪-এ «আবু দাউদ, হাদিস : ৫০২১»; PAGE-CHECK।"
826,YES,NO,CITATION_BULLET|QURAN_MARKER,COVERED,"•  কুরআন ২৯:৪৫, ২:১৮৩, ৯:১০৩ — CONFIRMED (api.alquran.cloud)।"
827,YES,YES,CITATION_BULLET|PAGE_CHECK_MARKER|SUTRA_MARKER|BARNITA_MARKER,COVERED,"•  চিট লিস্টের বাণীগুলো (চিন্তাহীন ইবাদত, জ্ঞানার্জন-শিক্ষাদান, চার ব্যক্তির পুরস্কার) — শ্রোতা ০৪-এ সূত্র ছাড়া; «বর্ণিত আছে», PAGE-CHECK।"
828,YES,YES,CITATION_BULLET,COVERED,•  খাঁজা মঈন উদ্দিন চিশতী (রহঃ)-এর কবিতা — শ্রোতা ০৪-এর উদ্ধৃতি; উৎস মেলানো বাকি।
869,NO,NO,QURAN_MARKER,FLAGGED_UNCLAIMED,"“জান্নাতেও তিনটা লাগে,” বুরুল্লাহ বলল। “কে পাসপোর্ট দেয়, কে ভিসা, আর টিকিট কোন কাউন্টারে বিক্রি হয়, সে কথা আরেক রাতের। আজ শুধু একটা কথা। ফয়সাল প্রথম স্বপ্নের পর কুরআন খুলেছে, অর্থ পড়েছে, বন্ধুর জন"
902,NO,NO,SUTRA_MARKER,FLAGGED_UNCLAIMED,সূত্র
903,YES,NO,CITATION_BULLET|SUTRA_MARKER|HADITH_WORD,COVERED,"•  এই অধ্যায়ের স্বপ্ন ফয়সালের রুহানি অভিজ্ঞতা, স্বপ্ন-সাক্ষ্য; কোনো হাদীস-সূত্র দাবি করা হয়নি।"
912,NO,NO,QURAN_MARKER,FLAGGED_UNCLAIMED,"“বললাম, পড়েছি।” রাহাত লুঙ্গির কোনাটা চেইন থেকে ছাড়াতে ছাড়াতে বলল। “সব কয়টা না। আব্বা ওসব জিজ্ঞেস করবেন, তারপর একটা আয়াত বলবেন। আব্বার কাছে কুরআনের বাইরে কিছু নেই।”"
920,NO,NO,QURAN_MARKER,FLAGGED_UNCLAIMED,"দুপুর একটার কিছু পরে চাচার ভাড়া করা মাইক্রোবাসটা তাহারা সেন্টারের গেটে থামল। চাচা, মানে বুরুল্লাহর আব্বু, নিজে বাসস্ট্যান্ডে গিয়েছিলেন অতিথিদের আনতে। দরজা খুলতেই প্রথমে লাফিয়ে নামল রাফি, হাতে প্লাস"
928,NO,NO,QURAN_MARKER,FLAGGED_UNCLAIMED,“কুরআন পড়িস?”
959,NO,NO,QURAN_MARKER,FLAGGED_UNCLAIMED,"এবার রাহাতের আব্বা চশমাটা আবার চোখে দিলেন। “কুরআনে একটা আয়াত আছে,” তিনি বললেন, ধীরে, প্রতিটি শব্দ আলাদা করে। “আমি সেটাই জানি। বাকি কথা আমি বুঝি না।”"
960,NO,NO,QURAN_MARKER,FLAGGED_UNCLAIMED,"বুরুল্লাহ মাথা নুইয়ে বলল, “জি, চাচা। সেই আয়াতটিই আসল কথা।” তারপর সে আয়াতটি পড়ল:"
963,NO,NO,QURAN_MARKER,FLAGGED_UNCLAIMED,রাহাতের আব্বা চোখ বন্ধ করে আয়াতটি ঠোঁটে ঠোঁটে আবার পড়লেন। সেই প্রথম আমি তাঁর মুখে একটি নরম রেখা দেখলাম।
1009,NO,NO,QURAN_MARKER,FLAGGED_UNCLAIMED,"তারপর তিনি বুরুল্লাহর দিকে ফিরলেন। “এর কোনো আয়াত আছে, বাবা? আমি আয়াত ছাড়া কিছু ধরতে পারি না।”"
1022,NO,NO,QURAN_MARKER,FLAGGED_UNCLAIMED,"রাহাতের আব্বা উঠতে উঠতে ছেলের দিকে তাকালেন। কিছু বললেন না। শুধু বুকপকেটের ছোট কুরআনটা একবার ছুঁয়ে দেখলেন, যেন সেটা ঠিক জায়গায় আছে কি না।"
1024,NO,NO,QURAN_MARKER,FLAGGED_UNCLAIMED,"রাতে তাহারা সেন্টারের দক্ষিণের ঘরে রাহাতের বিছানা পড়ল, রাফির পাশে। রাফি শোয়ার সঙ্গে সঙ্গে ঘুমিয়ে পড়েছে, প্লাস্টিকের ব্যাটটা বুকে জড়িয়ে। পাশের ঘর থেকে আব্বার কুরআন তিলাওয়াতের মৃদু সুর ভেসে আসছে।"
1028,NO,NO,SUTRA_MARKER,FLAGGED_UNCLAIMED,সূত্র
1029,YES,NO,CITATION_BULLET|QURAN_MARKER,COVERED,•  সূরা আয-যারিয়াত ৫১:৫৬ — api.alquran.cloud — CONFIRMED।
1030,YES,YES,CITATION_BULLET|PAGE_CHECK_MARKER|BARNITA_MARKER,COVERED,•  «চিন্তাসহ দুই রাকাত সারা রাতের নফলের চেয়ে উত্তম» ও «দোয়া সর্বোচ্চ ইবাদত» — শ্রোতা ০৪-এ জনির নোট; মূল কিতাবের পৃষ্ঠা মেলানো হয়নি — «বর্ণিত আছে» / PAGE-CHECK।
1031,YES,NO,CITATION_BULLET|SUTRA_MARKER|HADITH_WORD,COVERED,•  «পাঁচ শর্ত» — বুরুল্লাহর মুখে «এক আলেমের» কথা হিসেবে; কোনো হাদীস-সূত্র দাবি করা হয়নি।
1052,YES,NO,QURAN_MARKER|SUNNI_BOOK,COVERED,"ইসলাম অর্থ ‘আত্মসমর্পন।’ ইসলাম আরবী শব্দ যার অর্থ “আনুগত্য করা বা আত্মসমর্পন করা”। স্রষ্টার ইচ্ছার কাছে নিজেকে আত্মসমর্পন করা ও তার আনুগত্য করা। কুরআন ও সুন্নাহর পরিভাষায় নিজের ইচ্ছা, খায়েশ তথা নিজে"
1075,NO,NO,QURAN_MARKER,FLAGGED_UNCLAIMED,"তারপর আমি খাতার শেষ দিকের একটি পাতা খুললাম। সেখানে একটি আয়াতের অর্থ লেখা, বুরুল্লাহর হাতে আমার খাতায় নিজে লিখে দেওয়া।"
1092,NO,NO,SUTRA_MARKER,FLAGGED_UNCLAIMED,সূত্র
1093,YES,NO,CITATION_BULLET|QURAN_MARKER,COVERED,•  সূরা আল-আম্বিয়া ২১:১০৫ — api.alquran.cloud — CONFIRMED (অনুবাদ জনির খাতার)।
1094,YES,YES,CITATION_BULLET|PAGE_CHECK_MARKER,COVERED,"•  ইমাম মাহদী (আলাইহিস্ সালাম)-এর আবির্ভাবে প্রতিশ্রুতির পূর্ণতা — জনির ব্যাখ্যা, তাফসীরের পৃষ্ঠা মেলানো হয়নি — PAGE-CHECK।"
1095,YES,NO,CITATION_BULLET|HADITH_WORD,COVERED,"•  «ইসলাম» শব্দের অর্থ (আত্মসমর্পণ) — শ্রোতা ০৪-এ জনির নোট; ভাষাগত ব্যাখ্যা, হাদীস-দাবি নয়।"
1109,YES,YES,BARNITA_MARKER,COVERED,"“ইবাদতের সত্য পথে বাধা হয়ে দাঁড়ায় শয়তান, যে অহংকারের অন্ধকারে ডুবে গিয়ে সত্যকে অস্বীকার করেছে। বর্ণিত আছে, যখন আল্লাহ ইবলিসকে আদম (আলাইহিস্ সালাম)-কে সিজদা করতে আদেশ দিলেন, তখন সে অহংকারে ফেটে পড"
1128,NO,NO,QURAN_MARKER,FLAGGED_UNCLAIMED,"আমি বললাম, “এক ব্যক্তি শো'বার কাছে গেল, যিনি তার সময়ের একজন বিখ্যাত আলেম ছিলেন। লোকটি বলল, ‘আমার একটা সমস্যা আছে। আমার জন্য এটি সমাধান করুন।’ ‘অবশ্যই,’ পণ্ডিত বললেন। লোকটি জিজ্ঞেস করল, শয়তানের কি স্"
1148,YES,NO,SUNNI_BOOK,COVERED,"“এখন যুদ্ধের ময়দান বইয়ের পাতায়, ইউটিউবের স্ক্রিপ্টে,” বুরুল্লাহ বলল, “বক্তৃতার শব্দে, ফেসবুকের স্ট্যাটাসে, পাঠ্যবইয়ের লাইনে, নাটকের সংলাপে। এখনকার শত্রু বললো না ‘মুসলিম হওয়া বাদ দাও’, বললো— ‘তোমা"
1150,NO,NO,QURAN_MARKER,FLAGGED_UNCLAIMED,"“কাতারে সে নিজেই আসে।” বুরুল্লাহর গলা নেমে এল। “সে নামাজের কাতারে এসে বলে: ‘তোমার অন্তর নেই তো, ইবাদত বৃথা।’ সে ইবাদতের মাঝেই সন্দেহ ঢালে: ‘আল্লাহ কি তোমার কথা শুনছেন?’ সে কুরআনের আয়াত নিয়েই বলে: ‘এ"
1171,NO,NO,SUTRA_MARKER,FLAGGED_UNCLAIMED,সূত্র
1172,YES,YES,CITATION_BULLET|PAGE_CHECK_MARKER|BARNITA_MARKER|QURAN_MARKER,COVERED,•  ইবলিসের সিজদা-অস্বীকার: সূরা আল-আ'রাফ ৭:১২ — api.alquran.cloud — CONFIRMED। «সর্বত্র সেজদার প্রস্তাব» — তাফসীরের বর্ণনা; মূল বই-পৃষ্ঠা মেলানো হয়নি — «বর্ণিত আছে» / PAGE-CHECK।
1173,YES,YES,CITATION_BULLET|BARNITA_MARKER,COVERED,•  শো'বার কাহিনী — শ্রোতা ০৪-এ জনির নোট; মূল উৎস মেলানো হয়নি — «বর্ণিত আছে»।
1174,YES,NO,CITATION_BULLET|QURAN_MARKER,COVERED,•  শো'বার কাহিনীর «শয়তানের বংশধর»-এর আয়াত: সূরা আল-কাহফ ১৮:৫০ («أَفَتَتَّخِذُونَهُ وَذُرِّيَّتَهُ أَوْلِيَاءَ») — api.alquran.cloud — CONFIRMED (REV1)।
1209,NO,NO,QURAN_MARKER,FLAGGED_UNCLAIMED,"“কুরআনে একটা দৃশ্য আছে,” বুরুল্লাহ বলল, “যেখানে ওই গলাটা নিজেই মুখ খোলে। সবার সামনে। আমি তোকে আমার মতো করে বলি, তুই মিলিয়ে দেখিস, তোর সকালের গলাটা চিনতে পারিস কি না।”"
1227,NO,NO,QURAN_MARKER,FLAGGED_UNCLAIMED,আর কুরআনের প্রতিধ্বনি আসে:
1247,NO,NO,SUTRA_MARKER,FLAGGED_UNCLAIMED,সূত্র
1248,YES,NO,CITATION_BULLET|QURAN_MARKER,COVERED,"•  সূরা ইবরাহীম ১৪:২২ (শয়তানের ভাষণ, «فلا تلوموني ولوموا أنفسكم», «ما أنا بمصرخكم», «إن الظالمين لهم عذاب أليم») — api.alquran.cloud — CONFIRMED। দৃশ্যের মানুষগুলোর সংলাপ জনির কল্পনা-দৃশ্য, আয়াতের ব"
1249,YES,NO,CITATION_BULLET|HADITH_WORD,COVERED,•  «সিনেমার টিকিট/মসজিদের ডাক» — শ্রোতা ০৪-এ জনির নোট; হাদীস-দাবি নয়।
1283,NO,NO,QURAN_MARKER,FLAGGED_UNCLAIMED,"“কুরআন শুরুতেই বলে দিয়েছে কার জন্য,” বুরুল্লাহ বলল।"
1285,NO,NO,QURAN_MARKER,FLAGGED_UNCLAIMED,“এই কুরআন মুত্তাকীদের জন্য পথপ্রদর্শক। মুত্তাকী মানে কে?”
1293,NO,NO,QURAN_MARKER,FLAGGED_UNCLAIMED,"তারপর আরেকটি আয়াতের অংশ পড়ল, “আল্লাহর স্মরণেই অন্তর শান্ত হয়। এই শান্তিই জান্নাতের প্রতিচ্ছবি।”"
1296,NO,NO,QURAN_MARKER,FLAGGED_UNCLAIMED,"“তাহলে কি শুধু ইবাদত করলেই জান্নাত?” বুরুল্লাহ নিজেই প্রশ্ন তুলল। “না। যারা রিয়া করে, যারা আত্ম-অহংকারে পড়ে, যারা ইবাদত করেও চরিত্রে পচন ধরে— তাদের ইবাদত জান্নাতের পাসওয়ার্ড নয়—বরং আত্মাকে পাথরে প"
1297,NO,NO,QURAN_MARKER,FLAGGED_UNCLAIMED,"“মাউন তো আমরা জামাতে কত পড়ি,” রাহাত বলল। “ছোট সূরা। অর্থ কখনো ভাবিনি।”"
1310,NO,NO,HADITH_WORD,FLAGGED_UNCLAIMED,“এই হাদীস আমাদের কী শেখায়?” বুরুল্লাহ বলল। “ইবাদত মানে নিছক পালিত রীতিনীতি নয়। ইবাদত = অন্তরের নিষ্ঠা + আল্লাহর নির্দেশের প্রতি সম্পূর্ণ আনুগত্য।”
1312,NO,NO,SUTRA_MARKER,FLAGGED_UNCLAIMED,"বুরুল্লাহ এক মুহূর্ত কান পেতে শুনল, তারপর গলা আরও নামিয়ে বলল, “যে ব্যক্তি নামাজ পড়ে কিন্তু গিবত ছাড়ে না, যে রোযা রাখে কিন্তু অহংকারে ভোগে—তার ইবাদত শয়তানের মতোই আত্মহীন। বেলায়েত কেবল মুখের দাবি ন"
1332,NO,NO,SUTRA_MARKER,FLAGGED_UNCLAIMED,সূত্র
1333,YES,NO,CITATION_BULLET|QURAN_MARKER,COVERED,"•  সূরা আল-বাকারা ২:২, সূরা আর-রা'দ ১৩:২৮, সূরা আল-মাউন ১০৭:৪–৫ — api.alquran.cloud — CONFIRMED।"
1334,YES,YES,CITATION_BULLET|PAGE_CHECK_MARKER|SHIA_BOOK,COVERED,"•  ইমাম বাকির (আলাইহিস্ সালাম): «من كان لله مطيعا فهو لنا ولي… وما تنال ولايتنا إلا بالعمل والورع» — আল-কাফি, কিতাবুল ঈমান ওয়াল কুফর, বাবুত তাআ ওয়াত তাকওয়া — PAGE-CHECK (খণ্ড-পৃষ্ঠা মেলানো বাকি)।"
1335,YES,YES,CITATION_BULLET|SUNNI_BOOK,COVERED,•  «الجنة طيبة لا يدخلها إلا الطيب» — উৎস মেলেনি; «সহিহ মুসলিম» নাম PRINT BLOCKED।
1336,YES,NO,CITATION_BULLET,COVERED,"•  ২০১৪-এর চাঁদ: ২৮ জুন সন্ধ্যায় দেখা, ১ রমজান = ২৯ জুন (STORY_LOCKS, S-173)।"
1353,NO,NO,QURAN_MARKER,FLAGGED_UNCLAIMED,"বুরুল্লাহ: “হ্যাঁ রাকিকা, কুরআনেই তো বলা হয়েছে—"
1364,NO,NO,QURAN_MARKER,FLAGGED_UNCLAIMED,"বুরুল্লাহ রাগ করল না। হারিকেনের দিকে তাকিয়ে রইল কিছুক্ষণ। তারপর খুব নরম গলায় বলল, “তাঁর সব কাজ আমরা জানি না, রাহাত। জানার সাধ্যও নেই। কুরআন শুধু বলে—"
1373,NO,NO,QURAN_MARKER,FLAGGED_UNCLAIMED,"“এভাবে বলিস না,” বুরুল্লাহ আস্তে মাথা নাড়ল। “আল্লাহ আমাদের মতো ‘আল্লাহুম্মা সাল্লি’ পড়েন না। কাকে ডাকবেন তিনি? তিনিই তো সবার ডাকের শেষ ঠিকানা। আয়াত বলছে, আল্লাহ নিজে, তাঁর ফেরেশতাদের নিয়ে, রাসূলুল"
1374,NO,NO,QURAN_MARKER,FLAGGED_UNCLAIMED,"ফয়সাল খুঁটি থেকে সোজা হয়ে বসল। শামস ঠোঁট নাড়ছিল নিঃশব্দে, যেন আয়াতটা মুখস্থ করছে।"
1410,NO,NO,QURAN_MARKER,FLAGGED_UNCLAIMED,"“রাহাত, ফাতিহার প্রথম আয়াত কোনটা?”"
1412,NO,NO,QURAN_MARKER,FLAGGED_UNCLAIMED,"বুরুল্লাহ হাসল। কিছু বলল না। তাকের ওপর থেকে একটা পুরোনো কুরআন নামিয়ে খুলে দিল। প্রথম পাতা। «بِسْمِ ٱللَّهِ ٱلرَّحْمَٰنِ ٱلرَّحِيمِ», তার শেষে ছোট্ট একটা গোল চিহ্ন, ভেতরে লেখা ১।"
1414,NO,NO,QURAN_MARKER,FLAGGED_UNCLAIMED,"“এক। বিসমিল্লাহ সূরা ফাতিহার প্রথম আয়াত। অথচ আমরা এটাকে পড়ি যেন দরজার বাইরে দাঁড়ানো একটা অতিথি। অন্য সব সূরার আগে যেভাবে পড়ি, সেভাবে। ফাতিহার ভেতরের আয়াত বলে কেউ ভাবেই না। বাংলাদেশের বেশিরভাগ মান"
1416,NO,NO,QURAN_MARKER,FLAGGED_UNCLAIMED,"বুরুল্লাহ আরেকটা কুরআন খুলল। আমাদের দেশে বহু ঘরে যে ছাপা আছে, তেমনই একটা। সেখানে বিসমিল্লাহ ছাপা আছে মাথার ওপর, কালো ফিতের মতো একটা পট্টির ভেতর, কিন্তু পাশে কোনো নম্বর নেই। এক নম্বর বসেছে আলহামদুর পাশ"
1417,NO,NO,QURAN_MARKER,FLAGGED_UNCLAIMED,"“দেখ,” বুরুল্লাহ আঙুল রাখল। “আমাদের সরল পথে চালাও, তাদের পথে যাদের তুমি নেয়ামত দিয়েছ, যারা গজবপ্রাপ্ত নয়, পথভ্রষ্টও নয়। এটা একটাই চাওয়া, একটাই আয়াত। মাথার আয়াতটা সরিয়ে দাও, শেষেরটা ভেঙে দাও, গ"
1419,NO,NO,QURAN_MARKER,FLAGGED_UNCLAIMED,বুরুল্লাহ কুরআনের পাতা উল্টে সূরা হিজরে গেল।
1421,NO,NO,QURAN_MARKER,FLAGGED_UNCLAIMED,"“‘আর আমি তো তোমাকে দিয়েছি বারবার পড়া সাতটি আয়াত, আর মহান কুরআন।’ এই সাতটি হলো ফাতিহা।”"
1423,YES,NO,QURAN_MARKER|SUNNI_BOOK,COVERED,"“ইমাম জাফর আস-সাদিক (আলাইহিস্ সালাম)-কে মুহাম্মাদ ইবনে মুসলিম জিজ্ঞেস করেছিলেন, ‘সাবআ মাসানি আর মহান কুরআন, এটা কি ফাতিহা?’ ইমাম বললেন, ‘হ্যাঁ।’ তিনি আবার জিজ্ঞেস করলেন, ‘বিসমিল্লাহির রাহমানির রাহিম ক"
1428,NO,NO,QURAN_MARKER,FLAGGED_UNCLAIMED,"“আছে। মুয়াবিয়া ইবনে আম্মার ইমাম সাদিক (আলাইহিস্ সালাম)-কে জিজ্ঞেস করেছিলেন, ‘যখন নামাজে দাঁড়াই, ফাতিহায় কি বিসমিল্লাহ পড়ব?’ ইমাম বললেন, ‘হ্যাঁ।’ ‘আর ফাতিহার পরে যে সূরা পড়ি, তার সঙ্গেও কি বিসমিল"
1431,NO,NO,QURAN_MARKER,FLAGGED_UNCLAIMED,"রাহাত অনেকক্ষণ চুপ করে রইল। তারপর আস্তে বলল, “বুরুল্লাহ ভাই, যে সূরা ছাড়া নামাজই হয় না, তার মাথাটাই যদি না থাকে… আমার এত বছরের নামাজ?”"
1432,NO,NO,QURAN_MARKER,FLAGGED_UNCLAIMED,বুরুল্লাহ উত্তর দিল না। কুরআনটা আলতো করে বন্ধ করল।
1436,NO,NO,QURAN_MARKER,FLAGGED_UNCLAIMED,ফয়সাল এবার নড়েচড়ে বসল। “কিন্তু এটা শুরু হলো কবে? কেউ তো একদিনে মাথার আয়াত সরিয়ে দেয়নি।”
1437,NO,NO,QURAN_MARKER,FLAGGED_UNCLAIMED,"বুরুল্লাহ বলল, “একটা ঘটনা বলি। এটা আহলে সুন্নাতের কিতাবেই আছে, আনাস ইবনে মালিক থেকে। মদিনায় মুয়াবিয়া একবার নামাজ পড়ালেন। উচ্চস্বরে কিরাআত। ফাতিহার আগে বিসমিল্লাহ পড়লেন, কিন্তু ফাতিহার পরের সূরার "
1440,NO,NO,QURAN_MARKER,FLAGGED_UNCLAIMED,"“‘হে মুয়াবিয়া, তুমি কি নামাজ চুরি করলে, নাকি ভুলে গেলে?’ এর পরে যখন তিনি নামাজ পড়ালেন, ফাতিহার পরের সূরার আগেও বিসমিল্লাহ পড়লেন।”"
1442,YES,YES,BARNITA_MARKER|QURAN_MARKER,COVERED,"“নিজেরাই। তাঁরা জানতেন, বিসমিল্লাহ ছাড়লে নামাজের একটা অংশ চুরি হয়ে যায়।” বুরুল্লাহ একটু থামল। “ইমাম মুহাম্মাদ আল-বাকির (আলাইহিস্ সালাম)-এর একটি কথা তাফসীরের কিতাবে বর্ণিত আছে: ‘তারা আল্লাহর কিতাবের"
1443,NO,NO,QURAN_MARKER,FLAGGED_UNCLAIMED,"রাকিকা ধীরে ধীরে বলল, “কিন্তু কেন? একটা আয়াত নিয়ে কারো এত মাথাব্যথা কেন হবে?”"
1445,YES,YES,BARNITA_MARKER|SHIA_BOOK|HADITH_WORD,COVERED,"“আল-কাফিতে ইমাম সাদিক (আলাইহিস্ সালাম) থেকে আছে, বিসমিল্লাহর ‘বা’ হলো আল্লাহর ‘বাহা’, তাঁর সৌন্দর্য, তাঁর জ্যোতি। এটা হাদিস।” সে গলা নামাল। “আর আমাদের বুজুর্গদের মুখে শুনেছি, বর্ণিত আছে, সেই ‘বা’-এর ন"
1464,YES,YES,BARNITA_MARKER|RASUL_SAID,COVERED,"“হাসার মতোই শব্দ,” বুরুল্লাহও হাসল। “কিন্তু কথাটা কাঁদার মতো। বর্ণিত আছে, রাসূলুল্লাহ ﷺ বলেছেন: হে আমার উম্মতীরা তোমরা আমার উপর লেজ কাটা দরূদ পড়বে না। তখন সাহাবীরা বলল লেজকাটা দরূদ কি? তখন রাসূলুল্লা"
1465,YES,NO,SHIA_BOOK,COVERED,"“আল-কাফিতেও আছে,” সে যোগ করল। “ইমাম সাদিক (আলাইহিস্ সালাম) বলেছেন, তাঁর আব্বা ইমাম বাকির (আলাইহিস্ সালাম) কাবার গিলাফ ধরে থাকা এক লোককে শুনলেন, সে বলছে শুধু ‘আল্লাহুম্মা সাল্লি আলা মুহাম্মাদ’। ইমাম তা"
1483,NO,NO,HADITH_WORD,FLAGGED_UNCLAIMED,"“আরেকটা জিনিস বাকি। সবচেয়ে বড়টা।” বুরুল্লাহ সোজা হয়ে বসল। “কোরআন ও হাদীসের আলোকে স্পষ্ট—ফুরুয়ে দ্বীন (যেমন সালাত, রোযা ইত্যাদি) কেবল তখনই গ্রহণযোগ্য হয়, যখন উসুলে দ্বীন (বিশ্বাসের ভিত্তি) সঠিকভাব"
1504,NO,NO,QURAN_MARKER,FLAGGED_UNCLAIMED,"“কোরআন মানুষকে দিনের দুই প্রান্তে ও রাতের প্রারম্ভে সালাত কায়েম করতে বলেছে,” বুরুল্লাহ বলল। “এই তিন সময়ের মধ্যেই পাঁচটি সালাত কায়েম করতে হয়। কিন্তু এর থেকেও মূল বিষয় হলো—ইমামের সঙ্গে কিয়াম করা, "
1519,YES,NO,SHIA_BOOK,COVERED,"“আল-কাফিতে ইমাম বাকির (আলাইহিস্ সালাম)-এর একটা কথা আছে,” বুরুল্লাহ বলল, যেন রাহাতের মনের কথা শুনে ফেলেছে। “ইমাম বলেছেন, কেউ যদি সারা রাত নামাজে দাঁড়িয়ে থাকে, সারা দিন রোযা রাখে, সব সম্পদ দান করে দেয"
1521,NO,NO,HADITH_WORD,FLAGGED_UNCLAIMED,“তবুও। এটা সহিহ হাদিস।”
1525,NO,NO,HADITH_WORD,FLAGGED_UNCLAIMED,"বুরুল্লাহ হারিকেনটা নিজের দিকে একটু টেনে নিল। “এখন যা বলব, রাহাত, এটা আমার নিজের বোঝা। কোরআন আর হাদিসের ওপর দাঁড়িয়ে আমি যা বুঝেছি। কোনো হাদিসের শব্দ নয়। মনে রেখো।”"
1529,NO,NO,QURAN_MARKER,FLAGGED_UNCLAIMED,"“কারণ আল্লাহ নিজে বলেছেন।” বুরুল্লাহ কুরআন খুলল, সূরা তাওবা।"
1531,YES,NO,QURAN_MARKER|SHIA_BOOK|RASUL_SAID,COVERED,"“‘আর বলো, তোমরা আমল করো। আল্লাহ তোমাদের আমল দেখবেন, তাঁর রাসূল দেখবেন, আর মুমিনরা দেখবেন।’ আল-কাফিতে একটা পুরো অধ্যায় আছে, আমল রাসূলুল্লাহ ﷺ আর ইমামদের সামনে পেশ করা হয়। সেখানে ইমামগণ বলেছেন, এই আয়"
1534,NO,NO,QURAN_MARKER,FLAGGED_UNCLAIMED,"“আর কিয়ামতের দিন,” বুরুল্লাহ বলল, সূরা বনি ইসরাইলের পাতায় আঙুল রেখে—"
1538,NO,NO,QURAN_MARKER,FLAGGED_UNCLAIMED,“এবার সূরা যুখরুফ।” তাঁর গলা আরও নিচু হলো।
1541,NO,NO,RASUL_SAID,FLAGGED_UNCLAIMED,"দেখো, আল্লাহ জায়গা খালি রাখেন না। আল্লাহ দুইজনের ভাগ করা ইবাদত গ্রহণ করেন না। রাসূলুল্লাহ ﷺ থেকে বর্ণিত, আল্লাহ বলেন, ‘শরিকদের মধ্যে আমি শরিক থেকে সবচেয়ে অমুখাপেক্ষী। যে এমন আমল করে যাতে আমার সঙ্গে "
1542,NO,NO,HADITH_WORD,FLAGGED_UNCLAIMED,"রাকিকা মাথা তুলল। তার চোখে সাংবাদিকের সেই ধার। “এটা কি কোনো হাদিস, ভাইয়া? ‘যার ইমাম নেই, শয়তান তার ইমাম’? আমি কোথাও শুনেছি।”"
1543,YES,NO,QURAN_MARKER|SHIA_BOOK|HADITH_WORD,COVERED,"“না, রাকিকা। ওভাবে কোনো হাদিস আমি পাইনি। ওটা অন্য জায়গার কথা, পীরদের মুখে শোনা একটা বাক্যের ছাঁচে বানানো। আমি যা বললাম, সেটা আমার নিজের বোঝা, আর তার নিচে যে ভিত, সেগুলো তোমার সামনে রাখলাম: সূরা যুখরু"
1548,NO,NO,QURAN_MARKER,FLAGGED_UNCLAIMED,"“শয়তান নিজেই বলে রেখেছে, সে কোথায় বসবে।” বুরুল্লাহ কুরআনের পাতা উল্টাল, সূরা আরাফ। “আল্লাহর সামনে দাঁড়িয়ে সে বলেছিল—"
1551,NO,NO,QURAN_MARKER,FLAGGED_UNCLAIMED,"সরল পথ। মানে ঠিক যেখানে আমরা নামাজে দাঁড়াই, যেখানে ফাতিহায় বলি ইহদিনাস সিরাতাল মুস্তাকিম। সে বসে আছে ঠিক সেখানেই।” সে থামল। “সূরা নিসায় সে আরও বলেছে, ‘আমি তাদের পথভ্রষ্ট করব, মিথ্যা আশায় ভোলাব।’ আ"
1553,YES,NO,RASUL_SAID,COVERED,"“ঘরের ভেতর না, রাকিকা। আরও ভেতরে।” বুরুল্লাহ কবজিটা আবার আলোয় ধরল। “রাসূলুল্লাহ ﷺ বলেছেন, শয়তান আদম সন্তানের ভেতরে চলে রক্ত চলার পথে। এই শিরায় শিরায়।” সে আঙুল দিয়ে একটা শিরা ছুঁল। “এখন বলো, ফয়সা"
1555,NO,NO,QURAN_MARKER,FLAGGED_UNCLAIMED,“তাহলে সে এখন কোথায়?” বুরুল্লাহ প্রশ্নটা ঝুলিয়ে রাখল। কেউ উত্তর দিল না। “ইউসুফ (আলাইহিস্ সালাম)-এর সূরায় আছে—
1561,NO,NO,QURAN_MARKER,FLAGGED_UNCLAIMED,"“সূরা শামসে আল্লাহ একটার পর একটা কসম খেয়েছেন। সূর্যের, চাঁদের, দিনের, রাতের, আসমানের, জমিনের, তারপর নফসের। এত কসমের পরে একটা মাত্র কথা—"
1563,NO,NO,QURAN_MARKER,FLAGGED_UNCLAIMED,"‘সে-ই সফল, যে নফসকে পবিত্র করল। আর সে-ই ব্যর্থ, যে তাকে মাটিচাপা দিল।’ আর সূরা নাযিআতে, ‘যে তার রবের সামনে দাঁড়ানোর ভয় করল আর নফসকে খেয়ালখুশি থেকে বিরত রাখল, জান্নাতই তার ঠিকানা।’”"
1565,NO,NO,QURAN_MARKER,FLAGGED_UNCLAIMED,বুরুল্লাহ সূরা জাসিয়া খুলল।
1567,NO,NO,QURAN_MARKER,FLAGGED_UNCLAIMED,"“‘তুমি কি তাকে দেখেছ, যে নিজের খেয়ালখুশিকে নিজের ইলাহ বানিয়ে নিয়েছে?’ সূরা ফুরকানেও প্রায় একই কথা। ইলাহ, রাহাত। মূর্তি লাগে না। নিজের ইচ্ছাটাকেই খোদা বানানো যায়।” সে একটু থামল। “রাতে ঘুমানোর আগে "
1570,YES,YES,BARNITA_MARKER,COVERED,“চেনা থেকে। আমিরুল মুমিনীন আলী (আলাইহিস্ সালাম) থেকে বর্ণিত আছে—
1573,NO,NO,QURAN_MARKER,FLAGGED_UNCLAIMED,"তারপর বুরুল্লাহ সূরা ফাজরের শেষ পাতাটা খুলল। গলাটা হঠাৎ এত নরম হয়ে গেল, যেন ঘুম পাড়ানির গান—"
1577,NO,NO,QURAN_MARKER,FLAGGED_UNCLAIMED,"“এই নফসটা প্রথমে ছিল হুকুম-চালানো নফস,” বুরুল্লাহ বলল। “শেষে হলো প্রশান্ত নফস, যাকে আল্লাহ নিজে ডেকে ফিরিয়ে নেন। মাঝখানে কী হলো? সে শান্ত হলো কার কাছে? সে কি তার ইমামকে চিনেছিল? ইমাম কি তাকে আল্লাহর "
1579,NO,NO,QURAN_MARKER,FLAGGED_UNCLAIMED,"বুরুল্লাহ মাথা নাড়ল। “এটা কেউ বানায়নি, রাহাত। এগুলো কুরআনের নিজের কথা। আমি শুধু পাশাপাশি সাজিয়ে রাখলাম। তাফসীরের কিতাবে, আল-মীযানে, এই আয়াতগুলো নিয়ে বহু পাতা লেখা আছে। কিন্তু জোড়া লাগানো যায় শু"
1581,YES,NO,,COVERED,বুরুল্লাহ উঠে গিয়ে তাক থেকে নাহজুল বালাগা নামাল। পাতাগুলো বহু ব্যবহারে নরম। প্রথম খুতবা।
1589,YES,YES,BARNITA_MARKER,COVERED,"“বর্ণিত আছে, আল্লাহ সবার আগে সৃষ্টি করেছেন মুহাম্মাদ ও আলে মুহাম্মাদের নূর। বাকি সব সৃষ্টি তার পরে। যিনি আগে ছিলেন, তিনিই দেখেছেন পরে কী হলো। আল্লাহ সৃষ্টি করেছেন, তাঁরা সাক্ষী ছিলেন, আর তাঁরাই আমাদের"
1592,YES,NO,SHIA_BOOK,COVERED,"“আরেকটা কথা না বললে আজকের কথা অপূর্ণ থাকে,” সে বলল। “আল-কাফিতে রাসূলুল্লাহ ﷺ থেকে আছে: যে মারা গেল আর তার ওপর কোনো ইমাম নেই, তার মৃত্যু জাহেলিয়াতের মৃত্যু। মীতাতান জাহিলিয়্যাহ। আরেক বর্ণনায় ইমামকে "
1598,NO,NO,QURAN_MARKER,FLAGGED_UNCLAIMED,"“আর এই হলো ফিরে আসা,” বুরুল্লাহ বলল। “পর্দা সরে যাওয়া। আল্লাহ বলেন, তিনি মুমিনদের অভিভাবক, অন্ধকার থেকে বের করে আলোর দিকে আনেন। কোন আলো? সূরা নূরে শোনো—"
1601,YES,NO,QURAN_MARKER|SHIA_BOOK,COVERED,"আল-কাফিতে ইমাম জাফর আস-সাদিক (আলাইহিস্ সালাম) এই আয়াতের ব্যাখ্যা দিয়েছেন। মিশকাত, যে দীপাধারে আলো রাখা থাকে, তিনি হলেন মা সাইয়্যিদা ফাতিমাতুয্ যাহরা (আলাইহাস্ সালাম)। প্রদীপ ইমাম হাসান (আলাইহিস্ সা"
1615,NO,NO,QURAN_MARKER,FLAGGED_UNCLAIMED,"“মানুষ যেত। সেটাও সত্যি।” বুরুল্লাহর গলায় কোনো তিক্ততা নেই, শুধু একটা পুরোনো ব্যথা। “রাসূলুল্লাহ ﷺ-এর সময়েও যেত। সূরা জুমুআর শেষ আয়াতটা শোনো—"
1619,NO,NO,QURAN_MARKER,FLAGGED_UNCLAIMED,"“রাসূলুল্লাহ ﷺ কিন্তু নিয়ম বদলাননি। কাউকে আটকে রাখার ব্যবস্থা করেননি। আল্লাহ আয়াত নাজিল করলেন, যারা গেল তাদের কথা কুরআনে থেকে গেল, আর যারা রইল তাদের কথাও। ঈদে তিনি আগের মতোই আগে নামাজ পড়িয়েছেন, পর"
1635,NO,NO,SUTRA_MARKER,FLAGGED_UNCLAIMED,সূত্র
1636,YES,YES,PAGE_CHECK_MARKER|SUTRA_MARKER|QURAN_MARKER|HADITH_WORD,COVERED,"এই অধ্যায়ের দেখা ও শোনা তাহারা সেন্টারের রুহানি অভিজ্ঞতা; আয়াত ও হাদিসের সূত্র নিচে। যেখানে খণ্ড বা পৃষ্ঠার পাশে PAGE-CHECK লেখা, সেখানে পাঠ মিলেছে, কিন্তু ছাপা কপিতে পৃষ্ঠা মেলানো বাকি।"
1637,YES,NO,CITATION_BULLET|QURAN_MARKER,COVERED,"•  কুরআনের আরবি পাঠ: api.alquran.cloud (quran-uthmani, হাফস/কুফি গণনা)। ব্যবহৃত আয়াত: ১:১, ২:২৫৭ (মর্ম), ৫:৫৫, ৯:১০৫, ১৫:৮৭, ১৭:৭১, ২৪:৩৫, ২৯:৪৫, ৩৫:১০, ৪৩:৩৬, ৬২:১১। কুফি গণনায় বিসমিল্লাহ ফাতিহার ১"
1638,YES,NO,CITATION_BULLET|QURAN_MARKER|SUNNI_BOOK,COVERED,"•  বাংলা ছাপা (অংশ ২৭): কানযুল ঈমান ও নূরুল ইরফান, বঙ্গানুবাদ মাওলানা মুহাম্মদ আবদুল মান্নান (ইমাম আহমদ রেযা রিসার্চ একাডেমি, চট্টগ্রাম), পারা ১, পৃ. ৪–৫: বিসমিল্লাহ নম্বরহীন শিরোনাম, ১ = «সমস্ত প্রশং"
1639,YES,YES,CITATION_BULLET|PAGE_CHECK_MARKER|SUNNI_BOOK|HADITH_WORD,COVERED,"•  বিসমিল্লাহ সাতের একটি ও সর্বশ্রেষ্ঠ (অংশ ৩২–৩৩): মুহাম্মাদ ইবনে মুসলিম, ইমাম সাদিক (আলাইহিস্ সালাম) থেকে: «…بسم الله الرحمن الرحيم من السبع؟ قال: نعم، هي أفضلهنّ»। শেখ তূসী, তাহযীবুল আহকাম, খণ্ড ২,"
1640,YES,YES,CITATION_BULLET|PAGE_CHECK_MARKER|QURAN_MARKER|SHIA_BOOK|HADITH_WORD,COVERED,"•  ফাতিহা ও সূরা দুটোর সঙ্গেই বিসমিল্লাহ (অংশ ৩৫): আল-কাফি, খণ্ড ৩, কিতাবুস সালাত, বাবু কিরাআতিল কুরআন, হাদিস ১, মুয়াবিয়া ইবনে আম্মার থেকে; মজলিসী: সহিহ। https://thaqalayn.net/hadith/3/4/21/1 (ছাপা "
1641,YES,YES,CITATION_BULLET|PAGE_CHECK_MARKER|QURAN_MARKER|SUNNI_BOOK|HADITH_WORD,COVERED,"•  «أسرقتَ الصلاة أم نسيت؟» (অংশ ৪৩–৪৫): আল-হাকিম, আল-মুস্তাদরাক আলাস সহিহাইন, কিতাবুল ইমামা ওয়া সালাতিল জামাআ, খণ্ড ১ (হাকিম: মুসলিমের শর্তে সহিহ), আনাস ইবনে মালিক থেকে। পাঠ অনুযায়ী মুয়াবিয়া ফাতি"
1642,YES,YES,CITATION_BULLET|PAGE_CHECK_MARKER|QURAN_MARKER|SHIA_BOOK,COVERED,"•  «তারা আল্লাহর কিতাবের সবচেয়ে সম্মানিত আয়াত চুরি করেছে» (অংশ ৪৭): আবু হামযা, ইমাম বাকির (আলাইহিস্ সালাম) থেকে: «سرقوا أكرم آية في كتاب الله: بسم الله الرحمن الرحيم»। তাফসীরে আইয়াশি (সনদবিহীন, মুর"
1643,YES,YES,CITATION_BULLET|PAGE_CHECK_MARKER|BARNITA_MARKER|SHIA_BOOK|HADITH_WORD,COVERED,"•  «বা» (অংশ ৫০): «الباء بهاء الله، والسين سناء الله، والميم مجد الله», ইমাম সাদিক (আলাইহিস্ সালাম), আল-কাফি, খণ্ড ১, কিতাবুত তাওহীদ, পৃ. ১১৪, হাদিস ১ (PAGE-CHECK)। «আমি বা-এর নিচের বিন্দু» কথাটি পরবর"
1644,YES,YES,CITATION_BULLET|BARNITA_MARKER|SHIA_BOOK|HADITH_WORD,COVERED,"•  দরুদ কেটে না ফেলা (অংশ ৬৯): আল-কাফি, খণ্ড ২, কিতাবুদ দুআ, বাবুস সালাতি আলান নাবিয়্যি ওয়া আহলি বাইতিহি, হাদিস ২১: «يَا عَبْدَ الله لا تَبْتُرْهَا لا تَظْلِمْنَا حَقَّنَا قُلِ اللهمَّ صَلِّ عَلَى م"
1645,YES,NO,CITATION_BULLET,COVERED,"•  «ওয়া আ-লি» আর «ওয়ালা» (অংশ ৬৪): আরবি ব্যাকরণ। «وَ» = এবং; «آلِ» (দীর্ঘ আ) = পরিবার, «على»-এর অধীনে «محمد»-এর সঙ্গে যুক্ত; টান কেটে «وَلا» হলে অর্থ «এবং না»।"
1646,YES,YES,CITATION_BULLET|PAGE_CHECK_MARKER|SHIA_BOOK|HADITH_WORD,COVERED,"•  আমলের সওয়াবে বেলায়াতের শর্ত (অংশ ৯৮): আল-কাফি, খণ্ড ২, কিতাবুল ঈমান ওয়াল কুফর, বাবু দাআইমিল ইসলাম, হাদিস ৫, যুরারা, ইমাম বাকির (আলাইহিস্ সালাম) থেকে; মজলিসী: সহিহ (মিরআতুল উকুল ৭/১০২): «…لَوْ أَ"
1647,YES,YES,CITATION_BULLET|PAGE_CHECK_MARKER|SHIA_BOOK,COVERED,"•  আমল ইমামদের সামনে পেশ (অংশ ১০৭): আল-কাফি, খণ্ড ১, কিতাবুল হুজ্জাহ, বাবু আরদিল আমাল আলান নাবিয়্যি ওয়াল আইম্মা, ৯:১০৫-এর «والمؤمنون» = ইমামগণ; খণ্ড ১, পৃ. ২১৯–২২০ (PAGE-CHECK)।"
1648,YES,YES,CITATION_BULLET|PAGE_CHECK_MARKER|SUNNI_BOOK|SHIA_BOOK|HADITH_WORD,COVERED,"•  «من أصبح من هذه الأمة لا إمام له…» (অংশ ১১৫): আল-কাফি, খণ্ড ১, কিতাবুল হুজ্জাহ, বাবু মারিফাতিল ইমাম ওয়ার রাদ্দি ইলাইহি, হাদিস ৮, মুহাম্মাদ ইবনে মুসলিম, ইমাম বাকির (আলাইহিস্ সালাম) থেকে; পৃ. ১৮৩–১৮"
1649,YES,NO,CITATION_BULLET|HADITH_WORD,COVERED,•  «যার ইমাম নেই শয়তান তার ইমাম» (অংশ ১১৪–১১৫): কোনো হাদিস-উৎস পাওয়া যায়নি; এটি «من لا شيخ له فشيخه الشيطان» বাক্যের ছাঁচ। অংশ ১১৩–১২০-এর শিক্ষা লেখকের নিজের উপলব্ধি।
1650,YES,NO,CITATION_BULLET|QURAN_MARKER,COVERED,"•  নফসের সিঁড়ির আয়াত (অংশ ১১৮–১২০ঢ), আরবি api.alquran.cloud থেকে: ৭:১৬–১৭, ৪:১১৯, ১৭:৬২, ১৭:৬৪, ১২:৫৩, ৯১:৯–১০, ৭৯:৪০–৪১, ৪৫:২৩, ২৫:৪৩, ৮৯:২৭–৩০; ইবলিসের সেজদা না করা: ২:৩৪, ৭:১১–১২, ৩৮:৭১–৭৬। আয়াত"
1651,YES,YES,CITATION_BULLET|PAGE_CHECK_MARKER|SUTRA_MARKER|BARNITA_MARKER,COVERED,"•  «من عرف نفسه فقد عرف ربه» (অংশ ১২০ঝ): আমিরুল মুমিনীন আলী (আলাইহিস্ সালাম)-এর বাণী হিসেবে আমিদির গুরারুল হিকাম ওয়া দুরারুল কালিম-এ, নং ৪৬৪১ (PAGE-CHECK; সূত্র-আলোচনা: https://ar.wikishia.net/view/ح"
1652,YES,NO,CITATION_BULLET|SUNNI_BOOK|HADITH_WORD,COVERED,"•  শরিকের আমল (অংশ ১১৩): সহিহ মুসলিম, হাদিস ২৯৮৫, আবু হুরায়রা থেকে, হাদিসে কুদসি। https://hadeethenc.com/en/browse/hadith/3342"
1653,YES,YES,CITATION_BULLET|PAGE_CHECK_MARKER|SUNNI_BOOK|HADITH_WORD,COVERED,"•  শয়তান রক্তের পথে চলে (অংশ ১১৮): «إن الشيطان يجري من ابن آدم مجرى الدم», সহিহ বুখারী (সাফিয়্যার ঘটনা; যেমন হাদিস ৭১৭১) ও সহিহ মুসলিম, হাদিস ২১৭৫ (নম্বর PAGE-CHECK)। https://hadithprophet.com/hadit"
1654,YES,YES,CITATION_BULLET|PAGE_CHECK_MARKER,COVERED,"•  নাহজুল বালাগা, প্রথম খুতবা (অংশ ১২৩): «أَوَّلُ الدِّينِ مَعْرِفَتُهُ، وَكَمَالُ مَعْرِفَتِهِ التَّصْدِيقُ بِهِ، وَكَمَالُ التَّصْدِيقِ بِهِ تَوْحِيدُهُ» ও «أَنْشَأَ الْخَلْقَ إِنْشَاءً، وَابْتَدَأَ"
1655,YES,YES,CITATION_BULLET|BARNITA_MARKER,COVERED,•  নূরের প্রথম সৃষ্টি (অংশ ১২৬): «বর্ণিত আছে»; সনদসহ উৎস এই অধ্যায়ে দেওয়া হয়নি।
1656,YES,NO,CITATION_BULLET|SHIA_BOOK|HADITH_WORD,COVERED,"•  জাহেলিয়াতের মৃত্যু (অংশ ১২৮): আল-কাফি, খণ্ড ১, কিতাবুল হুজ্জাহ, বাবু মান মাতা ওয়া লাইসা লাহু ইমামুন মিন আইম্মাতিল হুদা: হাদিস ১ «مَنْ مَاتَ وَلَيْسَ عَلَيْهِ إِمَامٌ فَمِيتَتُهُ مِيتَةُ جَاهِلِيَ"
1657,YES,YES,CITATION_BULLET|PAGE_CHECK_MARKER|QURAN_MARKER|SHIA_BOOK|HADITH_WORD,COVERED,"•  আয়াতুন নূরের ব্যাখ্যা (অংশ ১৩৫–১৩৭): আল-কাফি, খণ্ড ১, কিতাবুল হুজ্জাহ, বাবু আন্নাল আইম্মাতা নূরুল্লাহ, হাদিস ৫, সালিহ ইবনে সাহল, ইমাম সাদিক (আলাইহিস্ সালাম) থেকে: «كَمِشْكاةٍ فَاطِمَةُ… فَاطِمَةُ "
1658,YES,NO,CITATION_BULLET|SHIA_BOOK|HADITH_WORD,COVERED,"•  ঈদে আগে নামাজ, পরে খুতবা; পরে উল্টানো (অংশ ১৪৪–১৪৬): আল-কাফি, খণ্ড ৩, বাবু সালাতিল ঈদাইন, হাদিস ৩ (মজলিসী: বাহ্যত সহিহ): «…وَالْخُطْبَةُ بَعْدَ الصَّلاَةِ إِنَّمَا أَحْدَثَ الْخُطْبَةَ قَبْلَ الصَّ"
1659,YES,YES,CITATION_BULLET|PAGE_CHECK_MARKER|SUNNI_BOOK|HADITH_WORD,COVERED,"•  সাকালাইনের (কিতাবুল্লাহ ও আহলে বাইত) সুন্নি পাঠ: জামে তিরমিযি, হাদিস ৩৭৮৬ (জাবির ইবনে আবদিল্লাহ, আরাফার খুতবা): «تركت فيكم ما إن أخذتم به لن تضلوا كتاب الله وعترتي أهل بيتي»; তিরমিযি: হাসান গরিব; ম"
1660,YES,YES,CITATION_BULLET|PAGE_CHECK_MARKER,COVERED,"•  ঈদের খুতবা নামাজের পরে: সহিহ বুখারী ৯৫৬ (আবু সাঈদ খুদরি; মারওয়ান আগে খুতবা দিলেন, «غيرتم والله») ও ৯৫৭ (ইবনে উমর: «يصلي في الأضحى والفطر ثم يخطب بعد الصلاة»)। অবস্থা: পাঠ খোলা ও মেলানো (আরবি পাঠ-স"
1661,YES,YES,CITATION_BULLET|PAGE_CHECK_MARKER|SUNNI_BOOK|HADITH_WORD,COVERED,"•  ৬২:১১ ও বারোজন (অংশ ১৪৮): সহিহ বুখারী, হাদিস ৯৩৬ (জাবির): «…حَتَّى مَا بَقِيَ مَعَ النَّبِيِّ ﷺ إِلاَّ اثْنَا عَشَرَ رَجُلاً»; সহিহ মুসলিম (আবদুল বাকি ৮৬৩): খুতবার সময় (নম্বর PAGE-CHECK)।"
1662,YES,NO,CITATION_BULLET,COVERED,"•  দরুদ ও আল্লাহর চলমান কাজ (অংশ ১৭ক–১৭থ): ৩৩:৫৬ ও ৫৫:২৯, আরবি api.alquran.cloud (quran-uthmani) থেকে। «আল্লাহ নিজে যে কাজ করছেন, দরুদে আমরা তাতে যোগ দিই» শিক্ষাটি লেখকের নিজের উপলব্ধি (S-122)।"
1663,YES,NO,CITATION_BULLET|SHIA_BOOK|HADITH_WORD,COVERED,"•  «لا يزال الدعاء محجوبا حتى يصلى على محمد وآل محمد» (অংশ ১৭ঠ): আল-কাফি, খণ্ড ২, কিতাবুদ দুআ, বাবুস সালাতি আলান নাবিয়্যি ওয়া আহলি বাইতিহি, হাদিস ১, হিশাম ইবনে সালিম, ইমাম সাদিক (আলাইহিস্ সালাম) থেক"
1664,YES,NO,CITATION_BULLET|SHIA_BOOK|HADITH_WORD,COVERED,"•  «إن الله عز وجل أكرم من أن يقبل الطرفين ويدع الوسط» (অংশ ১৭ঠ): আল-কাফি, খণ্ড ২, একই বাব, হাদিস ১৬, ইমাম সাদিক (আলাইহিস্ সালাম) থেকে (সনদ মুরসাল: «عن رجاله»)। https://thaqalayn.net/hadith/2/2/20/16"
1665,YES,YES,CITATION_BULLET|PAGE_CHECK_MARKER|SHIA_BOOK|HADITH_WORD,COVERED,"•  রুকন ও মাকামের মাঝে ইবাদত, বেলায়াত ছাড়া (অংশ ১৭ঢ): ইমাম যাইনুল আবেদীন (আ.) থেকে আবু হামযা সুমালির বর্ণনা। পাঠ নেওয়া হয়েছে বিহারুল আনওয়ার, খণ্ড ২৭ (মুয়াসসাসাতুল ওয়াফা, বৈরুত), বাব ৭ «أنه لا ت"
1666,YES,NO,CITATION_BULLET|SUTRA_MARKER|SHIA_BOOK|HADITH_WORD,COVERED,"•  বেলায়াত ছাড়া ইবাদত (অংশ ১৭ঢ): অংশ ৯৮-এর সূত্র দেখুন (আল-কাফি ২, বাবু দাআইমিল ইসলাম, হাদিস ৫, সহিহ)। «ইবাদতের একটা শরীর আছে… প্রাণও আছে» বাক্যটি গ্রন্থ ১, দ্বিতীয় অংশ, অধ্যায় ১ থেকে নেওয়া।"
1667,YES,YES,CITATION_BULLET|PAGE_CHECK_MARKER,COVERED,"•  ইবনে মুলজিম (অংশ ১৭ণ): ৪০ হিজরির ১৯ রমজান ভোরে কুফার মসজিদে আমিরুল মুমিনীন আলী (আলাইহিস্ সালাম)-কে আঘাত, সুপরিচিত ইতিহাস (যেমন শেখ মুফিদ, আল-ইরশাদ)। বাইয়াত, দুই-তিনবার ফিরিয়ে দেওয়া ও «أريد حياته"
1668,YES,NO,CITATION_BULLET,COVERED,"•  লেখকের পাণ্ডুলিপি: অংশ ৭–১৭ (মিরাজের সংযোগ), ৬২, ৬৬, ৬৮, ৭২ (দরুদ), ৭৫ (স্বপ্ন), ৭৭ (খাতা), ৮৪–৯২, ৯৫–৯৬।"
1670,NO,NO,QURAN_MARKER,FLAGGED_UNCLAIMED,০৭  রাত পর্যন্ত: কুরআনের আলোকে ইফতার
1696,NO,NO,HADITH_WORD,FLAGGED_UNCLAIMED,ওপরে লেখা: «পবিত্র কোরআন ও হাদিসের আলোকে সেহ্‌রি ও ইফতারের সময়»।
1700,NO,NO,QURAN_MARKER,FLAGGED_UNCLAIMED,"বুরুল্লাহ জানালার দিকে তাকাল। “দুই দিন দুই রাত আমি কুরআন নিয়ে বসে ছিলাম, রাহাত। প্রথম পাতা থেকে শেষ পাতা। কোথায় আল্লাহ ‘সন্ধ্যা’ বলেছেন, কোথায় ‘রাত’। একটা একটা করে আয়াত তুলে দিয়েছিলাম ওদের হাতে। "
1704,NO,NO,QURAN_MARKER,FLAGGED_UNCLAIMED,"“তারপর জুম্মার নামাজ শেষ হলো। মুসল্লিরা বের হচ্ছে, জুতো খুঁজছে, কেউ পান কিনছে। আর মসজিদের গেটের দুই পাশে দুজন ছেলে দাঁড়িয়ে আছে। এক হাতে লিফলেটের বান্ডিল, আরেক হাতে একটা করে কাগজ বাড়িয়ে দিচ্ছে। সাদ"
1708,NO,NO,QURAN_MARKER,FLAGGED_UNCLAIMED,"বুরুল্লাহ হাসল। এবারের হাসিটা অনেক দূরের। “নাম না থাকা মানে তো না থাকা নয়, রাহাত। আমি ওদের সাথেই ছিলাম। প্রতিটা আয়াতে, প্রতিটা রাতে।” একটু থামল। “এই যে সাদিক খাতায় লিখছে, ওখানেও আমি আছি। কিন্তু কলম"
1709,NO,NO,QURAN_MARKER,FLAGGED_UNCLAIMED,"তারপর লিফলেটটা আলতো করে ভাঁজ করল, যেন পুরোনো কোনো চিঠি। “মনে মনে অবশ্য এর একটা নাম রেখেছিলাম। কুরআনের আলোকে ইফতার।”"
1711,NO,NO,QURAN_MARKER,FLAGGED_UNCLAIMED,“লিখেছিলাম। কিন্তু লেখার আগে একটা কাজ করেছিলাম।” সে একটু থামল। “পুরো কুরআন একবার পড়েছিলাম। শুরু থেকে শেষ। দুই দিন আর দুই রাত।”
1712,NO,NO,QURAN_MARKER,FLAGGED_UNCLAIMED,রাহাত কলম নামাল। “দুই দিনে পুরো কুরআন?”
1713,NO,NO,QURAN_MARKER,FLAGGED_UNCLAIMED,"“অর্থসহ। হাতে ছিল দুটো খাতা। একটার মাথায় লিখেছিলাম ‘সন্ধ্যা’, আরেকটার মাথায় ‘রাত’। যেখানে আল্লাহ সন্ধ্যার কথা বলেছেন, সেই আয়াত গেল প্রথম খাতায়। যেখানে রাতের কথা, গেল দ্বিতীয়টায়। দ্বিতীয় রাতে ফজ"
1714,NO,NO,QURAN_MARKER,FLAGGED_UNCLAIMED,"রাহাত তাঁর মুখের দিকে তাকিয়ে রইল। আমি জানি, তার মাথায় এখন অন্য প্রশ্ন। এই মানুষটা কুরআনের সঙ্গে এমন করে বসতে শিখল কোথায়? কে শেখাল দুই রাত জেগে আয়াত গুনতে?"
1716,NO,NO,QURAN_MARKER,FLAGGED_UNCLAIMED,বুরুল্লাহ হাসল। “এক উস্তাদের দোকানে বসে তাঁর কুরআনের দাগগুলো নিজের কুরআনে তুলেছিলাম। সেখান থেকে শুরু।” তারপর লিফলেটের দিকে আঙুল রাখল। “সে কথা আরেক রাতের। আজ ইফতারের কথা।”
1718,YES,NO,QURAN_MARKER|HADITH_WORD|RASUL_SAID,COVERED,"“থাকুক কিছুক্ষণ। প্রশ্নটা ধরে রাখ।” বুরুল্লাহ কুরআন শরীফটা কোলে টেনে নিল, কিন্তু খুলল না। “আমি তোকে আমার মত দেব না, রাহাত। চারটা জিনিস সামনে রাখব, একটার পর একটা। আকাশ কী বলে। কুরআন কী বলে। রাসূলুল্লাহ"
1725,NO,NO,QURAN_MARKER,FLAGGED_UNCLAIMED,"“এটা যশোরে এই সময়ের হিসাব। ঋতু বদলালে বদলায়। এখন আষাঢ়-শ্রাবণে সবচেয়ে লম্বা, ছিয়াশি-সাতাশি। শীতে একাশি। কিন্তু পঁচাত্তরের কম কখনো নয়।” বুরুল্লাহ পাতাটা ফেরত দিল। “এই হলো আকাশের কথা। এবার কুরআন।”"
1727,NO,NO,QURAN_MARKER,FLAGGED_UNCLAIMED,"সে কুরআন খুলল। সূরা আল-বাকারা, ১৮৭ নম্বর আয়াত। পাতাটা হলদেটে, মার্জিনে পেনসিলের দাগ। আঙুল রাখল একটি ছোট অংশের নিচে।"
1730,NO,NO,QURAN_MARKER,FLAGGED_UNCLAIMED,"“মসজিদের বাহাসে আব্বা এই আয়াতটা পড়ে বলেছিলেন,” বুরুল্লাহর গলা একটু নরম হলো, “প্রকৃত ইফতার তখনই, যখন আকাশে অন্ধকার স্পষ্টভাবে নেমে আসে। সাহাবীরা এভাবে করতেন। মাগরিবের সালাত শেষে ইফতার করা হলো সেই সুন"
1731,NO,NO,QURAN_MARKER,FLAGGED_UNCLAIMED,“তারপর আব্বা সূরা হূদের আয়াত পড়েছিলেন: ‘দিনের দুই প্রান্তে এবং রাতের প্রথম অংশে সালাত কায়েম করো। নিশ্চয়ই সৎকর্ম পাপ মুছে দেয়।’”
1732,YES,NO,,COVERED,রাহাত নোটবুকে লিখল: ইলাল লাইল। রাত পর্যন্ত।
1742,NO,NO,QURAN_MARKER,FLAGGED_UNCLAIMED,"রাহাত একটু চুপ করে থাকল। তারপর বলল, “কিন্তু বুরুল্লাহ ভাই, আমাদের বাসার কুরআনেও তো ‘রাত’ লেখা। সবাই পড়ে। তবু সবাই সূর্য ডুবলেই খায়। তাহলে ‘সন্ধ্যা’ ধারণাটা এল কোথা থেকে?”"
1744,NO,NO,QURAN_MARKER,FLAGGED_UNCLAIMED,"“বাংলায় প্রথম পুরো কুরআন অনুবাদ করেছিলেন ভাই গিরিশচন্দ্র সেন। ব্রাহ্ম সমাজের মানুষ, জন্ম হিন্দু পরিবারে। ১৮৮১ থেকে ১৮৮৬, খণ্ডে খণ্ডে বের হয়েছিল। বিরাট পরিশ্রমের কাজ। তাঁর কাছে বাংলা ভাষার ঋণ আছে।”"
1745,NO,NO,QURAN_MARKER,FLAGGED_UNCLAIMED,"সে ফটোকপিতে আঙুল রাখল। “এই আয়াতে তিনি লিখেছিলেন, ‘অতঃপর সন্ধ্যা পর্য্যন্ত রোজা পূর্ণ কর’। পরে ১৯৩৬ সালের চতুর্থ সংস্করণে শব্দটা হলো ‘সায়ংকাল’। সায়ংকাল মানেও সন্ধ্যাবেলা।”"
1748,YES,NO,SUNNI_BOOK,COVERED,“পরের মুসলিম অনুবাদকেরা?”
1752,NO,NO,QURAN_MARKER,FLAGGED_UNCLAIMED,"“আমার রাতের খাতায় কত আয়াত উঠেছিল?” বুরুল্লাহ নিজেকেই জিজ্ঞেস করল যেন। “লিফলেটে আমরা লিখেছিলাম ১৬২। পরে বসে আবার গুনেছি। লাইল, লাইলা আর লায়ালি মিলিয়ে শব্দটা কোরআনে এসেছে ৯২ বার। সংখ্যা ভুল ছিল, কথা"
1753,NO,NO,QURAN_MARKER,FLAGGED_UNCLAIMED,"কোরআনে “লাইল” শব্দটি ৯২ বার এসেছে, এবং প্রতিটি ক্ষেত্রেই তা “সম্পূর্ণ অন্ধকারের সময়” নির্দেশ করে, সন্ধ্যা নয়। উদাহরণস্বরূপ, সূরা ইয়াসীন (৩৭): “আর তাদের জন্য নিদর্শন হলো রাত; আমি দিনকে তাতে থেকে অপস"
1755,NO,NO,QURAN_MARKER,FLAGGED_UNCLAIMED,"“সেখানে ছিল আসীল, আশিয়্যি, গুরূব, শাফাক। সবচেয়ে সুন্দর জায়গা হলো যেখানে আল্লাহ দুটো পাশাপাশি রেখেছেন, কিন্তু মেশাননি।” সে সূরা ইনশিকাক খুলল।"
1757,YES,NO,,COVERED,"“শপথ শাফাকের, সন্ধ্যার লাল আভার! আর রাতের, যখন সে যা কিছু আচ্ছাদিত করে।” (৮৪:১৬–১৭)"
1760,NO,NO,QURAN_MARKER,FLAGGED_UNCLAIMED,তারপর সূরা দাহর।
1762,YES,NO,,COVERED,"“আর সকালে ও সন্ধ্যায় তোমার রবের নাম স্মরণ করো। আর রাতের কিছু অংশে তাঁকে সিজদা করো, আর দীর্ঘ রাত ধরে তাঁর পবিত্রতা ঘোষণা করো।” (৭৬:২৫–২৬)"
1763,NO,NO,QURAN_MARKER,FLAGGED_UNCLAIMED,"“দেখ, এক আয়াতে সন্ধ্যা, আসীল। পরের আয়াতেই রাত, লাইল। আল্লাহ যদি সন্ধ্যা আর রাতকে এক জিনিস ভাবতেন, তাহলে দুটো শব্দ কেন? আর রোযার আয়াতে তিনি কোনটা বেছে নিলেন? আসীল নয়। লাইল।”"
1765,YES,NO,QURAN_MARKER,COVERED,"সূরা আল-বাকারা (২: ১৮৭)-এর নির্দেশ হলো, “. . . রাত পর্যন্ত রোযা পূর্ণ করো।” এই ‘রাত পর্যন্ত’ শব্দটি (إِلَى اللَّيْلِ) স্পষ্ট নির্দেশ করে যে, রোযার শেষ সময় সন্ধ্যা নয়, বরং রাতের আগমন।"
1767,YES,NO,,COVERED,"রাহাত তার খাতার একটি কোনায় ছোট করে লিখল: ২৫:৫, ২৪:৩৬, ৭:২০৫।"
1768,NO,NO,QURAN_MARKER,FLAGGED_UNCLAIMED,"বুরুল্লাহ ঝুঁকে দেখল। “ওগুলো লিফলেটে রাতের দলিল হিসেবে দিয়েছিলাম। পরে মিলিয়ে দেখি, তিনটাতেই আছে সকাল আর সন্ধ্যা, বুকরা আর আসীল, গুদু আর আসাল। ওগুলো রাতের খাতার নয়, সন্ধ্যার খাতার আয়াত। ভুলটা আমার।"
1769,YES,NO,,COVERED,“আর ২৪:২৪?”
1775,YES,NO,,COVERED,"“মনে কর তোর হাতে ঘড়ি নেই, আশেপাশে মাইকওয়ালা মসজিদ নেই। রোজা রেখেছিস, এমতাবস্থায় কি ঠিক ৬:৪৫ বা কাঁটায় কাঁটায় সময় ঠিক করে ইফতার করা সম্ভব? কোনোভাবেই সম্ভব নয়। কিন্তু কেউ যদি বলতে চায় যে, দুই মি"
1777,NO,NO,QURAN_MARKER,FLAGGED_UNCLAIMED,“বলুক। রাগ কোরো না। আয়াতটা দেখিয়ে চুপ থেকো।”
1789,NO,NO,QURAN_MARKER,FLAGGED_UNCLAIMED,"“খেলা নয়, রাহাত।” বুরুল্লাহর গলা নরম। সে আবার আয়াতে আঙুল রাখল। “এই আয়াতেই তো সুতোর কথা। সাদা রেখা আর কালো রেখা। আরবিতে শব্দটা খাইত, মানে সুতো। আল্লাহ নিজেই সুতোর ভাষায় কথা বলেছেন। আমাদের মা-নানি-দ"
1792,NO,NO,QURAN_MARKER,FLAGGED_UNCLAIMED,"“আরেকটা কথা খেয়াল করেছিস?” বুরুল্লাহ বলল। “আয়াতটা আবার পড়। পুরোটা। আল্লাহ কোথাও বলেননি, ‘ইফতার করো।’”"
1793,NO,NO,QURAN_MARKER,FLAGGED_UNCLAIMED,"রাহাত আয়াতের ওপর ঝুঁকে পড়ল। ঠোঁট নড়ছে। একবার পড়ল। দুবার। তারপর মুখ তুলল, যেন কেউ পায়ের নিচ থেকে মাদুরটা টেনে নিয়েছে।"
1806,NO,NO,QURAN_MARKER|HADITH_WORD,FLAGGED_UNCLAIMED,"তবে দুঃখজনক হলো, আমাদের সমাজে সেহরি ও ইফতারের সময় নিয়ে অনেক প্রচলিত ব্যাখ্যা রয়েছে, যা কুরআন ও সহিহ হাদিসের সাথে সামঞ্জস্যপূর্ণ নয়।"
1810,YES,NO,QURAN_MARKER,COVERED,"পবিত্র কুরআনও বলে, “আতিম্মুছ ছিয়ামা ইলাল লাইল।” অর্থাৎ, “রাত্রি না আসা পর্যন্ত সিয়াম পূর্ণ করো।” এখান থেকে সুস্পষ্ট, কুরআন ও সুন্নাহতে ইফতারের প্রকৃত সময় হলো রাতের অন্ধকার, কেবল সূর্যাস্তের লাল আভা"
1811,NO,NO,HADITH_WORD,FLAGGED_UNCLAIMED,"অন্যদিকে হাদীসে এসেছে: “যখন পূর্ব দিক থেকে অন্ধকার আসে এবং দিনের আলো পশ্চিম দিক থেকে চলে যায়, তখনই রোযাদারদের জন্য ইফতারের সময় হয়।” অর্থাৎ, শুধু সূর্যাস্ত নয়, দিনের আলোও সম্পূর্ণ মিলিয়ে গেলে ইফতা"
1814,YES,NO,SHIA_BOOK,COVERED,"সে ভেতর থেকে একটি মোটা বই আনল। মলাটের কোনা ছেঁড়া, পাতার ফাঁকে ফাঁকে কাগজের টুকরো গোঁজা। আল-কাফি, রোযার অধ্যায়। একটি টুকরো ধরে পাতাটা খুলল। “পরে পেলাম এইটা। ইমাম জাফর আস-সাদিক (আলাইহিস্ সালাম)-এর কথা"
1819,NO,NO,HADITH_WORD,FLAGGED_UNCLAIMED,"বুরুল্লাহও হাসল, অনেকক্ষণ পর এই প্রথম। “এত বছর কথাটা আমার মনে উল্টো হয়ে ছিল, আর তুই এক মিনিটে সোজা করে দিলি।” সে পাতা উল্টাল। “ঠিক পরের হাদিসটা দেখ। ইমাম মুহাম্মদ আল-বাকির (আলাইহিস্ সালাম)-এর কথা।”"
1822,NO,NO,HADITH_WORD,FLAGGED_UNCLAIMED,"“দুটো হাদিসেই চোখ রাখতে বলা হয়েছে পুবের দিকে,” বুরুল্লাহ বলল। “আমাদের দেশে কিবলা পশ্চিমে। কিবলামুখী দাঁড়ালে লালিমাটা ওঠে পিঠের দিক থেকে, তারপর মাথার ওপর দিয়ে চলে যায় সামনে, কিবলার দিকে। ঘড়ির দিকে"
1824,NO,NO,RASUL_SAID,FLAGGED_UNCLAIMED,"আনাস নিজে বর্ণনা করেন: এক রাতে তিনি ইফতারের জন্য দুধ তৈরি করে রেখেছিলেন, কিন্তু রাসূলুল্লাহ ﷺ ফিরতে দেরি করলেন। তিনি ভাবলেন, কোনো সাহাবি হয়তো তাঁকে দাওয়াত করে নিয়ে গেছেন, তাই দুধটুকু নিজেই পান করে "
1827,YES,YES,BARNITA_MARKER|RASUL_SAID,COVERED,"“না। বিসাল হলো রাতকেও রোযার নিয়তে টেনে নেওয়া। এখানে রাত এসেছে, রোযা শেষ হয়ে গেছে। শুধু খাওয়া হয়নি। দুটো এক জিনিস নয়।” সে একটু হাসল। “আর বর্ণিত আছে, রাসূলুল্লাহ ﷺ পানি কিংবা খেজুর দিয়ে রোযা খুলত"
1832,YES,NO,SHIA_BOOK,COVERED,"বুরুল্লাহ রাহাতের খাতার পাতাটা আবার খুলল, আর আল-কাফির খোলা পাতাটা রাখল ঠিক তার পাশে। একদিকে আকাশের ঘড়ি, আরেকদিকে ইমামের কথা। দ্বিতীয় লাইনে আঙুল রাখল, সাতটা সাত। “পুবের লালিমা মাথার ওপর দিয়ে পার হয়"
1838,NO,NO,QURAN_MARKER,FLAGGED_UNCLAIMED,"“একদিন সন্ধ্যায় আমি হাসিমুখে বাসার সবার কাছে এসে বললাম, আজ আমি এমন একটি জিনিষ তোমাদেরকে দেখাতে যাচ্ছি যা না আমাদের সমাজে বা পরিবারে মানা হয়েছে না বর্তমানে মানা হচ্ছে। কিন্তু কোরআনে স্পষ্ট করে বলা রয"
1839,NO,NO,QURAN_MARKER,FLAGGED_UNCLAIMED,"বুরুল্লাহ আস্তে যোগ করল, “আমিও ছিলাম সেই সন্ধ্যায়। কুরআনটা আমার হাতেই ছিল।”"
1840,NO,NO,QURAN_MARKER,FLAGGED_UNCLAIMED,“ঐ বছর রোযার মাসে ইফতারির সময় আধা ঘন্টা দেরিতে পালন করা যে আমাদের পক্ষে এতো কঠিন হবে জানা ছিল না। এটা পালন করতে গিয়ে আমাদেরকে রীতিমত বিপ্লব করতে হয়েছে। আমাদের বাসায় যে মোয়জ্জিন সপ্তাহে দুই দিন খে
1870,NO,NO,QURAN_MARKER,FLAGGED_UNCLAIMED,১. ইফতার বিলম্বিত করো। কেবল সূর্যাস্ত নয়; প্রকৃত অন্ধকার নামা পর্যন্ত অপেক্ষা করো। এতে কুরআনের নির্দেশ ও সাহাবীদের আমল মিলে যায়।
1884,NO,NO,QURAN_MARKER,FLAGGED_UNCLAIMED,"রাহাত খেজুরটা হাতে নিয়ে কিছুক্ষণ বসে রইল। তারপর আস্তে বলল, “খালাম্মার জন্য একবার সূরা ফাতিহা পড়ি, বুরুল্লাহ ভাই?”"
1898,NO,NO,SUTRA_MARKER,FLAGGED_UNCLAIMED,সূত্র
1899,YES,NO,CITATION_BULLET|QURAN_MARKER|HADITH_WORD,COVERED,"•  এই অধ্যায়ের শিক্ষার অংশ লেখকের নিজের লেখা থেকে নেওয়া: পাণ্ডুলিপির ইফতার অধ্যায় (অনুচ্ছেদ ৮৮৭৯–৯০১৫), «কুরআন ও হাদিসের আলোকে সেহরি ও ইফতারের সময়» (২০১২ সালের খসড়া ও ২০১৩ সালের লিফলেট), পাক্ষিক "
1900,YES,NO,CITATION_BULLET,COVERED,"•  মুয়াজ্জিনের ঘটনা সত্য ঘটনা, লেখকের নিজের বর্ণনা থেকে; বুরুল্লাহর আব্বা রাহাতের সফরের সময় জীবিত ছিলেন এবং গল্পটা নিজে বলেছেন।"
1901,YES,NO,CITATION_BULLET|QURAN_MARKER,COVERED,"•  আয়াত (আরবি পাঠ api.alquran.cloud, উসমানি পাঠ থেকে মিলিয়ে নেওয়া): সূরা আল-বাকারা ২:১৮৭; সূরা আল-ইনশিকাক ৮৪:১৬–১৭; সূরা আদ-দাহর ৭৬:২৫–২৬; সূরা ইয়াসীন ৩৬:৩৭; সূরা আল-লাইল ৯২:১; সূরা হূদ ১১:১১৪। «প"
1902,YES,NO,CITATION_BULLET|QURAN_MARKER,COVERED,"•  কুরআনে রাতের শব্দ: ليل ৮০ বার, ليلة ৮ বার, ليال ৪ বার, মোট ৯২ বার (api.alquran.cloud-এর পাঠ থেকে গোনা)। লিফলেটের «১৬২» সংখ্যাটি এখানে সংশোধিত। ২৫:৫, ২৪:৩৬ ও ৭:২০৫-এ সকাল-সন্ধ্যার শব্দ আছে (بُكْرَةً"
1903,YES,NO,CITATION_BULLET|QURAN_MARKER|SUNNI_BOOK,COVERED,"•  গিরিশচন্দ্র সেনের অনুবাদ: ৩য় (সংশোধিত) সংস্করণের পুনর্মুদ্রণ, ঝিনুক পুস্তিকা, ঢাকা, «অতঃপর সন্ধ্যা পর্য্যন্ত রোজা পূর্ণ কর» (archive.org: in.ernet.dli.2015.356313); ৪র্থ সংস্করণ, ১৯৩৬, নববিধান পাব"
1904,YES,YES,CITATION_BULLET|SUTRA_MARKER|BARNITA_MARKER|HADITH_WORD,COVERED,"•  উমর ও উসমানের ইফতার: মুয়াত্তা ইমাম মালিক, কিতাবুস সিয়াম (লেখকের ব্যবহৃত বাংলা সংস্করণে ১ম খণ্ড, পৃ. ২৩৯, হাদীস ৬৯৪)। «যখন পূর্ব দিক থেকে অন্ধকার আসে…»: সহীহ বুখারী, কিতাবুস সাওম, উমর ইবনুল খাত্তা"
1905,YES,NO,CITATION_BULLET|QURAN_MARKER,COVERED,"•  আহলে বাইতের ফিকহে মাগরিবের সময়: আয়াতুল্লাহ সাইয়্যেদ আলী সিস্তানি, Islamic Laws (sistani.org), রুলিং ৭২২: পূর্ব আকাশের লালিমা মাথার ওপর দিয়ে পার না হওয়া পর্যন্ত মাগরিব না পড়া (বাধ্যতামূলক সতর্"
1906,YES,NO,CITATION_BULLET|SHIA_BOOK|HADITH_WORD,COVERED,"•  ইফতারের সময় নিয়ে ইমামগণের (আলাইহিমুস সালাম) হাদিস: আল-কাফি (শেখ কুলাইনি), কিতাবুস সিয়াম, «ইফতারের সময়» অধ্যায় (باب وقت الإفطار), হাদিস ১, ইমাম জাফর আস-সাদিক (আলাইহিস্ সালাম): কিবলামুখী দাঁড়িয"
1907,YES,NO,CITATION_BULLET|QURAN_MARKER,COVERED,"•  «ইচ্ছাকৃত ভঙ্গ» (অংশ ১৪৭) লেখকের নিজস্ব উপলব্ধি, মারজার ফতোয়া নয়। পাশে মারজার ফতোয়া: আয়াতুল্লাহ সাইয়্যেদ আলী সিস্তানির দপ্তরের আরবি প্রশ্নোত্তর «الصوم - وقت الإفطار»: ইফতারের সময় পূর্বাকাশের "
1908,YES,NO,CITATION_BULLET,COVERED,"•  গোধূলির সময় (যশোর, ২৩.১৭° উ, ৮৯.২১° পূ; রমজানের মাঝামাঝি একটি সন্ধ্যা, ১৪ জুলাই ২০১৪-এর হিসাব): NOAA সূর্য-অবস্থান অ্যালগরিদমে (Python astral) গোনা; সূর্যাস্ত ৬:৫১, সূর্য ৪° নিচে ৭:০৭, সিভিল গোধূল"
1909,YES,NO,CITATION_BULLET,COVERED,•  ২:১৮৭-এ «সাদা রেখা» ও «কালো রেখা»: الْخَيْطُ الْأَبْيَضُ / الْخَيْطِ الْأَسْوَدِ; খাইত শব্দের অর্থ সুতো।
1910,YES,NO,CITATION_BULLET,COVERED,"•  সওমে বিসাল (রাত পার করে রোযা জুড়ে দেওয়া) হারাম: Islamic Laws of Fasting, According to the Rulings of Grand Ayatullah al-Sayyid Ali al-Husseini al-Sistani, I.M.A.M. (Imam Mahdi Association of Marj"
1922,NO,NO,QURAN_MARKER,FLAGGED_UNCLAIMED,"রাহাতকে দেখে আমার নিজের পুরোনো দিনের কথা মনে পড়ল। আমার ভালই লাগতো পাঁচ ওয়াক্তের নামাজ মসজিদে পড়তে, রোযা রাখতে, যাকাত দিতে, কুরআন তেলওয়াত করতে। আর আমি এই ভেবে খুশি হতাম যে পৃথিবীর সব ধর্মের মতের মধ"
1926,NO,NO,QURAN_MARKER,FLAGGED_UNCLAIMED,"মসজিদের সিঁড়ি তিন ধাপ। নিচের ধাপে পানি জমে আছে। বুরুল্লাহ আর ফয়সাল ওপরের ধাপে বসে স্যান্ডেলের ফিতা বাঁধছিল। ফয়সাল কুরআনের হাফেজ, কুষ্টিয়া থেকে ফিরেছে সেশনজটে; নামাজের পর অনেকক্ষণ চুপ থাকা তার অভ্য"
1957,NO,NO,QURAN_MARKER,FLAGGED_UNCLAIMED,“কুরআনে আছে?” রাহাত জিজ্ঞেস করল। তার আব্বা শুধু কুরআন মানেন; রাহাত প্রতিটি কথার পেছনে আয়াত খোঁজে।
1958,NO,NO,QURAN_MARKER,FLAGGED_UNCLAIMED,চাচা তাক থেকে কুরআন নামালেন না। চোখ বন্ধ করে পড়লেন।
1966,YES,YES,BARNITA_MARKER,COVERED,"আমি উৎসাহিত হয়ে বললাম, “ঠিক বলেছ, ফয়সাল। বর্ণিত আছে, ইমাম রেজা (আলাইহিস্ সালাম) বলেছেন: ‘আল্লাহ মহিমান্বিত ও পরাক্রমশালী, সাইয়্যিদা ফাতিমাতুয্ যাহরা (আলাইহাস্ সালাম)-এর মোহরানা (মাহর) হিসেবে পৃথিবী"
1974,NO,NO,HADITH_WORD,FLAGGED_UNCLAIMED,এমনকি এক হাদিসে বর্ণিত হয়েছে যে: একজন দর্জি তার সূঁচ থেকে এবং একজন কারিগর তার শিল্পকর্ম থেকে খুমস প্রদান করবে।”
1993,NO,NO,QURAN_MARKER,FLAGGED_UNCLAIMED,"কাকা বসলেন। গামলার দিকে তাকালেন, তারপর আকাশের দিকে। কিছু বললেন না। কিন্তু তাঁর চোখ ঘুরে গেল রাহাতের দিকে, যে তখনো চাচাকে জিজ্ঞেস করছে, “চাচা, খুমসের কথা আর কোথায় আছে কুরআনে?”"
2017,YES,NO,QURAN_MARKER|FADAK,COVERED,"“এই আয়াত যখন নাজিল হলো,” বুরুল্লাহ বলল, “রাসূলুল্লাহ ﷺ জানতে চাইলেন, নিকটাত্মীয় কে, তার হক কী। আল্লাহ জানালেন, ফাদাক দিয়ে দাও ফাতিমাকে। ফাদাক মানে মদিনা থেকে দূরের একটা গ্রাম, খেজুরের বাগান। বিনা য"
2019,NO,NO,QURAN_MARKER,FLAGGED_UNCLAIMED,"“ইমাম মূসা কাযিম (আলাইহিস্ সালাম)। আব্বাসি খলিফার মুখের ওপর।” বুরুল্লাহ বলল। “আরেকটা গল্প শোন। কারবালার পর ইমাম আলী ইবনুল হুসাইন যায়নুল আবেদীন (আলাইহিস্ সালাম) এক শামদেশীয় লোককে জিজ্ঞেস করেন, ‘তুমি "
2028,YES,NO,FADAK,COVERED,"ছেলেটি অভিজাত লোকটির হাত আরো শক্ত করে ধরে এবার বলতে লাগলো,“আল্লাহর কসম!! আমাদের সকলের মা, মা ফাতেমাতুজ্জোহরা (আলাইহাস্ সালাম) ফাদাকের সম্পত্তির জন্য দরবারে গিয়েছিল। তাকেও আমার মতো বলা হয়েছিল এ সামান"
2029,YES,NO,FADAK,COVERED,উত্তরে আমি এটাই বলবো ফাদাক ও আমার পেয়ারা তো বাহানা ছিল। আমি সারা জাহানকে দেখাতে চেয়েছি যারা ন্যায়বিচারক সেজে বসে আছেন তারা ভেতরে আসলে কি?? আর বাইরে কি?
2040,YES,NO,FADAK,COVERED,"“লোকে এই প্রশ্ন তাঁকেও করেছিল।” বুরুল্লাহর গলা নেমে এল, যেন কারও কবরের পাশে দাঁড়িয়ে। “ইমাম আলী (আলাইহিস্ সালাম)-এর উত্তর ছিল হৃদয়বিদারক। তিনি বলেন, ‘আমার পূর্ববর্তী নেতারা জেনে শুনে মুহাম্মদ (সাল্ল"
2041,YES,NO,FADAK,COVERED,ফাদাক। শব্দটা শুনে রাহাতের মুঠো আবার পাথরে চেপে বসল।
2060,NO,NO,QURAN_MARKER,FLAGGED_UNCLAIMED,ফয়সাল চোখ নামাল। কুরআনের হাফেজ সে; ত্রিশ পারা বুকে নিয়ে ঘোরে। তবু সেই রাতে তাকে খুব ছোট দেখাচ্ছিল।
2082,NO,NO,QURAN_MARKER,FLAGGED_UNCLAIMED,"শামস জিজ্ঞেস করল, “এই আয়াতে কার প্রতি নির্দেশ? কে সেই ব্যক্তি যিনি রুকু অবস্থায় যাকাত দিয়েছেন?”"
2083,NO,NO,QURAN_MARKER,FLAGGED_UNCLAIMED,"চাচা চোখে দীপ্তি মেখে বললেন— “এই আয়াত ‘আয়াতুল ওলায়াহ’। এখানে আল্লাহর নির্দেশিত ওলী হলেন ইমাম আলী (আলাইহিস্ সালাম)। কারণ, তিনি রুকু অবস্থায় নিজের আঙুলের আংটি দিয়ে দান করেছিলেন। এটা শুধু দান নয়, ব"
2084,YES,YES,BARNITA_MARKER|RASUL_SAID,COVERED,"তারপর তিনি ঘটনাটা বললেন। বর্ণিত আছে, রাসূলুল্লাহ ﷺ-এর একজন সাহাবি, হযরত আবু যার আল-গিফারী বলেন: “আমি একদিন রাসূলুল্লাহ ﷺ-এর সঙ্গে যোহরের সালাত আদায় করছিলাম। হঠাৎ একজন ভিক্ষুক মসজিদে প্রবেশ করল, কিন্ত"
2122,YES,NO,FADAK,COVERED,রাহাতের কানে বেজে উঠল পুকুরঘাটের সেই কথা। এ সামান্য ফাদাকের জন্য তুমি দরবারে এসেছো।
2129,YES,NO,FADAK,COVERED,"“আম্মু,” রাহাত বলল। গলা থেকে শব্দটা ঠিকমতো বেরোল না। “আমার রক্তেই ফাদাক।”"
2136,YES,NO,FADAK,COVERED,"“তোর ঘরের কথা জানতাম না,” বুরুল্লাহ বলল। “শুধু জানতাম, প্রায় সব ঘরেই কোথাও না কোথাও একটা ফাদাক চাপা পড়ে আছে। চল, নিচে চল। কাল ঈদ। কাল তোকে একটা গল্প বলব।”"
2181,NO,NO,QURAN_MARKER,FLAGGED_UNCLAIMED,"চাচা সেদিন বিকেলে একটা আয়াত পড়েছিলেন, ঈদের মাঠ থেকে ফেরার পথে। তখন কেউ খেয়াল করিনি। এখন অন্ধকারে আয়াতটা ফিরে এল—"
2184,YES,NO,FADAK,COVERED,নূরুন আলা নূর। এক আলোর ওপর আরেক আলো। এক ইমামের পর আরেক ইমাম। রুকুতে বাড়ানো একটা হাত থেকে কারবালার মাটি পর্যন্ত। ফাদাকের খেজুরবাগান থেকে ব্রহ্মপুত্রের চরের একফালি ধানক্ষেত পর্যন্ত। একটা হক ফিরিয়ে দিল
2189,NO,NO,SUTRA_MARKER,FLAGGED_UNCLAIMED,সূত্র
2190,YES,YES,CITATION_BULLET|PAGE_CHECK_MARKER,COVERED,•  তারাবি/তারবিহা = বিশ্রাম (ر-و-ح) — লিসানুল আরব — PAGE-CHECK।
2191,YES,YES,CITATION_BULLET|PAGE_CHECK_MARKER|SUNNI_BOOK,COVERED,"•  রাসূলুল্লাহ ﷺ রমজানের রাতে মসজিদে কয়েক রাত নামাজ, তারপর বন্ধ («خشيت أن تفرض عليكم») — বুখারি ১১২৯ / মুসলিম ৭৬১ (আয়েশা) — PAGE-CHECK (sunnah.com 403; বাহ্যিক যাচাই তালিকায়)।"
2192,YES,YES,CITATION_BULLET|PAGE_CHECK_MARKER|SUNNI_BOOK,COVERED,•  উমর: «نعمت البدعة هذه» — বুখারি ২০১০ — PAGE-CHECK।
2193,YES,YES,CITATION_BULLET|PAGE_CHECK_MARKER|SHIA_BOOK|FADAK,COVERED,"•  ইমাম আলী (আলাইহিস্ সালাম): «আমি যদি ফাদাক ফিরিয়ে দিই… তারাবির বিদআত মুছে দিই…» — জনির খাতা ¶২৩২৭৮–২৩২৮৭ (JONY-VERBATIM); মূল: আল-কাফি, রাওদা (খ.৮, খুতবা «لو استوت قدماي») — PAGE-CHECK; ছাপার আগে খ"
2194,YES,NO,CITATION_BULLET|QURAN_MARKER,COVERED,"•  কুরআনের সব আরবি api.alquran.cloud (quran-uthmani) থেকে নেওয়া: ৮:৪১ (অংশ ৪৪, প্রথম অংশ), ৫৯:৭ (অংশ ৮১, প্রথম অংশ), ১৭:২৬ (অংশ ৯৮), ৫:৫৫ (অংশ ১৫১), ২৪:৩৫ (অংশ ২৫০, প্রথম অংশ)। অংশ ৬৩-এর বাক্য ২২:৩৭-"
2195,YES,NO,CITATION_BULLET|SHIA_BOOK|HADITH_WORD,COVERED,"•  খুমসের হাদিস «لا يحل لأحد أن يشتري من الخمس شيئا حتى يصل إلينا حقنا» (অংশ ৬৬–৬৭): আল-কাফি, খণ্ড ১, কিতাবুল হুজ্জাহ, বাব «الفيء والأنفال وتفسير الخمس», হাদিস ১৪, আবু বাসির, ইমাম বাকির (আলাইহিস্ সালা"
2196,YES,NO,CITATION_BULLET|SUNNI_BOOK,COVERED,"•  ইবনে আব্বাস ও নজদার চিঠি (অংশ ৮৫–৮৭): ইবনে কাসির, তাফসির, ৮:৪১-এর ব্যাখ্যা, যেখানে তিনি জানান বর্ণনাটি সহিহ মুসলিম, আবু দাউদ, তিরমিজি ও নাসাঈতে আছে। «حتى الخيط والمخيط» (সুতো ও সূঁচ) একই পাতায় ইবন"
2197,YES,NO,CITATION_BULLET|SHIA_BOOK|HADITH_WORD|FADAK,COVERED,"•  ফাদাক ও ১৭:২৬, ইমাম মূসা কাযিম (আলাইহিস্ সালাম)-এর বর্ণনা (অংশ ১০০–১০২): আল-কাফি, খণ্ড ১, কিতাবুল হুজ্জাহ, একই বাব, হাদিস ৫ (আলী ইবনে আসবাত)। https://thaqalayn.net/chapter/1/4/130 । লেখকের খাতায় ব"
2198,YES,NO,CITATION_BULLET|SUTRA_MARKER|QURAN_MARKER|FADAK,COVERED,"•  ইমাম যায়নুল আবেদীন (আলাইহিস্ সালাম) ও শামদেশীয় লোক (অংশ ১০২): তাবারি, জামিউল বায়ান, ১৭:২৬-এর ব্যাখ্যা। https://quran.ksu.edu.sa/tafseer/tabary/sura17-aya26.html । আয়াত নাজিলের পর রাসূলুল্লাহ ﷺ-"
2199,YES,NO,CITATION_BULLET,COVERED,"•  «না, বরং আল্লাহই তাঁকে দান করেছেন» (অংশ ১০৩): আবান ইবনে তাগলিবের বর্ণনা হিসেবে লেখকের খাতায় আছে; মূল কিতাবে মেলানো যায়নি, তাই «বর্ণনায় আছে»।"
2200,YES,NO,CITATION_BULLET|SUTRA_MARKER|SHIA_BOOK|HADITH_WORD,COVERED,"•  «মানুষের হাতের ময়লা» (অংশ ১১৬): আমিরুল মুমিনীন আলী (আলাইহিস্ সালাম)-এর কথা, সুলাইম ইবনে কায়েসের সূত্রে, আল-কাফি, খণ্ড ১, একই বাব, হাদিস ১: «…وَلَمْ يَجْعَلْ لَنَا سَهْماً فِي الصَّدَقَةِ أَكْرَمَ"
2201,YES,NO,CITATION_BULLET|SHIA_BOOK|HADITH_WORD,COVERED,"•  বেলায়াত ছাড়া আমলের হাদিস (অংশ ১৩৫–১৩৬): আল-কাফি, খণ্ড ২, কিতাবুল ঈমান ওয়াল কুফর, বাবু দাআইমিল ইসলাম, হাদিস ৫, যুরারা, ইমাম বাকির (আলাইহিস্ সালাম) থেকে। https://thaqalayn.net/chapter/2/1/13"
2202,YES,YES,CITATION_BULLET|BARNITA_MARKER|SUNNI_BOOK|SHIA_BOOK|HADITH_WORD,COVERED,"•  রুকুতে দান (অংশ ১৫৪–১৫৭): আংটির বর্ণনা তাবারি, জামিউল বায়ান, ৫:৫৫ (আস-সুদ্দি, উতবা ইবনে আবি হাকিম, মুজাহিদ থেকে)। https://quran.ksu.edu.sa/tafseer/tabary/sura5-aya55.html । চাদরের (হুল্লা) বর্ণনা "
2203,YES,YES,CITATION_BULLET|BARNITA_MARKER|HADITH_WORD,COVERED,"•  ফাতিমা (আলাইহাস্ সালাম)-এর মোহর হিসেবে পৃথিবীর এক-পঞ্চমাংশ (অংশ ৫১) ও দর্জির সূঁচের খুমস (অংশ ৫৯): লেখকের খাতায় ফিকহুর রেজা গ্রন্থের নামে আছে; মূল পাতা মেলানো হয়নি, তাই «বর্ণিত আছে» / «এক হাদিসে "
2204,YES,NO,CITATION_BULLET,COVERED,"•  লেখকের পাণ্ডুলিপি ও নিজের লেখা: অংশ ৯, ২৩–২৪, ৩৯–৪১, ৪৫, ৪৭–৫৪, ৫৭–৬৩, ৮৫, ৯৯, ১০২, ১০৭–১১৩, ১১৬, ১২৭–১৩১, ১৫৩–১৫৫, ১৫৮–১৬৩, ১৬৫, ২১৪, ২১৭–২২১, ২২৫, ২২৯–২৩০, ২৪৬। ফয়সালের স্বপ্ন লেখকের খাতায় যেমন"
2210,NO,NO,QURAN_MARKER,FLAGGED_UNCLAIMED,"“কাল রাতে আমি একটা জিনিস খুঁজে পেয়েছি,” রাহাত বলল। “ইন্টারনেটে। একটা ওয়েবসাইটে লেখা, কুরআন ছাড়া আর কিছু মানার দরকার নেই। কুরআন নিজেই সব ব্যাখ্যা করে দিয়েছে। প্রমাণ হিসেবে কয়েকটা আয়াত। আমি প্রিন্"
2212,NO,NO,QURAN_MARKER,FLAGGED_UNCLAIMED,"রাহাত একটু থমকাল। “না। আব্বাকে দেখাইনি। কিন্তু আব্বাও তো এটাই বলেন। কুরআনের বাইরে কিছু নেই।” সে আমাদের দুজনের দিকে চাইল। “আমি গত এক মাস তোমাদের কাছে শুনেছি। নামাজের প্রাণ, ইফতারের সময়, যাকাত, খুমস। স"
2219,NO,NO,QURAN_MARKER,FLAGGED_UNCLAIMED,"“কোন আয়াতের অর্থ কে করেছে, কোন অনুবাদ থেকে নেওয়া?”"
2228,NO,NO,HADITH_WORD,FLAGGED_UNCLAIMED,"দ্বিতীয়ত, উসুলে দ্বীন প্রতিষ্ঠার পরেই ফুরুয়ে দ্বীনের বাস্তবায়ন। কোরআন ও হাদীসের আলোকে স্পষ্ট—ফুরুয়ে দ্বীন (যেমন নামাজ, রোযা ইত্যাদি) কেবল তখনই গ্রহণযোগ্য হয়, যখন উসুলে দ্বীন (বিশ্বাসের ভিত্তি) সঠ"
2238,NO,NO,QURAN_MARKER,FLAGGED_UNCLAIMED,"কুরআন নিজেই বলে, কার কথা মানতে হবে (একই ঘর, বুরুল্লাহ কুরআন খোলে)"
2239,NO,NO,QURAN_MARKER,FLAGGED_UNCLAIMED,বুরুল্লাহ আমার টেবিলের কোণ থেকে কুরআন শরীফটা তুলে নিল। পাতা খুঁজে খুঁজে একটি জায়গায় আঙুল রাখল।
2240,NO,NO,QURAN_MARKER,FLAGGED_UNCLAIMED,"“তুই বলছিস কুরআন ছাড়া কিছু মানবি না। খুব ভালো। তাহলে কুরআন কী বলে, শোন।” সে সূরা নিসার আয়াতটি পড়ল:"
2243,NO,NO,QURAN_MARKER,FLAGGED_UNCLAIMED,"“কুরআন নিজেই বলছে, আল্লাহ, রাসূল, তারপর আরও একদল,” বুরুল্লাহ বলল। “কুরআন যদি নিজেই সব বলে দিত, তাহলে তৃতীয় দলের দরকার কী ছিল? আর তৃতীয় দল কারা, সেটা কি প্রত্যেকে নিজের মতো বুঝে নেবে? তাহলে তো প্রত্য"
2244,NO,NO,QURAN_MARKER,FLAGGED_UNCLAIMED,তারপর সে আরেকটি আয়াতে গেল:
2246,NO,NO,HADITH_WORD,FLAGGED_UNCLAIMED,"“তোমাদের একমাত্র ওলী হলেন আল্লাহ, তাঁর রাসূল ও তাঁরা যারা ঈমান এনেছে. . . এই ‘وَالَّذِينَ آمَنُوا’ সম্পর্কে বহু হাদীসে ইমাম আলী (আলাইহিস্ সালাম) ও তাঁর পরবর্তী বারো ইমামদের কথা এসেছে। তাঁরাই আল্লাহর ন"
2247,NO,NO,QURAN_MARKER,FLAGGED_UNCLAIMED,"রাহাত বলল, “এই আয়াত সেদিন যাকাতের সময় শুনেছিলাম। রুকুতে আংটি।”"
2248,NO,NO,QURAN_MARKER,FLAGGED_UNCLAIMED,"“সেই আয়াতই,” বুরুল্লাহ বলল।"
2252,NO,NO,QURAN_MARKER,FLAGGED_UNCLAIMED,"“বইটা কে লেখে, কার কাছ থেকে শুনে লেখে, সেটাই তো আজকের প্রশ্ন।” বুরুল্লাহ কুরআন শরীফটা বন্ধ করে কোলে রাখল। “অনেকেই ইবাদত করে—কিন্তু ইখলাসের সাথে নয়। কেউ রিয়ার জন্য, কেউ সমাজ দেখানোর জন্য।”"
2255,NO,NO,HADITH_WORD,FLAGGED_UNCLAIMED,"তারপর সে একটি হাদীস পড়ল, যেটা আমি আমার খাতায় দুবার দাগ দিয়ে রেখেছি:"
2261,YES,YES,BARNITA_MARKER,COVERED,"বুরুল্লাহ মাথা নাড়ল, যেন এটাই প্রত্যাশিত। “বর্ণিত আছে, ইমাম আলী (আলাইহিস্ সালাম)-এর নামাজে তীর বের করা হয়েছিল, আর তিনি টেরও পাননি— এমন আত্মস্থতা, এমন ঈমানের গভীরতা কেবল ইমামিয় দৃষ্টিভঙ্গিতে সম্ভব।”"
2289,NO,NO,QURAN_MARKER,FLAGGED_UNCLAIMED,"রাহাত দরজা পর্যন্ত গিয়ে ফিরে তাকাল। “আজ রাতে আব্বাকে কাগজটা দেখাব,” সে বলল। “আর সূরা নিসার আয়াতটাও। দেখি আব্বা কী বলেন।”"
2290,NO,NO,QURAN_MARKER,FLAGGED_UNCLAIMED,"রাহাত পরে আমাকে বলেছিল, সে রাতে তার আব্বা কাগজটা পড়ে কিছুক্ষণ নীরব ছিলেন। তারপর বুকপকেটের ছোট কুরআন খুলে নিজে আয়াতটা খুঁজে বের করেছিলেন, আঙুল দিয়ে «وَأُولِي الْأَمْرِ مِنكُمْ» শব্দগুলো ছুঁয়ে বলেছি"
2292,NO,NO,SUTRA_MARKER,FLAGGED_UNCLAIMED,সূত্র
2293,YES,NO,CITATION_BULLET|QURAN_MARKER,COVERED,"•  সূরা আন-নিসা ৪:৫৯, সূরা আল-মায়িদা ৫:৫৫ — api.alquran.cloud — CONFIRMED।"
2294,YES,YES,CITATION_BULLET|PAGE_CHECK_MARKER|SUTRA_MARKER|SHIA_BOOK,COVERED,"•  «من مات ولم يعرف إمام زمانه مات ميتة جاهلية» — শিয়া সূত্রে কামালুদ্দীন (শেখ সাদুক) প্রভৃতি; অনুরূপ পাঠ আল-কাফি ১, কিতাবুল হুজ্জাহ (অধ্যায় ৬-এর নমুনার সূত্র দেখুন) — PAGE-CHECK।"
2295,YES,YES,CITATION_BULLET|BARNITA_MARKER,COVERED,•  ইমাম আলী (আলাইহিস্ সালাম)-এর নামাজে তীর বের করা — প্রসিদ্ধ বর্ণনা; মূল কিতাবের পৃষ্ঠা মেলানো হয়নি — «বর্ণিত আছে»।
2296,YES,YES,CITATION_BULLET|PAGE_CHECK_MARKER,COVERED,•  ইমাম হুসাইন (আলাইহিস্ সালাম)-এর ৮ জিলহজ মক্কা ত্যাগ — ইতিহাস; পৃষ্ঠা মেলানো বাকি — PAGE-CHECK।
2297,YES,NO,CITATION_BULLET|HADITH_WORD,COVERED,•  «আমল তখনই গৃহীত হবে…» — ইমামদের শিক্ষার সারকথা হিসেবে জনির বাক্য; নির্দিষ্ট হাদীস-দাবি নয়।
2326,YES,YES,BARNITA_MARKER,COVERED,"“বর্ণিত আছে, ইমাম হাসান (আলাইহিস্ সালাম) ছোটবেলায় এক জুমার রাতে দেখেছিলেন, তাঁর আম্মা মা সাইয়্যিদা ফাতিমাতুয্ যাহরা (আলাইহাস্ সালাম) সারা রাত মেহরাবে দাঁড়িয়ে আছেন। রুকু, সিজদা, তারপর দোয়া। ভোর পর"
2340,NO,NO,QURAN_MARKER,FLAGGED_UNCLAIMED,"সেদিন লাইব্রেরিতে আমরা, মানে আমি, বুরুল্লাহ, ফয়সাল, রাকিকা এবং শামস, একত্র হয়ে জীবনের প্রকৃত উদ্দেশ্য নিয়ে কোরআনে মা সাইয়্যিদা ফাতিমাতুয্ যাহরা (আলাইহাস্ সালাম)-কে নিয়ে যেসব আয়াত রয়েছে তার উপর "
2353,NO,NO,QURAN_MARKER,FLAGGED_UNCLAIMED,"«আমরা সিদ্ধান্ত নিলাম, প্রতি সপ্তাহে একত্রিত হয়ে পবিত্র কুরআনে কোথায় কোথায় মা সাইয়্যিদা ফাতিমাতুয্ যাহরা (আলাইহাস্ সালাম)-এর মর্যাদা সম্পর্কে ইঙ্গিত করা হয়েছে এবং সেসব আয়াত থেকে কী শিক্ষা নেওয়া"
2357,NO,NO,QURAN_MARKER,FLAGGED_UNCLAIMED,"পরের কথাটা এল রাকিকার মুখ থেকে, শামস লিখল: «একই সঙ্গে আহলুল বাইতের জীবন ও ইসলামের প্রকৃত আদর্শ নিয়ে গবেষণা চালিয়ে যাব।» তারপর রাকিকা একটু থেমে, তার তালিকার দিকে চেয়ে, যোগ করল, যেন নিজের ভুলটা শুধরে"
2370,NO,NO,QURAN_MARKER,FLAGGED_UNCLAIMED,"রাহাত পরে আমাকে বলেছিল, সেই রাতে এশার পর সে তাহারা সেন্টারের ছাদে একা উঠেছিল। আকাশে মেঘ নেই, ঈদের পর চাঁদ বড় হয়ে উঠছে। নিচে রাফি আর আরশি আম্মুর কাছে কী নিয়ে যেন ঝগড়া করছে, আব্বার গলায় কুরআন তিলাও"
2376,NO,NO,SUTRA_MARKER,FLAGGED_UNCLAIMED,সূত্র
2377,YES,YES,CITATION_BULLET|PAGE_CHECK_MARKER|SHIA_BOOK,COVERED,"•  মা সাইয়্যিদা ফাতিমাতুয্ যাহরা (আলাইহাস্ সালাম)-এর জুমার রাতের দোয়া, «الجار ثم الدار» — ইলালুশ শারায়ে (শেখ সাদুক) ও বিহারুল আনওয়ার ৪৩ — PAGE-CHECK।"
2378,YES,YES,CITATION_BULLET|PAGE_CHECK_MARKER|SUTRA_MARKER|SHIA_BOOK|HADITH_WORD,COVERED,"•  তাসবিহে যাহরা ও খাদেমের ঘটনা — শিয়া সূত্রে (মান লা ইয়াহদুরুহুল ফাকিহ ১; আল-কাফি ৩) ও সুন্নি সূত্রে (সহিহ বুখারী, খাদেম চাওয়ার হাদীস) — PAGE-CHECK; ক্রম (৩৪-৩৩-৩৩) শিয়া পাঠ অনুযায়ী।"
2402,YES,NO,SUNNI_BOOK,COVERED,"আমি রাহাতের দিকে ফিরলাম। ""রাহাত ভাই, একটা সরল কিন্তু ভীষণ জটিল প্রশ্ন করি— আমরা যারা নামাজ পড়ি, রোজা রাখি, হালাল-হারাম মেনে চলি, নামের পাশে ‘মুসলিম’ লিখি—আমরা কি সত্যিই ‘প্রকৃত মুসলমান’? আর যদি মনে ক"
2407,YES,NO,SUNNI_BOOK,COVERED,"বুরুল্লাহ আলতো হাসল, কিন্তু সুর গম্ভীর। ""এই ধারণাটাই আমাদের আত্মার আত্মসমার্পনের পথের সবচেয়ে বড় বাধা। মুসলমান হওয়া জন্মগত পরিচয় নয়, ফয়সাল। এটা আত্মার পরিচয়—যেটা কাগজে লেখা যায় না, মুখে বলা যায"
2455,NO,NO,SUTRA_MARKER,FLAGGED_UNCLAIMED,"""শামস ভাই বলল, মুসলমান তো জন্ম থেকেই। আমিও তো তা-ই ভাবতাম।"" রাহাত আমার দিকে ফিরল। ""সাদিক ভাই, তাহলে আমি কি শুধু জন্মসূত্রে মুসলমান? নাকি কোনোদিন নিজে বেছে নিয়েছি?"""
2461,NO,NO,SUTRA_MARKER,FLAGGED_UNCLAIMED,সূত্র
2462,YES,NO,CITATION_BULLET|SUTRA_MARKER|QURAN_MARKER|HADITH_WORD,COVERED,•  এই অধ্যায়ে কোনো আয়াত বা হাদীস উদ্ধৃত হয়নি। «জান্নাতের সর্দার» কথাটির হাদীস-সূত্র অধ্যায় ৯-এর শেষে।
2464,NO,NO,SUTRA_MARKER,FLAGGED_UNCLAIMED,"০২  জন্মসূত্রে মুসলমান, নাকি বেছে নেওয়া?"
2468,NO,NO,SUTRA_MARKER,FLAGGED_UNCLAIMED,"""রাহাত কাল রাতে আমাকে একটা প্রশ্ন দিয়ে গেছে,"" আমি বুরুল্লাহকে বললাম। ""জন্মসূত্রে মুসলমান, নাকি বেছে নেওয়া।"""
2471,NO,NO,HADITH_WORD,FLAGGED_UNCLAIMED,"একটি হাদীস, বহু প্রজন্মের ধারণা"
2472,NO,NO,QURAN_MARKER|RASUL_SAID,FLAGGED_UNCLAIMED,"আমার চোখে তখন নিজের পুরোনো দিন। বললাম, “এই প্রশ্নটাই একসময় আমাকেও নাড়িয়ে দিয়েছিল, রাহাত। কিন্তু শুনো— রাসূলুল্লাহ ﷺ বলেন— “প্রত্যেক নবজাতক ইসলামী ফিতরাত নিয়ে জন্মায়। তারপর তার মা-বাবা তাকে ইহুদি"
2475,NO,NO,HADITH_WORD,FLAGGED_UNCLAIMED,"তারপর একটু চিন্তিত হয়ে বললাম, “দেখো রাহাত, এই হাদীসের একটি মাত্র পঙক্তিই বহু প্রজন্ম ধরে মুসলমানদের বিশ্বাস ও চিন্তার ভিত্তি হয়ে দাঁড়িয়েছে। মানুষ ভাবে—শিশু যেন জন্মেই মুসলমান হয়ে আসে, আর সমাজ-সংস"
2483,YES,NO,QURAN_MARKER|SUNNI_BOOK,COVERED,"বুরুল্লাহ বলল, ""এবার কুরআনের দিক থেকে দেখ। আল্লাহ বলেন— “আল্লাহ তোমাদেরকে তোমাদের মায়ের পেট থেকে বের করেন, তোমরা কিছুই জানতে না। তিনি তোমাদেরকে শোনার শক্তি, দেখার শক্তি আর অন্তর দান করেছেন যাতে তোমরা"
2490,YES,NO,SUNNI_BOOK,COVERED,"শামস আবার ভ্রু কুঁচকাল। ""তাহলে প্রশ্ন— যদি কেউ জন্ম থেকেই মুসলিম হতো, তবে পরীক্ষা কিসের? কে কার জন্য কষ্ট করে দাওয়াত দিতো?"""
2492,NO,NO,QURAN_MARKER,FLAGGED_UNCLAIMED,"বুরুল্লাহ বলল, ""কুরআন বারবার আহ্বান জানায়— “তাদাব্বুর করো”, “দেখো”, “বুঝে গ্রহণ করো”, “স্মরণ করো”। এগুলো বলছে—ঈমান বুদ্ধির সাথে জন্ম নেয়, উত্তরাধিকার দিয়ে নয়।"""
2494,NO,NO,QURAN_MARKER,FLAGGED_UNCLAIMED,"""থেমে থেমে ভাবা। আয়াতের সামনে দাঁড়িয়ে যাওয়া, যেন আয়াতটা তোকেই ডাকছে।"""
2495,NO,NO,HADITH_WORD,FLAGGED_UNCLAIMED,হাদীসটি তাহলে কী বলে
2496,NO,NO,HADITH_WORD,FLAGGED_UNCLAIMED,"রাহাত একটু অস্থির হলো। ""কিন্তু হাদীসটা তো রাসূলুল্লাহ ﷺ-এর। তাহলে কি হাদীস ভুল?"""
2497,NO,NO,QURAN_MARKER|HADITH_WORD,FLAGGED_UNCLAIMED,"বুরুল্লাহ মাথা নাড়ল না, হাসল। ""হাদীস ভুল বলিনি। আমাদের বোঝা ভুল হতে পারে। হাদীসটির অর্থ যদি এমনভাবে করা হয়— “মানুষ জন্মায় এমন সহজাত নৈতিক বোধ নিয়ে, যা সত্যের প্রতি আকৃষ্ট হবার ক্ষমতা রাখে”, তবে সে"
2498,NO,NO,QURAN_MARKER|HADITH_WORD,FLAGGED_UNCLAIMED,"আমি যোগ করলাম, ""“জন্মগত মুসলমান”—এই ধারণা আবেগের দুনিয়ায় জনপ্রিয় হতে পারে, কিন্তু কুরআনের জগত বলছে— ঈমান আসে আলো ছুঁয়ে, জিজ্ঞাসার উত্তরে, হৃদয়ের গভীর হিমসাগর থেকে উঠে আসা দীপ্তি হয়ে। তাই হাদীসকে"
2510,NO,NO,QURAN_MARKER,FLAGGED_UNCLAIMED,"""কিছু না।"" বুরুল্লাহ কাপ নামাল। ""নামটা কানে এলে এমন হয়। কুরআন বলে— “তাদের হৃদয় কাঁপে যখন আল্লাহর নাম নেয়া হয়।” যার আত্মা কেঁপে ওঠে আল্লাহ, তাঁর রাসূল ﷺ এবং আহলুল বাইত (আলাইহিমুস্ সালাম)-এর নাম উচ্"
2513,NO,NO,QURAN_MARKER,FLAGGED_UNCLAIMED,"রাহাত হঠাৎ উঠে দাঁড়াল। জানালার কাছে গিয়ে বাইরে তাকিয়ে রইল কিছুক্ষণ। তারপর পিঠ ফিরিয়েই বলল, ""বুরুল্লাহ ভাই, আমার আম্মু ছোটবেলায় ঘুম পাড়ানোর আগে আয়াতুল কুরসি পড়ে ফুঁ দিতেন। আমি মুখস্থ বলতাম। কিন"
2527,NO,NO,SUTRA_MARKER,FLAGGED_UNCLAIMED,সূত্র
2528,YES,NO,CITATION_BULLET|SUTRA_MARKER|QURAN_MARKER|HADITH_WORD,COVERED,•  এই অধ্যায়ের আলাপ তাহারা সেন্টারের বন্ধুদের; আয়াত ও হাদীসের সূত্র নিচে।
2529,YES,NO,CITATION_BULLET|QURAN_MARKER,COVERED,"•  কুরআন ৩০:৩০ (فِطْرَتَ ٱللَّهِ ٱلَّتِى فَطَرَ ٱلنَّاسَ عَلَيْهَا ۚ لَا تَبْدِيلَ لِخَلْقِ ٱللَّهِ) — api.alquran.cloud, CONFIRMED।"
2530,YES,NO,CITATION_BULLET|QURAN_MARKER,COVERED,"•  কুরআন ১৬:৭৮ (মায়ের পেট থেকে বের করা, কিছুই না জানা; শোনা, দেখা, অন্তর) — api.alquran.cloud, CONFIRMED।"
2531,YES,NO,CITATION_BULLET|QURAN_MARKER,COVERED,"•  কুরআন ৬৭:২ (মরণ ও জীবনের সৃষ্টি পরীক্ষার জন্য) — api.alquran.cloud, CONFIRMED।"
2532,YES,NO,CITATION_BULLET|QURAN_MARKER,COVERED,"•  কুরআন ৮:২ (إِذَا ذُكِرَ ٱللَّهُ وَجِلَتْ قُلُوبُهُمْ) — api.alquran.cloud, CONFIRMED।"
2533,YES,YES,CITATION_BULLET|PAGE_CHECK_MARKER|SUNNI_BOOK|HADITH_WORD,COVERED,"•  «প্রত্যেক নবজাতক ফিতরাতের ওপর জন্মায়…» — সহীহ বুখারি, কিতাবুল জানায়িয, হাদীস ১৩৮৫ — PAGE-CHECK (নম্বর নকশা থেকে; মূল পাতায় মেলানো বাকি)।"
2553,YES,YES,BARNITA_MARKER,COVERED,"""এই তসবিহ যার, সে আমার মা। বুরুল্লাহর দাদি। প্রতি নামাজের পর তিনি তিনটি বাক্য পড়তেন। চৌত্রিশবার আল্লাহু আকবার। তেত্রিশবার আলহামদুলিল্লাহ। তেত্রিশবার সুবহানাল্লাহ। একে বলে তাসবিহে যাহরা। বর্ণিত আছে, র"
2570,NO,NO,QURAN_MARKER,FLAGGED_UNCLAIMED,"চাচা টেবিলে আঙুল দিয়ে টোকা দিলেন। ""তাহলে একটি কাজ করো। সপ্তাহে একদিন সবাই একসাথে বসো। কুরআনে তাঁর কথা কোথায় কোথায় আছে, খুঁজে বের করো। একটি একটি আয়াত।"""
2572,NO,NO,QURAN_MARKER,FLAGGED_UNCLAIMED,"সাদিক, বুরুল্লাহ, শামস, রাকিকা ও ফয়সাল সিদ্ধান্ত নেয়, প্রতি সপ্তাহে একত্রিত হয়ে পবিত্র কুরআনে কোথায় কোথায় মা সাইয়্যিদা ফাতিমাতুয্ যাহরা (আলাইহাস্ সালাম)-এর মর্যাদা সম্পর্কে ইঙ্গিত করা হয়েছে এবং"
2593,NO,NO,SUTRA_MARKER,FLAGGED_UNCLAIMED,সূত্র
2594,YES,NO,CITATION_BULLET|SUTRA_MARKER,COVERED,•  এই অধ্যায়ের কথাবার্তা তাহারা সেন্টারের লাইব্রেরির; সূত্র নিচে।
2595,YES,YES,CITATION_BULLET|PAGE_CHECK_MARKER|SUNNI_BOOK|SHIA_BOOK|HADITH_WORD,COVERED,"•  তাসবিহে যাহরা (৩৪ আল্লাহু আকবার, ৩৩ আলহামদুলিল্লাহ, ৩৩ সুবহানাল্লাহ) — আল-কাফি, খণ্ড ৩, কিতাবুস সালাত, «বাবুত তা'কীব» — PAGE-CHECK। জাঁতা ও সাহায্যকারী চাওয়ার ঘটনা: সহীহ বুখারি, কিতাবু ফাদাইলি আসহ"
2596,YES,YES,CITATION_BULLET|PAGE_CHECK_MARKER|SUNNI_BOOK|HADITH_WORD,COVERED,"•  «রাসূলুল্লাহ ﷺ তাঁর সম্মানে দাঁড়িয়ে যেতেন» — সুনানে আবু দাউদ, কিতাবুল আদাব, হাদীস ৫২১৭; সুনানে তিরমিযি, হাদীস ৩৮৭২ — PAGE-CHECK।"
2597,YES,YES,CITATION_BULLET|BARNITA_MARKER,COVERED,•  «উম্মে আবিহা» উপাধি — বর্ণিত আছে।
2598,YES,NO,CITATION_BULLET,COVERED,•  দরুদ দিনে ৩৬০ বার — সিরিজের স্থির নিয়ম (S-148)।
2603,NO,NO,QURAN_MARKER,FLAGGED_UNCLAIMED,"ফয়সাল মাদুর পেতেছে। মাদুরে বসে আছি আমি, রাহাত আর ফয়সাল। একটু দূরে টুলে বসে আছে ফয়সালের ছোট বোন জারিয়া, কোলে একটি পুরোনো বাংলা কুরআন, পাশে চার্জার লাইট। প্রতি রাতে সে একটি আয়াতের অর্থ পড়ে ভাইকে শ"
2608,NO,NO,QURAN_MARKER,FLAGGED_UNCLAIMED,"ফয়সাল চুপ। তারপর বোনের দিকে ফিরল। ""জারিয়া, আজ কোন আয়াত?"""
2609,NO,NO,QURAN_MARKER,FLAGGED_UNCLAIMED,জারিয়ার আয়াত
2610,NO,NO,QURAN_MARKER,FLAGGED_UNCLAIMED,জারিয়া চার্জার লাইটটা কুরআনের পাতার ওপর ধরল।
2611,NO,NO,QURAN_MARKER,FLAGGED_UNCLAIMED,"""সূরা ফুরকান, পঁচিশ নম্বর সূরা, চুয়াত্তর নম্বর আয়াত।"" সে একটু থেমে অর্থ পড়ল, ধীরে।"
2639,YES,NO,RASUL_SAID,COVERED,"ফয়সাল আঙুল গুনে বলতে শুরু করল। ""রাসূলুল্লাহ ﷺ তো স্পষ্টতই বলে গেছেন— ‘ফাতিমা আমার অংশ।’ আবার তিনি বলেছেন, ‘ফাতিমা আমার অন্তরের ধন।’"""
2641,NO,NO,RASUL_SAID,FLAGGED_UNCLAIMED,"জুমাই ইবনে উমায়র আত-তাইমী বলেন, “আমি আমার ফুফুর সাথে হযরত আয়েশার কাছে উপস্থিত হলাম, অতঃপর জিজ্ঞাসা করা হলো যে, কোন মানুষটি রাসূলুল্লাহ ﷺ-এর নিকট সর্বাধিক প্রিয়? হযরত আয়েশা বললেন, মা সাইয়্যিদা ফাত"
2642,NO,NO,RASUL_SAID,FLAGGED_UNCLAIMED,"বুরাইদা বলেন, “মহিলাদের মধ্য হতে রাসূলুল্লাহ ﷺ-এর নিকট সর্বাধিক প্রিয় ছিলেন মা সাইয়্যিদা ফাতিমাতুয্ যাহরা (আলাইহাস্ সালাম) এবং পুরুষদের মধ্য হতে আলী মুরতাদা (আলাইহিস্ সালাম)।”"
2643,NO,NO,RASUL_SAID,FLAGGED_UNCLAIMED,"উসামা ইবনে যায়েদ বলেন, “একদিন আমি রাসূলুল্লাহ ﷺ-এর কাছে বসা ছিলাম, তখন আলী (আলাইহিস্ সালাম) ও আব্বাস এলেন। তাঁরা বললেন, হে উসামা! আমাদের জন্য ভেতরে প্রবেশের অনুমতি চাও। আমি আরজ করলাম, হে রাসূলুল্লাহ!"
2645,NO,NO,RASUL_SAID,FLAGGED_UNCLAIMED,"আমি পড়লাম। আবু হুরাইরা বলেন, ইমাম আলী (আলাইহিস্ সালাম) আরজ করলেন, হে রাসূলুল্লাহ! আমি এবং ফাতেমা উভয়ের মধ্যে কে আপনার নিকট সর্বাধিক প্রিয়? উত্তরে রাসূলুল্লাহ ﷺ বললেন, ফাতেমা আমার নিকট তোমার চেয়ে প"
2646,YES,NO,RASUL_SAID,COVERED,"আরেক বর্ণনায় ইমাম আলী (আলাইহিস্ সালাম) কুফার মিম্বরে বলেছেন, রাসূলুল্লাহ ﷺ আমাদের ঘরে এলেন, আমাদের শিয়রে বসে পানির পাত্র চাইলেন। পানিতে বরকতের দোয়া পড়ে আমাদের ওপর ছিটিয়ে দিলেন। আমি আরজ করলাম, হে "
2651,NO,NO,QURAN_MARKER,FLAGGED_UNCLAIMED,ফয়সাল জারিয়ার হাত থেকে কুরআনটা নিল। পাতা উল্টে একটি জায়গায় থামল।
2652,NO,NO,QURAN_MARKER,FLAGGED_UNCLAIMED,"""সূরা হাশর, নয় নম্বর আয়াত। আনসারদের কথা। ‘তারা নিজেদের ওপর অন্যদের প্রাধান্য দেয়, নিজেরা অভাবে থাকলেও।’ এর আরবি শব্দটাই হলো ইসার। নিজের আগে অন্যকে রাখা।"""
2654,NO,NO,QURAN_MARKER,FLAGGED_UNCLAIMED,"""খাবার, সময়, মনোযোগ।"" ফয়সাল কুরআন বন্ধ করল। ""দরুদ গোনার সময়টুকু তোমার। আরশির অঙ্কের খাতা তার প্রয়োজন। ইসার মানে, নিজের ভালো লাগার কাজের মাঝখানে উঠে গিয়ে বোনের খাতাটা ধরা। ঘরের বাইরে ইসার সহজ, রাহ"
2670,NO,NO,SUTRA_MARKER,FLAGGED_UNCLAIMED,সূত্র
2671,YES,NO,CITATION_BULLET|SUTRA_MARKER|QURAN_MARKER|HADITH_WORD,COVERED,•  এই অধ্যায়ের আলাপ ফয়সালদের ছাদের; আয়াত ও হাদীসের সূত্র নিচে।
2672,YES,YES,CITATION_BULLET|PAGE_CHECK_MARKER|BARNITA_MARKER|QURAN_MARKER,COVERED,"•  কুরআন ২৫:৭৪ (وَٱلَّذِينَ يَقُولُونَ رَبَّنَا هَبْ لَنَا مِنْ أَزْوَٰجِنَا وَذُرِّيَّٰتِنَا قُرَّةَ أَعْيُنٍ وَٱجْعَلْنَا لِلْمُتَّقِينَ إِمَامًا) — api.alquran.cloud, CONFIRMED। «স্ত্রী = খাদিজা, ব"
2673,YES,NO,CITATION_BULLET|QURAN_MARKER,COVERED,"•  কুরআন ৫৯:৯ (وَيُؤْثِرُونَ عَلَىٰٓ أَنفُسِهِمْ وَلَوْ كَانَ بِهِمْ خَصَاصَةٌ) — api.alquran.cloud, CONFIRMED।"
2674,YES,YES,CITATION_BULLET|PAGE_CHECK_MARKER|BARNITA_MARKER|SUNNI_BOOK|HADITH_WORD|FADAK,COVERED,"•  «فداك أبي وأمي» ও সফরের শুরু-শেষ ফাতিমার কাছে (ইবনে উমর; সাওবান) — সাওবানের বর্ণনা: সুনানে আবু দাউদ, কিতাবুত তারাজ্জুল, হাদীস ৪২১৩ — PAGE-CHECK; ইবনে উমরের বর্ণনা ও «ফাদাকি আবি ওয়া উম্মি» — হাকিম,"
2675,YES,YES,CITATION_BULLET|BARNITA_MARKER|SUNNI_BOOK,COVERED,"•  «ফাতিমা আমার অংশ» (فاطمة بضعة مني) — সহীহ বুখারি ৩৭১৪, CONFIRMED (বাইবেল §৪)। «ফাতিমা আমার অন্তরের ধন» — বর্ণিত আছে।"
2676,YES,YES,CITATION_BULLET|PAGE_CHECK_MARKER|BARNITA_MARKER|SUNNI_BOOK|HADITH_WORD|AUS,COVERED,"•  জুমাই ইবনে উমায়রের বর্ণনা (আয়েশা: ফাতিমা, পুরুষে তাঁর স্বামী) — সুনানে তিরমিযি, কিতাবুল মানাকিব, হাদীস ৩৮৭৪ — PAGE-CHECK। বুরাইদার বর্ণনা — তিরমিযি ৩৮৬৮ — PAGE-CHECK। উসামার বর্ণনা («ফাতিমা বিনতে"
2677,YES,YES,CITATION_BULLET|PAGE_CHECK_MARKER,COVERED,"•  ফারসি কবিতা (খাতা ¶5003–5004): «مادی آن مرکز پرکار عشق / مادری آن کاروان سالار عشق» — খাতার বানান হুবহু; প্রথম শব্দ সম্ভবত «مادر» (ইকবাল, রুমুযে বেখুদি — PAGE-CHECK)।"
2681,NO,NO,QURAN_MARKER,FLAGGED_UNCLAIMED,"মসজিদের লাইব্রেরি ছোট্ট হলেও সাজানো-গোছানো। দেয়ালে কাঠের বুক-শেল্ফ, তাতে পুরনো ও নতুন ইসলামি বইয়ের মিশ্র গন্ধ ভেসে বেড়াচ্ছে। দেয়ালের একপাশে ঝুলছে একটি বড় সবুজ ব্যানার—তাতে সোনালি অক্ষরে লেখা কুরআ"
2684,YES,NO,QURAN_MARKER,COVERED,"আমি বসেছি টেবিলের বাম পাশে, হাতে নাহজুল বালাগার অনুবাদ বই। বুরুল্লাহ পাশেই, এক হাতে চায়ের কাপ, অন্য হাতে তাসবিহ ঘুরাচ্ছে। শামস মোবাইল ফোনে কুরআনের তাফসির অ্যাপ খুলে রেখেছে। রাকিকা জানালার পাশে হেলান "
2692,NO,NO,QURAN_MARKER,FLAGGED_UNCLAIMED,"শামস ফোন থেকে মুখ তুলল। ""এর উত্তর কুরআনে আছে। মনে আছে আয়াতুত তাহারাহ? “আল্লাহ তো চান শুধু এটাই যে, তিনি তোমাদের থেকে অপবিত্রতা দূর করবেন, হে আহলুল বাইত, এবং তোমাদের পরিপূর্ণভাবে পবিত্র করবেন।” এখানে "
2695,YES,NO,,COVERED,আমি নাহজুল বালাগা নামিয়ে খাতা খুললাম। এ বিষয়ে আগে কিছু টুকে রেখেছিলাম।
2696,NO,NO,QURAN_MARKER|HADITH_WORD,FLAGGED_UNCLAIMED,"""রাদিয়াল্লাহু আনহুম এর অর্থ: “আল্লাহ তাঁদের প্রতি সন্তুষ্ট হয়েছেন।” কুরআনে সাহাবাদের জন্য এসেছে: “আল্লাহ তাঁদের প্রতি সন্তুষ্ট হয়েছেন এবং তারাও তাঁর প্রতি সন্তুষ্ট হয়েছেন।” সুন্নি প্রথা অনুযায়ী: "
2698,NO,NO,QURAN_MARKER|HADITH_WORD,FLAGGED_UNCLAIMED,"""বলছি। আগে অন্যটার অর্থ।"" আমি পাতা উল্টালাম। ""আলাইহিস সালাম এর অর্থ: “তাঁর উপর শান্তি/কল্যাণ বর্ষিত হোক” — এটি এক ধরনের দোয়া ও সম্মানসূচক বাক্য, যা কুরআন ও হাদীসে নবী-রাসূল, ফেরেশতা, এবং আল্লাহর বিশে"
2699,NO,NO,QURAN_MARKER,FLAGGED_UNCLAIMED,"বুরুল্লাহ যোগ করল, ""আর সালাম তো কুরআনেরই নির্দেশ। আল্লাহ বলেন, “যখন তোমাদেরকে কেউ সালাম দেয়, তখন তোমরা তদপেক্ষা উত্তম বাক্যে সালামের জবাব প্রদান করো অথবা তদানুরূপই জবাব প্রদান করো। নিশ্চয়ই আল্লাহ পা"
2700,YES,NO,SUNNI_BOOK,COVERED,বুখারির আরবি আর বাংলা
2701,YES,NO,SUNNI_BOOK|HADITH_WORD,COVERED,"""এবার আপনার প্রশ্ন, রিপোন ভাই।"" আমি খাতাটা তাঁর দিকে ঘুরিয়ে দিলাম। ""মূল আরবি হাদীস: বুখারী, মুসলিমসহ প্রাচীন হাদীসগ্রন্থে বহুবার “ফাতিমা আলাইহাস সালাম” লেখা আছে। বাংলা অনুবাদ: কিছু অনুবাদক আরবি বাক্য"
2706,YES,NO,SUNNI_BOOK,COVERED,"খাতার পাতায় আমি বুখারির আরবি পাতার লাইন টুকে রেখেছিলাম, তার পাশে বাংলা অনুবাদের লাইন। রিপোন ভাই আঙুল দিয়ে একটি একটি করে মেলাতে লাগলেন।"
2707,NO,NO,RASUL_SAID,FLAGGED_UNCLAIMED,"প্রমাণ-০১। আবদুল আযীয ইবনু আবদুল্লাহ… উম্মূল মুমিনীন আয়িশা থেকে বর্ণিত, তিনি বলেন, ফাতিমা… আরবিতে লেখা «فَاطِمَةَ عَلَيْهَا السَّلاَمُ», ফাতিমা আলাইহাস সালাম। বাংলায় «বিনতে রাসূলুল্লাহ» শব্দ দুটি যো"
2709,NO,NO,HADITH_WORD,FLAGGED_UNCLAIMED,"প্রমাণ-০৩। আবদুল্লাহ ইবনু মুহাম্মাদ… আয়িশা থেকে বর্ণিত, রাসূলুল্লাহ ﷺ-এর রেখে যাওয়া সম্পত্তির উত্তরাধিকারিত্ব চাওয়ার জন্য একদা ফাতিমা ও আব্বাস আবূ বকর সিদ্দীকের কাছে আসলেন। এ হাদীসে আরবিতে ফাতেমা ও"
2711,NO,NO,HADITH_WORD,FLAGGED_UNCLAIMED,"রিপোন ভাই চতুর্থ লাইনে থামলেন। ""ছোট মেয়ে… বাবার পিঠ থেকে উটের নাড়িভুঁড়ি সরাচ্ছেন। আর মুশরিকদের সামনে দাঁড়িয়ে প্রতিবাদ করছেন।"" তিনি টুপিটা টেবিলে রাখলেন। ""এ হাদীস আমি ছাত্রদের পড়াই। আরবিটা কখনো খ"
2714,NO,NO,HADITH_WORD,FLAGGED_UNCLAIMED,"বুরুল্লাহ হাসল না। ""না। বুখারী ছিলেন একজন হাদীসের শীর্ষস্থানীয় সংকলক। তিনি নিজের গ্রন্থে নবী, রাসূল এবং আহলুল বাইত-এর সদস্যদের প্রতি সম্মান প্রদর্শনের উদ্দেশ্যে ""আলাইহিস সালাম"" ব্যবহার করেছেন। এটি তা"
2717,NO,NO,QURAN_MARKER,FLAGGED_UNCLAIMED,"রাকিকা নিজের খাতায় লিখল, তারপর জোরে পড়ল, ""এটি দেখায় যে: আরবি মূলপাঠে আহলুল বাইতের প্রতি পবিত্রতার আয়াত অনুসারে সম্মান প্রদর্শনের একটি প্রমাণ রয়েছে। বাংলা অনুবাদে সেটি পরিবর্তন করা হয়েছে, যা পাঠক"
2719,YES,NO,HADITH_WORD|RASUL_SAID,COVERED,"ফয়সাল বলল, ""আরেকটা হাদিস শুনো—রাসূলুল্লাহ ﷺ বলেছেন: ""ফাতিমা আমার অংশ, যে তাকে কষ্ট দেয় সে আমাকেই কষ্ট দেয়। ফাতিমা যার প্রতি সন্তুষ্ট, আমিও তার প্রতি সন্তুষ্ট।"" এটি শুধু পারিবারিক সম্পর্ক নয়, বরং আ"
2721,NO,NO,QURAN_MARKER,FLAGGED_UNCLAIMED,"রিপোন ভাই অনেকটা সময় নিয়ে বললেন, ""তাহলে বুঝতে পারছি—“রা.” বলা ভুল নয়, কিন্তু “আলাইহাস সালাম” বলা তাঁর প্রকৃত মর্যাদা ও কুরআনের দলিল অনুযায়ী আরও সঠিক?"""
2726,NO,NO,HADITH_WORD,FLAGGED_UNCLAIMED,"বুরুল্লাহ বলল, ""আর এটি কোনো নতুন উদ্ভাবন নয়। ইতিহাস নিজেই সাক্ষ্য বহন করছে—আহলুস সুন্নাহ ওয়াল জামাআহের বহু বিশিষ্ট আলেম, প্রখ্যাত লেখক ও প্রসিদ্ধ হাদীসকার কেবল নবী ও রাসূলদের নামের সাথেই “আলাইহিস সা"
2730,YES,NO,SUNNI_BOOK,COVERED,"""বুখারি শরীফ,"" রাহাত পিঠের লেখা পড়ল। ""বাংলা অনুবাদ।"""
2735,YES,NO,,COVERED,"""এই দেশেও লেখা হয়েছে, এই দেশেও পড়া হয়েছে,"" বুরুল্লাহ বলল। ""পুরোনোরাও লিখেছেন। ইমাম নাসায়ী তাঁর আস-সুনান আল-কুবরায় ইমাম হাসান ও হুসাইনের নামের সঙ্গে, ইবনে হাজার আসকালানি তাঁর আল-ইসাবায় আহলুল বাইত"
2737,NO,NO,QURAN_MARKER|HADITH_WORD,FLAGGED_UNCLAIMED,"বুরুল্লাহ বলল, ""না। হযরত লোকমান, হযরত মারিয়াম, হযরত খিজির, ইমাম আলী (আলাইহিস্ সালাম) এবং ইমাম মাহদী (আলাইহিস্ সালাম)’র নামের পাশে এটি ব্যবহৃত হয়, যদিও তাঁরা নবী বা রাসূল ছিলেন না। এছাড়াও, ফেরেশতাদে"
2740,YES,NO,SUNNI_BOOK,COVERED,"রাহাত বুখারির খণ্ডটা বন্ধ করল না। খোলা পাতার ওপর হাত রেখে বসে রইল, যেন কেউ ওটা নিয়ে যাবে।"
2744,NO,NO,HADITH_WORD,FLAGGED_UNCLAIMED,"বুরুল্লাহ রিপোন ভাইয়ের দিকে ফিরল। ""তাহলে কথা ছড়ানোর আগে চারটি কাজ করবেন, রিপোন ভাই। এক, মূল আরবিটা নিজের চোখে দেখবেন, কারো খাতা থেকে নয়, আমার খাতা থেকেও নয়। দুই, হাদীসের নম্বর নিজে মিলিয়ে নেবেন, "
2750,YES,NO,FADAK,COVERED,"""সাদিক, এখানে বারবার একটি নাম আসছে। ফাতিমা আলাইহাস সালাম আবু বকরের কাছে মিরাস চেয়ে পাঠালেন… মদিনায়, আর ফাদাকে।"" সে মুখ তুলল। ""ফাদাক কী?"""
2752,YES,NO,FADAK,COVERED,"শেষে বলল, ""কাল শুক্রবার। জুমার পর খিজির চাচার জমিতে যাব। ফাদাক বুঝতে হলে আগে একটি জমির আল দেখতে হয়।"""
2754,NO,NO,SUTRA_MARKER,FLAGGED_UNCLAIMED,সূত্র
2755,YES,NO,CITATION_BULLET|SUTRA_MARKER,COVERED,•  এই অধ্যায়ের আলাপ গ্রামের মসজিদের লাইব্রেরির; সূত্র নিচে।
2756,YES,NO,CITATION_BULLET|QURAN_MARKER,COVERED,"•  কুরআন ৪৯:১৩ (إِنَّ أَكْرَمَكُمْ عِندَ ٱللَّهِ أَتْقَىٰكُمْ), ৩৩:৩৩ (আয়াতুত তাতহীর), ৯৮:৮ ও ৯:১০০ (رَضِيَ ٱللَّهُ عَنْهُمْ وَرَضُوا۟ عَنْهُ), ৩৭:১০৯ (سَلَٰمٌ عَلَىٰٓ إِبْرَٰهِيمَ), ৪:৮৬ (সালামের উত"
2757,YES,YES,CITATION_BULLET|PAGE_CHECK_MARKER|SUNNI_BOOK,COVERED,"•  প্রমাণ ০১–০৪: সহীহ বুখারির আরবিতে «فَاطِمَةَ عَلَيْهَا السَّلاَمُ» — খাতার বাংলা-সংস্করণ নম্বর ২৮৭৪, ৩৪৪৬, ৬২৭০, ৪৯৬ — PAGE-CHECK (ছাপা ও ক্রমিক অনুযায়ী নম্বর বদলায়; sunnah.com নম্বর মেলাতে হবে)।"
2758,YES,YES,CITATION_BULLET|BARNITA_MARKER|SUNNI_BOOK,COVERED,"•  «ফাতিমা আমার অংশ, যে তাকে কষ্ট দেয়…» — বুখারি ৩৭১৪ (فمن أغضبها أغضبني), CONFIRMED; «যার প্রতি সে সন্তুষ্ট…» অংশ — বর্ণিত আছে।"
2759,YES,YES,CITATION_BULLET|PAGE_CHECK_MARKER|QURAN_MARKER|SUNNI_BOOK,COVERED,"•  আহলুস সুন্নাহর লেখকদের তালিকা (বুখারি আদাবুল মুফরাদ, নাসায়ি সুনানুল কুবরা, ইবনে হাজার আল-ইসাবা, তাহেরুল কাদরি, ওয়াহিদুজ্জামান, দেহলভি, তাফসীরে নূরুল কুরআন) — খাতা ও শ্রোতা ০৪ L667; প্রতিটির পৃষ্ঠ"
2761,YES,NO,FADAK,COVERED,"০৬  ফাদাক, আর চুপ না থাকার সাহস"
2767,YES,NO,FADAK,COVERED,"""চাচা, ফাদাক কী?"""
2770,YES,NO,FADAK,COVERED,"""এই জমি আমার বাপের। চল্লিশ বছর ধরে চাষ করি। মদিনার কাছে ফাদাক ছিল এমন এক খেজুর বাগান। যুদ্ধ ছাড়া, বিনা রক্তে আল্লাহ তা রাসূলুল্লাহ ﷺ-এর হাতে দিয়েছিলেন। আর তিনি তা দিয়েছিলেন নিজের মেয়েকে। রাসূলুল্ল"
2772,YES,NO,SUNNI_BOOK|FADAK,COVERED,"""সাদিকের খাতায় আছে, বুখারির বর্ণনা। আয়িশা থেকে, রাসূলুল্লাহ ﷺ-এর কন্যা ফাতিমা আবু বকরের নিকট রাসূলুল্লাহ ﷺ-এর পরিত্যক্ত সম্পত্তি মদিনা ও ফাদাক-এ অবস্থিত ফাই এবং খাইবারের খুমুসের অবশিষ্ট থেকে মিরাসী "
2775,YES,NO,SUNNI_BOOK|FADAK,COVERED,"রাকিকা আরেকটি লাইন পড়ল। ""আবু দাউদে আছে, উমর ইবনে আব্দুল আযীয খলিফা হয়ে মারওয়ানের পুত্রদের ডেকে বললেন, রাসূলুল্লাহ ﷺ ফাদাকের সম্পদের অধিকারী ছিলেন… অতঃপর মারওয়ান এ সম্পদ জায়গীর হিসাবে দখল করেন… উম"
2781,YES,NO,FADAK,COVERED,"খিজির চাচা বললেন, ""প্রথমত ফাদাক কোন উত্তরাধিকারীর সম্পত্তি ছিল না।"""
2786,YES,NO,FADAK,COVERED,"""আর সে দরবারে আবুবকর, উমর, আয়িশা বিনতে আবু বকর ও হাফসা রাসূলুল্লাহ ﷺ-এর শশুরদ্বয় ও স্ত্রীদ্বয় উপস্থিত ছিলেন। যেহেতু তারা নিজেরাও সাক্ষী ছিলেন ফাদাকের বিষয়ে অথচ তারা যখন মিথ্যা বলছেন। সাক্ষী উপস্থি"
2790,YES,YES,BARNITA_MARKER|QURAN_MARKER|FADAK,COVERED,"ভাঙা কাপটা তিনি নিজের হাতে রাখলেন। এক চুমুক দিলেন। তারপর বললেন, ""এক নম্বর কথা। রাসূলুল্লাহ ﷺ নিজে মেয়েকে ফাদাক দিয়ে গেছেন। বর্ণিত আছে, লিখেও দিয়ে গেছেন। যাঁর কথা কুরআনের পরেই চূড়ান্ত, তাঁর দেওয়া "
2796,NO,NO,QURAN_MARKER,FLAGGED_UNCLAIMED,"""দুই। যিনি পবিত্র, তাঁর কথাই সাক্ষ্য, মা। আয়াতে তাতহীর কাদের নিয়ে নাজিল হলো? তাঁদের নিয়ে। যিনি পবিত্র থেকে পবিত্রতর, তিনি মিথ্যা দাবি করবেন কেন?"""
2798,YES,NO,UMM_AYMAN,COVERED,"""দিয়েছিলেন। তিন নম্বর সেটাই।"" চাচা আবার কাপ তুললেন। ""উম্মে আইমান (আলাইহাস্ সালাম), যাঁকে রাসূলুল্লাহ ﷺ জান্নাতি বলে গেছেন, যিনি তাঁকে ছোটবেলায় কোলে-পিঠে মানুষ করেছেন। আর আলী (আলাইহিস্ সালাম)। দুজনের"
2800,YES,NO,FADAK,COVERED,"""চার,"" তিনি বললেন। ""সত্য মাথা গুনে চলে না। চাইলে সালমান, আবুযার, মিকদাদ, আম্মারের মতো মানুষদের ডাকা যেত। ডাকেননি। মুবাহালার দিনে রাসূলুল্লাহ ﷺ গোটা উম্মত থেকে কাদের সঙ্গে নিয়েছিলেন? ঘরের মানুষদের। ফা"
2802,YES,NO,FADAK,COVERED,"চায়ের শেষ চুমুকটা দিয়ে কাপটা তিনি উল্টে ঘাসে রাখলেন। ""পাঁচ নম্বরটা আমার সালিশের মাতবরের মতো। রায় আগে লেখা হয়ে গেলে সাক্ষী যত আনো, শোনার কান থাকে না। আবু বকর আর উমর তখন ক্ষমতায়। ফাদাক সরকারের হবে,"
2804,YES,NO,FADAK,COVERED,"রাকিকা খাতায় কিছু লিখল, তারপর কেটে দিল। ""আমি ভাবতাম, ফাদাক শুধু ইতিহাসের একটি নাম, চাচা। এটা তো জমির মামলা। আপনার বাঁকা আলের মতো।"""
2807,YES,NO,FADAK,COVERED,"""কিছুক্ষণপর আলী (আলাইহিস্ সালাম) আবু বকরের কাছে এলেন, যখন তিনি মসজিদে ছিলেন এবং তার চারপাশে মুহাজির ও আনসারগণ ছিলেন। তখন তিনি বললেন, ‘হে আবু বকর! কেন তুমি মা সাইয়্যিদা ফাতিমাতুয্ যাহরা (আলাইহাস্ সালা"
2808,YES,NO,SUNNI_BOOK|FADAK,COVERED,"খিজির চাচা রাকিকার দিকে ঝুঁকলেন। ""ঠিক সেসময় আলী (আলাইহিস্ সালাম) আবু বকরের কাছে উল্টা প্রশ্ন করলেন, ""ধরো, মুসলমানদের হাতে কোনো সম্পদ আছে এবং তারা সেটির মালিকানা দাবি করছে। আর আমি যদি সেটির ওপর আমার অ"
2810,YES,NO,QURAN_MARKER|FADAK|AUS,COVERED,"""এ কথা শুনে আবু বকর নীরব হয়ে গেলেন,"" খিজির চাচা বললেন। ""তখন উমর বলল, ‘হে আলী! আমাদের সামনে তোমার বক্তব্য তুলে ধরো না, কারণ আমরা তোমার সাথে বিতর্ক করতে সক্ষম নই। যদি তিনি সাক্ষী আনতে পারেন, তাহলে আমরা"
2816,NO,NO,QURAN_MARKER,FLAGGED_UNCLAIMED,"খিজির চাচা ফিরে তাকালেন। ""কারণ চুপ থাকলে লোকে বলত, তিনি মেনে নিয়েছেন। তিনি চুপ করে থাকেননি, বাবা। তাঁর আব্বা সদ্য দুনিয়া ছেড়েছেন, ঘরে ছোট ছেলেমেয়ে। তবু তিনি দাঁড়িয়েছেন, কুরআন দিয়ে কথা বলেছেন। জ"
2827,YES,NO,FADAK,COVERED,"খিজির চাচা হেসে ফেললেন, মুখে দাঁতের ফাঁক দেখা গেল। ""দেখলে মা, এইটুকু ছেলে ফাদাক বুঝে গেছে।"""
2830,NO,NO,QURAN_MARKER,FLAGGED_UNCLAIMED,"মাগরিবের পর রাহাত আমার পড়ার ঘরে এল। দেয়ালে আমার পুরোনো সাদা বোর্ড, তাতে এই সপ্তাহের আয়াতগুলোর নম্বর লেখা। রাহাত মার্কারটা তুলে নিল।"
2840,NO,NO,SUTRA_MARKER,FLAGGED_UNCLAIMED,সূত্র
2841,YES,NO,CITATION_BULLET|SUTRA_MARKER,COVERED,•  এই অধ্যায়ের আলাপ খিজির চাচার জমিতে; বর্ণনার সূত্র নিচে।
2842,YES,YES,CITATION_BULLET|PAGE_CHECK_MARKER|SUNNI_BOOK|FADAK,COVERED,"•  প্রমাণ ০৫–০৭ (খাতা ¶1870–1886): সহীহ বুখারি ৪২৪০–৪২৪১ (ফাতিমা আলাইহাস সালাম মদিনা, ফাদাক ও খাইবারের খুমুসের অবশিষ্ট থেকে মিরাস চাইলেন; «فَأَبَى أَبُو بَكْرٍ أَنْ يَدْفَعَ إِلَى فَاطِمَةَ…») — বাইবে"
2843,YES,YES,CITATION_BULLET|PAGE_CHECK_MARKER|QURAN_MARKER|SUNNI_BOOK,COVERED,"•  কুরআন ৩৩:৩৩ (আয়াতুত তাতহীর) — CONFIRMED। মুবাহালা ৩:৬১ — CONFIRMED; মুবাহালায় আলী, ফাতিমা, হাসান, হুসাইন — সহীহ মুসলিম ২৪০৪ — PAGE-CHECK।"
2844,YES,YES,CITATION_BULLET|PAGE_CHECK_MARKER|BARNITA_MARKER|SHIA_BOOK|UMM_AYMAN|AUS,COVERED,"•  উম্মে আইমানের সাক্ষ্য, আলী (আলাইহিস্ সালাম)-এর সাক্ষ্য, মসজিদে আবু বকরের সাথে বিতর্ক, আউস ইবনুল হাদাসান — কিতাবু সুলাইম ইবনে কায়স; আত-তাবারসি, আল-ইহতিজাজ, খণ্ড ১ — PAGE-CHECK; খাতার নিজের নোট অনুয"
2845,YES,YES,CITATION_BULLET|PAGE_CHECK_MARKER|UMM_AYMAN,COVERED,"•  «উম্মে আইমান জান্নাতি» — ইবনে সা'দ, আত-তাবাকাত — PAGE-CHECK।"
2846,YES,NO,CITATION_BULLET,COVERED,"•  খিজির চাচার «ওয়াসিম» উদাহরণ ও পাঁচ কারণ — খাতায় বৃদ্ধ খিজিরের নিজের বিশ্লেষণ, বর্ণনা নয়।"
2864,NO,NO,HADITH_WORD,FLAGGED_UNCLAIMED,"বুরুল্লাহ বলল, ""ইমাম মানে শুধু একজন নেতা নয়, ইমাম মানে—আত্মার পথপ্রদর্শক, হেদায়াতের বাতিঘর, আল্লাহর প্রতিনিধি। যেমন নাবিকের জন্য দরকার দিশারি, তেমনি মুমিনের জন্য দরকার ইমাম— না হলে সে তলিয়ে যায় অজ"
2882,NO,NO,QURAN_MARKER,FLAGGED_UNCLAIMED,"নামাজের পর আব্বা উঠোনের বেঞ্চে গিয়ে বসলেন। রোজ এশার পর তিনি এখানে বসে কুরআনের অর্থ পড়েন। ময়মনসিংহ থেকে আনা পুরোনো বাংলা অনুবাদ, মলাটে রাবার ব্যান্ড।"
2887,NO,NO,QURAN_MARKER,FLAGGED_UNCLAIMED,"আব্বা কুরআন থেকে চোখ তুললেন। চশমা নাকের ডগায়। একটু অবাক হলেন, তারপর হাসলেন।"
2889,NO,NO,HADITH_WORD,FLAGGED_UNCLAIMED,"""না, আব্বু। হাদীসে আছে, যে তার যুগের ইমামকে না চিনে মারা যায়, তার মৃত্যু জাহিলিয়াতের মৃত্যু।"""
2890,NO,NO,QURAN_MARKER,FLAGGED_UNCLAIMED,"আব্বা কুরআনটা বন্ধ করলেন, আঙুল রাখলেন পাতার ভেতর।"
2891,NO,NO,QURAN_MARKER|HADITH_WORD,FLAGGED_UNCLAIMED,"""শোন বাবা। হাদীস অনেক আছে। কোনটা ঠিক, কোনটা বানানো, আমি জানি না। তুইও জানিস না। এখানে এসে তুই অনেক কিছু শিখছিস, ভালো। কিন্তু আমি সারাজীবন একটি জিনিস ধরে রেখেছি।"" তিনি কুরআনটা দুই হাতে তুলে দেখালেন। ""এ"
2893,NO,NO,QURAN_MARKER,FLAGGED_UNCLAIMED,"""কুরআনে কি কোনো ইমামের নাম আছে?"" আব্বা জানতে চাইলেন। নরম স্বরে, ঝগড়ার মতো নয়। ""থাকলে দেখা। আমি মেনে নেব।"""
2894,NO,NO,QURAN_MARKER,FLAGGED_UNCLAIMED,"রাহাতের কাছে কোনো উত্তর ছিল না। নামও না, আয়াতও না।"
2896,NO,NO,QURAN_MARKER,FLAGGED_UNCLAIMED,"আব্বা ছেলের মাথায় হাত রাখলেন। ""তাহলে আগে জান। তারপর আমাকে জানাস।"" তিনি আবার কুরআন খুললেন। ""আর শোন। মা সাইয়্যিদা ফাতিমাতুয্ যাহরা (আলাইহাস্ সালাম)-এর কষ্টের কথা এখানে যা শুনছিস, সেটাও আমাকে কুরআন থেক"
2902,NO,NO,QURAN_MARKER,FLAGGED_UNCLAIMED,"""ইয়া আল্লাহ, আমি জানি না আমার ইমাম কে। আমি নাম জানি না। আমি আমার আব্বুকে একটি আয়াতও দেখাতে পারিনি। যদি এই না-জানা অবস্থায় আজ রাতে আমার মৃত্যু লিখে রাখো, তাহলে আমাকে মাফ করো। আমি শত্রু নই, ইয়া আল্ল"
2906,NO,NO,SUTRA_MARKER,FLAGGED_UNCLAIMED,সূত্র
2907,YES,NO,CITATION_BULLET|SUTRA_MARKER|HADITH_WORD,COVERED,•  এই অধ্যায়ের ঘটনা তাহারা সেন্টারের; হাদীসের সূত্র নিচে।
2908,YES,YES,CITATION_BULLET|PAGE_CHECK_MARKER|SUTRA_MARKER|SUNNI_BOOK|SHIA_BOOK|HADITH_WORD,COVERED,"•  «যে ইমামকে না চিনে মারা যায়, তার মৃত্যু জাহিলিয়াতের মৃত্যু»: খাতায় সূত্র «সহীহ মুসলিম, খণ্ড ৩, পৃ. ১৪৭৮»। মুসলিমের কিতাবুল ইমারাহ (হাদীস ১৮৫১)-এ শব্দ «مَنْ مَاتَ وَلَيْسَ فِي عُنُقِهِ بَيْعَةٌ م"
2909,YES,YES,CITATION_BULLET|BARNITA_MARKER,COVERED,•  সালমানের প্রশ্ন ও «মুশরিক/জাহিল» ভাগ — বর্ণিত আছে (মূল কিতাব মেলানো বাকি)।
2910,YES,NO,CITATION_BULLET|HADITH_WORD,COVERED,•  «من لا إمام له فإمامه الشيطان» এই অধ্যায়ে ব্যবহার করা হয়নি (হাদীস নয় — বাইবেল §৪)।
2924,NO,NO,QURAN_MARKER,FLAGGED_UNCLAIMED,"বুরুল্লাহ তাক থেকে কুরআন নামাল। ""ইবরাহীম (আলাইহিস্ সালাম)-কে আল্লাহ ইমাম বানালেন। তিনি জানতে চাইলেন, আমার বংশধরদের থেকেও? আল্লাহ বললেন, আমার অঙ্গীকার জালিমদের কাছে পৌঁছায় না। সূরা বাকারা, একশো চব্বিশ"
2927,NO,NO,QURAN_MARKER,FLAGGED_UNCLAIMED,"বুরুল্লাহ কাগজের ওপর আঙুল রাখল। ""এঁরা একজন একজন করে আলাদা মানুষ না। এক আলো, এক বাতি থেকে আরেক বাতিতে। কুরআন বলে, নূরুন আলা নূর, আলোর ওপর আলো। আর এই ধারার মাঝখানে একজন, যাঁর ঘর থেকে এগারোজন ইমাম এসেছেন"
2936,NO,NO,QURAN_MARKER,FLAGGED_UNCLAIMED,আয়াত যখন নিজের দিকে আঙুল তোলে
2938,NO,NO,QURAN_MARKER,FLAGGED_UNCLAIMED,"""বুরুল্লাহ ভাই, এতদিন এই ধরনের আয়াত শুনলে আমি ভাবতাম, এটা কাফেরদের কথা। অন্য কারো। আজ মনে হচ্ছে, আয়াতটা আঙুল তুলেছে আমার দিকে। কাল রাতে আমি নাম জানতাম না। আমি তো এখানেই অন্ধ ছিলাম।"""
2939,NO,NO,QURAN_MARKER,FLAGGED_UNCLAIMED,"""ছিলি,"" বুরুল্লাহ বলল। ""আজ ভোরে চোখ খুলেছিস। আয়াত যেদিন নিজের দিকে আঙুল তোলে, সেদিন থেকেই কুরআন পড়া শুরু হয়।"""
2941,YES,NO,QURAN_MARKER|SUNNI_BOOK,COVERED,"বুরুল্লাহ বলল, ""আল্লাহ বলেন: “আল্লাহকে যথাযথভাবে ভয় করো এবং মৃত্যুবরণ করো না মুসলিম (আত্মসমর্পণকারী) না হয়ে।” এই আয়াত যেন এক আসমানী বজ্রনিনাদ, যা আত্মার গহীনে প্রতিধ্বনিত হয়, হৃদয়ের গভীরে স্পন্দন"
2944,YES,NO,SUNNI_BOOK,COVERED,"বুরুল্লাহ বলল, ""একজন প্রকৃত মুসলিম তখনই আল্লাহর কাছে আত্মসমর্পণকারী হতে পারে, যখন সে নিজের আত্মার তিনটি স্তর— নফসে আম্মারা, পাপপ্রবণ আত্মা, নফসে লওয়ামা, নিজেকে তিরস্কার করে যে আত্মা, নফসে মুতমাইন্না,"
2953,NO,NO,QURAN_MARKER,FLAGGED_UNCLAIMED,"রাহাত কাগজটা ভাঁজ করে বুকপকেটে রাখল। ""আব্বুকে কাল রাতে বলেছিলাম, জানি না। আজ নাম জানি। কিন্তু আব্বু তো নাম চাননি। আব্বু চেয়েছেন কুরআন।"""
2960,NO,NO,SUTRA_MARKER,FLAGGED_UNCLAIMED,সূত্র
2961,YES,NO,CITATION_BULLET|SUTRA_MARKER|QURAN_MARKER,COVERED,•  এই অধ্যায়ের আলাপ চাচার লাইব্রেরির; আয়াতের সূত্র নিচে।
2962,YES,NO,CITATION_BULLET|QURAN_MARKER,COVERED,"•  কুরআন ১৭:৭২ (وَمَن كَانَ فِى هَٰذِهِۦٓ أَعْمَىٰ فَهُوَ فِى ٱلْءَاخِرَةِ أَعْمَىٰ وَأَضَلُّ سَبِيلًا) — api.alquran.cloud, CONFIRMED।"
2963,YES,NO,CITATION_BULLET|QURAN_MARKER,COVERED,•  কুরআন ৩:১০২ (يَٰٓأَيُّهَا ٱلَّذِينَ ءَامَنُوا۟ ٱتَّقُوا۟ ٱللَّهَ حَقَّ تُقَاتِهِۦ وَلَا تَمُوتُنَّ إِلَّا وَأَنتُم مُّسْلِمُونَ) — CONFIRMED।
2964,YES,NO,CITATION_BULLET|QURAN_MARKER,COVERED,•  কুরআন ২:১২৪ (لَا يَنَالُ عَهْدِى ٱلظَّٰلِمِينَ) — CONFIRMED (ভাগ ১-এর তালিকাতেও)।
2965,YES,NO,CITATION_BULLET|QURAN_MARKER,COVERED,"•  কুরআন ২৪:৩৫ (نُّورٌ عَلَىٰ نُورٍ) — CONFIRMED। «আলোর ওপর আলো = ইমামের পর ইমাম» ব্যাখ্যা সিরিজের চিত্রকল্প (S-114), আয়াতের সরাসরি অনুবাদ নয়।"
2966,YES,NO,CITATION_BULLET,COVERED,"•  নফসে আম্মারা (১২:৫৩), লওয়ামা (৭৫:২), মুতমাইন্না (৮৯:২৭) — CONFIRMED।"
2978,NO,NO,QURAN_MARKER|HADITH_WORD,FLAGGED_UNCLAIMED,"আমি হালকা হাসিমুখে বললাম, ""রিপোন ভাই, এই প্রশ্নটা অসাধারণ। কারণ এই একটা প্রশ্ন এই সপ্তাহের আমাদের সব আলোচনার মূলের দিকেই আমাদের নিয়ে যাবে। আল্লাহর কুরআনে এবং রাসূলুল্লাহ ﷺ-এর হাদীসে মা সাইয়্যিদা ফাত"
2979,NO,NO,QURAN_MARKER,FLAGGED_UNCLAIMED,"বুরুল্লাহ বলল, ""চল তোদের আমি কুরআনের একটা আয়াত শুনাই, যেটা মা সাইয়্যিদা ফাতিমাতুয্ যাহরা (আলাইহাস্ সালাম)’র মর্যাদার মুকুট হয়ে আছে: “বলুন, আমি তোমাদের নিকট এর বিনিময়ে আত্মীয়তার প্রতি মহব্বত ছাড়া"
2981,YES,NO,QURAN_MARKER|RASUL_SAID,COVERED,"শামসের চোখে আবেগ। ""কী সুন্দর কথা, ভাই! ভাবো তো, কুরআন যাঁকে ভালোবাসার জন্য আদেশ করে, তাঁকে না জানলে বা বুঝলে আমরা কী করে জান্নাতের পথে এগোতে পারি? উনি শুধু রাসূলুল্লাহ ﷺ-এর কন্যা না, উনি পুরো জান্নাতি"
2983,NO,NO,QURAN_MARKER,FLAGGED_UNCLAIMED,"আমি বললাম, ""আয়াতটা খেয়াল করুন, রিপোন ভাই। রাসূলুল্লাহ ﷺ-কে আল্লাহ বলতে বলছেন, 'বলুন'। প্রতিদান চাওয়া হচ্ছে আল্লাহর নির্দেশে। তাই মা সাইয়্যিদা ফাতিমাতুয্ যাহরা (আলাইহাস্ সালাম)’র প্রতি ভালোবাসা কোন"
2986,NO,NO,HADITH_WORD,FLAGGED_UNCLAIMED,"বুরুল্লাহ রিপোন ভাইয়ের দিকে ফিরল। ""রিপোন ভাই, আপনি তো মাদ্রাসার শিক্ষক। শামস যে হাদীসটা বলল, 'ফাতিমা জান্নাতি নারীদের সর্দার', সেটা কোথায় আছে, আপনি জানেন।"""
2987,YES,NO,SUNNI_BOOK,COVERED,"""বুখারিতে। মানাকিবে। ছাত্রদের পড়াই।"" রিপোন ভাই একটু থামলেন, তারপর মসজিদের ভেতরের মিম্বরের দিকে তাকালেন। ""এই মসজিদের ইমাম সাহেবও জুমার আরবি খুতবার শেষে বলেন, 'সাইয়্যিদাতু নিসাই আহলিল জান্নাহ'। আমি শু"
2995,NO,NO,QURAN_MARKER,FLAGGED_UNCLAIMED,"বুরুল্লাহ বলল, ""কোরআনে স্পষ্ট বলা হয়েছে: “যে দিন আমরা সমস্ত মানবগোষ্ঠীকে তাদের ইমামদের সাথে ডেকে তুলবো। তারপর যারা তাদের ‘কিতাব’ নিজেদের ডান হাতে পাবে, তারা তাদের কিতাব পড়বে এবং বিন্দুমাত্র অবিচারের"
2998,YES,NO,QURAN_MARKER,COVERED,"রাহাতের ঠোঁট নড়ল। বি-ইমামিহিম। সে কাগজটা বুকপকেট থেকে বের করে পেছনে কিছু লিখল, সূরার নাম আর আয়াতের নম্বর। আমি দেখলাম: «১৭:৭১ — আব্বুকে।»"
3002,NO,NO,QURAN_MARKER,FLAGGED_UNCLAIMED,"বুরুল্লাহ একটু ভেবে বলল, ""বলবেন, শাফায়াত আল্লাহর অনুমতিতে হয়। আয়াতুল কুরসিতেই আছে, কে আছে যে তাঁর অনুমতি ছাড়া তাঁর কাছে সুপারিশ করবে? সুপারিশ দরজা খোলার চাবি, কিন্তু দরজা পর্যন্ত হেঁটে যেতে হয় নি"
3014,NO,NO,SUTRA_MARKER,FLAGGED_UNCLAIMED,সূত্র
3015,YES,NO,CITATION_BULLET|SUTRA_MARKER|QURAN_MARKER|HADITH_WORD,COVERED,•  এই অধ্যায়ের আলাপ মসজিদের বারান্দার; আয়াত ও হাদীসের সূত্র নিচে।
3016,YES,NO,CITATION_BULLET|QURAN_MARKER,COVERED,"•  কুরআন ৪২:২৩ (قُل لَّآ أَسْـَٔلُكُمْ عَلَيْهِ أَجْرًا إِلَّا ٱلْمَوَدَّةَ فِى ٱلْقُرْبَىٰ) — api.alquran.cloud, CONFIRMED।"
3017,YES,NO,CITATION_BULLET|QURAN_MARKER,COVERED,•  কুরআন ১৭:৭১ (يَوْمَ نَدْعُوا۟ كُلَّ أُنَاسٍۭ بِإِمَٰمِهِمْ) — CONFIRMED।
3018,YES,NO,CITATION_BULLET|QURAN_MARKER,COVERED,•  কুরআন ২:২৫৫ (مَن ذَا ٱلَّذِى يَشْفَعُ عِندَهُۥٓ إِلَّا بِإِذْنِهِۦ) — CONFIRMED।
3019,YES,YES,CITATION_BULLET|PAGE_CHECK_MARKER|SUNNI_BOOK|HADITH_WORD,COVERED,"•  «ফাতিমা জান্নাতি নারীদের সর্দার» (سَيِّدَةُ نِسَاءِ أَهْلِ الْجَنَّةِ) — সহীহ বুখারি, কিতাবুল মানাকিব, হাদীস ৩৬২৪ — PAGE-CHECK। «হাসান ও হুসাইন জান্নাতের যুবকদের সর্দার» — সুনানে তিরমিযি ৩৭৬৮ — PAG"
3020,YES,NO,CITATION_BULLET|SUTRA_MARKER,COVERED,"•  জুমার খুতবায় «সাইয়্যিদাতু নিসাই আহলিল জান্নাহ» উচ্চারণ — প্রচলিত খুতবার পাঠ (খাতার বক্তব্য), নির্দিষ্ট সূত্র নয়।"
3025,NO,NO,QURAN_MARKER,FLAGGED_UNCLAIMED,"এশা পড়িয়েছেন চাচা। তারপর আমরা সবাই ছাদে উঠেছি: বুরুল্লাহ, ফয়সাল, শামস, রাকিকা, তাকাভি, রাহাত আর আমি। জারিয়া এসেছে ফয়সালের সাথে, হাতে সেই কুরআন। রিপোন ভাই আসতে পারেননি, মাদ্রাসায় রাতের পাঠ। রাফি "
3039,NO,NO,QURAN_MARKER,FLAGGED_UNCLAIMED,আট। কোন আয়াত এই সপ্তাহে আমার দিকে আঙুল তুলেছে?
3042,NO,NO,QURAN_MARKER,FLAGGED_UNCLAIMED,"পড়া শেষ হলে কেউ কিছু বলল না। ফয়সাল আকাশের দিকে মুখ তুলে বসে রইল। তাকাভি চশমা খুলে মুছল, আবার পরল। জারিয়া কুরআনটা বুকে চেপে ধরল।"
3045,YES,NO,FADAK,COVERED,"রাকিকা বলল, ""আমি ছয় নম্বরে আটকে গেছি। ক্যাম্পাস পত্রিকায় লিখি, অন্যায়ের কথা লিখি। কিন্তু নিজের ক্লাসে একজন মেয়েকে সবাই মিলে হেনস্থা করেছিল, আমি চুপ ছিলাম। ফাদাকের দিন থেকে সেই মেয়ের মুখ ভুলতে পার"
3047,NO,NO,SUTRA_MARKER|HADITH_WORD,FLAGGED_UNCLAIMED,"তাকাভি নিজের নোটপ্যাডে কী যেন লিখল, তারপর বলল, ""আমার নয় নম্বর। আমি সূত্র যাচাই করি, খুঁটিয়ে দেখি, কোন হাদীস ঠিক। আর ভাবি, এত জানি, তাই আমার ভালোবাসা খাঁটি। অথচ ফজর প্রায় রোজ কাযা হয়।"""
3063,NO,NO,QURAN_MARKER,FLAGGED_UNCLAIMED,"""আজ সবাই বলল, কে কোথায় ফেল। কেউ বলল না, কে কোথায় দাঁড়িয়ে।"" বুরুল্লাহ জারিয়ার রেখে যাওয়া কুরআনটা হাতে নিল। ""আল্লাহ এক আয়াতে বলেন, হে যারা ঈমান এনেছ, ঈমান আনো। যারা ইতিমধ্যে বিশ্বাস করে, তাদেরকেই"
3066,YES,NO,QURAN_MARKER|SUNNI_BOOK,COVERED,"""কাল সকালে মসজিদের লাইব্রেরিতে আয়। যে বিশ্বাস করে, আর যে বিশ্বাস করে বলে মনে করে, তারা এক না। মুসলিম, মুমিন, মুত্তাকী, তিন সিঁড়ি।"" বুরুল্লাহ কুরআনটা রাহাতের খালি হাতে দিল। ""দেখব, তুই কোন সিঁড়িতে।"""
3069,NO,NO,SUTRA_MARKER,FLAGGED_UNCLAIMED,সূত্র
3070,YES,NO,CITATION_BULLET|SUTRA_MARKER|QURAN_MARKER,COVERED,•  এই অধ্যায়ের হিসাব তাহারা সেন্টারের ছাদের; আয়াতের সূত্র নিচে।
3071,YES,NO,CITATION_BULLET|QURAN_MARKER,COVERED,"•  কুরআন ৪:১৩৬ (يَٰٓأَيُّهَا ٱلَّذِينَ ءَامَنُوٓا۟ ءَامِنُوا۟ بِٱللَّهِ وَرَسُولِهِۦ) — api.alquran.cloud, CONFIRMED।"
3072,YES,NO,CITATION_BULLET,COVERED,•  ১০ আগস্ট ২০১৪ পূর্ণিমা — সাধারণ জ্যোতির্বিদ্যার তথ্য (সে বছরের সবচেয়ে বড় চাঁদ); ছাপার আগে একবার মেলানো যায়।
3076,NO,NO,QURAN_MARKER,FLAGGED_UNCLAIMED,"খসখস, খসখস। রাহাত অনুবাদসহ কুরআনটা দুই হাতে ধরে পাতা ওল্টাচ্ছিল, একবার সামনে, একবার পেছনে। কাল রাতে ছাদে বুরুল্লাহ এটা তার খালি হাতে তুলে দিয়েছিল। আজ সকালে লাইব্রেরিতে ঢুকে আমি সূচিপত্রটা দেখিয়ে দিত"
3083,NO,NO,QURAN_MARKER,FLAGGED_UNCLAIMED,"রাহাতের কান লাল হয়ে উঠল। “সূরা হুদ, চাচা।”"
3085,NO,NO,QURAN_MARKER,FLAGGED_UNCLAIMED,রাহাত একটি পাতা উল্টাল। সূরা হুদ।
3087,NO,NO,QURAN_MARKER,FLAGGED_UNCLAIMED,"রাহাত কুরআনটা খোলা রেখেই টেবিলে নামাল। তারপর গলা নামিয়ে বুরুল্লাহকে বলল, “বুরুল্লাহ ভাই, আজ ফজরে কাতারের শেষে একজনকে দেখলাম। রোজ আসে, শুনেছি। অথচ নামাজের পর মোবাইলে ক্রিকেটের স্কোর দেখছিল। এরকম মানুষ"
3093,NO,NO,QURAN_MARKER,FLAGGED_UNCLAIMED,বুরুল্লাহ রাহাতের সামনে খোলা কুরআনটা নিজের দিকে টেনে নিল। আঙুল রাখল সূরা হুদের একটি আয়াতে।
3097,NO,NO,QURAN_MARKER,FLAGGED_UNCLAIMED,তারপর কুরআনটা আবার রাহাতের দিকে ঘুরিয়ে দিল। আঙুল রাখল আয়াতের নিচের বাংলা লাইনে। রাহাত পড়ল:
3099,NO,NO,QURAN_MARKER,FLAGGED_UNCLAIMED,"পড়া শেষ করে রাহাতের চোখ খিজির চাচার দিকে গেল। চাচা রেহেলে নিজের কুরআন খুলেছেন, ঠোঁট নড়ছে। পাতার দিকে তিনি তাকাচ্ছেন না। মুখস্থ।"
3104,NO,NO,QURAN_MARKER,FLAGGED_UNCLAIMED,"রাহাত সূরা হুদের পাতার কোণটা ছোট করে ভাঁজ করে দিল, যাতে আর খুঁজতে না হয়। তারপর খিজির চাচার দিকে তাকাল, তারপর নিজের দুই হাতের দিকে। কাতারের শেষের মানুষটার কথা সে আর তুলল না।"
3106,NO,NO,QURAN_MARKER,FLAGGED_UNCLAIMED,"«এই আয়াত আমাদের এক মহাসত্যের দিকে নিয়ে যায়— আলো আর অন্ধকার কখনো এক হতে পারে না। যেমন দৃষ্টিসম্পন্ন ব্যক্তি পথ দেখে, শোনার শক্তি সম্পন্ন ব্যক্তি নির্দেশনা গ্রহণ করে, তেমনি ঈমানদার সত্যের আলোয় আলোকি"
3109,NO,NO,QURAN_MARKER,FLAGGED_UNCLAIMED,"খিজির চাচা উঠে গেলেন যোহরের আগে বাড়ি ফিরবেন বলে। দরজার কাছে লাঠি ঠুকে একবার থামলেন, কাউকে উদ্দেশ করে নয়, এমনি বললেন, “চোখ গেছে বলে কুরআন যায়নি, বাবারা। কুরআন তো আগেই বুকে তুলে রেখেছিলাম।” তারপর চলে"
3114,NO,NO,QURAN_MARKER,FLAGGED_UNCLAIMED,"ভুরু কুঁচকে রাহাত জানতে চাইল, “কোথায় আছে এটা, সাদিক ভাই? তোমার কথা, না কুরআনের?”"
3115,NO,NO,QURAN_MARKER,FLAGGED_UNCLAIMED,"প্রশ্নটি ন্যায্য। আমি মইয়ের দুই ধাপ উঠে ওপরের তাক থেকে আরেকটি কুরআন নামালাম, সূরা হুজুরাত খুলে টেবিলে রাখলাম। আরবিটা আমি পড়লাম:"
3120,NO,NO,QURAN_MARKER,FLAGGED_UNCLAIMED,"“পারে,” আমি বললাম। “এই আয়াত আমাদের শেখায়— ইসলাম বাহ্যিক আনুগত্য হতে পারে, কিন্তু ঈমান হলো আত্মার স্বতঃস্ফূর্ত আত্মসমর্পণ, যা আল্লাহর প্রেম ও সত্যের আলোয় আলোকিত হয়।”"
3132,YES,NO,SUNNI_BOOK,COVERED,"রাহাতের চোখ তখন কোণের কাঠের মইটার দিকে, যেটায় একটু আগে আমি উঠেছিলাম। তিনটি ধাপ, মাঝেরটার কাঠ ক্ষয়ে পাতলা। রাহাত বলল, “কাল রাতে তুমি বলেছিলে তিন সিঁড়ি। মুসলিম, মুমিন, মুত্তাকী।”"
3133,NO,NO,QURAN_MARKER,FLAGGED_UNCLAIMED,বুরুল্লাহ কুরআনটা আবার রাহাতের দিকে ঠেলে দিল। “সূরা আলে ইমরান। একশো দুই। এবার নিজে খোঁজ।”
3134,NO,NO,QURAN_MARKER,FLAGGED_UNCLAIMED,"এবার খুঁজতে বেশি সময় লাগল না, তৃতীয় সূরা, সামনের দিকেই। রাহাত পাতায় আঙুল রাখতেই ফয়সাল চোখ বন্ধ করে আরবিটা মুখস্থ বলে গেল। তার শেষ শব্দের পর রাহাত বাংলাটা পড়ল, শব্দ করে:"
3135,YES,NO,SUNNI_BOOK,COVERED,“হে মুমিনগণ! আল্লাহকে যথাযথভাবে ভয় করো এবং অবশ্যই মুসলিম না হয়ে মৃত্যুবরণ করো না।”
3136,YES,NO,QURAN_MARKER|SUNNI_BOOK,COVERED,"পড়া শেষ করে রাহাতের আঙুল আয়াতের ওপর থেমে রইল, কপালে ভাঁজ। “এখানে তো মুমিনদের বলা হচ্ছে, মুসলিম হয়ে মরতে। মুমিন তো মুসলিমের চেয়ে ওপরে। তাহলে?”"
3140,YES,NO,QURAN_MARKER|SUNNI_BOOK,COVERED,"“এই মহিমান্বিত আয়াতের প্রতিটি শব্দ যেন এক একটি দরজা, যা খুলে দেয় জীবনের তিনটি অলৌকিক স্তরের দ্বার— মুসলিম — আত্মসমর্পিত প্রেমিক। যে বাহ্যিক পরিচয়ের সীমা পেরিয়ে হৃদয় খুলে দিয়েছে প্রভুর দিকে, যে ন"
3143,YES,NO,SUNNI_BOOK,COVERED,"পুরোটা সময় রাহাত একটুও নড়ল না। তারপর আস্তে বলল, “মুসলিম হয়ে মরা মানে তাহলে জন্মের নামটা নিয়ে মরা না। ‘আমি আল্লাহর’ — এটা নিয়ে মরা।”"
3146,NO,NO,QURAN_MARKER,FLAGGED_UNCLAIMED,"যোহরের আজান শুরু হলো। ফয়সাল উঠল অজু করতে। আমি তাকে কুরআন ফেরত দিচ্ছিলাম, তখন দেখলাম রাহাতের চোখ বুরুল্লাহর খাতায়।"
3147,YES,NO,SUNNI_BOOK|SHIA_BOOK,COVERED,"খাতাটা পুরো বন্ধ হয়নি। মাঝখানের একটি পাতা বাইরে বেরিয়ে আছে। তাতে ওপর থেকে নিচে সাতটি শব্দ লেখা, একটির নিচে আরেকটি। কাফির। মুশরিক। মুমিন। মুসলিম। প্রকৃত মুমিন। তারপর একটি শব্দ, যার নিচে লাল কালিতে দু"
3154,NO,NO,QURAN_MARKER,FLAGGED_UNCLAIMED,"রাহাত কুরআনটা বুকে নিয়ে উঠে দাঁড়াল। যোহরের কাতারে সে দাঁড়াল শেষ সারিতে, আজ সকালে যেখানে সেই মানুষটা দাঁড়িয়েছিল, মোবাইলে স্কোর দেখছিল। নামাজ পড়াচ্ছিলেন চাচা, বুরুল্লাহর আব্বু।"
3156,NO,NO,SUTRA_MARKER,FLAGGED_UNCLAIMED,সূত্র
3157,YES,NO,CITATION_BULLET|QURAN_MARKER,COVERED,"•  কুরআন ১১:২৪ (مَثَلُ الْفَرِيقَيْنِ…) — api.alquran.cloud, CONFIRMED।"
3158,YES,NO,CITATION_BULLET|QURAN_MARKER,COVERED,"•  কুরআন ৪৯:১৪ (قَالَتِ الْأَعْرَابُ آمَنَّا…) — api.alquran.cloud, CONFIRMED।"
3159,YES,NO,CITATION_BULLET|QURAN_MARKER,COVERED,"•  কুরআন ৩:১০২ — api.alquran.cloud, CONFIRMED (ভাগ ০৩-এও যাচাই)।"
3160,YES,NO,CITATION_BULLET,COVERED,•  ১০ আগস্ট ২০১৪-এর পূর্ণিমা — ভাগ ০৩ অধ্যায় ১০-এর মতো; ছাপার আগে একবার মেলানো যায়।
3162,YES,NO,SHIA_BOOK,COVERED,০২  কাফির থেকে মুত্তাকী পর্যন্ত ধাপগুলো
3179,YES,NO,SHIA_BOOK,COVERED,রাহাত প্রথম শব্দে আঙুল রাখল। “কাফির।”
3185,YES,NO,SUNNI_BOOK,COVERED,"“মুসলিম,” রাহাত পড়ল।"
3233,NO,NO,SUTRA_MARKER,FLAGGED_UNCLAIMED,সূত্র
3234,YES,NO,CITATION_BULLET|QURAN_MARKER|HADITH_WORD,COVERED,•  এই অধ্যায়ে কোনো আয়াত বা হাদীস উদ্ধৃত নয়; সাত ধাপের তালিকা খাতা ¶2315–2321 অনুযায়ী।
3250,YES,NO,SHIA_BOOK,COVERED,"না—তাহলে তুমি কি অবিশ্বাসীদের (কাফির) দলে থাকতে চাও, যারা চিরঅন্ধকারের কারাগারে আবদ্ধ?"
3267,YES,NO,SUNNI_BOOK,COVERED,"«প্রশ্ন ৪: তুমি কি কেবল নামেমাত্র মুসলিম, নাকি তোমার অন্তর সত্যিই ঈমানের আলোয় উদ্ভাসিত?"
3268,YES,NO,SUTRA_MARKER|SUNNI_BOOK,COVERED,"যদি বলো: “আমি মুসলিম তো, কিন্তু আমার ঈমান দুর্বল. . .” তাহলে একটু থামো—জানো কি? জন্মসূত্রে মুসলিম হওয়াটা কোনো নিরাপত্তার গ্যারান্টি নয়। কারণ আল্লাহর কাছে পরিচয়ের নয়, আত্মার পরিচ্ছন্নতার হিসাব চলবে"
3269,YES,NO,SUNNI_BOOK,COVERED,"তুমি কি আজও শুধুই মুসলিম নামধারী, নাকি আত্মার ভিতর থেকে সত্যিকার ঈমান খুঁজে পেয়েছ?»"
3297,YES,NO,SUNNI_BOOK|SHIA_BOOK,COVERED,"«আমাদের ঈমান কোথায় দাঁড়িয়ে? তুমি যদি শিকড়ে থাকো—(কাফির/মুশরিক), তবে প্রশ্ন: তুমি কি সেই অন্ধকার থেকে উঠে আসতে চাও, যেখানে আলো ছুঁতে পারো না আলোতে বিলিন হওয়ার যন্ত্রণা ভেতরে কুরে কুরে খায়? তুমি য"
3320,NO,NO,SUTRA_MARKER,FLAGGED_UNCLAIMED,সূত্র
3321,YES,NO,CITATION_BULLET|QURAN_MARKER|HADITH_WORD,COVERED,"•  এই অধ্যায়ে আয়াত বা হাদীস উদ্ধৃত নয়; নফসের তিন স্তরের নাম (আম্মারা ১২:৫৩, লাওয়ামা ৭৫:২, মুতমাইন্না ৮৯:২৭) কুরআনের শব্দ — পাঠে আয়াত নম্বর নেই, তাই শুধু এখানে উল্লেখ।"
3333,NO,NO,QURAN_MARKER,FLAGGED_UNCLAIMED,"আজ লাইব্রেরিতে সবাই। বুরুল্লাহ টেবিলের মাথায়। শামস জানালার পাশে, তার তিনটি পাতা নিয়ে কেউ কিছু বলেনি এখনো। ফয়সাল চাবির গোছা আঙুলে ঘোরাচ্ছে। রাকিকা আর তাকাভি এসেছে রাকিকাদের বাসা থেকে একসাথে, দুজনের "
3336,YES,NO,SUNNI_BOOK|SHIA_BOOK,COVERED,"“বুরুল্লাহ ভাই, তুমি কি আমাদের একটু বিস্তারিত বুঝিয়ে বলতে পারো— কাফির, মুশরিক, মুসলিম, সাধারণ মুমিন, প্রকৃত মুমিন, মুমিন-মুনাফিক এবং মুত্তাকী—প্রত্যেকের অবস্থান ও বৈশিষ্ট্য কীভাবে আলাদা?”"
3339,YES,NO,QURAN_MARKER|SHIA_BOOK,COVERED,“কাফির অর্থ হলো যিনি সত্য গোপন করেন এবং আল্লাহ ও তাঁর প্রেরিত বিধানসমূহকে প্রত্যাখ্যান করেন। তারা কুরআনের বাণী এবং নাবুয়্যাতের অস্বীকার করে এবং শত্রুতায় লিপ্ত হতে দ্বিধা করে না। তারা কিয়ামত ও আখিরা
3340,NO,NO,SUTRA_MARKER,FLAGGED_UNCLAIMED,তাকাভি নোটপ্যাড থেকে মুখ তুলল। “সূত্র?”
3341,NO,NO,QURAN_MARKER,FLAGGED_UNCLAIMED,"“সূরা ফাতির, সাত,” বুরুল্লাহ বলল। “তুমিই খোলো।”"
3342,NO,NO,QURAN_MARKER,FLAGGED_UNCLAIMED,"তাকাভি ব্যাগ থেকে সবুজ মলাটের কুরআনটা বের করল। ফয়সাল ততক্ষণে চোখ বন্ধ করে আরবিতে আয়াতটা পড়ে ফেলেছে, নিচু গলায়, হাফেজের অভ্যাসে। তাকাভি পাতা উল্টে আঙুল রেখে বাংলাটা পড়ল:"
3348,NO,NO,QURAN_MARKER,FLAGGED_UNCLAIMED,সে তাকাভির কুরআনটা টেবিলের ওপর দিয়ে রাহাতের দিকে ঠেলে দিল। “সূরা নিসা। আটচল্লিশ। তুই পড়।”
3352,YES,NO,SUNNI_BOOK|RASUL_SAID,COVERED,"“মুসলিম। বাহ্যিক আমলের মাধ্যমে ইসলামকে গ্রহণকারী, অর্থাৎ যারা ইসলামের বিধি-বিধান মেনে চলে, আল্লাহ ও তাঁর রাসূলুল্লাহ ﷺ এবং তাঁদের রেখে যাওয়া উলিল আমরের আনুগত্য করে আত্মসমর্পণ করে। আল্লাহ বলেন—” সে তা"
3353,NO,NO,QURAN_MARKER,FLAGGED_UNCLAIMED,"তাকাভি কুরআনটা রাহাতের সামনে থেকে টেনে নিয়ে পাতা খুঁজে পড়ল: “যে ব্যক্তি ইসলাম ব্যতীত অন্য কোনো ধর্মের অনুসরণ করে, তা কখনও গ্রহণ করা হবে না এবং আখিরাতে সে ক্ষতিগ্রস্তদের অন্তর্ভুক্ত হবে।”"
3364,YES,NO,SUNNI_BOOK,COVERED,"“বুরুল্লাহ ভাই... পরশু তুমি যখন ঈমানের স্তরগুলোর কথা বলেছিলে, আমি শুধু শুনিনি—আমি ভেঙে পড়েছিলাম। নিজেকে মুসলিম ভাবতাম, কিন্তু বুঝতে পারলাম—আমার ভেতরে কতটা নফস, কতটা অভ্যাসের ইবাদত লুকিয়ে ছিল।”"
3367,YES,NO,SUNNI_BOOK,COVERED,"“হ্যাঁ... সেই ভাঙনেই হয়তো শুরু হবে আমার যাত্রা। আমি বুঝতে শিখছি—মুসলিম হওয়া আর মুমিন হওয়ার মাঝে কতটা দূরত্ব। আমল ছিল, কিন্তু তাকওয়া ছিল না। দোয়া ছিল, কিন্তু আত্মসমর্পণ ছিল শর্তসাপেক্ষ।”"
3377,YES,NO,SUNNI_BOOK,COVERED,"এবার প্রশ্ন করল বুরুল্লাহ, “নাম তো গায়ে লেগেই আছে, রাহাত। মুসলিম। সেটা নিয়ে কী করবি?”"
3395,YES,NO,SUNNI_BOOK,COVERED,"তার নিচে আরেকটি লাইন: রাহাতের গল্প এখানেই শেষ নয়। বরং এখান থেকেই শুরু—মুসলিম থেকে মুমিন হওয়ার নীরব, দীর্ঘ, রক্তক্ষয়ী নয়—বরং আত্মক্ষয়ী সেই পথচলা।"
3397,NO,NO,SUTRA_MARKER,FLAGGED_UNCLAIMED,সূত্র
3398,YES,NO,CITATION_BULLET|QURAN_MARKER,COVERED,"•  কুরআন ৩৫:৭ — api.alquran.cloud, CONFIRMED।"
3399,YES,NO,CITATION_BULLET|QURAN_MARKER,COVERED,"•  কুরআন ৪:৪৮ — api.alquran.cloud, CONFIRMED।"
3400,YES,NO,CITATION_BULLET|QURAN_MARKER,COVERED,"•  কুরআন ৩:৮৫ — api.alquran.cloud, CONFIRMED।"
3411,NO,NO,QURAN_MARKER,FLAGGED_UNCLAIMED,"জানালার তাকে একটি কাঠের রেহাল, তার ওপর অনুবাদসহ একটি কুরআন। রাহাত সেটা তুলতে গিয়ে আঙুলে ধুলো পেল। ফুঁ দিল। ধুলো উড়ে ফ্যানের বাতাসে মিশে গেল।"
3412,YES,NO,QURAN_MARKER|SUNNI_BOOK,COVERED,"ঠিক এই ভঙ্গিতে সে নিজের কথা বলেছিল সেদিন লাইব্রেরিতে, আঙুলে ধুলো দেখিয়ে। কিছুদিন আগেও সে ছিল কেবল নামধারী মুসলিম। নামাজে ফাঁকি, কুরআনে ধুলো, আর অন্তরে লুকানো অহংকারের রাজত্ব। এখন সে ঠিক সময়ে দাঁড়াচ"
3414,NO,NO,QURAN_MARKER,FLAGGED_UNCLAIMED,"আমরা তিনজন মাদুরে বসলাম। রাহাত দেয়ালে পিঠ দিয়ে, হাঁটু ভাঁজ করে, কুরআনটা কোলে।"
3419,NO,NO,QURAN_MARKER,FLAGGED_UNCLAIMED,"“ওই যে যাচ্ছেন, দেখ,” সে বলল, জানালার দিকে চোখ রেখে। “সমাজে অনেকেই আছেন, কেউ হাফেজ, কেউ কারী, কেউ নিয়মিত নামাজি ও রোজাদার। ইসলামি পোশাক, মুখে জিকির, আয়াত মুখস্থ—এসবই তাঁদের বাহ্যিক পরিচয়। চারপাশের "
3421,YES,NO,SUNNI_BOOK,COVERED,"“কিন্তু একদিন হঠাৎ হৃদয়ে একটি প্রশ্ন বিদ্যুতের মতো নেমে আসে— তোমার নাম মুসলিম, কিন্তু তোমার নফস? সে কি আত্মসমর্পণ করেছে— নাকি এখনো নিজের খেয়ালের গোলাম?”"
3422,NO,NO,QURAN_MARKER,FLAGGED_UNCLAIMED,চোখ নামিয়ে নিল রাহাত। কোলের কুরআনের মলাটে তার বুড়ো আঙুল একটি দাগ ঘষছিল।
3423,YES,NO,SUNNI_BOOK,COVERED,"“এই প্রশ্নে আত্মার আয়নায় যেন সূক্ষ্ম একটি ফাটল ধরে,” বুরুল্লাহ বলল। “সেই ফাটল দিয়েই শুরু হয় অন্তরদর্শনের যাত্রা। আমি কি কেবল পরিচয়ে মুসলিম? নাকি আমার আত্মা সত্যিই রবের প্রেমে নত হয়েছে? এই প্রশ্ন"
3449,NO,NO,QURAN_MARKER,FLAGGED_UNCLAIMED,"“আত্মারও চার্জ লাগে,” বুরুল্লাহ বলল। “মোবাইল যেমন চার্জ ছাড়া অচল হয়ে পড়ে, তেমনি আত্মাও নিস্তেজ হয়ে পড়ে—যদি তা নিয়মিত যিকির, নামাজ, কুরআন, ও তাওবার আলো না পায়।”"
3450,NO,NO,QURAN_MARKER,FLAGGED_UNCLAIMED,"সে রাহাতের কোলের কুরআনটার দিকে হাত বাড়াল। “তেরো নম্বর সূরা, আটাশ নম্বর আয়াত। খোঁজ তো।”"
3452,NO,NO,QURAN_MARKER,FLAGGED_UNCLAIMED,"“যিকির,” বুরুল্লাহ বলল, একটি আঙুল তুলে। “প্রতিটি ‘ইয়া আল্লাহ’, ‘ইয়া রব্ব’ ডাকে আত্মা নবজন্ম লাভ করে, যেন কুয়াশাভরা হৃদয়ে সূর্যের আলো ফোটে। যিকির মানে শুধু স্মরণ নয়—এটা আত্মাকে নিজের মূল উৎসের সাথ"
3456,NO,NO,QURAN_MARKER,FLAGGED_UNCLAIMED,"“দুই নম্বর সূরা, দুশো বাইশ।”"
3457,NO,NO,QURAN_MARKER,FLAGGED_UNCLAIMED,"এটা লম্বা সূরা, রাহাতকে অনেক পাতা পেছোতে হলো। আয়াতের শেষ অংশটা খুঁজে আঙুল রেখে সে নিজেই বাংলা পড়ল এবার: “নিশ্চয়ই আল্লাহ তওবাকারীদের ভালোবাসেন, আর যারা আত্মা পরিশুদ্ধ রাখে, তাঁদেরও ভালোবাসেন।”"
3462,NO,NO,QURAN_MARKER,FLAGGED_UNCLAIMED,"“শেষটা দশ নম্বর সূরা, সাতান্ন,” বুরুল্লাহ বলল।"
3463,NO,NO,QURAN_MARKER,FLAGGED_UNCLAIMED,রাহাত খুঁজে পেয়ে কুরআনটা আমার দিকে ঘুরিয়ে দিল। আমি পড়লাম: “হে মানুষ! তোমাদের কাছে এসেছে উপদেশ ও অন্তরের রোগের শিফা।”
3464,NO,NO,QURAN_MARKER,FLAGGED_UNCLAIMED,"চতুর্থ আঙুল। “আর কুরআন। কুরআন শুধু হুকুমের বই নয়—এটা এক অনন্ত সান্ত্বনার বৃষ্টি, যে শব্দ হৃদয়কে আরামের ঝর্ণায় ভিজিয়ে দেয়। যখন নফস বলে—‘আমি যা চাই,’ আত্মা তখন উত্তরে বলে—‘আমার রব যা চান, সেটাই আমা"
3466,NO,NO,QURAN_MARKER,FLAGGED_UNCLAIMED,"রাহাত সেটা উল্টে মাদুরে রাখল। আর হাতে নিল না। কুরআনের পাতায় আঙুলটা রেখে দিল, যাতে জায়গাটা না হারায়।"
3469,YES,NO,SUNNI_BOOK,COVERED,"“শুধু মুসলিম নাম ধারণ করা যথেষ্ট নয়,” বুরুল্লাহ বলল। “আসল পরিচয় আসে হৃদয়ের বদল থেকে। যখন আত্মা বলে—‘আমি তাঁরই, যিনি আমাকে সৃষ্টি করেছেন।’ তখন ‘মুসলিম’ পরিচয় হয়ে ওঠে জীবনের প্রতিটি শ্বাসে প্রবাহিত"
3474,YES,NO,RASUL_SAID,COVERED,“আর জাহান্নাম থেকে আলাদা করার একটি নাম আছে। রাসূলুল্লাহ ﷺ বলেছেন—” সে খাতাটা রাহাতের হাতে দিল। “আরবিটা তুই পড়।”
3487,NO,NO,QURAN_MARKER,FLAGGED_UNCLAIMED,"“আর অহংকার হলো সেই পর্দা, যা আল্লাহর নূরের পথকে ঢেকে দেয়। যার আত্মা নিজের ‘আমি’কে ভাঙতে শেখে, সেই-ই আল্লাহর দরবারে গ্রহণযোগ্য হয়। দ্বিতীয় খুঁটি, নফসের দমন। একানব্বই নম্বর সূরার নয় নম্বর আয়াতটা দে"
3488,NO,NO,QURAN_MARKER,FLAGGED_UNCLAIMED,"রাহাত শেষের দিকের পাতায় গেল। ছোট সূরা, তাড়াতাড়ি পেল। বাংলাটা সে পড়ল: “আর সেই ব্যক্তি সফল, যে নিজেকে পরিশুদ্ধ করল।”"
3490,NO,NO,QURAN_MARKER,FLAGGED_UNCLAIMED,"“তৃতীয়টা হৃদয়ের পরিশুদ্ধি। ছাব্বিশ নম্বর সূরা, অষ্টাশি আর ঊননব্বই।”"
3491,NO,NO,QURAN_MARKER,FLAGGED_UNCLAIMED,"এবার পাতা খুঁজলাম আমি, রাহাতের কোল থেকে কুরআনটা নিয়ে। পড়লামও আমি: “যেদিন ধন-সম্পদ ও সন্তান-সন্ততি কোনো কাজে আসবে না, সেদিন কেবল সেই সফল, যে পরিশুদ্ধ হৃদয় নিয়ে আল্লাহর কাছে আসবে।”"
3509,NO,NO,QURAN_MARKER,FLAGGED_UNCLAIMED,"বুরুল্লাহ আমার হাত থেকে কুরআনটা নিল। শেষের দিকের পাতা উল্টে একটি জায়গায় থামল, তারপর ধীরে ধীরে পড়ল, প্রায় ফিসফিস করে:"
3511,NO,NO,QURAN_MARKER,FLAGGED_UNCLAIMED,"পড়া শেষ করে সে কুরআনটা খোলা অবস্থায় রাহাতের তোলা হাতের ওপর রাখল। রাহাত চোখ মুছে নিচের বাংলাটা পড়ল, নিজের গলায়:"
3514,YES,NO,QURAN_MARKER,COVERED,"তারপর সে কুরআনটা রেহালে রাখল, পকেট থেকে নিজের খাতা আর কলম বের করল। নতুন পাতার মাথায় লিখল: «৮৯:২৭–২৮»। নিচে একটি লাইন লিখে কলম থামাল। আমি তার কাঁধের পাশ থেকে পড়লাম: «ফিরিয়ে দিলাম।»"
3515,NO,NO,QURAN_MARKER,FLAGGED_UNCLAIMED,"আমার তখন মনে হয়েছিল, সেই মুহূর্তেই যেন কুরআনের এই আয়াত তার হৃদয়ে খোদাই হয়ে গেল। সে নিজের নফসকে চিনেছে, আর নিজের অহংকে সিজদায় ভেঙে দেওয়ার পথে প্রথম পা রেখেছে। সে এখন আর শুধু নামধারী নয়—তার আত্মা"
3529,NO,NO,SUTRA_MARKER,FLAGGED_UNCLAIMED,সূত্র
3530,YES,NO,CITATION_BULLET|QURAN_MARKER,COVERED,"•  কুরআন ১৩:২৮, ২৯:৪৫, ২:২২২, ১০:৫৭, ৯১:৯, ২৬:৮৮–৮৯, ৮৯:২৭–২৮ — api.alquran.cloud, CONFIRMED।"
3531,YES,YES,CITATION_BULLET|PAGE_CHECK_MARKER,COVERED,"•  «إن الله فطم ابنتي فاطمة…» — খাতায় কানযুল উম্মাল, খণ্ড ৬, পৃ. ২১৯; খণ্ড/পৃষ্ঠা মেলানো হয়নি — PAGE-CHECK।"
3532,YES,YES,CITATION_BULLET|SUTRA_MARKER|BARNITA_MARKER,COVERED,•  «অন্তরে সরিষা দানা পরিমাণ অহংকার» — এই শব্দে সূত্র খাতায় নেই — «বর্ণিত আছে»।
3545,YES,NO,SHIA_BOOK,COVERED,"“চার নম্বর, সাধারণ মুমিন। সাধারণ মুমিন হলো সেই ব্যক্তি, যে ইসলামকে সত্য ধর্ম হিসেবে মেনে নিয়েছে, তবে তার ঈমান ও আমল দৃঢ় নয়। সে কখনো কখনো গুনাহ করে, কিন্তু তা বুঝতে পারলে অনুতপ্ত হয়। তার ঈমানের দুর"
3547,NO,NO,QURAN_MARKER,FLAGGED_UNCLAIMED,"বুরুল্লাহ সে কথায় কিছু যোগ করল না। জানালার দিকে গলা তুলল। “তাকাভি, তোমার কুরআনটা সাথে আছে? উনত্রিশ নম্বর সূরা, দশ নম্বর আয়াত। কুরআনে এদের কথা আছে।”"
3548,NO,NO,QURAN_MARKER,FLAGGED_UNCLAIMED,"জানালার ওপাশে রাকিকার পাশ থেকে তাকাভি নিজের অনুবাদসহ কুরআনটা ব্যাগ থেকে বের করল। পাতা উল্টাতে সময় লাগল। জারিয়া হাঁড়ি রেখে তার কাঁধের পাশে এসে দাঁড়াল, আঙুল দিয়ে জায়গাটা দেখিয়ে দিল। তাকাভি পড়ল:"
3550,NO,NO,QURAN_MARKER,FLAGGED_UNCLAIMED,"বুরুল্লাহ মাথা নাড়ল। “পাঁচ, প্রকৃত মুমিন। প্রকৃত মুমিন হলো যার ঈমান দৃঢ়, বিশ্বাস অটল এবং যিনি ইসলামের সব বিধান মেনে চলেন। অন্তরের বিশ্বাসের সাথে সম্পর্কিত। সত্যিকারের ঈমান শুধু মুখের উচ্চারণ নয়, বর"
3554,YES,NO,QURAN_MARKER|SUNNI_BOOK,COVERED,"বুরুল্লাহ বলল, “মুমিন-মুনাফিক। মুনাফিক মুমিন হলো যারা বাহ্যিকভাবে নিজেদের মুমিন বলে দাবি করে, কিন্তু তাদের অন্তরে ঈমান নেই। তারা মুসলিমদের সঙ্গে থাকে, কিন্তু সুযোগ পেলে ইসলামবিরোধী কর্মকাণ্ড করে। তাদে"
3560,NO,NO,QURAN_MARKER,FLAGGED_UNCLAIMED,"“চার নম্বর সূরারই একশো তেতাল্লিশে আছে,” বুরুল্লাহ বলল। “কুরআনের বর্ণনা— তারা ঈমানদারদের সঙ্গে থেকেও আসলে ঈমানদার নয় এবং কাফেরদের সঙ্গে থেকেও পুরোপুরি কাফের নয়। তারা মাঝামাঝি অবস্থানে দ্বিধাগ্রস্ত।”"
3563,NO,NO,QURAN_MARKER,FLAGGED_UNCLAIMED,"“মুত্তাকী। মুত্তাকী হলো এমন মুমিন, যারা আল্লাহর প্রতি ভয় ও ভালোবাসার কারণে সর্বোচ্চ সতর্কতার সাথে জীবনযাপন করে এবং ন্যায়-অন্যায়ের মাঝে স্পষ্ট পার্থক্য করে চলে। আর মুত্তাকীদের জন্যই ইমামদের হেদায়াত"
3564,NO,NO,QURAN_MARKER,FLAGGED_UNCLAIMED,"জারিয়া তাকাভির হাত থেকে কুরআনটা নিল। রোজ রাতে সে ভাইকে একটি করে আয়াতের অর্থ পড়ে শোনায়; পাতা খুঁজতে তার সময় লাগল না। ভাইকে যেভাবে শোনায়, সেভাবেই পড়ল: “‘নিশ্চয়ই মুত্তাকীদের জন্য রয়েছে জান্নাতসম"
3570,NO,NO,QURAN_MARKER,FLAGGED_UNCLAIMED,"এশার পর আমরা কয়েকজন বন্ধু মসজিদের প্রশস্ত আঙিনায় বসে ছিলাম— চারপাশে নীরবতা, মাথার ওপর তারাভরা আকাশ। চাঁদ তখনো ওঠেনি। দূরে কোথাও ঝিঁঝিঁ পোকার ডাক, আর বাতাসে ভেসে আসছিল মাটির ঘ্রাণ। রাকিকা আর তাকাভি জ"
3574,NO,NO,QURAN_MARKER,FLAGGED_UNCLAIMED,"হাফেজ ফয়সাল। যার মুখে কুরআনের পর কুরআন। সে বলছে, ভেতরে সে দুর্বল।"
3609,NO,NO,HADITH_WORD,FLAGGED_UNCLAIMED,"বুরুল্লাহ খাতাটা রাকিকার দিকে বাড়িয়ে দিল। “তুমিই আলো ধরো, আর এবার নিজের চোখে দেখো। পরের দুই পাতা।” রাকিকা আলো ফেলল, খাতা রইল বুরুল্লাহর হাতে। তারপর বুরুল্লাহ সবার দিকে তাকিয়ে ধীরে ধীরে ইমাম জাফর আস"
3633,NO,NO,SUTRA_MARKER,FLAGGED_UNCLAIMED,সূত্র
3634,YES,NO,CITATION_BULLET|QURAN_MARKER,COVERED,"•  কুরআন ২৯:১০, ২৩:১–২, ৪:১৪৫, ৪:১৪৩, ৫৪:৫৪–৫৫, ৭২:২৬–২৭, ৭:১৯৯, ২২:৩৫ — api.alquran.cloud, CONFIRMED। (২২:৩৫-এর উদ্ধৃত অংশ আয়াতের মাঝের বাক্য।)"
3635,YES,YES,CITATION_BULLET|PAGE_CHECK_MARKER|SHIA_BOOK,COVERED,"•  ইমাম জাফর আস-সাদিক (আলাইহিস্ সালাম)-এর «মুমিনের বৈশিষ্ট্য» (দীর্ঘ তালিকা) — আল-কাফি, কিতাবুল ঈমান ওয়াল কুফর (সিফাতুল মুমিন) অধ্যায়ের সাথে মিল; শব্দে মেলানো হয়নি — PAGE-CHECK।"
3636,YES,YES,CITATION_BULLET|PAGE_CHECK_MARKER|SHIA_BOOK,COVERED,"•  ইমাম রেযা (আলাইহিস্ সালাম): «মুমিন হবে না যতক্ষণ না তিন সুন্নাত — রবের, নবীর, ওলীর» — আল-কাফি খণ্ড ২ ও উয়ুন আখবারির রিদা-য় বর্ণিত বলে জানা; পৃষ্ঠা মেলানো হয়নি — PAGE-CHECK।"
3637,YES,YES,CITATION_BULLET|SUTRA_MARKER|BARNITA_MARKER,COVERED,"•  «তিনটি গুণ… ঈমান পূর্ণ হবে», «আমানতদার… প্রাচুর্যকে বিপদ», «সবকিছুই তাকে ভয় করে», «ফেরেশতারা মুমিনদের নূর দেখে» — খাতায় সূত্রহীন — «বর্ণিত আছে»।"
3638,YES,YES,CITATION_BULLET|SUTRA_MARKER|BARNITA_MARKER,COVERED,•  «আল্লাহ মুমিনকে দুনিয়ার বিপদ থেকে মুক্ত রাখেননি…» — খাতায় সূত্রহীন — «বর্ণিত আছে»।
3652,NO,NO,QURAN_MARKER,FLAGGED_UNCLAIMED,"ফয়সালের গ্রামের বাগানের নির্জন কোণায় রাখা টেবিলে বসে আছি আমরা পাঁচ বন্ধু— বুরুল্লাহ, ফয়সাল, শামস, রাহাত আর আমি। রাকিকা আর তাকাভি জারিয়ার সাথে পাশের মোড়ায়, তাকাভির কোলে তার অনুবাদসহ কুরআন, কাপড়ে"
3657,NO,NO,QURAN_MARKER,FLAGGED_UNCLAIMED,"বুরুল্লাহ কাগজটা দুই আঙুলে ধরে রাখল, খুলল না। গভীর স্বরে বলল, “হয়তো অপেক্ষা করছিল— আমাদের দৃষ্টি যেন ঠিক সময়ে এর দিকে পড়ে। আর আশ্চর্যের বিষয় কি জানো! গতকালের আলোচনার সঙ্গে এই কাগজে লেখা আয়াতটির গ"
3658,NO,NO,QURAN_MARKER,FLAGGED_UNCLAIMED,"সে ধীরে কাগজটি খুলল। তাতে দুই রকম কালি। নিচে পুরোনো, ফিকে বাদামি হয়ে যাওয়া কালিতে একটি আয়াত, আরবিতে। আর ওপরে, টাটকা নীল কালিতে, কাল রাতের লেখা একটি লাইন—"
3666,NO,NO,QURAN_MARKER,FLAGGED_UNCLAIMED,"“তাহলে বন্ধুরা, চলো আজ আমরা এই কাগজে লেখা আয়াত দিয়ে শুরু করি কি বলো? সূরা আল-বাকারার দ্বিতীয় আয়াত। আল্লাহ তাআলা বলেছেন—”"
3669,NO,NO,QURAN_MARKER,FLAGGED_UNCLAIMED,"তাকাভি ততক্ষণে নিজের কুরআনের দ্বিতীয় পৃষ্ঠা খুলে ফেলেছে। আঙুল রেখে বাংলাটা পড়ল, “এটা সেই মহা কিতাব, যার মধ্যে কোনো সন্দেহ নেই। এটি মুত্তাকীদের জন্য পথপ্রদর্শক।”"
3670,NO,NO,QURAN_MARKER,FLAGGED_UNCLAIMED,"আমি কাগজের নীল লাইনটার ওপর আঙুল রাখলাম। “এই আয়াত যেন এক চিরন্তন আলোর বিন্দু, যার আলোয় মুত্তাকীরা পথ খুঁজে পায়। কিন্তু প্রশ্ন থেকে যায়— এখানে কি শুধু কোরআনের কিতাবের কথাই বলা হয়েছে, নাকি আরও এক অন"
3673,NO,NO,QURAN_MARKER,FLAGGED_UNCLAIMED,"রাকিকা তাকাভির কুরআনের খোলা পাতার দিকে ঝুঁকে বলল, “তাহলে কি বোঝা যায়—কোরআন মুত্তাকীদের জন্য নির্দেশনা, আর ইমাম হলেন সেই নির্দেশনার জীবন্ত ব্যাখ্যা?”"
3676,NO,NO,QURAN_MARKER,FLAGGED_UNCLAIMED,"কথাটি বলার সময় ফয়সাল নিজের দুই হাতের দিকে তাকিয়ে ছিল। যে হাত দিয়ে সে ছোটবেলা থেকে কুরআনের পাতা উল্টেছে, ত্রিশ পারা।"
3678,NO,NO,QURAN_MARKER,FLAGGED_UNCLAIMED,কুরআন থাকতে ইমাম কেন?
3681,NO,NO,QURAN_MARKER,FLAGGED_UNCLAIMED,"ফয়সাল তাড়াহুড়ো করল না। কুরআনের ওপর রাখা তাকাভির হাতের দিকে একবার তাকাল। “না, রাকিকা। কোরআন এক শাশ্বত বাণী, আর আলী (আলাইহিস্ সালাম) সেই বাণীর জীবন্ত রূপ। কোরআন আমাদের পথ দেখায়, আর ইমাম সেই পথে আমাদ"
3683,NO,NO,HADITH_WORD,FLAGGED_UNCLAIMED,"এবার বুরুল্লাহ বলল, গভীর স্বরে, “মুত্তাকীরা তারাই, যারা হৃদয়ের মণিকোঠায় কোরআন ধারণ করে, যারা কুফর এবং পাপ থেকে নিজেদের রক্ষা করে। তারা সেই পরিশুদ্ধ আত্মারা, যারা ইমামদের জ্ঞান ও নির্দেশনার প্রতি আস্"
3684,NO,NO,QURAN_MARKER,FLAGGED_UNCLAIMED,"শামস তাকাভির কুরআনটা আলতো করে নিজের দিকে ঘুরিয়ে নিল। পরের আয়াতে আঙুল নামাল, ঠোঁট নড়ল। তারপর মুখ তুলল। “এখানে লেখা, যারা অদৃশ্যে বিশ্বাস করে। তাহলে ‘অদৃশ্যের প্রতি বিশ্বাস’ বলতে ঠিক কী বোঝানো হয়েছে"
3686,NO,NO,QURAN_MARKER,FLAGGED_UNCLAIMED,"রাকিকা কুরআনটা টেনে নিজের কোলে নিল না, শুধু হাত বাড়িয়ে পাতাটা ধরে রাখল, যেন কেউ উল্টে না দেয়। “কিন্তু এর প্রমাণ কী? এই সব কি নিছক কল্পনা?”"
3687,NO,NO,QURAN_MARKER,FLAGGED_UNCLAIMED,"একটি প্রশান্ত হাসি ছড়িয়ে আমি বললাম, “এটি কল্পনা নয়, রাকিকা। কোরআনে এসেছে, ‘অদৃশ্যের বিষয় আল্লাহর কাছেই নির্ধারিত। অপেক্ষা করো, আমি তোমাদের সঙ্গে অপেক্ষা করছি।’ এই আয়াতের ব্যঞ্জনা ইমাম মাহদী (আলাই"
3689,YES,NO,QURAN_MARKER,COVERED,"তাকাভি কুরআনটা ফেরত নিল। সূচিপত্রে আঙুল চালাল, তারপর অনেকটা সামনে উল্টে গেল, সূরা ইউনুস। একটি আয়াতের নিচে নখ দিয়ে দাগ টেনে কুরআনটা রাকিকার দিকে ঘুরিয়ে দিল। রাকিকা নিজে পড়ল, নিঃশব্দে, ঠোঁট নড়ছিল। "
3700,NO,NO,QURAN_MARKER,FLAGGED_UNCLAIMED,"আমি বললাম, “তাহলে কি আমরা সেই কুরআনের বলা মানুষদের মতো? যারা মুমিনদের সঙ্গেও আছে, আবার কাফেরদের দিকেও ঝুঁকে থাকে— মাঝামাঝি এক ভয়ংকর অবস্থানে?”"
3730,NO,NO,HADITH_WORD,FLAGGED_UNCLAIMED,"আমার খাতায় হাদীসটি লেখা ছিল, লম্বা সনদসহ। আলো তখন কমে এসেছে, অক্ষর ঝাপসা। ফয়সালের চাচাতো ভাই নিজের মোবাইলের টর্চ জ্বেলে খাতার ওপর ধরল। আমি সনদের শেষটুকু পড়লাম, ইমাম আবু আবদিল্লাহ, ইমাম জাফর আস-সাদি"
3743,NO,NO,SUTRA_MARKER,FLAGGED_UNCLAIMED,সূত্র
3744,YES,NO,CITATION_BULLET|QURAN_MARKER,COVERED,"•  কুরআন ২:২, ২:৩ («যারা অদৃশ্যে বিশ্বাস করে»), ১০:২০ — api.alquran.cloud, CONFIRMED।"
3745,YES,YES,CITATION_BULLET|BARNITA_MARKER,COVERED,•  ২:৩-এর «অদৃশ্য» = ইমাম মাহদী (আলাইহিস্ সালাম)-এর গায়বত — শিয়া রেওয়ায়েতে বর্ণিত (কামালুদ্দীন ধাঁচের); নির্দিষ্ট খণ্ড-পৃষ্ঠা মেলানো হয়নি — «বর্ণিত আছে»।
3746,YES,YES,CITATION_BULLET|PAGE_CHECK_MARKER,COVERED,•  সাফা পাহাড়ের বাণী — খাতায় সনদ: মুহাম্মাদ ইবনে মুসা ইবনুল মুতাওয়াক্কিল ← মুহাম্মাদ ইবনে জাফর আল-হিমইয়ারী ← আহমাদ ইবনে মুহাম্মাদ ইবনে আলী ← হাসান ইবনে মাহবুব ← আলী ইবনে রিয়াব ← আবু উবাইদা আল-হাজ
3747,YES,NO,CITATION_BULLET|SUTRA_MARKER,COVERED,"•  বুরুল্লাহর স্বপ্ন — খাতা ¶3096–3108; সাক্ষ্য হিসেবে, সূত্র-দাবি নয় (S-80)।"
3765,NO,NO,QURAN_MARKER,FLAGGED_UNCLAIMED,"“কিন্তু এক রাতে— যে রাতের কথা তিনি আমাকে কখনো বলেননি, আমি শুধু তাঁর চোখে দেখেছি— তাঁর অন্তরের গভীরে একটি আয়াত প্রতিধ্বনিত হয়েছিল: ‘আল্লাহ মুত্তাকীদের অভিভাবক।’”"
3766,NO,NO,QURAN_MARKER,FLAGGED_UNCLAIMED,"ফয়সাল প্রায় নিঃশব্দে আরবিটা বলল, অভ্যাসে, যেভাবে হাফেজরা আয়াতের শেষটুকু আপনা থেকে মিলিয়ে দেয়: “وَاللَّهُ وَلِيُّ الْمُتَّقِينَ।”"
3785,NO,NO,QURAN_MARKER|HADITH_WORD,FLAGGED_UNCLAIMED,“ব্যবসার শীর্ষে বসে হঠাৎ শূন্যতা তাকে আচ্ছন্ন করল। তার চোখে ভেসে উঠল অতীতের ভুল। তখন কুরআনের আয়াত যেন তার অন্তর ভেদ করে প্রবেশ করল: ‘আল্লাহ মুত্তাকীদের অভিভাবক।’ এই আয়াতের সাথে সাথে সে মনে করল রাসূল
3789,NO,NO,QURAN_MARKER,FLAGGED_UNCLAIMED,"“ইবনে রাজ্জাকের জীবনে এলো এক নতুন মোড়। তাহাজ্জুদের অশ্রু, কুরআনের আলো, আর রাতের নীরব আত্মসমালোচনা— তাকে নিয়ে গেল এক অচেনা জগতে। কিন্তু এক দুপুরে হঠাৎ মনে হলো— ‘আমি তো এখন অনেক ভালো! লোকেরা সম্মান কর"
3801,NO,NO,QURAN_MARKER,FLAGGED_UNCLAIMED,"“ইবনে রাজ্জাক বুঝতে পারলেন, কেবল নিজের ইবাদত যথেষ্ট নয়। চারপাশে অন্ধকার বাড়ছে— যুবকেরা হতাশ, কুরআন কেবল মৃত্যুর পর জানাজার পাশে পড়া হচ্ছে, কুরআন খতম করা হচ্ছে; নামাজ হচ্ছে, কিন্তু মিরাজ হচ্ছে না, চ"
3802,NO,NO,QURAN_MARKER,FLAGGED_UNCLAIMED,"“এরপর থেকে তাঁর জীবন নতুন পথে হাঁটল: তিনি গ্রামে গ্রামে ছড়িয়ে দিলেন ‘আল্লাহর পথে সহজ সরল জীবন’ বার্তা। কৃষকের সঙ্গে বন্ধুত্ব গড়লেন, নারীদের জন্য কুরআনের আলো খুললেন। তরুণদের শেখালেন: বৈধ ব্যবসায় আছ"
3806,NO,NO,QURAN_MARKER,FLAGGED_UNCLAIMED,"“তিনি শুরু করলেন এক ছোট্ট পাঠশালা। কোনো মাইক নেই, কোনো বক্তৃতা নয়। তরুণদের সঙ্গে বসে পড়তেন কুরআনের আয়াত, বলতেন: ‘মুত্তাকী হওয়া মানে হুজুর হবার লাইসেন্স নয়। বরং গরিবের কান্না শুনে তার পাশে দাঁড়ান"
3822,NO,NO,SUTRA_MARKER,FLAGGED_UNCLAIMED,"“ভোরের নিস্তব্ধতা ভেঙে এক মানুষ উঠে দাঁড়ায়। তার নাম ইবনে রাজ্জাক — যিনি একদিন সমাজের শিক্ষক ছিলেন, আর আজ হয়ে উঠেছেন সময়ের সৈনিক। তিনি তাঁর খাতায় লিখেছিলেন এক অবিনশ্বর সূত্র: ‘মানুষের আসল পরিচয় প"
3866,NO,NO,SUTRA_MARKER,FLAGGED_UNCLAIMED,সূত্র
3867,YES,NO,CITATION_BULLET|QURAN_MARKER,COVERED,"•  কুরআন ৪৫:১৯ («وَاللَّهُ وَلِيُّ الْمُتَّقِينَ»), ১১:১১৩, ৯:১০৩ — api.alquran.cloud, CONFIRMED।"
3868,YES,YES,CITATION_BULLET|PAGE_CHECK_MARKER|HADITH_WORD,COVERED,"•  «নিজের নফসের বিরুদ্ধে জিহাদই সর্বশ্রেষ্ঠ জিহাদ» — খাতায়: আল-বায়হাকী, আল-যুহদ আল-কাবীর, হাদীস ৩৭৩ (জাবির থেকে); মেলানো হয়নি — PAGE-CHECK।"
3869,YES,YES,CITATION_BULLET|SUTRA_MARKER|BARNITA_MARKER,COVERED,•  «তোমার সবচেয়ে বড় শত্রু… তোমার নফস» — ইমাম আলী (আলাইহিস্ সালাম)-এর নামে প্রচলিত; সূত্র খাতায় নেই — «বর্ণিত আছে»।
3870,YES,NO,CITATION_BULLET|HADITH_WORD,COVERED,•  «লাব্বাইক ইয়া মাহদি… أنت المقصود» — চাচার খাতার শপথ-বাক্য; কোনো হাদীস-দাবি নয়।
3871,YES,NO,CITATION_BULLET,COVERED,•  চাচার স্বপ্ন — খাতা ¶3448–3462; সাক্ষ্য হিসেবে (S-80)।
3873,NO,NO,QURAN_MARKER,FLAGGED_UNCLAIMED,"০১  আগে আয়াত, তারপর দাবি"
3893,NO,NO,QURAN_MARKER,FLAGGED_UNCLAIMED,"“এই সন্ধানের মূল চাবিকাঠি হলো অনুসন্ধানী চেতনা—এমন একটি দৃষ্টি, যা আয়াতের গভীরতাকে উপলব্ধি করতে পারে, যার প্রতিটি শিরা-উপশিরায় নিহিত রয়েছে এক মহান সত্যের আলো। পবিত্র কোরআনে এমন অসংখ্য আয়াত রয়েছে,"
3894,NO,NO,QURAN_MARKER,FLAGGED_UNCLAIMED,"পাতা উল্টে রাকিকা পড়ল, “এই বইটি গবেষণার এক সোনালি সমুদ্র, যেখানে প্রতিটি তরঙ্গ সাইয়্যিদা ফাতিমাতুয্ যাহরা (আলাইহাস্ সালাম)-এর মর্যাদার প্রতিচ্ছবি। এ পর্যায়ে এই আলোকিত বিশ্লেষণের ধারাবাহিকতায় আমরা "
3896,NO,NO,QURAN_MARKER,FLAGGED_UNCLAIMED,"উত্তরে বইটা রাকিকার হাত থেকে নিয়ে বুরুল্লাহ শেষ মলাটের ভেতরের পাতা খুলল। সেখানে পেনসিলে, ছোট ছোট সংখ্যায়, একটির নিচে আরেকটি, সাতটি আয়াতের নম্বর লেখা। হাতের লেখা বুরুল্লাহর।"
3897,NO,NO,QURAN_MARKER,FLAGGED_UNCLAIMED,"“ছাপার পরে লিখেছিলাম,” সে বলল। “তিনটা দিয়ে শুরু। আরও চারটা পরে খুঁজে পেয়েছি।” সে বইটা রাহাতের দিকে ঠেলে দিল। “সাত দিন, সাতটা আয়াত। যদি থাকিস।”"
3905,NO,NO,QURAN_MARKER,FLAGGED_UNCLAIMED,"পরের পাতায় «একনজরে» তিনটি আয়াতের নাম, প্রত্যেকটির নিচে দুই-তিন লাইনের ব্যাখ্যা।"
3906,NO,NO,QURAN_MARKER,FLAGGED_UNCLAIMED,শামস ঝুঁকে পড়ল। তার আঙুল তৃতীয় নামে গিয়ে থামল। «কাওসারের আয়াত: সাইয়্যিদা ফাতিমাতুয্ যাহরা (আলাইহাস্ সালাম)-এর অস্তিত্ব ও বরকতের অফুরন্ত ধারা।»
3907,NO,NO,QURAN_MARKER,FLAGGED_UNCLAIMED,"“এই তো,” শামস বলল, উৎসাহে টেবিলে চাপড় দিয়ে। “কাওসার মানে মা ফাতিমা। ব্যস। ঘোষণা শেষ। পরের আয়াত।”"
3910,NO,NO,QURAN_MARKER,FLAGGED_UNCLAIMED,"“এটাই আমার বইয়ের সবচেয়ে বড় ভুল, শামস। ছাপার পরে বুঝেছি।” সে পাতাটার ওপর হাত রাখল। “আমি দাবিটা আগে লিখেছি। ‘কাওসার মানে ফাতিমা’— শিরোনামেই। তারপর আয়াত। যে পাঠক আমার সাথে একমত, সে খুশি হবে। যে একমত "
3912,NO,NO,QURAN_MARKER,FLAGGED_UNCLAIMED,"“সত্যি কথাও দাবি হয়ে গেলে মানুষ শোনে না। আয়াত হয়ে এলে শোনে।” এই বলে সে উঠে দেয়ালের ছোট সাদা বোর্ডটার কাছে গেল, মার্কার তুলল। বড় করে লিখল:"
3913,NO,NO,QURAN_MARKER,FLAGGED_UNCLAIMED,«আগে আয়াত। তারপর দাবি।»
3914,NO,NO,QURAN_MARKER,FLAGGED_UNCLAIMED,তার নিচে ছোট করে: «আয়াত → শব্দ → প্রেক্ষাপট → রেওয়ায়েত → তারপর আমি কী বুঝলাম।»
3918,NO,NO,QURAN_MARKER,FLAGGED_UNCLAIMED,"“যদি আল্লাহ এ পাঁচজনকে এত ভালবাসে তবে তা কোরআনে উল্লেখ নেই কেন? কুরআনের কোথাও আলী, ফাতেমা, হাসান, হোসনের নাম সরাসরি নাই কেন?”"
3921,NO,NO,QURAN_MARKER,FLAGGED_UNCLAIMED,"দরজায় চাচা দাঁড়িয়ে। কখন এসেছেন, কেউ টের পাইনি। হাতে একটি পুরোনো কুরআন, মলাটে কাপড়ের ঢাকনা।"
3923,NO,NO,QURAN_MARKER,FLAGGED_UNCLAIMED,তিনি কুরআনটা টেবিলে রাখলেন।
3925,NO,NO,QURAN_MARKER,FLAGGED_UNCLAIMED,"তিনি কুরআনের কাপড়ের ঢাকনা খুললেন, পাতা উল্টে সূরা কাসাসে গিয়ে একটি আয়াতে আঙুল রাখলেন, আর আরবিতে পড়লেন, ধীরে, প্রতিটি শব্দ আলাদা করে।"
3927,NO,NO,QURAN_MARKER,FLAGGED_UNCLAIMED,"তাকাভি ব্যাগ থেকে নিজের অনুবাদসহ কুরআনটা বের করল, আঠাশ নম্বর সূরা খুঁজে আঙুল নামাল আটষট্টি নম্বরে। পড়ল: “আর আপনার রব যা ইচ্ছা সৃষ্টি করেন এবং যাকে ইচ্ছা মনোনীত করেন এতে জনগণের কোন ক্ষমতা নেই।”"
3928,NO,NO,QURAN_MARKER,FLAGGED_UNCLAIMED,রাকিকা ঝুঁকে তাকাভির কুরআনটা নিজের দিকে টেনে নিল। ভুরু কুঁচকে কিছুক্ষণ আয়াতটা পড়ল সে। “নির্বাচন আল্লাহর। মানলাম। কিন্তু নাম?”
3929,NO,NO,QURAN_MARKER,FLAGGED_UNCLAIMED,"“নাম জানতে আয়াত লাগবে, মা। যে আয়াত বলবে, কারা।” চাচা একটু হাসলেন। “বুরুল্লাহ বোর্ডে কী লিখেছে, পড়ো তো। আগে আয়াত, তারপর দাবি। নামটা দাবি। আগে আয়াতগুলো দেখো, তারপর নিজেই বলো, কার নাম।”"
3949,NO,NO,QURAN_MARKER,FLAGGED_UNCLAIMED,"“ওটা কারও তাকে পড়ে থাকার জন্য লেখা হয়নি। আগেরবার তো বলেছি।” দরজার দিকে এগোতে এগোতে সে বলল, “প্রথম আয়াত কাল। চাদরের নিচে কারা ছিলেন। সকালে আসিস।”"
3950,YES,NO,,COVERED,পেনসিলের প্রথম সংখ্যাটার ওপর রাহাতের আঙুল থামল। ৩৩:৩৩।
3953,NO,NO,SUTRA_MARKER,FLAGGED_UNCLAIMED,সূত্র
3954,YES,NO,CITATION_BULLET|QURAN_MARKER,COVERED,"•  কুরআন ২৮:৬৮ — api.alquran.cloud, CONFIRMED।"
3955,YES,NO,CITATION_BULLET,COVERED,•  পাতলা বইয়ের ভূমিকা — খাতা ১ ¶4562–4569; গল্পের ভেতরের বই (S-183)।
3956,YES,NO,CITATION_BULLET,COVERED,"•  চাচা ও বুরুল্লাহর কথা — শ্রোতা – বুরুল্লাহ ০৪ (০৩.০৮.২০২২) L399, L440, L444 (দুই বাক্য), L445–446; জনির নিজের লেখা।"
3967,NO,NO,QURAN_MARKER,FLAGGED_UNCLAIMED,"বুরুল্লাহ টেবিলে কুরআন খুলল। রাহাতের দূরের চেয়ারের দিকে একবার তাকাল, মুখে কোনো মন্তব্য করল না।"
3968,NO,NO,QURAN_MARKER,FLAGGED_UNCLAIMED,"“কালকের বোর্ড মনে আছে? আগে আয়াত।” সে সূরা আহযাবের তেত্রিশ নম্বর আয়াতের শেষ অংশে আঙুল রাখল, তারপর কুরআনটা ফয়সালের দিকে ঘুরিয়ে দিল। “তুই পড়।”"
3970,NO,NO,QURAN_MARKER,FLAGGED_UNCLAIMED,"তাকাভি ততক্ষণে নিজের অনুবাদসহ কুরআনে তেত্রিশ নম্বর সূরা খুঁজে পেয়েছে। বাংলাটা পড়ল সে: “নিশ্চয়ই আল্লাহ চান, তিনি তোমাদের থেকে অপবিত্রতা দূর করে দিতে এবং তোমাদেরকে সম্পূর্ণরূপে পবিত্র করে দিতে, হে আহ"
3971,NO,NO,QURAN_MARKER|RASUL_SAID,FLAGGED_UNCLAIMED,"পড়া শেষ করে সে আঙুলটা ওপরের লাইনগুলোয় তুলল। “এই আয়াতের আগে-পরে রাসূলুল্লাহ ﷺ-এর স্ত্রীদের কথা। আমার এক আপা বলেন, তাই এখানে স্ত্রীরা।”"
3974,NO,NO,QURAN_MARKER,FLAGGED_UNCLAIMED,"“এই আয়াতের ব্যাখ্যা আমাদের এক শাশ্বত সত্যের দিগন্তে পৌঁছে দেয়। এটি সেই মহিমান্বিত পবিত্রতা ঘোষণা, যা রাসূলুল্লাহ ﷺ-এর ঘরের পাঁচজন অনন্য সদস্যের জন্য অবতীর্ণ হয়েছে— রাসূলুল্লাহ ﷺ, ইমাম আলী (আলাইহিস্"
3995,NO,NO,QURAN_MARKER,FLAGGED_UNCLAIMED,“একবার এক ঘরে বসে এই আয়াত অন্যভাবে শুনেছিলাম।”
4002,NO,NO,QURAN_MARKER,FLAGGED_UNCLAIMED,"“আজ চাদরের আয়াত,” সে আমাকে বলেছিল। “পবিত্রতার আয়াত। আমার মনে হলো, টেবিলে বসার মুখ আমার নেই।”"
4018,NO,NO,QURAN_MARKER|HADITH_WORD,FLAGGED_UNCLAIMED,"আমি, বুরুল্লাহ, শামস, রাকিকা ও ফয়সাল— রাহাতও— প্রতি সন্ধ্যার মতো আজও একত্র হয়েছি। আলোচনার মূল সুর কুরআনের আয়াত, হাদিস ও আহলুল বাইতের শিক্ষা। আজ শুরু করার ভার পড়েছিল আমার ওপর। হারিকেনটা খাতার পাশে "
4021,NO,NO,QURAN_MARKER,FLAGGED_UNCLAIMED,"ফয়সাল বইয়ের পাতায় হাত রেখে ধীরে বলল, “এই আয়াতটা পড়তে পড়তে আমার নিজের জীবনকেই মনে হয়। কারণ তাসনিম শুধু জান্নাতি পানীয় নয়, বরং প্রতীক—শুদ্ধতম আত্মা, সত্যিকার আনুগত্য আর আল্লাহর প্রিয়জনদের সঙ্গ"
4031,NO,NO,QURAN_MARKER,FLAGGED_UNCLAIMED,বুরুল্লাহ ধীরে কুরআনের আয়াত তেলাওয়াত করল—
4033,NO,NO,QURAN_MARKER,FLAGGED_UNCLAIMED,"জারিয়া রেহেলের ওপর রাখা কুরআনটা হারিকেনের দিকে টেনে নিল, সূরা মুতাফ্ফিফিনের পাতায় আঙুল চালিয়ে আটাশ নম্বরে থামল। বাংলাটা পড়ল: “তা এক প্রস্রবণ, যা থেকে নৈকট্যপ্রাপ্তরা পান করবে।”"
4034,NO,NO,HADITH_WORD,FLAGGED_UNCLAIMED,"বুরুল্লাহ মাথা নাড়ল। তারপর নিচু গলায় বলল, “এটা কেবল পানীয় নয়। আল্লাহর কাছাকাছি হতে হলে দুনিয়ায় তাঁর বান্দাদের ক্ষুধা নিবারণ করতে হয়, তৃষ্ণা মেটাতে হয়। হাদিসে আছে—‘যে ব্যক্তি কোনো মুমিনকে ক্ষুধ"
4039,NO,NO,HADITH_WORD,FLAGGED_UNCLAIMED,"হারিকেনটা একটু কাছে টেনে আমি খাতা থেকে আরেকটি হাদিস পড়লাম— “হে আলী! যে ব্যক্তি আল্লাহর সন্তুষ্টির জন্য মাদকদ্রব্য পরিত্যাগ করবে, আল্লাহ তাকে সিলযুক্ত অমীয় পানীয় দ্বারা তৃপ্ত করবেন।”"
4043,NO,NO,QURAN_MARKER|RASUL_SAID,FLAGGED_UNCLAIMED,"বুরুল্লাহ নিজের খাতা খুলে একটি পাতায় থামল, পড়ল, “আবু জাফর (আলাইহিস্ সালাম) থেকে বর্ণিত, তিনি তাঁর পিতা থেকে, জাবির বিন আব্দুল্লাহ থেকে, রাসূলুল্লাহ ﷺ থেকে: ‘আল্লাহ বলেন: এবং এর মিশ্রণ হবে তাসনিম থেক"
4055,NO,NO,QURAN_MARKER,FLAGGED_UNCLAIMED,"আমি উত্তর দেওয়ার আগেই বুরুল্লাহ বারান্দা থেকে ডাকল, “কাল বিকেলে মাওয়াদ্দাত। ভালোবাসার আয়াত। রাহাত, ভালোবাসা শুধু অনুভূতি কি না, ভেবে আসিস।”"
4057,NO,NO,SUTRA_MARKER,FLAGGED_UNCLAIMED,সূত্র
4058,YES,NO,CITATION_BULLET|QURAN_MARKER,COVERED,"•  কুরআন ৩৩:৩৩, ৮৩:২৭–২৮ — api.alquran.cloud, CONFIRMED।"
4059,YES,YES,CITATION_BULLET|PAGE_CHECK_MARKER|BARNITA_MARKER|SUNNI_BOOK|HADITH_WORD,COVERED,"•  চাদরের হাদীস (হাদীসে কিসা, জাবির ইবনে আব্দুল্লাহ আনসারীর বর্ণনা) — শ্রোতা ০৪ L478; জনির নোটে আহলে সুন্নাহর একাধিক উৎসের তালিকা (সহীহ মুসলিম, তিরমিযি…) — এই দীর্ঘ পাঠের শব্দে মেলানো হয়নি — «বর্ণিত "
4060,YES,YES,CITATION_BULLET|SUTRA_MARKER|BARNITA_MARKER|HADITH_WORD,COVERED,"•  তাসনিম-সংক্রান্ত হাদীসগুলো (ক্ষুধার্তকে খাওয়ানো, মাদক পরিত্যাগ, «আমি প্রথম ব্যক্তি হব», আবু জাফর ও ইমাম সাদিক (আলাইহিমাস্ সালাম)-এর ব্যাখ্যা) — খাতায় সূত্রহীন — «বর্ণিত আছে»।"
4061,YES,NO,CITATION_BULLET,COVERED,•  শিশু-ধোয়ানোর উপমা — খাতা ১ ¶10028 + জনির মৌখিক বর্ণনা (S-85e)।
4090,NO,NO,QURAN_MARKER,FLAGGED_UNCLAIMED,"তাক থেকে কুরআন শরীফটা নামিয়ে বুরুল্লাহ টেবিলে রাখল, সূরা শূরা বের করল, তেইশ নম্বর আয়াতে আঙুল রাখল। আরবিতে পড়ল, ধীরে, «মাওয়াদ্দাতা» শব্দে এসে একটু থেমে। তারপর তাকাভির দিকে তাকাল।"
4091,NO,NO,QURAN_MARKER,FLAGGED_UNCLAIMED,"তাকাভি ব্যাগ থেকে নিজের অনুবাদ-কুরআন বের করল, পাতা খুঁজে পেয়ে বাংলাটা পড়ল:"
4096,NO,NO,QURAN_MARKER,FLAGGED_UNCLAIMED,“আর এই আয়াত নাজিল হলে কী হয়েছিল?” তাকাভি জানতে চাইল। “রেওয়ায়েত?”
4097,NO,NO,QURAN_MARKER|RASUL_SAID,FLAGGED_UNCLAIMED,"বুরুল্লাহ পকেট থেকে খাতাটা বের করল। পাতা উল্টাতে উল্টাতে একটি পাতায় থামল, যার কোণ ভাঁজ করা। পড়ল: “আয়াতটি নাজিল হলে রাসূলুল্লাহ ﷺ বলেন, ‘যে ব্যক্তি আলে মুহাম্মাদের ভালবাসার ওপর মৃত্যুবরণ করে সে শহীদ"
4102,NO,NO,QURAN_MARKER,FLAGGED_UNCLAIMED,"ফয়সাল অনেকক্ষণ চুপ ছিল। এবার সে পকেট থেকে নিজের ভাঁজ-করা কাগজটা বের করে খুলল, টেবিলে রাখল। সবাই দেখল। বাঁ কলামে একটিই নাম: নানা (মরহুম)। ডান কলামে: হাফেজ। তার নিচে, কেটে দেওয়া: কুরআন বুঝে পড়া।"
4105,NO,NO,QURAN_MARKER,FLAGGED_UNCLAIMED,তারপর বুরুল্লাহ কুরআন শরীফটা ফয়সালের দিকে ঠেলে দিল। “সূরা বাইয়্যিনাহ। সাত। তুই পড়।”
4106,NO,NO,QURAN_MARKER,FLAGGED_UNCLAIMED,"ফয়সাল কুরআনটা খুলল না। চোখ নামিয়ে মুখস্থ থেকে আরবিটা পড়ে গেল, এক নিঃশ্বাসে, নির্ভুল। শেষ করে চুপ করে রইল।"
4107,NO,NO,QURAN_MARKER,FLAGGED_UNCLAIMED,"তাকাভি অনুবাদ-কুরআনের পাতা উল্টে বাংলাটা পড়ল: “নিশ্চয় যারা ঈমান এনেছে ও সৎকর্ম করেছে, প্রকৃতপক্ষে তারাই সৃষ্টির শ্রেষ্ঠ।”"
4108,NO,NO,QURAN_MARKER,FLAGGED_UNCLAIMED,"বুরুল্লাহ খাতার পাতা উল্টাল, ওই আয়াতের নিচে নিজের হাতে লেখা একটি বর্ণনা। ফয়সালকে শুনিয়ে পড়ল: “জাবির বিন আবদুল্লাহ আনসারি বর্ণনা করেন: একদিন আমরা রাসূলুল্লাহ ﷺ-এর সান্নিধ্যে ছিলাম। তিনি আলী (আলাইহি"
4115,YES,NO,RASUL_SAID,COVERED,"“ইমাম আলী (আলাইহিস্ সালাম) বর্ণনা করেন যে, আমাকে রাসূলুল্লাহ ﷺ বলেছেন, ‘সর্বপ্রথম জান্নাতে প্রবেশকারীদের মধ্যে হবেন আমি, ফাতেমা, হাসান ও হুসাইন।’ আমি আরজ করলাম, ‘হে রাসূলুল্লাহ ﷺ, আমাদের সাথে ভালবাসা "
4118,NO,NO,HADITH_WORD,FLAGGED_UNCLAIMED,"“পানাহার একত্রে,” রাহাত আবার বলল, প্রায় নিজের কাছে। তার হাত পকেটে চলে গেল, ভাঁজ খাওয়া একশো টাকার নোটটার ওপর। কাল সন্ধ্যায় তাসনিমের পাতায় ক্ষুধার্তকে খাওয়ানোর হাদীসটা পড়া হয়েছিল। মাসের শেষ আসতে "
4128,NO,NO,QURAN_MARKER,FLAGGED_UNCLAIMED,"“কাল ফজরের পর জেগে থাকবি? তোকে একটা সূরা শোনাব। তিন আয়াতের। ছোট্ট। যেদিন একজন মানুষকে ঠিক এই কথা বলা হয়েছিল, সেদিন আল্লাহ নিজে উত্তর দিয়েছিলেন।”"
4132,NO,NO,SUTRA_MARKER,FLAGGED_UNCLAIMED,সূত্র
4133,YES,NO,CITATION_BULLET|QURAN_MARKER,COVERED,"•  কুরআন ৪২:২৩, ৯৮:৭ — api.alquran.cloud, CONFIRMED।"
4134,YES,YES,CITATION_BULLET|PAGE_CHECK_MARKER,COVERED,"•  «আলে মুহাম্মাদের ভালবাসার ওপর মৃত্যু… শহীদের মৃত্যু» — জনির নোটে তাফসীরে কাশ্শাফ, রুহুল বায়ান, তাফসীরে কাবীর, দুররে মানসূর-এর নাম; খণ্ড-পৃষ্ঠা মেলানো হয়নি — PAGE-CHECK।"
4135,YES,YES,CITATION_BULLET|PAGE_CHECK_MARKER,COVERED,•  ৯৮:৭ ও «খাইরুল বারিয়্যাহ» — জাবির (রা.)-এর বর্ণনা; সুয়ুতির দুররে মানসূর-এ ৯৮:৭-এর অধীনে বর্ণিত বলে প্রচলিত — PAGE-CHECK।
4136,YES,YES,CITATION_BULLET|SUTRA_MARKER|BARNITA_MARKER,COVERED,"•  «সর্বপ্রথম জান্নাতে… আশেকরা পশ্চাতে», «আশেকরা একই স্থানে… পানাহার একত্রে» — খাতায় আরবি পাঠ আছে, সূত্র নেই — «বর্ণিত আছে»।"
4138,NO,NO,QURAN_MARKER,FLAGGED_UNCLAIMED,০৪  সূরা কাওসার নতুন করে পড়া
4150,NO,NO,QURAN_MARKER,FLAGGED_UNCLAIMED,"রাহাত ফোন বের করল। কুরআনের অ্যাপে ১০৮ লিখে খুঁজল, পর্দার আলো টুনুর মুখে পড়ল। বাংলাটা সে পড়ল টুনুকে শুনিয়ে:"
4155,NO,NO,QURAN_MARKER,FLAGGED_UNCLAIMED,"“কাওসার মানে… অনেক কিছু,” রাহাত বলল। “অফুরন্ত কল্যাণ। আর…” সে থামল। হাতের ফোনে তখনো তিন আয়াতের পর্দা জ্বলছে। কাল লাইব্রেরির বোর্ডে চক দিয়ে লেখা ছিল: আগে আয়াত, তারপর দাবি। “আর যাঁর মাধ্যমে রাসূলুল্ল"
4167,NO,NO,QURAN_MARKER,FLAGGED_UNCLAIMED,"রাহাত তার দিকে তাকিয়ে ছিল। আমি দেখলাম, তার নিজের চোখও ভিজে এসেছে। পরে সে আমাকে বলেছিল, সে তখন রাফির কথা ভাবছিল, তার ছোট ভাই, যার বাপ-মা দুজনেই আছে, আর যে আজকাল নিজে থেকে অ্যালার্ম দিয়ে ফজরে ওঠে। টুন"
4172,NO,NO,QURAN_MARKER,FLAGGED_UNCLAIMED,"বুরুল্লাহ খাতা থেকে পড়ল: “বাস্তবে, এই সূরায় তিনটি গুরুত্বপূর্ণ অলৌকিক ভবিষ্যদ্বাণী রয়েছে: একদিকে, এটি রাসূলুল্লাহ ﷺ-কে ‘অত্যধিক কল্যাণ’-এর সুসংবাদ সম্পর্কে অবহিত করে, (যদিও আতাইনা- ‘أَعْطَيْنَا’ ক্"
4173,NO,NO,QURAN_MARKER,FLAGGED_UNCLAIMED,"বুরুল্লাহ খাতাটা রাকিকার দিকে ঠেলে দিল। পরের অনুচ্ছেদ রাকিকা নিজে পড়ল: “অন্যদিকে, সূরাটি ভবিষ্যদ্বাণী করে যে রাসূলুল্লাহ ﷺ উত্তরসূরি ছাড়া থাকবেন না এবং তাঁর বংশধর ও বংশধররা সারা বিশ্বে প্রচুর পরিমাণ"
4175,NO,NO,SUTRA_MARKER,FLAGGED_UNCLAIMED,"“একটি তাফসির-গ্রন্থের। নাম সূত্রে লিখে রাখব,” বুরুল্লাহ বলল। “আর নিচের কথাটা আমার। আজকে আমরা দেখতে পাচ্ছি যে, উমাইয়া ও আব্বাসীয়দের মতো গোত্র যারা রাসূলুল্লাহ ﷺ ও তাঁর নাবুয়্যাতের বিরোধিতা করেছিল এব"
4183,NO,NO,QURAN_MARKER,FLAGGED_UNCLAIMED,"শুরু করলাম আমি। “বন্ধুরা! আজ আমরা কুরআনের এক বিস্ময়কর অধ্যায় নিয়ে ভাবব—সূরা কাওসার। এটি ক্ষুদ্রতম সূরাগুলোর একটি, কিন্তু এর অর্থের গভীরতা সীমাহীন। এটি কেবল শব্দমালার বিন্যাস নয়, বরং এক চিরন্তন ভবি"
4184,NO,NO,QURAN_MARKER,FLAGGED_UNCLAIMED,"রাকিকা হাসল না। সে মাদুরের কোণে বসে পাতলা বইটা কোলে রাখল। বলল, “আমি জানি এটি কুরআনের সবচেয়ে ছোট সূরাগুলোর একটি। তবে কিছু লোক বলে, এটি শুধু রাসূলুল্লাহ ﷺ-এর সান্ত্বনার জন্য নাজিল হয়েছিল। এটাই কি সত্য"
4185,NO,NO,QURAN_MARKER,FLAGGED_UNCLAIMED,"বুরুল্লাহ মাদুরে আসন করে বসে ছিল, হাতে তসবিহ। দানা ঘোরানো থামিয়ে সে বলল, “না, এই সূরা তার চেয়েও অনেক ঊর্ধ্বে। এটি কেবল সান্ত্বনা নয়, বরং ভবিষ্যতের এক ঐশী চিত্রকল্প। এর মধ্যে রয়েছে তিনটি গুরুত্বপূর"
4187,NO,NO,QURAN_MARKER,FLAGGED_UNCLAIMED,"বুরুল্লাহ বলল, “যখন রাসূলুল্লাহ ﷺ-এর পুত্র ইব্রাহিম ইন্তেকাল করেন, তখন আমরো বিন আল আস বিদ্রূপ করে বলেছিল— ‘আজ মুহাম্মাদ ﷺ নির্বংশ হয়ে গেলেন!’ এই নির্মম উপহাসের জবাবই ছিল সূরা কাওসার। কিন্তু আজ ইতিহাস"
4191,NO,NO,QURAN_MARKER,FLAGGED_UNCLAIMED,"রাকিকা কোলের বইটা বন্ধ করল, আঙুল রইল পাতার ভেতর। “তাহলে, যারা মা সাইয়্যিদা ফাতিমাতুয্ যাহরা (আলাইহাস্ সালাম)-এর মর্যাদা অস্বীকার করে, তারা কি মূলত কুরআনের ভবিষ্যদ্বাণীকেই অস্বীকার করছে?”"
4193,NO,NO,QURAN_MARKER,FLAGGED_UNCLAIMED,"শামস মাদুর থেকে উঠে দাঁড়াল, স্যান্ডেলে পা গলাতে গলাতে বলল, “আজকের আলোচনা আমাকে নতুন করে ভাবতে বাধ্য করল। সূরা কাওসার কেবল তিনটি আয়াত নয়, এটি এক মহান বার্তা, যা অনন্তকাল ধরে তার আলো ছড়িয়ে যাবে।”"
4194,NO,NO,QURAN_MARKER,FLAGGED_UNCLAIMED,"বুরুল্লাহ এবার একটু থেমে বলল, “কাওসার অর্থ কল্যাণের প্রাচুর্য। যেহেতু মক্কার কাফেররা বিশেষ করে আমরো বিন আল আস রাসূলুল্লাহ ﷺ-এর পুত্র সন্তান জীবিত না থাকার কারণে বিদ্রুপ করত এবং তিনি মানসিক কষ্ট পেতেন।"
4195,NO,NO,HADITH_WORD,FLAGGED_UNCLAIMED,"বুরুল্লাহ রাকিকার দিকে ফিরল। “আর তাই আমি আহলুস সুন্নাহ ওয়াল জামাআহ এর অসংখ্য আলেমগণকে রাসূলুল্লাহ ﷺ-এর হাদীসটি বর্ণনা করতে দেখেছি তা হল, ‘আল্লাহ সকল নবির বংশ তাঁদেরই ঔরসে রেখেছেন, আর আমার বংশ আলীর (আ"
4205,YES,NO,RASUL_SAID,COVERED,"“আবু আবদুল্লাহ (আলাইহিস্ সালাম) বলেছেন: ‘যে ব্যক্তি ফরজ ও নফল নামাজে একবারও إِنَّآ أَعْطَيْنَٰكَ ٱلْكَوْثَرَ পাঠ করবে, কিয়ামতের দিন তার পিপাসার উত্তাপে দগ্ধ ঠোঁট আল্লাহর করুণায় সিক্ত হবে। সে তৃপ্তি "
4206,NO,NO,QURAN_MARKER,FLAGGED_UNCLAIMED,"বুরুল্লাহ খাতাটা রাহাতের হাতে দিল। পরের পাতাটা রাহাত উল্টে পড়ল: “আর ইবনে আব্বাস থেকে বর্ণিত, যখন এই আয়াত অবতীর্ণ হলো, তখন আলী (আলাইহিস্ সালাম) রাসূলুল্লাহ ﷺ-কে প্রশ্ন করলেন: ‘হে আল্লাহর রাসূল! আল কা"
4210,NO,NO,QURAN_MARKER,FLAGGED_UNCLAIMED,"রাতে রাহাত রাফিকে সূরা কাওসার পড়াচ্ছিল, চৌকিতে বসে। রাফি আরবি পড়তে পারে, অর্থ জানে না। রাহাত অর্থ বলল, তারপর বলল, “কাওসার মানে— মা সাইয়্যিদা ফাতিমাতুয্ যাহরা (আলাইহাস্ সালাম)। তাঁর মাধ্যমে রাসূলুল্"
4212,NO,NO,QURAN_MARKER,FLAGGED_UNCLAIMED,"“কুরআনে কোথায় লেখা আছে, কাওসার মানে ফাতিমা?”"
4214,NO,NO,QURAN_MARKER,FLAGGED_UNCLAIMED,"আব্বা কোনো রাগ করে বলেননি। শান্ত গলা, তাঁর সেই প্রতিদিন যোহরের মেসেজের মতো, নিয়মে বাঁধা, স্পষ্ট। আব্বা কুরআন মানেন, কুরআনই মানেন— তাঁর নিজের কথায়, ‘যা আল্লাহর কিতাবে নেই, তা নিয়ে আমি তর্ক করি না।’"
4217,NO,NO,QURAN_MARKER,FLAGGED_UNCLAIMED,"“মুবাহালা। সূরা আলে ইমরান, একষট্টি।”"
4218,NO,NO,QURAN_MARKER,FLAGGED_UNCLAIMED,“আলে ইমরান তো কুরআন।” আব্বা কাগজের পাতা উল্টালেন। “কাল আমি আসব।”
4220,NO,NO,SUTRA_MARKER,FLAGGED_UNCLAIMED,সূত্র
4221,YES,NO,CITATION_BULLET|QURAN_MARKER,COVERED,"•  কুরআন ১০৮:১–৩ — api.alquran.cloud, CONFIRMED।"
4222,YES,YES,CITATION_BULLET|BARNITA_MARKER|QURAN_MARKER|SHIA_BOOK,COVERED,"•  বিদ্রূপকারী আমর ইবনুল আস («হে আবুল আবতার»), মসজিদে, হাকাম ইবনুল আসের সাথে — তাফসীরে হুব্বে আলী, সূরা আল-কাউসার, হা. ১০ (ইবনে বাবুওয়াইহ; হুবেআলী.কম হা. ৯৪৯৯) — VERIFIED (স্থানীয় কপি: [LOCAL-PATH-REDACTED] Fatima "
4223,YES,YES,CITATION_BULLET|PAGE_CHECK_MARKER|QURAN_MARKER,COVERED,"•  তিন ভবিষ্যদ্বাণী ও বংশহীন শত্রু — খাতায়: আলোকিত তাফসীর (An Enlightening Commentary into the Light of the Holy Quran), খণ্ড ২০, সূরা কাওসার — PAGE-CHECK।"
4224,YES,YES,CITATION_BULLET|SUTRA_MARKER|BARNITA_MARKER,COVERED,•  «আল্লাহ সকল নবির বংশ তাঁদের ঔরসে… আমার বংশ আলীর ঔরসে» — আহলুস সুন্নাহর কিতাবে (তাবারানী ধাঁচের) বর্ণিত বলে খাতায়; নির্দিষ্ট সূত্র নেই — «বর্ণিত আছে»।
4225,YES,YES,CITATION_BULLET|SUTRA_MARKER|BARNITA_MARKER,COVERED,•  আবু আবদুল্লাহ (আলাইহিস্ সালাম): নামাজে কাওসার পাঠের ফজিলত; «আত্মার সন্তান» — খাতায় সূত্রহীন — «বর্ণিত আছে»।
4226,YES,YES,CITATION_BULLET|SUTRA_MARKER|BARNITA_MARKER,COVERED,•  ইবনে আব্বাস: «আল কাওসার কী?» — খাতায় সূত্রহীন — «বর্ণিত আছে»।
4229,NO,NO,QURAN_MARKER,FLAGGED_UNCLAIMED,"শুধু কুরআন (চাচার লাইব্রেরি, শনিবার ২৩ আগস্ট ২০১৪, সকাল)"
4230,NO,NO,QURAN_MARKER,FLAGGED_UNCLAIMED,"ভোর সাড়ে ছয়টায় লাইব্রেরির দরজা খুলে দেখি, বুরুল্লাহ টেবিল থেকে বই নামাচ্ছে। পাতলা বইটা আলমারিতে উঠল, তার নিজের খাতা জানালার তাকে, তাকাভির নোটপ্যাড একটি চেয়ারের ওপর। টেবিলের মাঝখানে সে একটিই জিনিস "
4232,NO,NO,QURAN_MARKER,FLAGGED_UNCLAIMED,"“রাহাতের আব্বা আসবেন,” বুরুল্লাহ বলল। “উনি শুধু কুরআন মানেন। টেবিলে আর একটা বইও থাকলে ভাববেন, আমরা অন্য বই দিয়ে কুরআন বোঝাচ্ছি।”"
4235,NO,NO,QURAN_MARKER,FLAGGED_UNCLAIMED,"আব্বা এলেন ঠিক নয়টায়। পরনে সাদা পাঞ্জাবি, হাতে নিজের একটি কুরআন— বাংলা অনুবাদসহ, মলাটের কোণ ক্ষয়ে গেছে। আসসালামু আলাইকুম বলে চেয়ারে বসলেন, টেবিলের মাথার দিকে নয়, একপাশে। চাচা উঠে তাঁর সাথে হাত মে"
4238,NO,NO,QURAN_MARKER,FLAGGED_UNCLAIMED,আয়াত আগে
4239,NO,NO,QURAN_MARKER,FLAGGED_UNCLAIMED,বুরুল্লাহ রেহেলের কুরআনটা আব্বার দিকে ঘুরিয়ে দিল।
4240,NO,NO,QURAN_MARKER,FLAGGED_UNCLAIMED,"“চাচা, আজ আমরা শুধু এটা পড়ব। আপনার নিজের কুরআনেও মিলিয়ে নিন। সূরা আলে ইমরান, একষট্টি।”"
4241,NO,NO,QURAN_MARKER,FLAGGED_UNCLAIMED,"আব্বা নিজের কুরআন খুললেন। তিনি পাতা খুঁজতে খুঁজতেই ফয়সাল চোখ বন্ধ করে আরবিতে আয়াতটা পড়ল, মুখস্থ, ধীরে। «নাদউ আবনাআনা ওয়া আবনাআকুম» জায়গায় এসে একটু থামল, তারপর শেষ করল। ততক্ষণে আব্বা আয়াতটা পেয়"
4247,NO,NO,QURAN_MARKER,FLAGGED_UNCLAIMED,আব্বা কিছুক্ষণ চুপ করে থাকলেন। “সেটা কুরআনে নেই। সেটা ইতিহাসে। ইতিহাস মানুষ লেখে।”
4248,NO,NO,QURAN_MARKER,FLAGGED_UNCLAIMED,"“ঠিক,” বুরুল্লাহ শান্ত গলায় বলল। “তাই আমরা আজ সেই ইতিহাস নেব, যেটা আপনি যাঁদের ইতিহাস বেশি বিশ্বাস করেন, তাঁদের কিতাব থেকে। আর আপনি মিলিয়ে দেখবেন, আয়াতের তিনটা শব্দের সাথে মেলে কি না। না মিললে আমরা"
4256,NO,NO,QURAN_MARKER,FLAGGED_UNCLAIMED,“আমাদের অনেকেরই এই আয়াত সম্পর্কে ধারণাই নেই। কারণ আমাদের আলেম গণ এই আয়াতের উপর তাফসীর করে না। তাদের প্রতি আমার আহবান থাকবে তারা যেন সত্য তুলে ধরেন।”
4259,NO,NO,QURAN_MARKER,FLAGGED_UNCLAIMED,"ঘর নিস্তব্ধ। রাহাত দেখল, আব্বা নিজের কুরআনের পাতায় আঙুল রেখে আছেন, আয়াতের তিনটা শব্দের নিচে।"
4262,NO,NO,RASUL_SAID,FLAGGED_UNCLAIMED,"“তাঁদের নুরানি চেহারা ও অভিব্যক্তি দেখেই খ্রিস্টানরা স্তম্ভিত হয়ে পড়ে। তাই তারা মিথ্যাবাদীর ওপর খোদায়ী অভিশাপ বর্ষণের আহ্বান জানানোর চ্যালেঞ্জ প্রত্যাহার করে নেয়। তখন রাসূলুল্লাহ ﷺ বলেন, ‘আল্লাহর "
4266,YES,NO,,COVERED,"“তাফসিরে জালালাইন, বায়দ্বাভী, দুররুল মানসুর।” চাচা হাসলেন। “আপনার মাদ্রাসার হুজুররা যেগুলো পড়েন।”"
4267,NO,NO,HADITH_WORD,FLAGGED_UNCLAIMED,"একটি হাদীস, একজন সাহাবি"
4268,YES,NO,SUNNI_BOOK|HADITH_WORD,COVERED,"রাকিকা এতক্ষণ চুপ ছিল। এবার সে বলল, “চাচা, আমি একটা হাদীস বলতে পারি? সহীহ মুসলিম থেকে। আমার ফুপুর কাছে মুসলিম শরীফের বাংলা খণ্ড আছে, রাতে মিলিয়ে এসেছি।”"
4269,YES,NO,SUNNI_BOOK,COVERED,আব্বা তার দিকে ফিরলেন। “মুসলিম? বলো।”
4270,YES,NO,RASUL_SAID,COVERED,"রাকিকা মোবাইলে তোলা একটি পাতার ছবি খুলল, পড়ল: “আমির বিন সা’দ বিন আবি ওয়াক্কাস বর্ণনা করেন তার পিতার কাছ থেকে যে মুয়াবিয়া বিন আবু সুফিয়ান সা’দ কে গভর্নর পদে নিয়োগ দিলেন এবং বললেন, আপনি আবু তোরাবক"
4271,NO,NO,QURAN_MARKER,FLAGGED_UNCLAIMED,"সে থামল, স্ক্রল করল। “তিন নম্বরটা: আর যখন আয়াতঃ ‘আমরা আমাদের এবং তোমাদের সন্তান-সন্ততিকে ডাকি।’ (সূরা আলে ইমরান: ৬১) অবতীর্ণ হলো, তখন রাসূলুল্লাহ ﷺ আলী, ফাতিমা, হাসান ও হুসায়নকে ডাকলেন। অতঃপর বললেন "
4275,NO,NO,QURAN_MARKER,FLAGGED_UNCLAIMED,"চাচা নরম গলায় বললেন, “মুবাহালাকে, আয়াতে তাতহীরকে ভিত্তি করে প্রসিদ্ধ সাহাবিরা যদি আহলে বায়াতকে সুউচ্চ মর্যাদা দিতে পারেন, তবে আমরা কেন তাঁদেরকে মর্যাদা দিব না?”"
4277,NO,NO,QURAN_MARKER,FLAGGED_UNCLAIMED,"বুরুল্লাহ রেহেলের কুরআনের দিকে আবার ইশারা করল। “এবার মেলাই, চাচা? আয়াতের তিনটা শব্দ।”"
4278,NO,NO,QURAN_MARKER,FLAGGED_UNCLAIMED,আব্বা উত্তর দিলেন না। কিন্তু নিজের কুরআনে আঙুল রাখলেন প্রথম শব্দে। পুত্র।
4279,NO,NO,QURAN_MARKER,FLAGGED_UNCLAIMED,"চাচা বললেন, “আয়াতে যে সন্তানদের কথা বলা হয়েছে সেখানে রাসূলুল্লাহ ﷺ ইমাম হাসান (আলাইহিস্ সালাম) ইমাম হুসাইন (আলাইহিস্ সালাম)-কে নিয়েছেন।”"
4281,NO,NO,QURAN_MARKER,FLAGGED_UNCLAIMED,“আয়াতে যে নারীদের কথা বলা হয়েছে সেখানে রাসূলুল্লাহ ﷺ শুধু মাত্র মা ফাতেমা (আলাইহাস্ সালাম)-কে নিয়েছেন।”
4287,NO,NO,QURAN_MARKER,FLAGGED_UNCLAIMED,আব্বা কুরআনটা বন্ধ করলেন। দুই হাত মলাটের ওপর রাখলেন।
4288,NO,NO,QURAN_MARKER,FLAGGED_UNCLAIMED,"চাচা বললেন, “ভাই, এখানে শিক্ষনীয় বিষয়গুলো বলি। মুবাহালাও এক ধরনের জেহাদ। এতে অংশ গ্রহণের জন্য সাহাবিরাও প্রস্তুত ছিল। কিন্তু রাসূলুল্লাহ ﷺ কাউকে না নিয়ে শুধু আহলে বায়াতের সদস্যদের নিয়েছেন। আর এখা"
4295,NO,NO,QURAN_MARKER,FLAGGED_UNCLAIMED,"রাহাত টেবিলের কিনারায় হাত রেখে বসে ছিল, চোখ রেহেলের কুরআনে। “বুরুল্লাহ ভাই, রাসূলুল্লাহ ﷺ সেদিন নিজের ঘর নিয়ে বেরিয়েছিলেন। সত্যের সাক্ষী হিসেবে। এমন ঘর, যাদের দেখে পাহাড় সরে যেতে পারে।”"
4300,NO,NO,QURAN_MARKER,FLAGGED_UNCLAIMED,বুরুল্লাহ রেহেল থেকে কুরআনটা তুলে রাহাতের হাতে দিল। “আজ সকালে তোর আব্বা নিজের আঙুল দিয়ে তিনটা শব্দ মিলিয়েছেন। আর দুই নম্বরে এসে থেমেছেন। দেখেছিস?”
4303,NO,NO,QURAN_MARKER,FLAGGED_UNCLAIMED,রাহাত কুরআনটা রেহেলে ফিরিয়ে রাখল। তারপর বুকপকেট থেকে নিজের ছোট খাতাটা বের করে একটি নতুন পাতায় লিখল: «আমার ঘর —»। ড্যাশের পরে আর কিছু লিখল না। খাতাটা খোলা রেখেই কলমের মুখ বন্ধ করল।
4305,NO,NO,QURAN_MARKER,FLAGGED_UNCLAIMED,"বিকেলে রাহাত তাহারা সেন্টারের উঠোনে আব্বার সাথে দেখা করল। আব্বা আমগাছের নিচে চেয়ারে বসে কুরআন পড়ছিলেন, সূরা আলে ইমরান খোলা। ছেলেকে দেখে বন্ধ করলেন।"
4309,NO,NO,QURAN_MARKER,FLAGGED_UNCLAIMED,"কথাটা মিথ্যা না। আছে। কিন্তু যতটুকু আছে, তাতে মাসের বাকি আট দিন চলবে না। রাহাত সেটা জানত। সে আব্বার কোলের কুরআনটার দিকে তাকাল। বন্ধ মলাটের ফাঁকে আব্বার একটি আঙুল এখনো গোঁজা, আলে ইমরানের পাতায়। রাহাত "
4310,NO,NO,QURAN_MARKER,FLAGGED_UNCLAIMED,“লাগলে বলিস।” আব্বা কুরআনটা আবার খুললেন।
4314,NO,NO,SUTRA_MARKER,FLAGGED_UNCLAIMED,সূত্র
4315,YES,NO,CITATION_BULLET|QURAN_MARKER,COVERED,"•  কুরআন ৩:৬১ — api.alquran.cloud, CONFIRMED।"
4316,YES,YES,CITATION_BULLET|PAGE_CHECK_MARKER,COVERED,"•  মুবাহালার ঘটনা (হুসাইন কোলে, হাসান হাত ধরে, পেছনে ফাতিমা ও আলী (আলাইহিমুস্ সালাম), খ্রিস্টান যাজকের উক্তি, «বানর-শূকর») — জনির নোটে: তাফসিরে জালালাইন ১/৬০, বায়দ্বাভী ১/১১৮, দুররুল মানসুর ২/৩৯ (মিশ"
4317,YES,YES,CITATION_BULLET|PAGE_CHECK_MARKER|QURAN_MARKER|SUNNI_BOOK|HADITH_WORD,COVERED,"•  সা’দ ইবনে আবি ওয়াক্কাসের হাদীস (তিন কথা; মুবাহালার আয়াতে আলী, ফাতিমা, হাসান, হুসাইনকে ডাকা — «এরাই আমার পরিবার») — সহীহ মুসলিম, ফাযায়েলুস সাহাবা (আন্তর্জাতিক নম্বর ২৪০৪); জনির নোটে বাংলা সংস্করণ"
4318,YES,NO,CITATION_BULLET,COVERED,•  «মুবাহালা» শব্দের অর্থ — জনির নোট (শ্রোতা ০৪ L453); ভাষাগত।
4324,NO,NO,QURAN_MARKER,FLAGGED_UNCLAIMED,"পেট আসলে ভরা ছিল না। রাহাত পরে আমাকে বলেনি, কিন্তু আমি জানি, কারণ তার হিসাব আমি দেখেছিলাম। কাল রাতে লাইব্রেরির টেবিলে বসে সে পাতলা বইটার শেষ মলাটে, পেনসিলের সাতটি আয়াতের নম্বরের নিচে, ছোট করে একটি যো"
4365,NO,NO,QURAN_MARKER,FLAGGED_UNCLAIMED,"আসরের আগে লাইব্রেরিতে দেখা। রাহাতের মুখ একটু ফ্যাকাশে, ঠোঁট শুকনো। বুরুল্লাহ টেবিলে কুরআন খুলে বসে ছিল, কালকের মুবাহালার পরের আয়াত নিয়ে কিছু লিখছিল। সে মুখ তুলে রাহাতকে দেখল, একটু বেশিক্ষণ।"
4367,NO,NO,QURAN_MARKER,FLAGGED_UNCLAIMED,"রাহাত টেবিলে পাতলা বইটা রাখল। “চলো, বুরুল্লাহ ভাই, আজ কোন আয়াত?”"
4368,NO,NO,QURAN_MARKER,FLAGGED_UNCLAIMED,বুরুল্লাহ কিছুক্ষণ তার দিকে তাকিয়ে থাকল। তারপর কুরআনের পাতা উল্টাল। প্রশ্নটি আর করল না।
4382,NO,NO,HADITH_WORD,FLAGGED_UNCLAIMED,"আরও পেছনে, খাতার একেবারে প্রথম দিকের একটি পাতায়, অনেক দিন আগে টুকে রাখা একটি হাদীস ছিল। কালির রং ফিকে হয়ে গেছে। তখন মানে পুরো বুঝিনি। আজ আঙুল রেখে আবার পড়লাম।"
4386,NO,NO,QURAN_MARKER,FLAGGED_UNCLAIMED,"টেবিলের কোণে রেহেলে আমার কুরআন। সূরা দাহরের পাতায় একটি পুরোনো রসিদ গোঁজা ছিল, কবে রেখেছিলাম মনে নেই। বুরুল্লাহ একবার বলেছিল, এই দুই আয়াতের পেছনে মা সাইয়্যিদা (আলাইহাস্ সালাম)-এর ঘরের তিন দিনের রোজা"
4395,NO,NO,SUTRA_MARKER,FLAGGED_UNCLAIMED,সূত্র
4396,YES,NO,CITATION_BULLET|QURAN_MARKER,COVERED,"•  কুরআন ৭৬:৮–৯ — api.alquran.cloud, CONFIRMED।"
4397,YES,YES,CITATION_BULLET|BARNITA_MARKER,COVERED,"•  «আমি ইলমের পাল্লা, আলী তার বাটখারা… ফাতেমা দস্তা…» — খাতা ১ ¶4809–4811 (ইবনে আব্বাস থেকে); কিতাবের নাম খাতায় নেই — «বর্ণিত আছে»।"
4398,YES,YES,CITATION_BULLET|BARNITA_MARKER,COVERED,•  ৭৬:৮–৯-এর নাজিল আহলে বাইতের তিন দিনের রোজা ও দানের প্রসঙ্গে — শিয়া ও সুন্নি তাফসিরে বর্ণিত; এখানে শুধু ইঙ্গিত — «বর্ণিত আছে»।
4399,YES,YES,CITATION_BULLET|SUTRA_MARKER|BARNITA_MARKER,COVERED,•  «ক্ষুধার্তকে আহার করানো → জান্নাতের ফল» ও «আশেকদের পানাহার একত্রে» — অধ্যায় ২ ও ৩-এর সূত্র দেখো («বর্ণিত আছে»)।
4407,NO,NO,QURAN_MARKER,FLAGGED_UNCLAIMED,«১. আল্লাহ আছেন— কারণ আম্মু ছোটবেলায় বলতেন। ২. রাসূলুল্লাহ ﷺ সত্য— কারণ মক্তবের হুজুর বলতেন। ৩. নামাজ ফরজ— কারণ আব্বা প্রতি যোহরে মেসেজ দেন। ৪. রোজা— কারণ সবাই রাখে। ৫. কুরআন আল্লাহর বাণী— …»
4424,NO,NO,QURAN_MARKER,FLAGGED_UNCLAIMED,"বুরুল্লাহ কাগজটা হাতে নিল। অনেকক্ষণ দেখল, বিশেষ করে পাঁচ নম্বরের তিনটি ডট। তারপর তাকের দিক থেকে কুরআনটা নামিয়ে খুলল। সূরা নিসা। পাতা ঘুরিয়ে ফয়সালের সামনে রেখে আঙুল দিয়ে একটি আয়াত দেখাল। ঊনষাট।"
4426,NO,NO,QURAN_MARKER,FLAGGED_UNCLAIMED,"তাকাভি ততক্ষণে ব্যাগ থেকে নিজের অনুবাদসহ কুরআনটা বের করে ফেলেছে। একই পাতা খুঁজে সে বাংলাটা পড়ল: “হে যারা ঈমান এনেছ, আনুগত্য করো আল্লাহর, আনুগত্য করো রাসূলের এবং তোমাদের মধ্যকার উলিল আমরের।”"
4427,NO,NO,QURAN_MARKER,FLAGGED_UNCLAIMED,বুরুল্লাহ মাথা নাড়ল। “পেনসিলের সপ্তম সংখ্যা। শেষ আয়াত। ভেবেছিলাম শুক্রবার বলব। রাহাত আগে চলে এল।”
4428,NO,NO,QURAN_MARKER,FLAGGED_UNCLAIMED,"“এই আয়াতেই তো শামস ভাইয়ের প্রশ্ন,” রাহাত বলল। “আনুগত্য। তিনবার।”"
4447,NO,NO,SUTRA_MARKER,FLAGGED_UNCLAIMED,"পড়া শেষ হলে রাকিকা বলল, “সঠিক আকীদা। কিন্তু আকীদা কি জন্মসূত্রে আসে? রাহাতের কাগজ তো তাই বলছে।”"
4450,NO,NO,SUTRA_MARKER,FLAGGED_UNCLAIMED,"“জন্মসূত্রে আসে একটা কাগজ,” রাহাত বলল। “চার লাইন। কারণের ঘরে অন্যের নাম।” সে কলম তুলল। “পাঁচ নম্বরটা আমি এখনো লিখিনি। এটা অন্যের কথায় লিখব না।”"
4453,NO,NO,QURAN_MARKER,FLAGGED_UNCLAIMED,"«৫. কুরআন আল্লাহর বাণী— কারণ… গত সাত দিনে ছয়টা আয়াত নিজে খুঁজে পড়েছি। প্রতিটা আমার জীবনের কোনো একটা দিনের সাথে মিলেছে। খাতা, চেয়ার, টুনু, আব্বার আঙুল, একটা পরোটা।»"
4458,NO,NO,QURAN_MARKER,FLAGGED_UNCLAIMED,"“অর্ধেক,” রাহাত বলল। “কুরআন নিজে খুঁজে পড়েছি। কিন্তু খুঁজতে শিখিয়েছ তুমি, বুরুল্লাহ ভাই, বোর্ডে লিখে। আগে আয়াত। তাহলে এটাও কি আনুগত্য না?”"
4463,YES,NO,,COVERED,"রাহাত একা বসে রইল। আমি দরজার কাছে, জুতা পরছিলাম। সে পাতলা বইটা খুলে শেষ মলাটে পেনসিলের সাতটি সংখ্যার দিকে তাকাল। ছয়টার পাশে ছোট ছোট টিক। সাত নম্বর, ৪:৫৯— আজ সকালে।"
4465,NO,NO,QURAN_MARKER,FLAGGED_UNCLAIMED,"তারপর পাতা উল্টে পেছনের ফাঁকা পাতায় নিজের হাতে লিখল: «সাত আয়াত। সাত প্রশ্ন। আজ রাতে, একা।»"
4469,NO,NO,SUTRA_MARKER,FLAGGED_UNCLAIMED,সূত্র
4470,YES,NO,CITATION_BULLET|QURAN_MARKER,COVERED,"•  কুরআন ৪:৫৯ — api.alquran.cloud, CONFIRMED।"
4471,YES,NO,CITATION_BULLET|HADITH_WORD,COVERED,"•  বুরুল্লাহর খাতার পাতা — খাতা ১ ¶4297–4310; জনির নিজের লেখা, কোনো হাদীস-দাবি নয়।"
4473,NO,NO,QURAN_MARKER,FLAGGED_UNCLAIMED,"০৯  সাতটি আয়াত, সাতটি প্রশ্ন"
4493,NO,NO,QURAN_MARKER,FLAGGED_UNCLAIMED,"ইজিবাইকে ভেজা রাস্তা ধরে তাহারা সেন্টারে পৌঁছলাম এশার একটু পরে। চাচা নিজের ঘরে, জানালার পাশের চেয়ারে, কোলে একটি কুরআন। এতিমখানার রাতের রান্না সেরে এসেছেন, কবজিতে তখনো হলুদের দাগ। আমাদের দেখে হাসলেন। "
4497,NO,NO,QURAN_MARKER,FLAGGED_UNCLAIMED,"চাচা আমার খাতার দিকে একবার তাকালেন। চাচা আবার বলতে শুরু করলেন, “মা সাইয়্যিদা ফাতিমাতুয্ যাহরা (আলাইহাস্ সালাম) সম্পর্কিত কোরআনের আয়াতগুলো নিয়ে আমি ও বুরুল্লাহ কিছু গবেষণা করেছি। তুমি চাইলে এই বিষয়"
4498,NO,NO,QURAN_MARKER,FLAGGED_UNCLAIMED,"তিনি কোলের কুরআনটা খুললেন, সূরা আনফালের শুরুতে। আঙুল রাখলেন দ্বিতীয় আয়াতের মাঝখানে, আর পড়লেন— وَإِذَا تُلِيَتْ عَلَيْهِمْ ءَايَٰتُهُۥ زَادَتْهُمْ إِيمَٰنًا"
4499,NO,NO,QURAN_MARKER,FLAGGED_UNCLAIMED,"তারপর কুরআনটা আমার দিকে ঘুরিয়ে দিলেন। আরবির নিচে অনুবাদ। আমি পড়লাম: ‘যখন তাঁদের নিকট আল্লাহর আয়াত তিলাওয়াত করা হয়, তখন তাঁদের ঈমান বৃদ্ধি পায়।’"
4500,NO,NO,QURAN_MARKER,FLAGGED_UNCLAIMED,"বুরুল্লাহ ততক্ষণে পাতা উল্টে সূরা ইউনুসে চলে গেছে, আরেকটি কুরআন হাতে, তাকের থেকে নামানো। চাচা বললেন, “এছাড়াও কোরআনে বলা হয়েছে—” আর বুরুল্লাহ পড়ল, ‘জেনে রাখ! নিশ্চয় আল্লাহর ওলীগণের কোনো ভয় নেই এবং"
4502,NO,NO,QURAN_MARKER,FLAGGED_UNCLAIMED,"চাচা কুরআনটা আবার নিজের দিকে টেনে নিলেন, শেষের দিকের পাতলা পাতাগুলো একে একে উল্টালেন। থামলেন সূরা আল-ফজরে। তারপর চাচা সূরা আল-ফজরের আয়াতগুলো তিলাওয়াত করলেন— “হে প্রশান্ত আত্মা! তুমি তোমার প্রভুর দিক"
4503,NO,NO,QURAN_MARKER,FLAGGED_UNCLAIMED,"তিলাওয়াতের সুরটা কানে চেনা লাগল। এগারো দিন আগে, মসজিদের পাশের ছোট ঘরে, রাহাতের দোয়ার উত্তরে বুরুল্লাহ ঠিক এই আয়াত পড়েছিল। আজ চাচা পড়লেন আমার জন্য। এই আয়াতগুলো যেন আমার হৃদয়ের গভীরে প্রবেশ করল। "
4508,NO,NO,QURAN_MARKER,FLAGGED_UNCLAIMED,"রাহাত সেখানে একা। টেবিলে পাতলা বইটা খোলা, পাশে একটি সাদা কাগজ। কাগজে সাতটি লাইন, একটির নিচে আরেকটি। প্রতিটি লাইনের শুরুতে একটি আয়াতের নম্বর, তারপর একটি প্রশ্ন।"
4511,YES,NO,,COVERED,"«৩৩:৩৩ — আমি কি সত্যিই পবিত্র হতে চাই, নাকি শুধু পবিত্রদের পাশে বসতে চাই? ৮৩:২৮ — শেষ কবে কাউকে পানি দিয়েছি, যে চায়নি? ৪২:২৩ — যাঁদের ভালোবাসি বলি, তাঁদের কোন একটা কাজ আজ করেছি? ১০৮ — কার কাছে আমি আ"
4544,NO,NO,QURAN_MARKER,FLAGGED_UNCLAIMED,"চাচা তখন দরজায় এসে দাঁড়ালেন, এশার পরের শেষ চায়ের কাপ হাতে। ঘরের ভেতর তিনজনকে দেখে বললেন, “এক সপ্তাহে তোমরা সাতটা আয়াত শেষ করলে?”"
4546,NO,NO,QURAN_MARKER,FLAGGED_UNCLAIMED,"“তাহলে প্রতি সপ্তাহে বসো। শুক্রবার, জুমার পর, এই টেবিলে। যে যার এক সপ্তাহের হিসাব নিয়ে।” চাচা চায়ের কাপে চুমুক দিলেন। “আর এই শুক্রবার আমাকে একটা জিনিস দেখাবে, বুরুল্লাহ। তোমাদের সাত আয়াত একসাথে, পু"
4552,NO,NO,SUTRA_MARKER,FLAGGED_UNCLAIMED,সূত্র
4553,YES,NO,CITATION_BULLET|QURAN_MARKER,COVERED,"•  কুরআন ৮:২ («زَادَتْهُمْ إِيمَانًا»), ১০:৬২–৬৩, ৮৯:২৭–৩০ — api.alquran.cloud, CONFIRMED (৮:২-এর আরবিতে খাতার «إِيمَٰن» → «إِيمَٰنًا», তানউইন পূর্ণ)।"
4554,YES,NO,CITATION_BULLET,COVERED,•  কবিতা «প্রশান্ত আত্মা» — খাতা ১ ¶4478–4521; জনির নিজের লেখা।
4566,NO,NO,QURAN_MARKER,FLAGGED_UNCLAIMED,"“যাচ্ছি না। খুঁজতে যাচ্ছি।” এবার সে মুখ তুলল। “গত তিন সপ্তাহ আমরা আয়াত পড়েছি, তাঁর নাম শুনেছি, তাঁর ঘরের কথা শুনেছি। কিন্তু রাসূলুল্লাহ ﷺ চলে যাওয়ার পরের দিনগুলো? সেদিন তিনি কোথায় ছিলেন, কী বলেছিল"
4667,NO,NO,SUTRA_MARKER,FLAGGED_UNCLAIMED,সূত্র
4668,YES,NO,CITATION_BULLET|QURAN_MARKER|HADITH_WORD,COVERED,•  এই অধ্যায়ে কোনো আয়াত বা হাদীস উদ্ধৃত হয়নি।
4669,YES,YES,CITATION_BULLET|BARNITA_MARKER,COVERED,"•  মসজিদে নববীর গা-ঘেঁষা মা সাইয়্যিদা (আলাইহাস্ সালাম)-এর ঘরের দরজা ও বাকির কিনারের ছোট ঘর — বর্ণিত আছে; মানচিত্রটি গল্পের ভেতরে বোঝার জন্য আঁকা, মাপজোখ নয়।"
4696,NO,NO,HADITH_WORD,FLAGGED_UNCLAIMED,বুরুল্লাহ একবার বলেছিল ইমাম জাফর সাদিক (আলাইহিস্ সালাম)-এর সেই হাদিস।
4702,NO,NO,HADITH_WORD,FLAGGED_UNCLAIMED,"তাকাভি চশমাটা আবার নাকের ওপর ঠেলে দিল, নোটপ্যাডে কিছু লিখল, তারপর মুখ তুলল। “এই হাদীস কোথায় আছে, ভাইয়া? বই, খণ্ড?”"
4734,NO,NO,QURAN_MARKER,FLAGGED_UNCLAIMED,"বুরুল্লাহ এখানে নিজের পকেট থেকে ছোট কুরআনটা বের করল, সূরা আহযাবের পাতা খুলে রাহাতের দিকে ঠেলে দিল। “ছাপ্পান্ন। তুই পড়।”"
4751,NO,NO,QURAN_MARKER,FLAGGED_UNCLAIMED,"একদিন আমিরুল মুমিনীন (আলাইহিস্ সালাম) দাঁড়িয়ে আছেন খিলাফতের আসনে যিনি বসলেন, তাঁর সামনে, কুরআনের আয়াত তুলে ধরে বলছেন:"
4761,YES,YES,BARNITA_MARKER,COVERED,"“আমিরুল মুমিনীন (আলাইহিস্ সালাম) প্রথম জনের হাত ধরে দেখালেন, এমন বর্ণিত আছে।” বুরুল্লাহ বোর্ডের দিকে পিঠ দিয়ে দাঁড়াল। “তুই হাফেজ, ফয়সাল। একশো উনসত্তর তো তোর মুখস্থ। আল্লাহর পথে যারা নিহত, তাদের মৃত"
4762,NO,NO,QURAN_MARKER,FLAGGED_UNCLAIMED,"ফয়সাল কিছুক্ষণ চুপ করে রইল। তারপর ঠোঁট নাড়ল, শব্দ বের হলো না। আমি পাশ থেকে দেখলাম, সে মনে মনে আয়াতটা পড়ছে, একবার, দুবার। অর্থ ধরে। তৃতীয়বারে টেবিলের ওপর তার আঙুলের টোকা থেমে গেল।"
4786,NO,NO,QURAN_MARKER,FLAGGED_UNCLAIMED,"খেয়াল করেছিলাম। পুরো দুপুর রাকিকা একটিও প্রশ্ন করেনি। বিষের কথায় না, দশজনের জানাজায় না, হাত ধরে দেখানোয় না। যে মেয়ে এক আয়াতের তিন শব্দ নিয়ে আধঘণ্টা তর্ক করে, সে আজ চুপ।"
4796,NO,NO,SUTRA_MARKER,FLAGGED_UNCLAIMED,সূত্র
4797,YES,NO,CITATION_BULLET|SUTRA_MARKER|QURAN_MARKER,COVERED,•  এই অধ্যায়ের মদিনার দৃশ্য বুরুল্লাহর মুখে বলা গল্প; আয়াত ও রেওয়ায়েতের সূত্র নিচে।
4798,YES,NO,CITATION_BULLET|QURAN_MARKER,COVERED,"•  কুরআন ৩৩:৫৬, ৩:১৬৯ — api.alquran.cloud-এ মেলানো, CONFIRMED।"
4799,YES,YES,CITATION_BULLET|PAGE_CHECK_MARKER|QURAN_MARKER|SHIA_BOOK,COVERED,•  রাসূলুল্লাহ ﷺ-কে বিষ দেওয়ার রেওয়ায়েত (ইমাম জাফর সাদিক (আলাইহিস্ সালাম) থেকে) — খাতায়: তাফসীরে কুম্মী (সূরা তাহরীম প্রসঙ্গে); বিহারুল আনওয়ার খণ্ড ২২ — PAGE-CHECK (খণ্ড-পৃষ্ঠা ও শব্দ মেলানো বাকি
4800,YES,YES,CITATION_BULLET|PAGE_CHECK_MARKER|BARNITA_MARKER|SHIA_BOOK,COVERED,"•  দশজন দশজন করে জানাজার নামাজ, দাফনের স্থান (ইমাম বাকির (আলাইহিস্ সালাম)) — বর্ণিত আছে; আল-কাফি খণ্ড ১ (রাসূলুল্লাহ ﷺ-এর জন্ম-অধ্যায়) — PAGE-CHECK।"
4801,YES,YES,CITATION_BULLET|PAGE_CHECK_MARKER|SUTRA_MARKER|BARNITA_MARKER,COVERED,•  আমিরুল মুমিনীন (আলাইহিস্ সালাম) আবু বকরের হাত ধরে দেখান — বর্ণিত আছে; PAGE-CHECK (খাতায় সূত্র নেই)।
4802,YES,NO,CITATION_BULLET,COVERED,•  «শয়তান রাসূলুল্লাহ ﷺ-এর রূপ ধরতে পারে না» — S-174; উৎস-যাচাই খোলা (STORY_LOCKS খোলা প্রশ্ন)।
4812,YES,NO,FADAK,COVERED,দাবি: ফাদাক যুদ্ধে পাওয়া গনিমত। গনিমত সব মুসলমানের। তাই রাষ্ট্রের। জবাব: ?
4815,YES,NO,QURAN_MARKER|FADAK,COVERED,"“যুদ্ধে জেতা?” রাহাত পকেট থেকে ফোন বের করল। “বুরুল্লাহ ভাই একদিন বলেছিল, ফাদাকে যুদ্ধ হয়নি। একটা আয়াত আছে… দাঁড়াও।”"
4816,NO,NO,QURAN_MARKER,FLAGGED_UNCLAIMED,"সে কুরআনের অ্যাপে খুঁজতে লাগল। আঙুল চলছে, থামছে। হাশর। ছয়। সে পড়ল, প্রথমে চোখে, তারপর মুখে, যেমন সে এখন পড়ে:"
4819,YES,NO,,COVERED,"রাকিকা কলমটা নিল, ফাঁকা ঘরে লিখল: «যুদ্ধ হয়নি। ঘোড়া না, উট না (৫৯:৬)। তাহলে গনিমত না।» তারপর কলম থামাল।"
4832,YES,NO,FADAK,COVERED,"সূর্য দিগন্তের কোণে ঝুঁকে পড়েছে, আকাশ রঙিন হয়ে উঠেছে লাল আর সোনালি আভায়। আমি এগিয়ে চলেছি এক প্রাচীন জনপদের দিকে—ফাদাক।"
4834,YES,NO,FADAK,COVERED,"মাত্র কিছুক্ষণ আগে আমি বুরুল্লাহর সাথে মা সাইয়্যিদা ফাতিমাতুয্ যাহরা (আলাইহাস্ সালাম)-এর নেতৃত্ব নিয়ে তর্ক করছিলাম, আর পরের মুহূর্তেই—আমি নিজেকে এক ভিন্ন সময়ের ফাদাকে আবিষ্কার করলাম! সম্পূর্ণ বিভ্র"
4850,YES,NO,FADAK,COVERED,"রাকিকা: হ্যাঁ! আমি ফাদাকের সুজলা-সুফলা উপত্যকায় যেতে চাই—সেখানে প্রশান্তি আছে, জ্ঞান আছে, সত্য আছে।"
4894,YES,NO,FADAK,COVERED,ফাদাক—ইতিহাসের ধূসর পাতা
4895,YES,NO,FADAK,COVERED,রাকিকা: আমি এখন দাঁড়িয়ে আছি ফাদাকের মাটিতে। অবশেষে সমস্ত বিভ্রান্তি পেছনে ফেলে এখানে পৌঁছেছি।
4899,YES,NO,FADAK,COVERED,আমি এসেছি এক হারিয়ে যাওয়া ন্যায়বিচারের গল্পের খোঁজে—ফাদাকের সত্য জানার জন্য।
4901,YES,NO,FADAK,COVERED,"সে প্রথমবার ফাদাকের প্রসঙ্গ তোলে। রাসূলুল্লাহ ﷺ-এর কন্যা মা সাইয়্যিদা ফাতিমাতুয্ যাহরা (আলাইহাস্ সালাম) ও খিলাফতের আসনে যিনি বসলেন, তাঁর মধ্যকার ঘটনা শোনার পর, আমার মধ্যে এক অদম্য কৌতূহল জন্ম নেয়।"
4904,YES,NO,FADAK,COVERED,"এবং আজ, সেই সাধনারই ফলস্বরূপ আমি দাঁড়িয়ে আছি ফাদাকের মাটিতে!"
4912,YES,NO,FADAK,COVERED,ফাদাক: নাবুয়্যাতের উত্তরাধিকার ও মা সাইয়্যিদা ফাতিমাতুয্ যাহরা (আলাইহাস্ সালাম)-এর অধিকার
4913,YES,NO,FADAK,COVERED,"ফাদাক—শুধু একখণ্ড ভূমি নয়, বরং ইতিহাসের বুকে খোদিত এক চিরন্তন উপাখ্যান। এই ভূমি ছিল নবী নূহ (আলাইহিস্ সালাম)-এর পুত্র হাম-এর উত্তরাধিকার, যুগ-যুগান্তরে বিভিন্ন জাতির হাতে ঘুরে শেষে এসে ঠেকে নাবুয়্যা"
4914,NO,NO,QURAN_MARKER,FLAGGED_UNCLAIMED,কুরআন কী বলে এই উত্তরাধিকারের বিষয়ে?
4915,NO,NO,QURAN_MARKER,FLAGGED_UNCLAIMED,আল-কুরআন বলে:
4917,YES,NO,SUTRA_MARKER|QURAN_MARKER|FADAK,COVERED,"এই আয়াতের মর্মার্থে প্রতিভাত হয়, নবী সুলায়মান (আলাইহিস্ সালাম) তাঁর পিতা দাউদ (আলাইহিস্ সালাম)-এর উত্তরাধিকার লাভ করেছিলেন—এটি কেবল জ্ঞান বা নাবুয়্যাতের নয়, বরং বস্তুগত ও আধ্যাত্মিক উত্তরাধিকারের"
4925,NO,NO,QURAN_MARKER,FLAGGED_UNCLAIMED,"রাহাত তখনো একটি লাইনে আটকে আছে। খাতার শেষ পাতার সেই উদ্ধৃতি, যেটা রাকিকা লিখেছে «আল-কুরআন বলে» বলে।"
4926,NO,NO,QURAN_MARKER,FLAGGED_UNCLAIMED,"“এই আয়াতটা কোথায়?” রাহাত ফোনের দিকে ঝুঁকল। “‘ওয়ারিস হলেন কেবল তারা, যারা নবী ও রাসূলদের প্রকৃত উত্তরাধিকারী।’ কোন সূরা?”"
4929,NO,NO,QURAN_MARKER,FLAGGED_UNCLAIMED,"“এই শব্দে নেই। কিন্তু…” সে স্ক্রিনটা আমাদের দিকে ঘোরাল। সূরা নামল, ষোলো। “সুলায়মান দাউদের উত্তরাধিকারী হয়েছিলেন।”"
4930,YES,NO,QURAN_MARKER,COVERED,"রাকিকা স্ক্রিনটার দিকে তাকিয়ে রইল। তারপর নিজের খাতা টেনে নিল, আর লাইনের পাশে মার্জিনে পেনসিলে লিখল: «এই শব্দে কুরআনে নেই। অর্থের কাছের আয়াত: ২৭:১৬। আমার মনে রাখায় ভুল হতে পারে। যা দেখেছি, তাই লিখেছ"
4932,NO,NO,QURAN_MARKER,FLAGGED_UNCLAIMED,"“কাটছি না। পাশে লিখছি।” রাকিকা পেনসিল নামাল। “যা দেখেছি, সেটা আমার সাক্ষ্য। কিন্তু আয়াতের নামে ভুল কিছু চালালে আমার সাক্ষ্যই মিথ্যা হয়ে যাবে।”"
4948,NO,NO,SUTRA_MARKER,FLAGGED_UNCLAIMED,সূত্র
4949,YES,NO,CITATION_BULLET|SUTRA_MARKER|QURAN_MARKER|FADAK,COVERED,•  এই অধ্যায়ের ফাদাক-অংশ রাকিকার নিজের খাতায় লেখা রূহানি সাক্ষ্য; আয়াতের সূত্র নিচে।
4950,YES,NO,CITATION_BULLET|QURAN_MARKER,COVERED,"•  কুরআন ৫৯:৬, ২৭:১৬, ৫৩:২ — api.alquran.cloud-এ মেলানো, CONFIRMED।"
4951,YES,YES,CITATION_BULLET|PAGE_CHECK_MARKER|BARNITA_MARKER|FADAK,COVERED,"•  ফাদাকের খেজুরবাগান মুসা (আলাইহিস্ সালাম)-এর অনুসারীদের রোপণ, মদিনা থেকে «প্রায় ১৫৩ কিলোমিটার», নূহ (আলাইহিস্ সালাম)-এর পুত্র হামের উত্তরাধিকার — বর্ণিত আছে; PAGE-CHECK।"
4958,YES,NO,SHIA_BOOK,COVERED,"“আল-ইহতিজাজ,” বুরুল্লাহ বলল। “খুতবাটা এর ভেতরে। বাংলাটা এক বুজুর্গের হাতের অনুবাদ, আব্বু বহু বছর আগে কপি করিয়ে রেখেছিলেন।” সে বইটা রাকিকার দিকে বাড়িয়ে দিল। “তুমি পড়বে বলেছিলে।”"
4976,NO,NO,QURAN_MARKER,FLAGGED_UNCLAIMED,"এই উত্তরাধিকার হলো আল্লাহর স্পষ্ট কিতাব—সত্য কুরআন, উজ্জ্বল আলো, দীপ্তিমান দীপশিখা। এর অন্তর্দৃষ্টিগুলো অপ্রতিরোধ্য, এর গূঢ় রহস্য প্রকাশিত, এর নির্দেশনাগুলো স্পষ্ট এবং এর অনুসারীরা আশীর্বাদপ্রাপ্ত। ক"
4978,YES,NO,SUNNI_BOOK,COVERED,"প্রতিশোধ (কিসাস), রক্ত (প্রাণ) সংরক্ষণ, নিজের পূর্ণতা থেকে দয়ার প্রতি সমর্পণ, ওজন ও পরিমাপে সম্পূর্ণতা—অন্যদের অধিকার উপেক্ষা প্রতিরোধের কারণ; মদপান নিষিদ্ধকরণ—অত্যাচার থেকে মুক্তি; অপবাদ এড়িয়ে চলা"
4987,NO,NO,QURAN_MARKER,FLAGGED_UNCLAIMED,"তোমরা তখন অভাবগ্রস্ত একটি ক্ষুদ্র দলের মধ্যে ছিলে, যাদের সম্পর্কে পবিত্রতা সম্পর্কিত আয়াত নাজিল হয়েছিল; আর তোমরা ছিলে আগুনের গহ্বরে একেবারে প্রান্তে; পিপাসার্তের পানীয়, লোভীর সুযোগ, দ্রুতগামী পথিকে"
4999,NO,NO,QURAN_MARKER,FLAGGED_UNCLAIMED,"তাহলে কি তারা এখনো অজ্ঞতার যুগের বিচার চায়? অথচ, প্রকৃতপক্ষে যারা আল্লাহর আয়াত অস্বীকার করে, তাদের জন্য কঠোর শাস্তি অপেক্ষা করছে!"
5011,NO,NO,QURAN_MARKER,FLAGGED_UNCLAIMED,"তবে কি তোমরা দাবি কর যে, আমার কোনো অংশ নেই এবং আমি আমার পিতার উত্তরাধিকার পাই না? আমাদের মধ্যে কি কোনো আত্মীয়তার সম্পর্ক নেই? আল্লাহ কি তোমাদের জন্য এমন কোনো আয়াত অবতীর্ণ করেছেন যাতে আমার পিতাকে ব্য"
5034,YES,NO,SHIA_BOOK,COVERED,"বুরুল্লাহ এ কথা বলল সেই গলায়, যে গলায় মানুষ বলে, বৃষ্টি হচ্ছে, ছাতা নিয়ে যাস। ভুরু একটুও ওঠেনি। কবজি-ধরা হাতটাও কাঁপেনি। সে আল-ইহতিজাজটা আলতো করে বন্ধ করল, সাদা সুতো আবার জড়াল, তারপর বইটা রাকিকার "
5037,YES,NO,FADAK,COVERED,ফাদাক থেকে মদিনা (দর্শন — রাকিকা পরদিন আমাদের যেমন বলেছিল)
5038,YES,NO,FADAK,COVERED,"ফাদাক, সন্ধ্যার আগের মুহূর্ত"
5040,YES,NO,FADAK,COVERED,"রাকিকা তখনো ফাদাকের সেই বিশাল খেজুর বাগানের মাঝে বসে ছিল। আকাশ যেন কিছুটা ভারী হয়ে আছে। সূর্য অস্ত যাওয়ার সময় তার লালচে আভা ফাদাকের আকাশকে আরও বিষণ্ন করে তুলেছে। বাতাসে শোকের গন্ধ, যেন পুরো নগরী এক"
5041,YES,NO,FADAK,COVERED,"রাকিকার মনে হল, সময় যেন থেমে গেছে। সে বৃদ্ধ খিজিরের কথা মনে করার চেষ্টা করল-“মা সাইয়্যিদা ফাতিমাতুয্ যাহরা (আলাইহাস্ সালাম)—যিনি ছিলেন রাসূলুল্লাহ ﷺ-এর অংশ, যাঁর প্রতি ভালোবাসা ছিল নবীর অকৃত্রিম অনু"
5047,YES,NO,FADAK,COVERED,"ঠিক তখনই বাতাস বদলে গেল। বৃদ্ধ খিজিরের সাথে গল্পটা চরমে পৌঁছেছিল, আর ঠিক তখনই— ফাদাকের আকাশের সেই রক্তিম আলো ক্রমে কালো হয়ে আসছিল।"
5052,YES,NO,FADAK,COVERED,"ফাদাকের মাটি তাকে যেন কোথায় অজানা গন্তব্যে এগিয়ে নিয়ে চলেছিল। সে মাটিকে ডেকে বলল “হে মাটি তোমার কি হয়েছে।” মাটি তখন বলল, আমি তোমাকে মদিনায় নিয়ে যাচ্ছি!"
5057,YES,NO,FADAK,COVERED,রাকিকার মনে হলো সে ৩৬০ স্পীডের থেকে হঠাৎ ০ স্পীডে ফাদাকের মাটি থেকে মদিনার মাটিতে এসে ধপ করে ল্যান্ড করল। মাটি বলল চিন্তা নেই পৌছে গেছি।
5058,YES,NO,FADAK,COVERED,"তার শ্বাস বন্ধ হয়ে আসছিল, যেন সে এক মুহূর্ত আগেও ফাদাকের ঠান্ডা বাতাসে ছিল, আর এখন হঠাৎ উষ্ণ, ধূলোময় বাতাসের মাঝে পড়ে গেছে।"
5071,YES,NO,FADAK,COVERED,"একটা মুহূর্ত আগে সে ফাদাকে ছিল, এখন সে রাসূলুল্লাহ ﷺ-এর ইন্তেকালের সময় মদিনায়?"
5119,YES,NO,FADAK,COVERED,"আবদুল্লাহ ইবনে হাসান থেকে বর্ণিত—“যখন মা সাইয়্যিদা ফাতিমাতুয্ যাহরা (আলাইহাস্ সালাম) বুঝতে পারলেন যে, আবু বকর ও উমর ইবনুল খাত্তাব পরস্পরের সঙ্গে আঁতাত করে তাঁকে ফাদাক থেকে বঞ্চিত করেছে, তখন তিনি পর্দ"
5148,YES,NO,SUNNI_BOOK,COVERED,"একটি খুতবা, যা সত্য ও ন্যায়ের প্রতিচ্ছবি হয়ে যুগ যুগ ধরে মুসলিম ইতিহাসে প্রতিধ্বনিত হবে।"
5194,YES,NO,SHIA_BOOK,COVERED,"রাকিকা চৌকি থেকে নামল। চাচির হাত ধরল কিছুক্ষণ। তারপর আল-ইহতিজাজটা বুকের কাছে তুলে নিল, সাদা সুতোর গিঁটের ওপর আঙুল রাখল। এবার আঙুল কাঁপল না।"
5200,NO,NO,QURAN_MARKER,FLAGGED_UNCLAIMED,"রাহাত তখনো উঠোনে দাঁড়িয়ে, ফোনের আলোয় কুরআনের অ্যাপ খোলা। খুতবার মাঝখানে বুরুল্লাহ যে আয়াতগুলো পড়েছিল, সে একটি একটি করে খুঁজছে।"
5201,NO,NO,QURAN_MARKER,FLAGGED_UNCLAIMED,"“সাদিক ভাই, দেখো।” সে স্ক্রিনটা আমার দিকে ঘোরাল। সূরা নামল। ষোলো। সুলায়মান দাউদের উত্তরাধিকারী হয়েছিলেন। তারপর সূরা মারইয়াম। পাঁচ, ছয়। জাকারিয়ার দোয়া, এমন উত্তরাধিকারী যে আমারও উত্তরাধিকারী হবে,"
5202,YES,NO,QURAN_MARKER|FADAK,COVERED,"“এই আয়াতগুলো দিয়ে তিনি উত্তরাধিকারের কথা বললেন,” রাহাত বলল। “উত্তরাধিকার মানে বাবা মারা গেলে যা পাওয়া যায়। কিন্তু রাকিকার খাতায় ছিল, রাসূলুল্লাহ ﷺ জীবিত থাকতেই ফাদাক দিয়ে দিয়েছিলেন। জীবিত থাকতে"
5210,NO,NO,SUTRA_MARKER,FLAGGED_UNCLAIMED,সূত্র
5211,YES,NO,CITATION_BULLET|SUTRA_MARKER|QURAN_MARKER|HADITH_WORD,COVERED,"•  এই অধ্যায়ের দর্শন-অংশ রাকিকার রূহানি সাক্ষ্য; দর্শনে মা সাইয়্যিদা (আলাইহাস্ সালাম)-এর মুখে যে দুটি বাক্য, তা সেই সাক্ষ্যের অংশ। খুতবার পাঠ ও আয়াত-হাদীসের সূত্র নিচে।"
5212,YES,YES,CITATION_BULLET|PAGE_CHECK_MARKER|SHIA_BOOK|FADAK,COVERED,"•  ফাদাকের খুতবা — আল-ইহতিজাজ (তাবারসি), খণ্ড ১, মা সাইয়্যিদা (আলাইহাস্ সালাম)-এর ইহতিজাজ-অধ্যায়; বালাগাতুন নিসা (ইবনে তাইফুর)-তেও আছে — PAGE-CHECK (খণ্ড-পৃষ্ঠা ও বাংলা অনুবাদের উৎস মেলানো বাকি)।"
5213,YES,NO,CITATION_BULLET|QURAN_MARKER,COVERED,"•  খুতবার ভেতরের আয়াত: ৯:১২৮, ৫:৫০, ৩:৮৫, ২৭:১৬, ১৯:৫–৬, ৮:৭৫ (৩৩:৬), ৪:১১, ২:১৮০, ৩৫:২৮, ৩:১০২ — api.alquran.cloud-এ মেলানো, CONFIRMED।"
5214,YES,YES,CITATION_BULLET|PAGE_CHECK_MARKER|SHIA_BOOK,COVERED,•  আবদুল্লাহ ইবনে হাসান থেকে «পর্দা গ্রহণ করে মসজিদে আসা» — আল-ইহতিজাজ খণ্ড ১ — PAGE-CHECK।
5215,YES,YES,CITATION_BULLET|PAGE_CHECK_MARKER|SHIA_BOOK,COVERED,•  ক্রন্দনের ঘর (বাইতুল আহযান) — বিহারুল আনওয়ার খণ্ড ৪৩ (শোক-অধ্যায়) — PAGE-CHECK।
5216,YES,YES,CITATION_BULLET|PAGE_CHECK_MARKER|BARNITA_MARKER,COVERED,"•  মুসা (আলাইহিস্ সালাম)-কে «যে জবান কখনো অবাধ্য হয়নি» — বর্ণিত আছে (উদ্দাতুদ দাঈ, ইবনে ফাহদ হিল্লি) — PAGE-CHECK; শেখ আবদুল করিম হামেদ ও তলবে ইলমের স্বপ্ন — বুজুর্গদের মুখে শোনা, বর্ণিত আছে।"
5221,NO,NO,QURAN_MARKER,FLAGGED_UNCLAIMED,"তার শার্টের হাতায় একটি বাদামি ছিটে, শুকিয়ে গেছে। সকালের চা। আমি, সাদিক, জানতাম কেন। সকালে সেন্টারের বারান্দায় নাশতার সময় আমি পাশ দিয়ে যাচ্ছিলাম। রাহাতের আব্বা আবদুর রহিম পরোটা ছিঁড়তে ছিঁড়তে বলছ"
5223,YES,NO,FADAK,COVERED,"“আচ্ছা চাচা,” সে বলল, গলায় এমন ঝাঁঝ, যা আমি তার মুখে আগে শুনিনি। “একটা সোজা প্রশ্ন করি? এত বছর পরে কী লাভ? ফাদাক উপহার ছিল না উত্তরাধিকার, এটা জেনে আজ কার কী হবে? জমিটা তো আর ফেরত আসবে না। যারা নিয়ে"
5229,YES,NO,FADAK,COVERED,"“বৃহস্পতিবার রাতে এখানে এসে আমি আর লিখতে পারিনি,” রাকিকা বলল। “ধ্বংসস্তূপের ভেতর একটি বই, তার পাতা উল্টাচ্ছি, আর তারপর কী পড়েছিলাম, মনে আসছিল না। কাল রাতে, মদিনায় যাওয়ার আগে, আমি আবার সেই ফাদাকে ছি"
5233,YES,NO,QURAN_MARKER|FADAK,COVERED,"“রাসূলুল্লাহ ﷺ যখন খাইবার বিজয় করলেন, তখন যুদ্ধলব্ধ সম্পদ সাধারণ মুসলমানদের মধ্যে বণ্টন করেন। কিন্তু ফাদাকের জমি ছিল ব্যতিক্রম। কোরআনের আয়াত নাযিল হওয়ার পর, রাসূলুল্লাহ ﷺ ফাদাককে তার কন্যা মা সাইয়"
5235,YES,NO,FADAK,COVERED,"৬৩২ খ্রিস্টাব্দে রাসূলুল্লাহ ﷺ-এর শাহাদাতের পর, খিলাফতের আসনে যিনি বসলেন, তিনি ফাদাককে রাষ্ট্রীয় সম্পত্তি বলে ঘোষণা করেন।"
5237,YES,NO,FADAK,COVERED,"তিনি 'খুতবা-ই-ফাদাকিয়া' নামে এক হৃদয়স্পর্শী ভাষণ দেন, যেখানে তিনি ন্যায়বিচারের দাবি জানান।"
5241,YES,NO,FADAK,COVERED,"এই ফাদাক শুধুমাত্র এক টুকরো জমি নয়, এটি সত্যের বিরুদ্ধে বাতিলের এক সূক্ষ্ম দ্বন্দ্ব, যা ইতিহাসের গতিপথকে চিরতরে বদলে দিয়েছিল।"
5242,YES,NO,FADAK,COVERED,বৃদ্ধের উক্তি—ফাদাকের চিরন্তন শিক্ষা
5247,YES,NO,FADAK,COVERED,“আপনি কি ফাদাকের গল্প জানেন?”
5250,YES,NO,FADAK,COVERED,"“ফাদাক শুধুই এক টুকরো জমি নয়,” তিনি বললেন, “এটি ন্যায়বিচারের প্রতীক। এটি এক কন্যার কান্না, এক উত্তরাধিকারীর মালিকানার অধিকার।”"
5253,YES,NO,FADAK,COVERED,"গোধূলির শেষ রশ্মি মিলিয়ে যেতেই আকাশ ভরে উঠল অসংখ্য নক্ষত্রের আলোয়। আমি অনুভব করলাম, ইতিহাসের ঢেউ আমার হৃদয় স্পর্শ করছে। ফাদাক শুধু একখণ্ড ভূমি নয়; এটি এক নারীর সংগ্রামের চিহ্ন, যিনি প্রতিকূলতার বি"
5254,YES,NO,FADAK,COVERED,"আমি ফাদাকের প্রবেশদ্বারে দাঁড়িয়ে ছিলাম। বাতাস আমার পোশাকের কিনারা ছুঁয়ে যাচ্ছিল, আর আমার চিন্তাগুলো মরুর ধূলিঝড়ের মতো উড়ে যাচ্ছিল। ফাদাকের কথা বলতে গেলে বলতে হয় সম্মান, ন্যায়বিচার এবং সর্বোপরি "
5256,YES,NO,FADAK,COVERED,"এক অনির্বচনীয় শিহরণ আমার সারা দেহে ছড়িয়ে পড়ল, যেন ইতিহাস নিজেই আমার সামনে জাগ্রত হয়ে উঠেছে। এই শুষ্ক মরুর বুকে দাঁড়িয়ে, নক্ষত্রের আলোয় স্নাত হয়ে আমি উপলব্ধি করলাম—ফাদাক এক জীবন্ত জান্নাত, এক "
5262,YES,NO,FADAK,COVERED,"“তবে শুনো, ফাদাক শুধুই এক জমি নয়, এটি এক সাক্ষ্য। এটি সেই ধ্বনির প্রতিধ্বনি, যা কখনো নিভে যায়নি; সেই প্রতিশ্রুতি, যা কখনো ভঙ্গ হয়নি; সেই উত্তরাধিকার, যা চিরন্তন। যারা হৃদয় দিয়ে শোনে, তারা একদিন এ"
5264,YES,NO,FADAK,COVERED,"যুদ্ধের পরে একদিন, রাসূলুল্লাহ ﷺ-এর দরবারে এক ইহুদি সম্প্রদায়ের প্রতিনিধি এসে আত্মসমর্পণ করল। বিনিময়ে, তারা উপহার দিল ফাদাক—এক খণ্ড উর্বর ভূমি, যা দানাদার খেজুর গাছে পূর্ণ ছিল। এটি শুধু একখণ্ড জমি ছ"
5265,YES,NO,HADITH_WORD|FADAK,COVERED,"কিন্তু রাসূলুল্লাহ ﷺ-এর ওফাতের পর দৃশ্যপট বদলে গেল। প্রথম জন খেলাফতের দায়িত্ব নিলেন, আর তাঁর শাসনেই ফাদাক নিয়ে বিতর্ক শুরু হলো। হঠাৎ করেই ঘোষণা করা হলো—ফাদাক আর ফাতিমার ব্যক্তিগত সম্পত্তি নয়, বরং এ"
5270,YES,NO,FADAK,COVERED,‘ফাদাক সাইয়্যেদা খাদিজা (আলাইহাস্ সালাম)-এর মোহরানা’
5272,YES,NO,FADAK,COVERED,বৃদ্ধ(খিজির): তুমি কি জান! ফাদাক. . .
5281,YES,NO,SHIA_BOOK,COVERED,"“যে ব্যক্তি আল্লাহ এবং তাঁর রাসূল সম্পর্কে সন্দেহ পোষণ করে, সে কাফির।”"
5284,YES,NO,SHIA_BOOK,COVERED,"তিনি (আলাইহিস্ সালাম) বললেন, “সে কাফির।”"
5287,YES,NO,SUTRA_MARKER|SUNNI_BOOK,COVERED,"আরেকটি বর্ণনায় এসেছে: একটি নির্ভরযোগ্য সূত্রে আবু আবদিল্লাহ (আলাইহিস্ সালাম) থেকে বর্ণিত, যেখানে মুহাম্মাদ বিন মুসলিম বলেন:"
5289,YES,NO,SHIA_BOOK,COVERED,"তিনি (আলাইহিস্ সালাম) বললেন, “সে কাফির, হে আবু মুহাম্মাদ!”"
5291,YES,NO,SHIA_BOOK,COVERED,"তিনি (আলাইহিস্ সালাম) বললেন, “সে-ও কাফির!”"
5292,YES,NO,SHIA_BOOK,COVERED,"তারপর তিনি (আলাইহিস্ সালাম) যুরারার দিকে ফিরে বললেন, “কিন্তু সে তখনই কাফির হয়, যখন সে সত্যকে প্রত্যাখ্যান করে।”"
5293,YES,NO,FADAK,COVERED,"বৃদ্ধ(খিজির): ইসলাম ও ঈমানের মূল ভিত্তি হলো আল্লাহ এবং তাঁর রাসূলের প্রতি দৃঢ় বিশ্বাস। ওরা (জালিমরা) ফাদাক নিয়ে এতে সন্দেহ করে, কুফরের অন্তর্ভুক্ত হয়েছে। সেসময় থেকে আজ পর্যন্ত যারা তাদের করা কুফরে"
5294,YES,NO,SHIA_BOOK,COVERED,"রাকিকা এখানে চোখ তুলল। রাহাতের মুখ শক্ত হয়ে গেছে। “কাফির?” সে বলল, প্রায় ফিসফিস করে। “এত বড় কথা?”"
5296,YES,NO,SHIA_BOOK,COVERED,"রাকিকা আঙুল দিয়ে খুঁজল। পড়ল ধীরে: “কিন্তু সে তখনই কাফির হয়, যখন সে সত্যকে প্রত্যাখ্যান করে।”"
5298,NO,NO,QURAN_MARKER,FLAGGED_UNCLAIMED,"এবার রাহাতের দিকে তাকিয়ে চাচা বললেন, “তোমার আব্বা কুরআন ধরে আছেন, বাবা। তিনি জেনে মুখ ফেরাননি। তিনি এখনো জানেনইনি। তফাতটা মনে রেখো।”"
5300,YES,NO,FADAK,COVERED,"বৃদ্ধ(খিজির): (গল্পে ফিরে. .) দরবারে চাপা গুঞ্জন ছড়িয়ে পড়ল। নিজেদেরকে কুফরির আসনে দেখে জালিমদের হৃদয়ে ভয়ের সৃষ্টি হলেও, কিন্তু আসনের দুই জন নিজের অবস্থানে অনড় রইলেন। “হে আল্লাহর রাসূলের কন্যা, আ"
5301,YES,NO,FADAK,COVERED,"বৃদ্ধ(খিজির): এটি শুধুই ফাদাকের ভূমির বিষয় ছিল না। এটি ছিল উত্তরাধিকার, ক্ষমতা এবংপবিত্র ব্যক্তিদের সত্যনিষ্ঠতা বনাম জালিমদের নাপাকির বহি: প্রকাশ। রাসূলুল্লাহ ﷺ-এর ইন্তেকালের পর আলীর (আলাইহিস্ সালাম)"
5305,YES,NO,FADAK,COVERED,"বৃদ্ধ(খিজির): মা সাইয়্যিদা ফাতিমাতুয্ যাহরা (আলাইহাস্ সালাম) চরম দুঃখ ও বেদনায় তাঁর চোখ থেকে অঝর ধারায় অশ্রু ঝরছিল এবং তিনি রিক্ত হস্তে, নিরাশা ও হতাশায় ফিরে যাচ্ছেন. . . তাঁর হাতে ছিল না ফাদাকের "
5313,NO,NO,QURAN_MARKER,FLAGGED_UNCLAIMED,"“কাল রাতে রাহাত উঠোনে দাঁড়িয়ে ঠিক এই তিনটা প্রশ্ন করেছিল,” চাচা বললেন। “আমি শুনেছি।” প্রথম ঘরে তাঁর আঙুল থামল। “খুতবায় তিনি উত্তরাধিকারের আয়াত পড়েছেন। সুলায়মান দাউদের। জাকারিয়ার দোয়া। কেন? কার"
5314,YES,NO,QURAN_MARKER|FADAK,COVERED,"দ্বিতীয় ঘরে আঙুল। “রাকিকার খাতার বিবর্ণ পাতায় লেখা, আয়াত নাজিলের পর রাসূলুল্লাহ ﷺ জীবিত অবস্থায় ফাদাক তাঁকে দিয়ে দেন। জীবিত অবস্থায় দেওয়াকে বলে হিবা। উপহার। আর উপহার একবার হাতে দিয়ে দিলে, দখল "
5319,YES,NO,FADAK,COVERED,"রাকিকা খাতা উল্টে পড়ল: “ফাদাক শুধুই এক টুকরো জমি নয়। এটি ন্যায়বিচারের প্রতীক। এটি এক কন্যার কান্না, এক উত্তরাধিকারীর মালিকানার অধিকার।”"
5335,NO,NO,QURAN_MARKER,FLAGGED_UNCLAIMED,"রাহাতের মুখে তেতো হাসি। “কী বলব? বলব, আপনি কুরআন ধরে আছেন, কিন্তু যাঁদের হাতে কুরআন রেখে যাওয়া হয়েছিল, তাঁদের হক চাপা দেওয়ার গল্প শুনে আমি বিরক্ত হয়েছিলাম? যে বিরক্তি আমার, সেটা আব্বার মুখে শুনে আ"
5340,NO,NO,SUTRA_MARKER,FLAGGED_UNCLAIMED,সূত্র
5341,YES,NO,CITATION_BULLET,COVERED,"•  এই অধ্যায়ের খাতার অংশ রাকিকার রূহানি সাক্ষ্য; দর্শনে মা সাইয়্যিদা (আলাইহাস্ সালাম)-এর আনসারদের প্রতি কথা (¶17207) ও «আল্লাহ সাক্ষী থাকুন» (¶17212) খিজিরের বলা গল্পের ভেতরে, সেই সাক্ষ্যের অংশ।"
5342,YES,NO,CITATION_BULLET|QURAN_MARKER,COVERED,"•  কুরআন ৪:১৫০, ১৭:২৬ (বিবর্ণ পাতার «আয়াত নাযিল হওয়ার পর») — api.alquran.cloud-এ মেলানো, CONFIRMED।"
5343,YES,YES,CITATION_BULLET|PAGE_CHECK_MARKER|FADAK,COVERED,"•  খাইবারের পরে ফাদাক দান (১৭:২৬ প্রসঙ্গে) — খাতায়: তাবারানী, আল-মু‘জামুল কাবীর; সুয়ূতী, আদ-দুররুল মানসূর — PAGE-CHECK।"
5344,YES,YES,CITATION_BULLET|PAGE_CHECK_MARKER,COVERED,"•  আবু বকরের রাষ্ট্রীয় সম্পত্তি ঘোষণা — খাতায়: বালাযুরী, ফুতুহুল বুলদান; তাবারী — PAGE-CHECK। দলিল ছিঁড়ে ফেলা — খাতায়: সুয়ূতী, তারিখুল খুলাফা; ইবনে আবিল হাদীদ, শারহু নাহজিল বালাগা খণ্ড ১৬ — PAGE-"
5345,YES,YES,CITATION_BULLET|PAGE_CHECK_MARKER|SUNNI_BOOK,COVERED,"•  «আমরা নবীগণ উত্তরাধিকার রেখে যাই না» — খাতায়: বুখারি (খুমুস/ফারায়িদ), মুসলিম ১৭৫৯ — PAGE-CHECK।"
5346,YES,YES,CITATION_BULLET|PAGE_CHECK_MARKER|SUNNI_BOOK|SHIA_BOOK|HADITH_WORD,COVERED,"•  সন্দেহ ও কুফরের হাদীস (মানসুর ইবনে হাযিম; মুহাম্মাদ ইবনে মুসলিম, যুরারা, আবু বাসির) — আল-কাফি খণ্ড ২, বাবুশ শাক্ক — PAGE-CHECK।"
5347,YES,YES,CITATION_BULLET|SUTRA_MARKER|BARNITA_MARKER|FADAK,COVERED,•  ফাদাক সাইয়্যেদা খাদিজা (আলাইহাস্ সালাম)-এর মোহরানা — বর্ণিত আছে; সূত্র খোলা।
5349,YES,NO,FADAK,COVERED,০৬  বারবার ফাদাকে ফেরা কেন?
5359,YES,NO,FADAK,COVERED,"“কাজের মানুষের হাত, মা। ময়লা তো লাগেই।” তিনি আবার হাসলেন, তারপর গামছা দিয়ে হাত মুছলেন। “ফাদাকের গল্প আরও শুনবে? সেদিন তো অর্ধেক বলেছিলাম।”"
5370,YES,NO,FADAK,COVERED,"“ভালো। প্রশ্ন না করলে মানুষ মরা গাছ।” চশমার ফাঁক দিয়ে এবার রাকিকার দিকে তাঁর চোখ। “কিন্তু এই মেয়েটা আজকাল প্রশ্ন করে না। শুধু ফাদাক, ফাদাক। রাতে ঘুমের মধ্যেও নাকি ফাদাক বলে। তোর আম্মা বলল।”"
5379,YES,NO,FADAK,COVERED,"তাই, আজও আমি ফিরে ফিরে আসি ফাদাকের সেই মাটিতে। খেজুর গাছের ফিসফিসানি শুনি, তালগাছের পাতায় বাতাসের মৃদু কলরব শুনি। মনে হয়, মরুর হাওয়ায় প্রতিধ্বনিত হচ্ছে তাঁর কণ্ঠস্বর—"
5383,YES,NO,FADAK,COVERED,"ফাদাকের মাটিতে দাঁড়িয়ে বাতাসের ফিসফিসানির মাঝে যেন প্রতিধ্বনিত হয় এই বাক্য। রাকিকা অনুভব করে, তার জীবন যেন ফাদাকের সেই চিরন্তন ইতিহাসেরই আরেকটি প্রতিচ্ছবি।"
5391,YES,NO,FADAK,COVERED,ফাদাকের ইতিহাস কি তবে চিরন্তন সত্যের সাক্ষী হয়ে আজও ফিরে ফিরে আসছে না?
5394,YES,NO,SUNNI_BOOK,COVERED,"ফুপু চুপ করে রইলেন। তারপর ব্যাগ থেকে সেই মোটা সবুজ বইটা বের করলেন। মলাটের ওপর আরবিতে লেখা, তার নিচে বাংলায়: সহীহ বুখারি।"
5396,YES,NO,FADAK,COVERED,"“তুই ভাবিস, ফাদাকের কথা শুধু তোদের বইয়ে আছে?” বলতে বলতে তিনি পাতা উল্টাতে লাগলেন। পাতাগুলো পাতলা, কোনায় হলদেটে। মাঝে মাঝে পেনসিলের দাগ। “আমার আব্বা এই খণ্ড পড়তেন। মাগরিবের পরে, প্রতিদিন। আমার বিয়ে"
5400,NO,NO,RASUL_SAID,FLAGGED_UNCLAIMED,"“…তখন ফাতিমা (আলাইহাস্ সালাম) এ ব্যাপারে আবু বকরের ওপর অসন্তুষ্ট হলেন, তাঁকে ছেড়ে দিলেন, আর মৃত্যু পর্যন্ত তাঁর সাথে কথা বলেননি। রাসূলুল্লাহ ﷺ-এর পরে তিনি ছয় মাস বেঁচে ছিলেন।”"
5402,YES,NO,SUNNI_BOOK,COVERED,"রাহাত সোফায় সামনে ঝুঁকে বসেছে। “মৃত্যু পর্যন্ত কথা বলেননি,” সে বলল, আস্তে। “এটা বুখারিতে আছে?”"
5415,YES,NO,FADAK,COVERED,"ফাদাক আজও সাক্ষী এক চিরন্তন সত্যের—অন্যায় কখনোই মুছে যায় না, ন্যায় কখনোই মরে না। যুগ যুগ ধরে সত্যের পথের পথিকরা এই অন্যায়ের বিরুদ্ধে দাঁড়িয়েছে, আজও দাঁড়াবে, যতক্ষণ না ন্যায়বিচার প্রতিষ্ঠিত হয়"
5421,NO,NO,SUTRA_MARKER,FLAGGED_UNCLAIMED,সূত্র
5422,YES,NO,CITATION_BULLET|FADAK,COVERED,•  এই অধ্যায়ের রাকিকার ফাদাক-বাক্যগুলো তার রূহানি সাক্ষ্য।
5423,YES,YES,CITATION_BULLET|PAGE_CHECK_MARKER|SUNNI_BOOK,COVERED,"•  সহীহ বুখারি ৪২৪০ (কিতাবুল মাগাযি, খায়বার অধ্যায়, আয়িশা থেকে): «فَوَجَدَتْ فَاطِمَةُ عَلَى أَبِي بَكْرٍ فِي ذَلِكَ فَهَجَرَتْهُ فَلَمْ تُكَلِّمْهُ حَتَّى تُوُفِّيَتْ، وَعَاشَتْ بَعْدَ النَّبِيِّ "
5427,NO,NO,QURAN_MARKER,FLAGGED_UNCLAIMED,"চাচার বসার ঘরটা লাইব্রেরির চেয়ে ছোট। এক দেয়ালে কাঠের তাক, তাতে পুরোনো কুরআন আর কয়েকটি মোটা খাতা। মেঝেতে শীতলপাটি। কোণে একটি টেবিল ফ্যান, ঘুরতে ঘুরতে মাঝে মাঝে কট করে শব্দ করে, তারপর আবার চলে।"
5430,YES,NO,SUNNI_BOOK,COVERED,"রাহাত প্রথম কথা বলল। “চাচা, কাল রাকিকার ফুপু বুখারি পড়ছিলেন। ‘ছয় মাস বেঁচে ছিলেন’, এই পর্যন্ত পড়ে থামলেন। পরের লাইনটা পড়লেন না। বললেন, আপনাকে জিজ্ঞেস করতে। বললেন, তাঁর গলায় আসবে না।”"
5437,NO,NO,QURAN_MARKER,FLAGGED_UNCLAIMED,"“আছে, বাবা। তাঁর কথা যেসব আয়াতে, সেগুলোর একটি তালিকা। বহু বছর ধরে করছি। এখনো শেষ হয়নি।” চাচা একটু হাসলেন। “বুরুল্লাহর পাতলা বইয়ে তিনটা, তোমাদের পেনসিলে সাতটা। আমার এখানে আরও অনেক।”"
5438,NO,NO,QURAN_MARKER,FLAGGED_UNCLAIMED,তিনি নিজের কুরআনটা রাহাতের দিকে বাড়িয়ে দিলেন। “সূরা রুম। আটত্রিশ। তুমি খুঁজে পড়ো।”
5439,NO,NO,QURAN_MARKER,FLAGGED_UNCLAIMED,"রাহাত পাতা উল্টাল। চাচার কুরআনের পাতা নরম, বহু হাতের ছোঁয়ায় কোনা গোল হয়ে গেছে। রুম। ত্রিশ। একত্রিশ। আটত্রিশ। সে আরবিটা আঙুল দিয়ে ছুঁয়ে বাংলায় নামল, পড়ল:"
5442,NO,NO,QURAN_MARKER,FLAGGED_UNCLAIMED,"সূরা ৩০ রুম, আয়াত ৩৮।"
5445,NO,NO,QURAN_MARKER,FLAGGED_UNCLAIMED,"হাকেম হাস্কাফী হানাফী বর্ণনা করেন যে, আব্দুল্লাহ ইবনে আব্বাস (রাদিয়াল্লাহু আনহুম) বর্ণনা করেন, যখন কোরআনের আয়াত وَآتِ ذَا الْقُرْبَى حَقَّهُ অবতীর্ণ হয়, তখন রাসূলুল্লাহ ﷺ মা সাইয়্যিদা ফাতিমাতুয্ য"
5446,YES,NO,QURAN_MARKER|RASUL_SAID|FADAK,COVERED,মদীনা থেকে কিছু দূরত্বে 'ফাদাক' নামে একটি গ্রাম ছিল যেখানে খায়বারের এক মজবুত দুর্গও ছিল। সেখানে ইহুদীরা বসবাস করত। যখন খায়বারের কামুস দুর্গ বিজয় হয় এবং রাসূলুল্লাহ ﷺ সার্বিকভাবে তাদের ওপর বিজয়ী হ
5450,NO,NO,SUTRA_MARKER|HADITH_WORD,FLAGGED_UNCLAIMED,"আমাদের বক্তব্য হলো, এ বিষয়ের ওপর বিভিন্ন মত ও আলোচনা তাফসীর, হাদীস এবং ইতিহাস গ্রন্থে আলোচিত হয়েছে। এক্ষেত্রে রাসূলুল্লাহ ﷺ-এর সূত্রে অগণিত হাদীস বর্ণিত হয়েছে।"
5451,YES,NO,QURAN_MARKER|FADAK,COVERED,"উক্ত বক্তব্য থেকে জানা যায় যে, মা সাইয়্যিদা ফাতিমাতুয্ যাহরা (আলাইহাস্ সালাম) কে বাগে ফাদাকের সম্পত্তি দান করা প্রসঙ্গে আলোচ্য আয়াত অবতীর্ণ হয়। আর রাসূলুল্লাহ ﷺ আল্লাহর তায়ালার নির্দেশ পালনার্থে "
5452,YES,NO,SUNNI_BOOK|HADITH_WORD|FADAK,COVERED,"বিভিন্ন মত ও পথের মুসলিম চিন্তাবিদগণ বাগে ফাদাক সম্পর্কে পৃথকভাবে অনেক কিতাব রচনা করেছেন। এসব গ্রন্থে তাঁরা হাদীস, সিরাত ও ইতিহাসের আলোকে ইসলামের এই গুরুত্বপূর্ণ ঘটনাকে নানাভাবে আলোচনা করেছেন। আমরা বি"
5459,YES,NO,FADAK,COVERED,"মা সাইয়্যিদা ফাতিমাতুয্ যাহরা (আলাইহাস্ সালাম) নিজেই বলেগেছেন, “আমার উপর যে দুর্যোগ নেমে এসেছে, তা যদি দিনের উপর পড়তো তা রাতে পরিণত হতো।” তিনিই ছিলেন সত্যবাদীতারপ্রতীক অথচ তাকে ‘মিথ্যাবাদী’ সব্যস্ত "
5486,NO,NO,QURAN_MARKER,FLAGGED_UNCLAIMED,"মা সাইয়্যিদা ফাতিমাতুয্ যাহরা (আলাইহাস্ সালাম) হলেন জান্নাতের নেত্রী, আল কাউসার, আটটি জান্নাতের মালিক, সূরা ক্বদরের রাত্র (লাইল), বাতুল, দুই দরিয়ার একটি(যা কখনও মিলিত হয় না), সূরা নুরের প্রজ্জলিত শ"
5501,NO,NO,SUTRA_MARKER,FLAGGED_UNCLAIMED,সূত্র
5502,YES,YES,CITATION_BULLET|PAGE_CHECK_MARKER|QURAN_MARKER,COVERED,"•  কুরআন ৩০:৩৮ — api.alquran.cloud-এ মেলানো, CONFIRMED (খাতায় «وَآتِ»; মুসহাফে ৩০:৩৮ «فَآتِ», ১৭:২৬ «وَآتِ» — দুটোর পার্থক্য PAGE-CHECK)।"
5503,YES,YES,CITATION_BULLET|PAGE_CHECK_MARKER|SUNNI_BOOK|FADAK,COVERED,"•  ৩০:৩৮ নাযিলে ফাদাক দান (ইবনে আব্বাস) — হাকিম হাসকানী, শাওয়াহিদুত তানযীল — PAGE-CHECK।"
5504,YES,YES,CITATION_BULLET|PAGE_CHECK_MARKER|BARNITA_MARKER,COVERED,•  «আমার উপর যে দুর্যোগ নেমে এসেছে…» — মা সাইয়্যিদা (আলাইহাস্ সালাম)-এর শোকগাথা হিসেবে বর্ণিত আছে; PAGE-CHECK।
5505,YES,YES,CITATION_BULLET|PAGE_CHECK_MARKER|SHIA_BOOK,COVERED,•  ওফাতের পরে সময়কাল ও বয়সে ভিন্ন বর্ণনা (৪০ দিন থেকে ৮ মাস; ১৮ থেকে ২৮) — খাতায়: বিহারুল আনওয়ার খণ্ড ৪৩ — PAGE-CHECK।
5506,YES,YES,CITATION_BULLET|PAGE_CHECK_MARKER|BARNITA_MARKER|SUNNI_BOOK|HADITH_WORD,COVERED,"•  ফুপুর না-পড়া লাইন — সহীহ বুখারি ৪২৪০-এর পরের অংশ (CITATION_RISK #১৩-এর একই হাদীস), CONFIRMED; রাতে গোসল-কাফন-দাফন ও কবর গোপন রাখার ওসিয়ত — বর্ণিত আছে, PAGE-CHECK (খাতায় বুখারি ৪২৪০ লেখা, কিন্তু "
5519,YES,NO,FADAK,COVERED,"রাকিকার খাতা: «ফাদাকের টাইম ভ্যালু অফ মানি» (রাকিকার নিজের হাতে, রবিবার রাতের দেখা)"
5520,YES,NO,FADAK,COVERED,ফাদাকের টাইম ভ্যালু অফ মানি
5523,YES,NO,FADAK,COVERED,"খিজির: আমরা যদি ফাদাককে ভুলে যাই, তবে ইসলামকেই ভুলে যাবো। আর তখন অন্যায় শক্তিগুলো সত্যকে খেলনার মতো ব্যবহার করবে, নিজেদের স্বার্থে বিকৃত করবে।"
5525,YES,NO,FADAK,COVERED,"রাকিকা: কিন্তু চাচা, ফাদাকের এত বিস্তৃত সীমানা নিয়ে ইমাম মুসা কাজিম (আলাইহিস্ সালাম) কেন হারুনের সামনে এত দৃঢ় দাবি করলেন? জানি, ইমাম কখনো মিথ্যা বলবেন না এবং তিনি যেটা বলবেন সেটাই হক, হক তাঁর পিছনে "
5537,YES,NO,FADAK,COVERED,রাকিকা: কিন্তু চাচা এ গল্পের সাথে ফাদাকের কি সম্পর্ক?
5540,YES,NO,FADAK,COVERED,ফাদাক: ইতিহাসের জ্বলন্ত সাক্ষী
5542,YES,NO,FADAK,COVERED,"খিজির: (গভীর স্বরে) আছে ফাদাকের সাথে আমার এ গল্পের পরিপূর্ণ সম্পর্ক রয়েছে রাকিকা, ফাদাক কেবল একটা জমি ছিল না? এটা ছিল সত্যের এক বিরাট পরীক্ষার ময়দান! একটা ন্যায়ের দাবির বিরুদ্ধে ক্ষমতার নির্মম খেলা"
5545,YES,NO,SUNNI_BOOK|FADAK,COVERED,রাকিকা: এত বড় ঘটনাটি প্রথম জন আর দ্বিতীয় জন ঘটাল কেন? কেন ফাদাক এত গুরুত্বপূর্ণ হয়ে উঠল? ফাদাককে পাওয়ার জন্য মা সাইয়্যিদা ফাতিমাতুয্ যাহরা (আলাইহাস্ সালাম)-এর বিরুদ্ধে হাকিমরা কেন এতবড় ষড়যন্ত্র
5547,YES,NO,HADITH_WORD|FADAK,COVERED,"রাসূলুল্লাহ ﷺ-এর ঘোষণা তারা পদদলিত করল, রাষ্ট্রক্ষমতা দখল করল এবং নিজেদেরকে ফাদাকের বিচারপতি সাজাল। অথচ রাষ্ট্রের পরিচালক কখনো বিচারপতি হতে পারে না! তবু তারা মিথ্যা হাদিস বানিয়ে ফাদাককে দখল করল।"
5549,NO,NO,HADITH_WORD,FLAGGED_UNCLAIMED,"খিজির: তাদের হাতে ছিল একজন মাত্র রাবি বা হাদিস বর্ণনাকারী, কিন্তু মা সাইয়্যিদা ফাতিমাতুয্ যাহরা (আলাইহাস্ সালাম)-এর পক্ষে ছিল সোয়া লক্ষ হাজির সাক্ষী! তবু তারা একজন মিথ্যাবাদী রাবির বানানো হাদিসের ভি"
5567,YES,NO,FADAK,COVERED,"খিজির: (গভীর দৃষ্টিতে তাকিয়ে) ঠিক তাই, রাকিকা! ফাদাক ছিল এক বিশাল বিনিয়োগ, তবে তা কেবল অর্থনৈতিক নয়—এটা ছিল ক্ষমতা, ন্যায়বিচার এবং সত্যের এক অনন্য পরীক্ষা!"
5572,YES,NO,FADAK,COVERED,"খিজির: ফাদাক! হ্যাঁ, রাসূলুল্লাহ ﷺ যেটা তাঁর কন্যা মা সাইয়্যিদা ফাতিমাতুয্ যাহরা (আলাইহাস্ সালাম)-কে দিয়েছিলেন। সেটা তখনও ইসলামের বিশাল এক অর্থনৈতিক শক্তি ছিল। কারণ রাসূলুল্লাহ ﷺ জানতেন নাবুয়্যাত শ"
5576,YES,NO,FADAK,COVERED,"হিজরতের পর মদিনায় আলী (আলাইহিস্ সালাম)-এর কোনো ব্যক্তিগত সম্পদ ছিল না। আর এ কারণেই, আল্লাহ ইসলামী রাষ্ট্রের ভবিষ্যৎ পরিচালনার জন্য ফাদাকের মালিকানা মা সাইয়্যিদা ফাতিমাতুয্ যাহরা (আলাইহাস্ সালাম)-কে "
5579,YES,NO,FADAK,COVERED,রাকিকা: (চোখে তীব্র হতাশার ছাপ) এই কঠিন পর্দা কি একটু সরাবেন আগত প্রজন্মের জন্য? আর একটি বিষয় পরিস্কার করবেন: রাসূলুল্লাহ ﷺ কি আগে থেকেই জানতেন যে এই জালিমরা ফাদাকের মালিকানা হিসাবে মা সাইয়্যিদা ফাত
5580,YES,NO,FADAK,COVERED,"খিজির: (গভীর কণ্ঠে, দৃঢ় স্বরে) অবশ্যই! তিনি জানতেন। তিনি জানতেন যে সত্যের আলো নেভানোর জন্য মুনাফিকরা একের পর এক ষড়যন্ত্র করবে। তাই তিনি দলিল লিখে, সাক্ষর করে ও উম্মাহর সামনে প্রকাশ্যে ঘোষণা দিয়ে ফা"
5582,NO,NO,HADITH_WORD,FLAGGED_UNCLAIMED,রাকিকা: হাদিসটার বিষয়ে আর একটু বিস্তারিত বলবেন চাচা?
5591,YES,NO,HADITH_WORD|FADAK,COVERED,খিজির: কেউ প্রশ্ন করলো না আপনার বয়স মাত্র ১৮/২৩ আপনি কি কারনে বা কোন রোগে মারা যাবেন? একনকি আয়িশা বিনতে আবু বকর হাদিসটি বর্ণনাকারী অথচ সেও কোন প্রশ্ন করল না? যেন মনে হয় এ সব কিছুই জালিমদের পূর্ব পর
5595,NO,NO,QURAN_MARKER,FLAGGED_UNCLAIMED,খিজির: (পুর্বের প্রশ্নের উত্তরে ফিরে বলল) আর মাওলা আলীকে (আলাইহিস্ সালাম) খলিফা নিযুক্ত করার সময়ও তিনি কিছু মানুষকে নিয়ে ভয় পাচ্ছিলেন। এমনকি আল্লাহ তাআলাও এ বিষয়ে কঠোর আয়াত নাজিল করেন::
5596,YES,NO,SHIA_BOOK,COVERED,"হে রাসূল! তোমার প্রতিপালকের পক্ষ থেকে যা তোমার প্রতি অবতীর্ণ হয়েছে, তা প্রচার করো। যদি তুমি তা না করো, তবে তুমি তাঁর বার্তা পৌঁছালে না। আল্লাহ তোমাকে মানুষদের (ষড়যন্ত্র) থেকে রক্ষা করবেন। নিশ্চয়ই আ"
5599,NO,NO,QURAN_MARKER,FLAGGED_UNCLAIMED,রাকিকা: তাই নাকি? এ আয়াত নিয়ে এর আগে এমন করেতোকখনওভাবিনি!
5607,NO,NO,QURAN_MARKER,FLAGGED_UNCLAIMED,"“তিন নম্বর আয়াতটা তো শুরু হয় হারাম খাবারের কথা দিয়ে,” সে বলল। “মরা জন্তু, রক্ত, শূকরের মাংস। তার মাঝখানে হঠাৎ, ‘আজ আমি তোমাদের দ্বীনকে পূর্ণাঙ্গ করলাম’। মাঝখানে কেন?”"
5610,NO,NO,RASUL_SAID,FLAGGED_UNCLAIMED,"মনে রাখা জরুরি যে, পরবর্তীতে রাসূলুল্লাহ ﷺ-এর মৃত্যুর সময় এই দ্বিতীয় জনই কিন্তু কাগজ নিয়ে আসতে বাধা দিয়েছিল। আর বলে ছিল কোরআনই আমাদের জন্য যথেষ্ট। তাদের মনের বাকী কথাটা ছিল এমন, আলী যে আমাদের খলিফ"
5612,NO,NO,QURAN_MARKER,FLAGGED_UNCLAIMED,"আমি জানতাম। রবিবার সকালে সেন্টারের বারান্দায়, পরোটা ছিঁড়তে ছিঁড়তে, তার আব্বা বলেছিলেন, «কুরআন পড়, নামাজ পড়, তাতেই হবে।» রাহাত সেদিন চায়ের কাপ একটু জোরে নামিয়ে রেখেছিল।"
5618,YES,NO,QURAN_MARKER|FADAK,COVERED,খিজির: আল্লাহ তোমাকে মানুষদের (ষড়যন্ত্র) থেকে রক্ষা করবেন আয়াতটিতে বর্ণিত আল্লাহর সে দায়িত্ব সাইয়্যিদা ফাতিমা যাহরাই (আলাইহাস্ সালাম) পালন করেছিলেন। তিনি ফাদাকের দাবির মাধ্যমে ইসলামকে বাচিয়েছেন। 
5620,YES,NO,FADAK,COVERED,খিজির: যদি ঐদিন জালিমরা ফাদাকের দাবি মেনে নিতো তাহলে মা সাইয়্যিদা ফাতিমাতুয্ যাহরা (আলাইহাস্ সালাম) খিলাফতের হক চেয়ে বসতেন। আর এ বিষয়টি দ্বিতীয় জন জানতেন তাই তারা তা দিতে চাইলো না। আর তাই মা সাইয়
5621,YES,NO,FADAK,COVERED,"রাকিকা (উৎসুক কণ্ঠে): এতো গেল আল্লাহর ও ইমামতের বিচার। কিন্তু, জালিমরা তো ক্ষমতায় থেকেই গেল! তাহলে কিভাবে ফাদাকের মাধ্যমে ইসলাম রক্ষা পেল? বলবেন?"
5623,YES,NO,FADAK,COVERED,"রাকিকা, মনে রেখো, ফাদাক ছিল শুধু এক টুকরো জমি নয়, এটি ছিল ন্যায়ের প্রতীক, সত্যের মানচিত্র। মা সাইয়্যিদা ফাতিমাতুয্ যাহরা (আলাইহাস্ সালাম) ফাদাকের দাবি করেছিলেন শুধু নিজের জন্য নয়, বরং উম্মতের জন্য"
5625,YES,NO,FADAK,COVERED,"মা সাইয়্যিদা ফাতিমাতুয্ যাহরা (আলাইহাস্ সালাম) ও তাঁর স্বামী শুধু নিজেদের জন্য নয়, বরং পুরো উম্মতের জন্য লড়াই করেছেন। জান্নাতের নারীদের সর্দারার এই সংগ্রাম ছিল শুধু ফাদাকের জন্য নয়, বরং খাঁটি ইসলা"
5628,YES,NO,HADITH_WORD|FADAK,COVERED,"রাকিকা, তুমি কি জানো, জালিমরা এরপর কী করেছিল? তারা ন্যায়ের পথ বেছে নেয়নি। বরং, সত্যকে ধ্বংস করতে একটি মিথ্যা হাদিস রচনা করল! এমন এক হাদিস, যার রাবি ছিল মাত্র একজন! অথচ রাসূলুল্লাহ ﷺ-এর হাজার হাজার স"
5629,YES,NO,HADITH_WORD|FADAK,COVERED,"তাদের উদ্দেশ্য ছিল শুধুই সম্পদ দখল নয়, বরং সত্য ও ন্যায়ের শিকড়কে উপড়ে ফেলা। তারা জানত, ফাদাক যদি মা সাইয়্যিদা ফাতিমাতুয্ যাহরা (আলাইহাস্ সালাম) হাতে থাকে, তাহলে আলী (আলাইহিস্ সালাম)-এর অর্থনৈতিক "
5631,YES,NO,FADAK,COVERED,"তাই তো রাসূলুল্লাহ ﷺ-এর ওফাতের মাত্র তিন থেকে দশ দিনের মধ্যেই তারা ফাদাক দখল করতে মরিয়া হয়ে উঠল! কেন? কারণ, তাদের হাতে তখন যুদ্ধ পরিচালনার মতো কোনো অর্থ অবশিষ্ট ছিল না! তারা জানত, যদি ফাদাক আলী (আলা"
5639,YES,NO,FADAK,COVERED,"খিজির (গভীরতা ও দৃঢ়তায় ভরা কণ্ঠে): ফাদাকের সম্পদকে ব্যবহার করা! কারণ, তারা ফাদাকের সম্পদ দিয়েই সৈন্যদের অস্ত্র, তলোয়ার, ঢাল, বর্ম ইত্যাদি কিনল এবং যুদ্ধ চালিয়ে গেল। এই বিনিয়োগের ফলে মুসলমানরা শত"
5640,YES,NO,SUNNI_BOOK|FADAK,COVERED,"তাহলে বোঝ, মুসলিম জাহান আজ যেখানে যেখানে পৌঁছেছে, তা মূলত ফাদাকের বিনিয়োগেরই ফল!"
5641,YES,NO,FADAK,COVERED,"রাকিকা (গভীর শ্বাস নিল, যেন তার মনের সমস্ত কুয়াশা কেটে গেল): তাহলে ইমাম মুসা কাজিম (আলাইহিস্ সালাম) সম্পূর্ণ সত্য বলেছিলেন! আজ পৃথিবীর যে প্রান্তেই ইসলাম পৌঁছেছে, তা সবই ফাদাকের ঐতিহাসিক বিনিয়োগের ধ"
5648,YES,NO,FADAK,COVERED,"ফাদাকের ভুমি থেকে ফিরে, রাকিকা যখন বুরুল্লাহ ও সাদিককে বৃদ্ধ খিজির চাচার গল্পটি শুনিয়েছিল, তখন তারা দুজনই মৃদু হেসে বলেছিল—"
5672,NO,NO,SUTRA_MARKER,FLAGGED_UNCLAIMED,সূত্র
5673,YES,NO,CITATION_BULLET|HADITH_WORD,COVERED,•  এই অধ্যায়ের খাতা রাকিকার রূহানি সাক্ষ্য; দর্শনে মা সাইয়্যিদা (আলাইহাস্ সালাম)-এর উত্তর (¶17893–17895) রাসূলুল্লাহ ﷺ-এর গোপন কথার হাদীস হিসেবে খিজিরের মুখে।
5674,YES,NO,CITATION_BULLET|QURAN_MARKER,COVERED,"•  কুরআন ৫:৬৭, ৫:৩ — api.alquran.cloud-এ মেলানো, CONFIRMED।"
5675,YES,YES,CITATION_BULLET|PAGE_CHECK_MARKER|SUNNI_BOOK,COVERED,"•  গোপন কথা, কান্না ও হাসি (আয়িশা থেকে) — সহীহ বুখারি ৩৬২৩–৩৬২৪, সহীহ মুসলিম ২৪৫০ — PAGE-CHECK (শব্দ মেলানো বাকি)।"
5676,YES,YES,CITATION_BULLET|PAGE_CHECK_MARKER|BARNITA_MARKER|FADAK,COVERED,•  ইমাম মুসা কাজিম (আলাইহিস্ সালাম) ও হারুনের সামনে ফাদাকের সীমানা — বর্ণিত আছে; PAGE-CHECK।
5677,YES,YES,CITATION_BULLET|PAGE_CHECK_MARKER|BARNITA_MARKER|SUNNI_BOOK,COVERED,•  কাগজ-কলম ও «কোরআনই আমাদের জন্য যথেষ্ট» (বৃহস্পতিবারের ঘটনা) — সহীহ বুখারি (কিতাবুল ইলম ও মাগাযি) — PAGE-CHECK; «কাবা মানুষের কাছে যায় না» — বর্ণিত আছে।
5678,YES,YES,CITATION_BULLET|PAGE_CHECK_MARKER|SHIA_BOOK,COVERED,•  বয়স ও সময়কালের ভিন্নতা — খাতায়: বিহারুল আনওয়ার খণ্ড ৪৩ — PAGE-CHECK।
5687,NO,NO,QURAN_MARKER,FLAGGED_UNCLAIMED,"সূরা ১৭ বানি ইসরাঈল, আয়াত-২৬।"
5688,NO,NO,QURAN_MARKER,FLAGGED_UNCLAIMED,তারপর কুরআন রাহাতের দিকে ঠেলে দিলেন। “বনী ইসরাঈল। ছাব্বিশ। আজও তুমি।”
5692,NO,NO,QURAN_MARKER,FLAGGED_UNCLAIMED,পড়া শেষ করে রাহাত থামল। কুরআনটা নামাল না। ভুরু কুঁচকে আরবি লাইনটার দিকে আবার তাকাল।
5693,NO,NO,QURAN_MARKER,FLAGGED_UNCLAIMED,"“চাচা, এই বাক্যটা তো কাল রাতে পড়েছি। সূরা রুমে। ‘আত্মীয়কে তার প্রাপ্য দাও।’ হুবহু এক।”"
5695,NO,NO,QURAN_MARKER,FLAGGED_UNCLAIMED,"রাহাত দুটো জায়গা পাশাপাশি খুলতে চাইল, পারল না, এক কুরআনে দুই সূরা। ফোন বের করে রুম আটত্রিশ খুলল, কুরআনের পাশে রাখল। আঙুল দিয়ে প্রথম হরফটা দেখাল। “রুমে শুরু ‘ফা’ দিয়ে। ফা-আতি। এখানে ‘ওয়া’। ওয়া-আতি"
5696,NO,NO,QURAN_MARKER,FLAGGED_UNCLAIMED,"প্রথমে ঘরে কোনো শব্দ নেই। তারপর ফয়সাল, যে দুই সূরাই মুখস্থ জানে, আস্তে আস্তে মাথা নাড়ল। “আমি এত বছর পড়েছি। খেয়াল করিনি।”"
5699,YES,NO,QURAN_MARKER|FADAK,COVERED,ইমাম সাদিক (আলাইহিস্ সালাম) থেকে বর্ণিত হয়েছে যে— “আয়াতটি রাসূলুল্লাহ ﷺ-এর নিকটবর্তীদেরকে নির্দেশ করে এবং এটি মা সাইয়্যিদা ফাতিমাতুয্ যাহরা (আলাইহাস্ সালাম)-এর ব্যাপারে নাজিল হয়েছিল এবং তিনি তাঁকে
5700,YES,NO,QURAN_MARKER|HADITH_WORD|FADAK,COVERED,"ইবনে জারীর হযরত আলী ইবনুল হুসাইন যায়নুল আবেদীন (আলাইহিস্ সালাম) হতে বর্ণনা করেছেন। তিনি এক শামদেশীয় লোককে জিজ্ঞেস করেন, 'তুমি কুরআন পাঠ করেছ? ' সে বলল, 'হ্যাঁ।’ তিনি পুনরায় জিজ্ঞেস করলেন, 'তুমি সূর"
5702,YES,NO,FADAK,COVERED,কেন এবং কখন রাসূলুল্লাহ ﷺ মা সাইয়্যিদা ফাতিমাতুয্ যাহরা (আলাইহাস্ সালাম)-কে ফাদাক প্রদান করেন?
5703,YES,NO,QURAN_MARKER|FADAK,COVERED,"রাসূলুল্লাহ ﷺ খাইবার বিজয়ের পর (৬২৮ খ্রিস্টাব্দ, ৬ হিজরি) একদল ইহুদির পক্ষ থেকে ফাদাক বাগান লাভ করেন এবং মদিনায় প্রত্যাবর্তনের পর, যখন পবিত্র আয়াত নাজিল হয়, তখন তিনি ﷺ ফাদাককে মা সাইয়্যিদা ফাতিমা"
5704,YES,NO,FADAK,COVERED,"রাসূলুল্লাহ ﷺ-এর ইন্তেকাল ৬৩২ খ্রিস্টাব্দে (১০ হিজরি) হয়। সুতরাং, ফাদাকের জমি মা সাইয়্যিদা ফাতিমাতুয্ যাহরা (আলাইহাস্ সালাম)-এর অধিকারে ছিল প্রায় ২ বছর।"
5710,YES,NO,QURAN_MARKER|FADAK,COVERED,"‘যখন আল্লাহ খাইবারে রাসূলুল্লাহ ﷺ-কে বিজয় দান করলেন এবং ফাদাক তার ﷺ জন্য দান করলেন (৬২৮ খ্রিস্টাব্দে) এবং এই আয়াত নাজিল করলেন-সুতরাং আত্মীয়কে তার অধিকার দাও, তখন তিনি ﷺ বললেন, ‘হে মা সাইয়্যিদা ফাত"
5712,YES,NO,QURAN_MARKER|FADAK,COVERED,"‘যখন এই আয়াত নাজিল হলো: সুতরাং আত্মীয়কে তার অধিকার দাও, তখন রাসূলুল্লাহ ﷺ মা সাইয়্যিদা ফাতিমাতুয্ যাহরা (আলাইহাস্ সালাম)-কে ফাদাক দিয়ে দিলেন।’"
5715,YES,NO,QURAN_MARKER|FADAK,COVERED,"‘যখন এই আয়াত রাসূলুল্লাহ ﷺ-এর ওপর নাজিল হলো, তখন তিনি ﷺ ফাদাককে মা সাইয়্যিদা ফাতিমাতুয্ যাহরা (আলাইহাস্ সালাম)-কে দান করলেন এবং তাঁর কাছে হস্তান্তর করলেন।’"
5717,NO,NO,HADITH_WORD,FLAGGED_UNCLAIMED,"একবার আল-রেযা (আলাইহিস্ সালাম)-এর মজলিসে আল-মা’মুনের সাথে আলোচনার সময়, পরিবার (আল-আত্রাহ) ও উম্মাহর পার্থক্য নিয়ে এক দীর্ঘ হাদিসে উল্লেখিত হয়:"
5718,NO,NO,QURAN_MARKER,FLAGGED_UNCLAIMED,"‘আমাদের জানান, আল্লাহ কি কুরআনে বিশেষ নির্বাচনের (الاصطفاء) ব্যাখ্যা দিয়েছেন? ’"
5720,NO,NO,QURAN_MARKER,FLAGGED_UNCLAIMED,"‘الاصطفاء কুরআনের বাহ্যিক অর্থে বারোটি স্থানে ব্যাখ্যা করা হয়েছে, এর গোপন অর্থ ছাড়াও। প্রথম আয়াতটি হল খুমসের আয়াত: সুতরাং আত্মীয়কে তার অধিকার দাও-এটি বিশেষ। আল্লাহ পরাক্রমশালী, যিনি তাদের (আলাইহা"
5721,YES,NO,QURAN_MARKER|FADAK,COVERED,"এখন যখন আয়াতটি রাসূলুল্লাহ ﷺ-এর প্রতি অবতীর্ণ হলো, তখন তিনি ﷺ বললেন: ‘আমার জন্য মা সাইয়্যিদা ফাতিমাতুয্ যাহরা (আলাইহাস্ সালাম)-কে ডাকো।’ তাই মা সাইয়্যিদা ফাতিমাতুয্ যাহরা (আলাইহাস্ সালাম)-কে তাঁর ﷺ"
5724,YES,NO,QURAN_MARKER|RASUL_SAID|FADAK,COVERED,"তিনি (আলাইহিস্ সালাম) বলেন: ‘তখন যখন এই আয়াতটি রাসূলুল্লাহ ﷺ-এর উপর অবতীর্ণ হলো, তখন তিনি ﷺ বললেন: ‘আমার জন্য ফাতিমাকে (আলাইহাস্ সালাম) ডাকো।’ তাই তাঁকে (আলাইহাস্ সালাম) ডাকা হলো, তখন তিনি ﷺ বললেন: ‘"
5726,YES,NO,FADAK,COVERED,আল্লাহ ফাদাককে মা সাইয়্যিদা ফাতিমাতুয্ যাহরা (আলাইহাস্ সালাম)-কে দান করেছেন
5728,YES,NO,QURAN_MARKER|RASUL_SAID|FADAK,COVERED,"তিনি বলেন, ‘আমি আবু আবদুল্লাহ (আলাইহিস্ সালাম)-কে জিজ্ঞাসা করলাম, রাসূলুল্লাহ ﷺ কি মা সাইয়্যিদা ফাতিমাতুয্ যাহরা (আলাইহাস্ সালাম)-কে ফাদাক দান করেছিলেন? তিনি (আলাইহিস্ সালাম) বললেন: এটি তাঁর জন্য নির"
5730,YES,NO,RASUL_SAID|FADAK,COVERED,"আবান বিন তাগলিব থেকে বর্ণিত: তিনি বলেন, ‘আমি আবু আবদুল্লাহ (আলাইহিস্ সালাম)-কে জিজ্ঞাসা করলাম, রাসূলুল্লাহ ﷺ-ই কি মা সাইয়্যিদা ফাতিমাতুয্ যাহরা (আলাইহাস্ সালাম)-কে ফাদাক দান করেছিলেন? তিনি (আলাইহিস্ "
5746,YES,NO,FADAK,COVERED,"একদিন আমার মা, মা সাইয়্যিদা ফাতিমাতুয্ যাহরা (আলাইহাস্ সালাম), ফাদাকের সম্পত্তি দাবি করেছিলেন।"
5748,YES,NO,FADAK,COVERED,কিন্তু ফাদাক ছিল কেবল বাহানা —
5754,YES,NO,FADAK,COVERED,"আয-জাওহারী তাঁর ‘আস-সাকিফা ওয়া ফাদাক’ (খণ্ড-৪, পৃষ্ঠা-৮১)-তে বর্ণনা করেন:"
5762,YES,NO,FADAK,COVERED,"মা ফাতিমা বললেন: ‘অবশ্যই রেখে গেছেন — আর সেটি হচ্ছে ফাদাক,"
5772,YES,NO,FADAK,COVERED,“তাহলে ফাদাক ছিল এক আয়না —
5776,YES,NO,FADAK,COVERED,ফাদাক ছিল না কেবল জমি —
5782,YES,NO,FADAK,COVERED,ফাদাকের দাবি ছিল আল্লাহর বিধান প্রতিষ্ঠার দাবী।
5800,NO,NO,HADITH_WORD,FLAGGED_UNCLAIMED,"যে হাদিসটা ভারী (সেন্টারের বারান্দা, রাত এগারোটা)"
5802,NO,NO,HADITH_WORD,FLAGGED_UNCLAIMED,"দরজার কাছে ফয়সাল রাহাতের কাঁধে হাত রাখল। “কাল সকালে লাইব্রেরিতে আসিস। একটা হাদিস পেয়েছি, তাকের ওপরের একটা বইয়ে। রাসূলুল্লাহ ﷺ দুটো জিনিস রেখে গেছেন, দুটোই ভারী, এমন কথা। আমি হাফেজ, কিন্তু এই হাদিস "
5810,NO,NO,SUTRA_MARKER,FLAGGED_UNCLAIMED,সূত্র
5811,YES,NO,CITATION_BULLET|QURAN_MARKER,COVERED,"•  কুরআন ১৭:২৬, ৩০:৩৮, ৫৯:৬ — api.alquran.cloud-এ মেলানো, CONFIRMED।"
5812,YES,YES,CITATION_BULLET|PAGE_CHECK_MARKER|BARNITA_MARKER|FADAK,COVERED,•  ইমাম সাদিক (আলাইহিস্ সালাম) থেকে ১৭:২৬ ও ফাদাক — বর্ণিত আছে; PAGE-CHECK।
5813,YES,YES,CITATION_BULLET|PAGE_CHECK_MARKER,COVERED,"•  ইমাম যায়নুল আবেদীন (আলাইহিস্ সালাম) ও শামদেশীয় লোক — খাতায়: ইবনে জারীর তাবারী; বাজ্জার, আবু ইয়ালা, ইবনে আবি হাতিম, ইবনে মারদুইয়্যা (আবু সাঈদ খুদরী ও ইবনে আব্বাস); মিরাজুন নাবুয়্যাত — PAGE-CHE"
5814,YES,YES,CITATION_BULLET|PAGE_CHECK_MARKER,COVERED,•  আতিয়্যা আল-আউফির বর্ণনা ও আবু সাঈদ খুদরী পর্যন্ত সনদ — PAGE-CHECK; তাবারসী (মাজমাউল বায়ান) — PAGE-CHECK।
5815,YES,YES,CITATION_BULLET|PAGE_CHECK_MARKER|HADITH_WORD,COVERED,•  ইমাম রেযা (আলাইহিস্ সালাম)-এর «ইস্তিফা»-র হাদীস — উয়ূনু আখবারির রিদা (রাইয়ান ইবনে সালত থেকে) — PAGE-CHECK।
5816,YES,YES,CITATION_BULLET|PAGE_CHECK_MARKER,COVERED,•  আবান ইবনে তাগলিবের দুটি বর্ণনা — PAGE-CHECK (খাতায় কিতাবের নাম নেই)।
5817,YES,YES,CITATION_BULLET|PAGE_CHECK_MARKER|FADAK,COVERED,"•  উম্মে হানী ও আবু বকরের কথোপকথন — খাতায়: জাওহারী, আস-সাকিফা ওয়া ফাদাক, «খণ্ড ৪, পৃষ্ঠা ৮১» — PAGE-CHECK (এই খণ্ড-নম্বর সম্ভবত শারহু নাহজিল বালাগার; মেলানো বাকি)।"
5822,NO,NO,QURAN_MARKER,FLAGGED_UNCLAIMED,"ফয়সাল জামাতে আজ চাচার ঠিক পেছনে দাঁড়িয়েছিল। সূরা ফাতিহার পর চাচা যখন সূরা পড়ছিলেন, আমি পাশ থেকে দেখেছি, ফয়সালের ঠোঁট নড়ছিল না। সে শুনছিল। হাফেজ ফয়সাল, যে নামাজে ইমামের আগে আগেই মনে মনে পরের আয়"
5826,YES,NO,SUNNI_BOOK,COVERED,"—“সাদিক,” সে বলল, “আজ থেকে আমি বদলে যাবো। শুধু নামধারী মুসলিম হয়ে বাঁচতে চাই না। আমি মুত্তাকী হতে চাই। আমাকে তুই আর বুরুল্লাহ পথ দেখাস।”"
5828,NO,NO,QURAN_MARKER,FLAGGED_UNCLAIMED,"—“তুই যদি সত্যিই বদলাতে চাস, তবে মনে রাখ: আল্লাহর হেদায়েতের চাবি কুরআন আর আহলুল বাইত। যারা এই চাবি চিনবে না, তাদের জন্য দরজা চিরতরে বন্ধ।”"
5830,NO,NO,HADITH_WORD,FLAGGED_UNCLAIMED,"—“আমি এখন বুঝেছি দোস্ত. . . স্বপ্ন আমাকে শিখিয়েছে। কিন্তু এখন থেকে আমাকে তুই শিখাবি—তাফসির, হাদিস, আহলুল বাইতের ইতিহাস।”"
5831,NO,NO,HADITH_WORD,FLAGGED_UNCLAIMED,"রাহাত পাশ থেকে বলল, “কাল রাতে কী হয়েছিল, ফয়সাল ভাই? তুমি লাইব্রেরি থেকে বেরোনোর সময় বলেছিলে, একটা হাদিস পেয়েছ।”"
5835,NO,NO,HADITH_WORD,FLAGGED_UNCLAIMED,"সেদিন দুপুর পর্যন্ত আমরা চাচার লাইব্রেরিতেই রইলাম, ফয়সাল, বুরুল্লাহ, রাহাত আর আমি। টেবিলে স্তূপ করে রাখা হলো তাফসির, শিয়া ও সুন্নি উভয় ধারার হাদিসগ্রন্থ, ইসলামী বিশ্বকোষ।"
5838,NO,NO,QURAN_MARKER,FLAGGED_UNCLAIMED,"—“আরে! এতদিন তো শুধু নামাজ-রোজাকেই ইসলাম ভেবেছিলাম। অথচ রাসূলুল্লাহ ﷺ স্পষ্ট করে গিয়েছেন: ‘আমি তোমাদের মাঝে রেখে যাচ্ছি কুরআন আর আমার আহলুল বাইত—যতক্ষণ তাদের আঁকড়ে ধরবে, পথভ্রষ্ট হবে না।’”"
5842,NO,NO,QURAN_MARKER,FLAGGED_UNCLAIMED,"“আমি তোমাদের মাঝে রেখে যাচ্ছি… কুরআন আর আমার আহলুল বাইত।” সে আবার পড়ল। “আরেক জায়গায় পড়েছি, ‘দুটি ভারী জিনিস’। ভারী কেন, বুরুল্লাহ ভাই? কুরআন ভারী, বুঝলাম। কিন্তু মানুষ ভারী কীভাবে?”"
5856,NO,NO,HADITH_WORD,FLAGGED_UNCLAIMED,"“পরিবারের কাছে পৌঁছে দেওয়া,” চাচা বললেন, “এটাই হাদিসের সবচেয়ে বড় মর্যাদা, বাবা। শুধু জানা না, পৌঁছে দেওয়া। কিন্তু মনে রেখো, আগে নিজের ঘর। বাইরের মানুষকে বোঝানো সহজ। ঘরের মানুষকে কঠিন।”"
5860,YES,NO,SUNNI_BOOK,COVERED,"আমার মনে হচ্ছিল, এ গল্প কেবল ফয়সালের নয়। এটা আমাদের সকলের গল্প—যেখানে অজ্ঞতা থেকে জ্ঞানের পথে, নামধারী মুসলিম থেকে প্রকৃত মুত্তাকীর পথে হাঁটার ডাক আছে।"
5868,NO,NO,QURAN_MARKER,FLAGGED_UNCLAIMED,"“আম্মু, আজ থেকে আমার জীবন বদলে যাবে। কুরআন আমি শুধু পড়ব না—অর্থও বুঝব। আর আহলুল বাইত (আলাইহিস্ সালাম)-এর পথ ধরব।”"
5876,NO,NO,QURAN_MARKER,FLAGGED_UNCLAIMED,"“আব্বু, আমি একটা স্বপ্ন দেখেছি। সেখানে বুঝেছি—শুধু মুসলমান পরিচয়ে জান্নাত পাওয়া যায় না। মুত্তাকী হতে হয়, কুরআন আর আহলুল বাইতের অনুসারী হতে হয়। আমি ব্যর্থ ছিলাম। তাই আজ থেকে নতুন করে শুরু করতে চাই"
5884,NO,NO,QURAN_MARKER,FLAGGED_UNCLAIMED,"মাটিতে বিছানো জায়নামাজ, পাশে রাখা কুরআন, আর বুকের ভেতর নতুন প্রতিজ্ঞা।"
5885,NO,NO,QURAN_MARKER,FLAGGED_UNCLAIMED,"মা প্রতিদিন তাকে উৎসাহ দিতে লাগলেন। বাবা যদিও কম কথা বলতেন, কিন্তু ফয়সালের পরিবর্তন দেখে গোপনে খুশি হতেন। আর বোন প্রায়ই তার পাশে বসে কুরআনের বাংলা অনুবাদ শুনতে চাইত।"
5887,NO,NO,QURAN_MARKER,FLAGGED_UNCLAIMED,"“জারিয়া।” ফয়সালের মুখে প্রথমবার পুরো হাসি। “তুমি দেখোনি ওকে, রাহাত। সেন্টারে ছোটদের পড়ায়। সারা দিন প্রশ্ন করে। আমি হাফেজ হয়েছি, ও আমাকে কোনোদিন একটা আয়াতের মানে জিজ্ঞেস করেনি। জানত, আমি পারব না।"
5896,NO,NO,SUTRA_MARKER,FLAGGED_UNCLAIMED,সূত্র
5897,YES,NO,CITATION_BULLET|SUNNI_BOOK|HADITH_WORD,COVERED,"•  সাকালাইনের হাদীস — সহীহ মুসলিম ২৪০৮ («أهل بيتي»), জামে তিরমিযি ৩৭৮৬ («كتاب الله وعترتي أهل بيتي»), মুসনাদে আহমাদ — CONFIRMED (S-173; sunnah.com)। «যতক্ষণ আঁকড়ে ধরবে, পথভ্রষ্ট হবে না» শব্দ তিরমিযির"
5961,NO,NO,QURAN_MARKER,FLAGGED_UNCLAIMED,"“এই লাইনটা আমার,” ফয়সাল বলল, শেষ লাইনে আঙুল রেখে। “আল্লাহর জিকির কি করেছ? আমি কুরআন মুখস্থ বলি। জিকির করি না। শব্দ বলি, মানে জানি না।”"
5969,NO,NO,QURAN_MARKER,FLAGGED_UNCLAIMED,বিকেলের রোদ নরম হয়ে উঠেছে। ঘরের কোণে ফয়সাল কুরআন খুলে বসে আছে। তার ছোট বোন চুপচাপ পাশে এসে বসলো।
5970,NO,NO,QURAN_MARKER,FLAGGED_UNCLAIMED,"জারিয়া: “ভাইয়া, তুই প্রতিদিন কুরআন পড়িস। কিন্তু তুই বলেছিলি কুরআনের সঙ্গে আরেকটা জিনিস আছে, যেটা রাসূলুল্লাহ ﷺ রেখে গেছেন। সেটা কী?”"
5972,NO,NO,QURAN_MARKER,FLAGGED_UNCLAIMED,"প্রথমটি হলো কুরআন, আর দ্বিতীয়টি হলো আহলুল বাইত (আলাইহিমুস্ সালাম)।”"
5980,NO,NO,QURAN_MARKER,FLAGGED_UNCLAIMED,"জারিয়া: “ভাইয়া, তাহলে কুরআন পড়া কি যথেষ্ট নয়?”"
5981,YES,NO,QURAN_MARKER|RASUL_SAID,COVERED,"ফয়সাল: “না, শুধু কুরআন পড়লেই হবে না। রাসূলুল্লাহ ﷺ বলেছেন—"
5982,NO,NO,QURAN_MARKER,FLAGGED_UNCLAIMED,"‘আমি তোমাদের মাঝে দুটি ভারি জিনিস রেখে যাচ্ছি—কুরআন ও আমার আহলুল বাইত। যদি তোমরা এই দুটোকে আঁকড়ে ধর, তবে কখনো পথভ্রষ্ট হবে না।’”"
5983,NO,NO,QURAN_MARKER,FLAGGED_UNCLAIMED,জারিয়া: “আহা! মানে কুরআন আর আহলুল বাইত একসাথে ধরলেই আমরা জান্নাতের পথ পাবো?”
5984,NO,NO,QURAN_MARKER,FLAGGED_UNCLAIMED,"ফয়সাল: “একদম তাই। কুরআন আমাদের আলোর দিশা দেয়, আর আহলুল বাইত সেই আলোকে বুঝতে এবং জীবনে প্রয়োগ করতে শেখায়।”"
5986,NO,NO,QURAN_MARKER,FLAGGED_UNCLAIMED,"ফয়সাল: “ইনশা-আল্লাহ। আজ থেকে আমরা একসাথে শিখব—কুরআনের আয়াত, আর আহলুল বাইতের জীবন। এতে শুধু আমরা না, আমাদের পুরো পরিবারও আল্লাহর রহমতে নিরাপদ থাকবে।”"
5989,NO,NO,QURAN_MARKER,FLAGGED_UNCLAIMED,"রাহাত এতক্ষণ চুপ ছিল। এবার বলল, “জারিয়া, তুমি জিজ্ঞেস করেছিলে, কুরআন পড়া কি যথেষ্ট নয়। ফয়সাল ভাই বলল, না। তুমি মেনে নিলে?”"
5991,NO,NO,QURAN_MARKER,FLAGGED_UNCLAIMED,"“আমার আব্বা মানেন না।” রাহাতের গলা আস্তে, কিন্তু স্পষ্ট। “আব্বা বলেন, কুরআনই যথেষ্ট। আল্লাহর কিতাবে সব আছে। বাকিটা মানুষের বানানো।” সে থামল। “আর সত্যি বলতে, আব্বার কথাটা আমার কাছে খারাপ শোনায় না। আল্"
5993,NO,NO,QURAN_MARKER,FLAGGED_UNCLAIMED,"“প্রশ্নটা ভালো, রাহাত,” বুরুল্লাহ বলল। “পায়েস খেতে খেতে এর উত্তর হয় না। কাল সন্ধ্যায় মোড়ের দোকানে বসিস ফয়সালের সাথে। উত্তরটা ফয়সাল দিক, আজ রাতে জারিয়ার আয়াত শোনার পর।”"
6000,NO,NO,QURAN_MARKER,FLAGGED_UNCLAIMED,"“আর একটা কথা।” জারিয়া রাহাতের দিকে তাকাল, তারপর আমার দিকে। “আমি ঠিক করেছি, প্রতি রাতে একটা আয়াত। মানেসহ। ভাইয়াকে শোনাব, ঘুমানোর আগে। ভাইয়া মুখস্থ জানে, আমি মানে বলব। দুজনে মিলে একটা আয়াত পুরো হবে"
6004,NO,NO,QURAN_MARKER,FLAGGED_UNCLAIMED,"রাহাত নিজের নোটবুক বের করল। অন্ধকারে কিছু লিখল, আন্দাজে। পরে, সেন্টারের আলোয়, আমি দেখেছিলাম, বাঁকা অক্ষরে লেখা: «কুরআনই কি যথেষ্ট নয়? — আব্বা বলেন হ্যাঁ। ফয়সাল ভাই বলে না। আমি কী বলি?»"
6005,NO,NO,SUTRA_MARKER,FLAGGED_UNCLAIMED,সূত্র
6006,YES,YES,CITATION_BULLET|PAGE_CHECK_MARKER|SUNNI_BOOK,COVERED,"•  «ফাতিমা আমার অংশ; যে তাকে রাগান্বিত করে সে আমাকে রাগান্বিত করে» — সহীহ বুখারি ৩৭১৪ («فمن أغضبها أغضبني») — CONFIRMED (STYLE §৪ ফাঁদ-তালিকা); «যে তাকে খুশি করে…» অংশ — অন্য বর্ণনায়, PAGE-CHECK।"
6007,YES,NO,CITATION_BULLET|SUNNI_BOOK,COVERED,"•  সাকালাইন — সহীহ মুসলিম ২৪০৮, তিরমিযি ৩৭৮৬ — CONFIRMED (S-173)।"
6008,YES,NO,CITATION_BULLET,COVERED,"•  সীমোর্গ ও ত্রিশ পাখির গল্প — ফরিদুদ্দিন আত্তার, মানতিকুত তাইর — সাধারণ জ্ঞান (গল্পে নাম নেওয়া হয়নি)।"
6010,NO,NO,QURAN_MARKER,FLAGGED_UNCLAIMED,০৩  কুরআনই কি যথেষ্ট নয়?
6013,NO,NO,QURAN_MARKER,FLAGGED_UNCLAIMED,"রাহাত চায়ে চুমুক দিয়ে বলল, “ফয়সাল ভাই, কাল রাতের প্রশ্নটা। কুরআনই কি যথেষ্ট নয়? আমার আব্বার প্রশ্ন। আমারও।”"
6023,NO,NO,QURAN_MARKER,FLAGGED_UNCLAIMED,"ফয়সাল: শোনো, ইসলামের মূল শিক্ষা হলো—কুরআন আর আহলুল বাইতের জীবন একসাথে আঁকড়ে ধরা। শুধু কুরআন নিলে হবে না, শুধু আহলুল বাইত নিলে তাও অসম্পূর্ণ।"
6024,NO,NO,QURAN_MARKER,FLAGGED_UNCLAIMED,"জারিয়া: কেন ভাইয়া? কুরআনই তো আল্লাহর বাণী, এটুকুই কি যথেষ্ট নয়?"
6025,YES,NO,QURAN_MARKER|RASUL_SAID,COVERED,"ফয়সাল: (কুরআনের দিকে তাকিয়ে) কুরআন অবশ্যই যথেষ্ট, কিন্তু রাসূলুল্লাহ ﷺ আমাদেরকে একটা সতর্কবার্তা দিয়ে গেছেন। তিনি বলেছেন:"
6026,NO,NO,QURAN_MARKER,FLAGGED_UNCLAIMED,"আমি তোমাদের মাঝে দুটি ভারী জিনিস রেখে যাচ্ছি—একটি হলো আল্লাহর কিতাব (কুরআন), আরেকটি আমার আহলুল বাইত। আমি তোমাদেরকে আমার আহলুল বাইতের ব্যাপারে আল্লাহকে স্মরণ করিয়ে দিচ্ছি—তিনবার। এ দুটো কখনো আলাদা হবে"
6027,YES,NO,RASUL_SAID,COVERED,জারিয়া: ওহ! মানে রাসূলুল্লাহ ﷺ নিজেই বলেছেন—দুটো ছাড়া পথ পাওয়া যাবে না?
6031,NO,NO,QURAN_MARKER,FLAGGED_UNCLAIMED,"জারিয়া: বুঝলাম! মানে কুরআন এক তার, আহলুল বাইত আরেক তার।"
6032,NO,NO,QURAN_MARKER,FLAGGED_UNCLAIMED,"ফয়সাল: একদম তাই। কুরআন আমাদের জন্য সীমানা ঠিক করে দেয়, ভুল থেকে রক্ষা করে—যেন নেগেটিভ তার। আর আহলুল বাইত হলো সেই শিক্ষার জীবন্ত ব্যাখ্যা, কুরআনের বাস্তব রূপ—যেন পজিটিভ তার।"
6041,NO,NO,QURAN_MARKER,FLAGGED_UNCLAIMED,"“মানে কুরআন আছে আর আহলুল বাইত নেই, এমন কোনো সময় আসবে না। কুরআন যতদিন, ততদিন তাঁরাও।” ফয়সাল হারিকেনের শিখার দিকে তাকাল। “এটা আমি আজ বিকেলে জারিয়াকে আবার বলতে গিয়েছিলাম। আর জারিয়া আমাকে এমন একটা উপ"
6046,NO,NO,QURAN_MARKER,FLAGGED_UNCLAIMED,"পাশের ঘর থেকে আব্বুর, অর্থাৎ ফয়সালের পিতার, কোরআন পাঠের সুমধুর ধ্বনি ভেসে আসছিল। প্রতিটি শব্দ, প্রতিটি আয়াত যেন হৃদয়কে গভীর এক প্রশান্তিতে ভরিয়ে দিচ্ছিল। সেই সুর, সেই আবহাওয়া মিলেমিশে এক অলৌকিক শ"
6051,NO,NO,QURAN_MARKER,FLAGGED_UNCLAIMED,"“কেন সবাই বলে—কুরআন পড়লেই যথেষ্ট? আর আহলুল বাইতের কথা এত গুরুত্ব দিয়ে বলা হয় কেন?” তার প্রশ্নটা বাতাসে এক ভিন্ন সুর নিয়ে এল, নীরবতার গভীরে যেন একটা নতুন চিন্তার ঢেউ তুলল।"
6053,NO,NO,QURAN_MARKER,FLAGGED_UNCLAIMED,"আমি তোমাদের মাঝে দুটি ভারী জিনিস রেখে যাচ্ছি—কুরআন ও আমার আহলুল বাইত। এ দুটো কখনো আলাদা হবে না, আর যদি আঁকড়ে ধরো তবে পথভ্রষ্ট হবে না।"
6054,NO,NO,QURAN_MARKER,FLAGGED_UNCLAIMED,"জারিয়া: তাহলে শুধু কুরআন ধরলে হবে না, তাই তো?"
6055,NO,NO,QURAN_MARKER,FLAGGED_UNCLAIMED,"ফয়সাল: ঠিক তাই। অনেকেই শুধু কুরআন ধরে আহলুল বাইতের ভূমিকা ভুলে যায়, আবার কেউ শুধু আহলুল বাইতের নাম নেয়, কিন্তু কুরআনের বিধান মানে না। দুটো ভুলই মানুষকে বিপথে নিয়ে যায়।"
6058,NO,NO,QURAN_MARKER,FLAGGED_UNCLAIMED,"ঠিক তেমনি—কুরআন হলো বিধান, আর আহলুল বাইত হলো সেই বিধানের জীবন্ত ব্যাখ্যা।"
6060,NO,NO,QURAN_MARKER,FLAGGED_UNCLAIMED,"ফয়সাল: (হেসে) বাহ! একদম ঠিক ধরেছিস। কুরআন হলো কাঠামো, আহলুল বাইত হলো সেই কাঠামোর প্রাণ।"
6066,NO,NO,QURAN_MARKER,FLAGGED_UNCLAIMED,"ফয়সাল (হাসি দিয়ে, গম্ভীর কণ্ঠে): হ্যাঁ। আল্লাহ নিজেই তাঁদেরকে রাসূলুল্লাহ ﷺ-এর প্রকৃত সন্তান বলে ঘোষণা করেছেন। তাই ইসলামের সত্যিকার শিক্ষা, রাসূলুল্লাহ ﷺ-এর প্রকৃত নির্দেশনা, আর ঈমানের পূর্ণতা—এসব ক"
6068,NO,NO,QURAN_MARKER,FLAGGED_UNCLAIMED,কুরআন ও আহলুল বাইত কখনো একে অপর থেকে বিচ্ছিন্ন হবে না।
6070,NO,NO,QURAN_MARKER,FLAGGED_UNCLAIMED,"কিন্তু দুর্ভাগ্যজনকভাবে অনেকেই এই মহান নির্দেশনাকে পুরোপুরি বুঝতে পারেনি। কেউ কেবল কুরআনের কথা মানে, কিন্তু রাসূলুল্লাহ ﷺ-এর আহলুল বাইতের ভূমিকা উপেক্ষা করে। আবার কেউ আহলুল বাইতের প্রতি ভালোবাসা দেখায"
6074,NO,NO,QURAN_MARKER,FLAGGED_UNCLAIMED,তারপর তিনি কুরআনের এ আয়াত তেলাওয়াত করতেন—
6076,NO,NO,QURAN_MARKER,FLAGGED_UNCLAIMED,"রাহাত এখানে আমার কলম থামিয়ে দিল। মোবাইলের কুরআন খুলে আঙুলে নামাতে নামাতে সূরা আহযাবে গেল, তেত্রিশ নম্বর আয়াত। হারিকেনের পাশে পর্দাটা ধরে আয়াতের শেষটুকু পড়ল, থেমে থেমে: «إِنَّمَا يُرِيدُ اللَّهُ لِ"
6079,NO,NO,QURAN_MARKER,FLAGGED_UNCLAIMED,"“ছয় মাস,” রাহাত বলল আস্তে। “প্রতিদিন ফজরে একটা দরজার সামনে দাঁড়িয়ে আয়াত পড়তেন। যে দরজা মসজিদের গা-ঘেঁষা।” সে নোটবুক খুলে ক্যালেন্ডারের মানচিত্রের সেই নকলটা দেখল। মসজিদ। গা-ঘেঁষা দরজা। “কেউ ভুলে য"
6081,NO,NO,QURAN_MARKER,FLAGGED_UNCLAIMED,"“হাড় আর মাংস,” রাহাত নিজের মনে বলল। তারপর নিজের কব্জি ধরল, আঙুল দিয়ে হাড়টা টিপে দেখল। “আব্বা বলেন কুরআনই যথেষ্ট। আব্বা ভুল বলেন না, কুরআন সত্যিই যথেষ্ট। কিন্তু কুরআনের ভেতরেই তো এই আয়াত। এই দরজা। "
6083,NO,NO,QURAN_MARKER,FLAGGED_UNCLAIMED,"“বাবারা,” কেটলি নামাতে নামাতে সে বলল, “আমার বাপ মুখে মুখে কুরআন শিখাইত। বলত, কিতাব একলা পড়লে পানির ওপর লেখা পড়ার মতো। পাশে একজন জানা মানুষ লাগে, যে আঙুল দিয়া দেখাইবে।” সে হারিকেনের সলতে একটু বাড়িয"
6085,NO,NO,QURAN_MARKER,FLAGGED_UNCLAIMED,"ফয়সাল (আরো গভীর আলোচনায়): শোনো বোন, কুরআন শুধু একটি বই নয়—এটা আল্লাহর বিধান, আসমানি দিশার আলো। কিন্তু এই বিধানের সঠিক অর্থ ও বাস্তব প্রয়োগের জন্য আমাদের সামনে একটি জীবন্ত ব্যাখ্যা দরকার। আর সেই জী"
6086,NO,NO,QURAN_MARKER,FLAGGED_UNCLAIMED,"কুরআন ও আহলুল বাইত—দুটি আলাদা সত্তা নয়, বরং একে অপরের পরিপূরক। একটিকে বাদ দিলে প্রকৃত সত্যের সন্ধান পাওয়া যায় না।"
6089,NO,NO,QURAN_MARKER,FLAGGED_UNCLAIMED,"তেমনি কুরআন হলো সেই দৃঢ় কাঠামো, আর আহলুল বাইত হলো সেই কাঠামোর প্রাণ। এই দুই মিলেই সৃষ্টি হয় জীবন্ত ইসলাম।"
6091,NO,NO,QURAN_MARKER,FLAGGED_UNCLAIMED,কুরআনের শিক্ষা শুধু পড়া নয়—বোঝা এবং তা আমাদের জীবনের প্রতিটি ক্ষেত্রে বাস্তবায়ন করা।
6092,NO,NO,QURAN_MARKER,FLAGGED_UNCLAIMED,"আহলুল বাইতের জীবন ও শিক্ষা অনুসরণ করা, কারণ তাঁরাই কুরআনের জীবন্ত রূপ, হেঁটে বেড়ানো ব্যাখ্যা।"
6093,NO,NO,QURAN_MARKER,FLAGGED_UNCLAIMED,"কুরআন ও আহলুল বাইত—এই দুই আলোকে একত্রে ধারণ করা, যেন আমাদের হৃদয়ে কখনো অন্ধকার না নামে।"
6094,NO,NO,QURAN_MARKER,FLAGGED_UNCLAIMED,"বোন, যদি আমরা কুরআন ও আহলুল বাইতকে আঁকড়ে ধরি, তবে নিশ্চিতভাবে আমরা সত্যের পথে চলব, ঈমানের পূর্ণতা অর্জন করব, আর আল্লাহর সন্তুষ্টি পাব। তখন জান্নাতের দরজা আমাদের জন্য উন্মুক্ত হবে—কারণ আমরা রাসূলুল্লা"
6105,NO,NO,SUTRA_MARKER,FLAGGED_UNCLAIMED,সূত্র
6106,YES,NO,CITATION_BULLET|SUNNI_BOOK,COVERED,"•  সাকালাইন («হাউজে না আসা পর্যন্ত আলাদা হবে না») — তিরমিযি ৩৭৮৬/৩৭৮৮, মুসলিম ২৪০৮ — CONFIRMED (S-173)।"
6107,YES,YES,CITATION_BULLET|PAGE_CHECK_MARKER|SUNNI_BOOK,COVERED,"•  বারো খলিফা — সহীহ মুসলিম (কিতাবুল ইমারাহ), বুখারি ৭২২২ — PAGE-CHECK (খাতার শব্দ ও নম্বর মেলানো বাকি)।"
6108,YES,YES,CITATION_BULLET|PAGE_CHECK_MARKER|QURAN_MARKER|SUNNI_BOOK,COVERED,"•  ছয় মাস ফজরে দরজায় ৩৩:৩৩ পাঠ (আনাস) — জামে তিরমিযি — PAGE-CHECK; কুরআন ৩৩:৩৩ — api.alquran.cloud, CONFIRMED।"
6145,YES,NO,RASUL_SAID,COVERED,"ইমাম আলী (আলাইহিস্ সালাম) হতে বর্ণিত, রাসূলুল্লাহ ﷺ ইরশাদ করেন, আমার নিকট একজন ফেরেশতা এসে বলল, হে মুহাম্মদ! আল্লাহ তা'আলা আপনাকে সালাম দিয়েছেন এবং বলেছেন: আমি (আল্লাহ) আপনার কন্যা ফাতেমা (আলাইহাস্ স"
6148,NO,NO,RASUL_SAID,FLAGGED_UNCLAIMED,"হযরত আনাস ইবনে মালেক রাদিআল্লাহু আনহু হতে বর্ণিত, তিনি বলেন, রাসূলুল্লাহ ﷺ ফাতেমা (আলাইহাস্ সালাম)-এর জন্য বিশেষ দোআ করলেন: হে আল্লাহ! আমি তাকে (স্বীয় কন্যা) এবং তার সন্তানদেরকে অভিশপ্ত শয়তান থেকে আ"
6161,NO,NO,QURAN_MARKER,FLAGGED_UNCLAIMED,"ফয়সাল কিছুক্ষণ নীরব থাকল। তারপর গলায় আবেগ নিয়ে বলল,“জানো জারিয়া, আহলুল বাইত শুধু নবীর পরিবার নয়। আল্লাহ ও নবী তাঁদেরকে বানিয়েছেন আমাদের জন্য দিশার প্রদীপ। কুরআন আর আহলুল বাইত— এই দুই রশি শক্ত কর"
6162,NO,NO,QURAN_MARKER,FLAGGED_UNCLAIMED,"“হ্যাঁ জারিয়া, আহলুল বাইতের প্রতি ভালোবাসা আর তাঁদের অনুসরণ—এটাই আমাদের ঈমানকে সুদৃঢ় করবে। মনে রেখো, কুরআন আর আহলুল বাইত—এই দুইটিই আমাদের জীবনের আলোকবর্তিকা।”"
6177,NO,NO,SUTRA_MARKER,FLAGGED_UNCLAIMED,সূত্র
6178,YES,YES,CITATION_BULLET|PAGE_CHECK_MARKER,COVERED,"•  নিচের আরবি পাঠ খাতা থেকে (¶3852–3877; খাতার কয়েকটি মুদ্রণ-ত্রুটি এখানে ঠিক করে লেখা — ছাপার আগে মূল কিতাবে মেলাতে হবে), বইয়ের নাম খাতায় নেই — PAGE-CHECK:"
6179,YES,NO,CITATION_BULLET,COVERED,•  «أَمَرَ اللَّهُ النَّبِيَّ صلى الله عليه وسلم لِتَزْوِيجِ فَاطِمَةَ سَلَامُ اللَّهِ عَلَيْهَا مِنْ عَلِيِّ بْنِ أَبِي طَالِبٍ» (শিরোনাম)
6180,YES,YES,CITATION_BULLET|PAGE_CHECK_MARKER,COVERED,•  ৬৩ — ইবনে মাসউদ: «إِنَّ اللَّهَ أَمَرَنِي أَنْ أُزَوِّجَ فَاطِمَةَ مِنْ عَلِيٍّ» — PAGE-CHECK।
6181,YES,YES,CITATION_BULLET|PAGE_CHECK_MARKER,COVERED,•  ৬৪ — আনাস: «يَا أَنَسُ! أَتَدْرِي مَا جَاءَنِي بِهِ جِبْرِيلُ مِنْ عِنْدِ صَاحِبِ الْعَرْشِ؟ قَالَ: إِنَّ اللَّهَ أَمَرَنِي أَنْ أُزَوِّجَ فَاطِمَةَ مِنْ عَلِيٍّ» — PAGE-CHECK।
6182,YES,YES,CITATION_BULLET|PAGE_CHECK_MARKER,COVERED,"•  ৬৫ — আনাস: চল্লিশ হাজার ফেরেশতা সাক্ষী, তুবা বৃক্ষ («…وَأَشْهَدُ عَلَى تَزْوِيجِكَ أَرْبَعِينَ أَلْفَ مَلَكٍ…») — PAGE-CHECK।"
6183,YES,YES,CITATION_BULLET|PAGE_CHECK_MARKER,COVERED,•  ৬৬ — আলী (আলাইহিস্ সালাম): «إِنِّي قَدْ زَوَّجْتُ فَاطِمَةَ ابْنَتَكَ مِنْ عَلِيِّ بْنِ أَبِي طَالِبٍ فِي الْمَلَأِ الْأَعْلَى فَزَوِّجْهَا مِنْهُ فِي الْأَرْضِ» — PAGE-CHECK।
6184,YES,YES,CITATION_BULLET|PAGE_CHECK_MARKER,COVERED,•  ৬৭ — আনাস: «اللَّهُمَّ إِنِّي أُعِيذُهَا بِكَ وَذُرِّيَّتَهَا مِنَ الشَّيْطَانِ الرَّجِيمِ» — PAGE-CHECK।
6185,YES,YES,CITATION_BULLET|PAGE_CHECK_MARKER,COVERED,•  ৬৮ — ইবনে বুরাইদা: «اللَّهُمَّ بَارِكْ فِيهِمَا، وَبَارِكْ عَلَيْهِمَا، وَبَارِكْ لَهُمَا فِي شِبْلِهِمَا» (অন্য বর্ণনায় «فِي نَسْلِهِمَا») — PAGE-CHECK।
6205,YES,NO,RASUL_SAID,COVERED,রাসূলুল্লাহ ﷺ বলেছেন:
6212,NO,NO,QURAN_MARKER,FLAGGED_UNCLAIMED,কেবল বাহ্যিক চিহ্ন ধরে চললেই আমরা নবীর পূর্ণ শিক্ষা পাই না; নবীর আসল নির্দেশনা খুঁজতে হলে আহলুল বাইতের পথ ও কুরআন—এই দুই হাতে হাত রেখে চলতে হবে।
6213,NO,NO,QURAN_MARKER,FLAGGED_UNCLAIMED,কারণ কুরআন ও আহলুল বাইত—এই দুই আলোকবর্তিকা আমাদেরকে সত্যের পথে আলোকিত করে এবং জান্নাতের নিকটতম পথ দেখায়।
6217,NO,NO,QURAN_MARKER,FLAGGED_UNCLAIMED,"চলো, আমি এখন ধাপে ধাপে তোমাকে তাঁদের পরিচয় করিয়ে দেব—কেন তাঁরা আমাদের জন্য অপরিহার্য, কিভাবে কুরআন ও আহলুল বাইতের মিলেই সঠিক ইমান ও আমল গড়ে ওঠে, আর কিভাবে তাদের অনুসরণে জীবন জাগ্রত হয়।”"
6221,NO,NO,QURAN_MARKER,FLAGGED_UNCLAIMED,"“ফয়সাল ভাই, আমরা নাম জানলাম। বারোটা নাম। কাল থেকে আমি নামগুলো মুখস্থ বলতে পারব। কিন্তু নাম জানলেই কি হবে? তুমি তো কুরআন পুরোটা মুখস্থ জানো।” সে থামল, বুঝল কী বলে ফেলেছে, কিন্তু ফিরিয়ে নিল না। “মুখস্"
6229,YES,NO,RASUL_SAID,COVERED,"ফয়সাল: জানো, আল্লাহর রাসূল ﷺ বলেছেন, “ফাতিমা আমার অংশ। যে তাঁকে কষ্ট দেয়, সে যেন আমাকে কষ্ট দিল। যে তাঁকে ভালোবাসে, সে যেন আমাকে ভালোবাসে।”কিন্তু এই ভালোবাসা শুধু মুখের কথা নয়। মা সাইয়্যিদা ফাতিমা"
6235,NO,NO,QURAN_MARKER,FLAGGED_UNCLAIMED,"যারা আহলুল বাইতের প্রকৃত মর্যাদা অস্বীকার করে, তাদের জন্য কুরআন সতর্ক করেছে:"
6253,NO,NO,QURAN_MARKER,FLAGGED_UNCLAIMED,ফয়সাল আমার দিকে তাকাল। আমি পকেট থেকে ছোট কুরআনটা বের করে রাহাতের হাতে দিলাম। “সূরা নূর। পঁয়ত্রিশ।”
6258,NO,NO,QURAN_MARKER,FLAGGED_UNCLAIMED,"আর সেই সুবাদে মা সাইয়্যিদা ফাতিমাতুয্ যাহরা (আলাইহাস্ সালাম) কে, সূরা নূরে তাঁকে নুরের উপর নুরের (একই সময়ে দুইজন ইমামের) পাত্র বা তাক বলে আয়াত নাযিল হয়েছে। একই সাথে তিনি আবার তাঁর পিতার মা (উম্মে "
6274,YES,NO,QURAN_MARKER,COVERED,"জারিয়া বইটা স্লেটের ওপর রাখল। বইয়ের শেষ মলাটের ভেতরে পেনসিলে লেখা সাতটি আয়াতের নম্বর, রাহাত তাকে দেখাল। তৃতীয় সংখ্যার পাশে, অন্য কালিতে, রাহাতের নিজের হাতে লেখা একটি ছোট সংখ্যা: ২৪:৩৫।"
6287,YES,NO,SUNNI_BOOK|RASUL_SAID,COVERED,ফয়সাল (মাথা নেড়ে): ঠিক তাই। এজন্যই রাসূলুল্লাহ ﷺ তাঁকে বলেছেন—“ফাতিমা আমার প্রাণের অংশ।” তাঁকে ভুলে যাওয়ার মানে হলো সত্যকে ভুলে যাওয়া। তাই মুসলিম উম্মাহর পতনের শুরু হয়েছিল তাঁকে অবহেলা করার মাধ্য
6293,NO,NO,QURAN_MARKER,FLAGGED_UNCLAIMED,"প্রথম রাতের আয়াত (ফয়সালদের বারান্দা, এশার পর)"
6295,NO,NO,QURAN_MARKER,FLAGGED_UNCLAIMED,"সিঁড়ির কাছে জারিয়া ফয়সালের সামনে এসে দাঁড়াল। হাতে বুরুল্লাহর বই আর রাহাতের দেওয়া ছোট কুরআনটা, যেটা আমি রাহাতকে দিয়েছিলাম আর রাহাত তাকে দিয়ে দিয়েছে।"
6296,NO,NO,QURAN_MARKER,FLAGGED_UNCLAIMED,"“ভাইয়া, আজ থেকে শুরু।” জারিয়া কুরআন খুলল সূরা নূরে। “এক রাতে এক আয়াত। তুই আরবি পড়বি, মুখস্থ যেভাবে পারিস। আমি মানে বলব।”"
6299,NO,NO,QURAN_MARKER,FLAGGED_UNCLAIMED,"“এতদিন এই আয়াত এত সুন্দর করে পড়েছি,” ফয়সাল বলল, চোখ না খুলে। “আজ প্রথম শুনলাম।”"
6303,NO,NO,SUTRA_MARKER,FLAGGED_UNCLAIMED,সূত্র
6304,YES,NO,CITATION_BULLET|QURAN_MARKER,COVERED,"•  কুরআন ৪:৫৯, ২৪:৩৫ — api.alquran.cloud-এ মেলানো, CONFIRMED (২৪:৩৫-এর বাংলা এখানে সংক্ষেপিত)।"
6305,YES,YES,CITATION_BULLET|PAGE_CHECK_MARKER|SUNNI_BOOK,COVERED,"•  বারো খলিফা — সহীহ মুসলিম (কিতাবুল ইমারাহ), বুখারি ৭২২২ — PAGE-CHECK।"
6306,YES,YES,CITATION_BULLET|PAGE_CHECK_MARKER|SUNNI_BOOK,COVERED,"•  «ফাতিমা আমার অংশ…» — বুখারি ৩৭১৪ (শুধু «فمن أغضبها أغضبني»), বাকি অংশ — PAGE-CHECK।"
6307,YES,YES,CITATION_BULLET|PAGE_CHECK_MARKER|BARNITA_MARKER,COVERED,•  «সর্বপ্রথম আল্লাহ নূরকে সৃষ্টি করেছেন… সকল বস্তু আমার নূর থেকে» — বর্ণিত আছে (জাবির থেকে); PAGE-CHECK।
6308,YES,YES,CITATION_BULLET|PAGE_CHECK_MARKER|BARNITA_MARKER,COVERED,•  উম্মে আবিহা — বর্ণিত আছে; PAGE-CHECK।
6313,NO,NO,QURAN_MARKER,FLAGGED_UNCLAIMED,"শামস একটা পেয়ারা ছিঁড়ে কামড় দিয়ে শুরু করল, তার স্বভাবমতো, কোনো ভূমিকা ছাড়া। “ফয়সাল বলছে, রাসূলুল্লাহ ﷺ কুরআন আর আহলুল বাইত রেখে গেছেন। কিন্তু আমি ছোটবেলা থেকে শুনেছি কুরআন আর সুন্নাহ। মসজিদের জু"
6314,NO,NO,HADITH_WORD,FLAGGED_UNCLAIMED,"রাকিকা খাতা খুলল। “দুটো হাদিসই তো আছে, না?”"
6321,NO,NO,QURAN_MARKER|HADITH_WORD,FLAGGED_UNCLAIMED,"বসার ঘরটি শান্ত, অথচ আবহের মাঝে প্রচ্ছন্ন ঝড়ের পূর্বাভাস। বুরুল্লাহর দৃষ্টি গভীর, যেন শতাব্দীর পেছনে তাকিয়ে কিছু খুঁজে ফিরছে। রাকিকা বরাবরের মতোই সংশয়ী, প্রশ্নের অস্ত্র হাতে তৈরি। শামস ও ফয়সাল কুর"
6326,NO,NO,QURAN_MARKER|HADITH_WORD,FLAGGED_UNCLAIMED,"“একটি হাদিস আছে, যা সমাজে বহুল প্রচলিত। আলেম-ওলামাগণ এর উপর অসংখ্য ওয়াজ-নসিহত করেছেন। হাদিসটি হল: ‘আমি তোমাদের কাছে দুটি জিনিস রেখে গেলাম—একটি কিতাবুল্লাহ বা আল-কুরআন, অপরটি আমার সুন্নাহ।’"
6329,NO,NO,HADITH_WORD,FLAGGED_UNCLAIMED,“কিন্তু এই হাদিস কি আদৌ সহিহ?”
6333,YES,NO,SUNNI_BOOK,COVERED,"“তাহলে বলো, এটি কি সহিহ বুখারি বা মুসলিম শরীফে আছে?”"
6335,YES,NO,SUNNI_BOOK|HADITH_WORD,COVERED,"“তিরমিজি, আবু দাউদ, ইবনে মাজাহ কিংবা নাসায়ি—কোথাও কি এই হাদিস পাওয়া যায়?”"
6337,NO,NO,HADITH_WORD,FLAGGED_UNCLAIMED,"“এই হাদিসটি শুধুমাত্র মুয়াত্তা মালেকির মধ্যে পাওয়া যায়, ” বুরুল্লাহ বলল।”এটি বর্ণনা করেছেন মালেক বিন আনাস (র.), যিনি সাহাবি ছিলেন না—তিনি ছিলেন তাবেয়িন। বিদায় হজ্বের সময় তিনি উপস্থিত ছিলেন না। হ"
6340,YES,NO,SUNNI_BOOK|HADITH_WORD,COVERED,"“আরেকটি হাদিস রয়েছে, যা মুসলিম শরীফে পাওয়া যায়—”"
6343,NO,NO,HADITH_WORD,FLAGGED_UNCLAIMED,"“এবার বলো, এই হাদিসের রাবি কারা?”"
6349,NO,NO,HADITH_WORD,FLAGGED_UNCLAIMED,"“এরা সবাই সাহাবি। তাদের বর্ণনার শৃঙ্খল সম্পূর্ণ অক্ষত। উসুলে হাদিস সংগ্রহের নীতিমালা অনুযায়ী, এই হাদিসটি সম্পূর্ণ সহিহ।”"
6351,NO,NO,HADITH_WORD,FLAGGED_UNCLAIMED,"“একটি মুরসাল হাদিস নিয়ে এত আলোচনা হয়, অথচ সহিহ হাদিসটির গুরুত্ব দেওয়া হয় না—কেন বলো তো?”"
6354,NO,NO,QURAN_MARKER,FLAGGED_UNCLAIMED,"“আমরা জানতে চাই, তাই না? তাহলে আসো, সত্যের খোঁজে আমরা কুরআনের কিছু আয়াত দেখি।”"
6356,NO,NO,QURAN_MARKER,FLAGGED_UNCLAIMED,রাকিকা কুরআন খুলতে যাচ্ছিল। আমি হাত তুলে তাকে একটু থামতে বললাম।
6367,NO,NO,QURAN_MARKER,FLAGGED_UNCLAIMED,"“তুই যদি কেবল জিহ্বায় বলিস—‘আমি কুরআন ও আহলুল বাইতকে মানি’, তাহলে কি যথেষ্ট?"
6377,NO,NO,QURAN_MARKER|HADITH_WORD,FLAGGED_UNCLAIMED,"সকালের আকাশ তখন নীলাভ আলোয় স্নাত, যেন ফজরের শান্ত সৌন্দর্য ছড়িয়ে পড়েছে চারপাশে। বাতাসে ভেসে আসছে সালাতের আহ্বান—এক পবিত্র অনুভূতি সৃষ্টি করছে সমস্ত পরিবেশে। এমন এক নিবিড় মুহূর্তে আমি দেখলাম, আমার"
6379,NO,NO,QURAN_MARKER,FLAGGED_UNCLAIMED,"তিনি থেমে না গিয়ে বললেন, “মসজিদে আলোচনা আছে, প্রশ্ন-উত্তর পর্ব হবে। কুরআনের পৃষ্ঠাগুলো দাগানো আছে, প্রয়োজনীয় অংশ সহজে খুঁজে পাব।”"
6380,NO,NO,QURAN_MARKER,FLAGGED_UNCLAIMED,"আমি বললাম, “কিন্তু মসজিদে তো অনেক কুরআন আছে!”"
6381,NO,NO,QURAN_MARKER,FLAGGED_UNCLAIMED,"তিনি মাথা নাড়লেন, “সেখানে কেবল আরবি কুরআন রয়েছে, আর আমার এই কুরআন বাংলাসহ। মানুষ বুঝতে পারবে কি না, সেটাই তো আসল কথা।”"
6384,NO,NO,QURAN_MARKER,FLAGGED_UNCLAIMED,"আমার আব্বু তো মসজিদের কোনো ইমাম নন, কোনো মাদ্রাসার আলেমও নন। তিনি শুধুই একজন উচ্চ মাধ্যমিক পাস করা সাধারণ মানুষ। তাহলে কি কুরআনের কথা বলার জন্য ‘আলেম’ হওয়া শর্ত? আমার মনে একপ্রকার ভয় দানা বাঁধতে লাগ"
6385,NO,NO,QURAN_MARKER,FLAGGED_UNCLAIMED,"মনটা দুরু দুরু করছিল, যেন পা এগোয় তো এক পা পেছনে টেনে ধরে বিবেক! আমি সিদ্ধান্ত নিলাম—যা-ই হোক, আব্বুকে একা ছাড়তে পারি না। আমার যতটুকু শক্তি আছে, তা দিয়ে অন্তত তাঁকে সেখান থেকে সরিয়ে আনতে পারব। এরপ"
6391,NO,NO,QURAN_MARKER|HADITH_WORD,FLAGGED_UNCLAIMED,"“রাসূলুল্লাহ ﷺ কি আমাদের মাঝে কুরআন ও হাদিস রেখে যাননি? তাহলে আপনি কেন বলছেন তিনি কুরআন ও আহলুল বাইত রেখে গেছেন? আপনার আহলুল বাইত কুরআনে কোথায় আছে, দেখান দেখি!”"
6393,NO,NO,QURAN_MARKER,FLAGGED_UNCLAIMED,"আব্বুর কথা সবাই গভীর মনোযোগ দিয়ে শুনছিল—পাড়া-প্রতিবেশী, বন্ধু-বান্ধব, এমনকি মসজিদের সম্মানিত ব্যক্তিবর্গও। আব্বু কোরআনের আয়াত খুলে দেখাচ্ছিলেন, ব্যাখ্যা করছিলেন। কিন্তু ঠিক তখনই ইমাম সাহেব হঠাৎ করে"
6396,NO,NO,QURAN_MARKER,FLAGGED_UNCLAIMED,“আমি কি মনগড়া কিছু বলেছি? আমি তো কেবল কোরআনের আয়াত দেখাচ্ছি! সত্য বলাও কি অপরাধ?”
6402,NO,NO,QURAN_MARKER,FLAGGED_UNCLAIMED,"আব্বু বললেন, যে ব্যক্তিটি প্রথম খলিফা হবার যোগ্যতা রাখেন না, সে কি করে নবী হবার যোগ্যতা রাখেন? সকল নবীরা হলেন মাসুম তারা জীবনে কোন অপরাধ করেননি, নিষ্পাপ, অথচ প্রথম খলিফা ৪০ বছর মুর্তি পূজা করেছেন। এর "
6406,NO,NO,QURAN_MARKER,FLAGGED_UNCLAIMED,"“তখন আব্বু ঘাবড়ালেন না,” বুরুল্লাহ বলল। গলা আরও নিচে। “আমার পাশ থেকে উঠে দাঁড়ালেন। দাগ দেওয়া কুরআনটা খুললেন। আর ইমাম সাহেবকে, পাড়ার সব মুরুব্বিকে, ধীরে ধীরে সেই দিনের কথা শোনালেন, যেদিন রাসূলুল্লা"
6410,NO,NO,QURAN_MARKER,FLAGGED_UNCLAIMED,"“তারপর আব্বু কুরআনের যে পাতায় কাগজের টুকরো গোঁজা ছিল, সেটা খুললেন, লাইনে আঙুল রেখে ইমাম সাহেবের দিকে ফিরে পড়লেন,” বুরুল্লাহ বলল:"
6411,NO,NO,QURAN_MARKER,FLAGGED_UNCLAIMED,আমি শুধু পবিত্র কোরআনের দুটি আয়াত আপনাকে মনে করিয়ে দিচ্ছি :
6417,NO,NO,QURAN_MARKER,FLAGGED_UNCLAIMED,ঠিক তখনই কুরআনের দুটি আয়াত আমার মনের পর্দায় জ্বলজ্বল করতে লাগল—
6420,NO,NO,QURAN_MARKER,FLAGGED_UNCLAIMED,এই আয়াতগুলো যেন বিদ্যুৎসম আঘাত হানল আমার চেতনায়।
6426,NO,NO,QURAN_MARKER,FLAGGED_UNCLAIMED,"আব্বু: কারণ তাদের সত্যের প্রতি কোনো ভালোবাসা নেই। তারা যে পথ অনুসরণ করে, তা মূলত ক্ষমতা, খ্যাতি ও প্রভাব বিস্তারের জন্য। কুরআন তো স্পষ্ট বলছে:"
6427,NO,NO,QURAN_MARKER,FLAGGED_UNCLAIMED,"“যে ব্যক্তি আল্লাহর আয়াত গোপন করে এবং তুচ্ছ দামের বিনিময়ে বিক্রি করে, তারা শুধু আগুন খাচ্ছে।”"
6437,NO,NO,QURAN_MARKER|HADITH_WORD|RASUL_SAID,FLAGGED_UNCLAIMED,"“বুরুল্লাহ ভাই। ইমাম সাহেব যে বললেন, ‘রাসূলুল্লাহ ﷺ কি কুরআন ও হাদিস রেখে যাননি?’…” সে থামল। “আমার আব্বাও ঠিক এটাই বলেন। কুরআন আর সুন্নাহ। এর বাইরে কিছু না।”"
6441,NO,NO,QURAN_MARKER,FLAGGED_UNCLAIMED,"“বাবা,” চাচা বললেন। “কথা এক, মানুষ এক না। ইমাম সাহেব জানতেন, তবু চোখ বন্ধ করেছিলেন। তোমার আব্বা জানেন না, কারণ কেউ তাঁকে কখনো খুলে দেখায়নি। এক জন দরজা বন্ধ করে বসে আছে। আরেকজন জানেই না যে দরজা আছে।” "
6443,NO,NO,QURAN_MARKER,FLAGGED_UNCLAIMED,"“আল্লাহর কিতাবের সামনে ভুল কিছু বলে ফেলার ভয়।” চাচা হাসলেন, ক্লান্ত। “ওই ভয়টা না থাকলে কুরআন হাতে নিয়েও মানুষ ইমাম সাহেবের মতো হয়ে যায়।”"
6444,NO,NO,QURAN_MARKER,FLAGGED_UNCLAIMED,"দাগ দেওয়া কুরআন (উঠোন, মাগরিবের আগে)"
6446,NO,NO,QURAN_MARKER,FLAGGED_UNCLAIMED,"যাওয়ার আগে বুরুল্লাহ ঘরের ভেতরের তাক থেকে একটি পুরোনো কুরআন নামাল। বাংলা অনুবাদসহ। মলাট ছেঁড়া, সেলাই করা। ভেতরে লাল কালির দাগ, পাতার কোণে কোণে ভাঁজ।"
6447,NO,NO,QURAN_MARKER,FLAGGED_UNCLAIMED,"“এই সেই কুরআন,” সে বলল। “আব্বু যেটা নিয়ে সেদিন মসজিদে গিয়েছিলেন।”"
6449,NO,NO,QURAN_MARKER,FLAGGED_UNCLAIMED,"রাহাত কুরআনটা দুই হাতে নিল। পাতা উল্টাল। একটি পাতায় এসে থামল, যেখানে লাল কালির দাগ সবচেয়ে মোটা। সূরা ফুরকান। চুয়াত্তর। পাশে মার্জিনে পেনসিলে কারও হাতে লেখা একটি শব্দ: «ইমাম»।"
6451,NO,NO,QURAN_MARKER,FLAGGED_UNCLAIMED,"“কাল সকালে,” বুরুল্লাহ বলল। “এই কুরআন নিয়েই আসব। তুই প্রশ্ন নিয়ে আসিস।”"
6452,NO,NO,QURAN_MARKER,FLAGGED_UNCLAIMED,"মাগরিবের আজান শুরু হলো পুকুরপাড়ের মসজিদ থেকে। সেই মসজিদ, যেখানে পাঁচ বছর আগে এক সকালে একজন মানুষ কুরআন হাতে একা বসে ছিলেন, পশ্চিমমুখী, আর তাঁর সামনে পূর্বমুখী একটি গোটা পাড়া।"
6453,NO,NO,QURAN_MARKER,FLAGGED_UNCLAIMED,"রাহাত কুরআনটা বুরুল্লাহর হাতে ফেরত দিল। তারপর আমার পাশে হাঁটতে হাঁটতে বলল, প্রায় শোনা যায় না এমন গলায়, “সাদিক ভাই, আমি আজ আব্বাকে একটা মেসেজ পাঠাব। যোহরের মেসেজের উত্তরে। এতদিন শুধু লিখতাম, ‘পড়েছি"
6454,NO,NO,SUTRA_MARKER,FLAGGED_UNCLAIMED,সূত্র
6455,YES,YES,CITATION_BULLET|PAGE_CHECK_MARKER|SUNNI_BOOK,COVERED,"•  «কিতাবুল্লাহ ও সুন্নাতি» — মুয়াত্তা মালিক (বালাগ), হাকিম, মুস্তাদরাক ৩১৮/৩১৯ — PAGE-CHECK (STYLE §৪ ফাঁদ-তালিকা)।"
6456,YES,YES,CITATION_BULLET|PAGE_CHECK_MARKER|SUNNI_BOOK,COVERED,"•  সাকালাইন («কিতাবুল্লাহ ও আমার ইতরাত, আহলুল বাইত») — মুসলিম ২৪০৮ (যায়েদ ইবনে আরকাম), তিরমিযি ৩৭৮৬ (জাবির), ৩৭৮৮ — CONFIRMED (S-173); আবু সাঈদ ও যায়েদ ইবনে সাবিতের বর্ণনা — PAGE-CHECK।"
6457,YES,NO,CITATION_BULLET|QURAN_MARKER,COVERED,"•  কুরআন ১৬:১০৮–১০৯, ২:১৭৪, ৩৩:৩৬, ৪:১১৫ — api.alquran.cloud-এ মেলানো, CONFIRMED।"
6458,YES,YES,CITATION_BULLET|PAGE_CHECK_MARKER|SUNNI_BOOK|SHIA_BOOK,COVERED,"•  কাগজ-কলমের ঘটনা — সহীহ বুখারি (কিতাবুল ইলম, মাগাযি, মারাদুন নবী), মুসলিম; মুসনাদে আহমাদ ৩/৩৬৪; বিহারুল আনওয়ার ২২/৪৬৯; শেখ মুফিদ, আল-ইরশাদ — শ্রোতা ০৪-এর তালিকা, PAGE-CHECK।"
6459,YES,YES,CITATION_BULLET|PAGE_CHECK_MARKER|BARNITA_MARKER,COVERED,"•  হুজরাত ১–১০ ও প্রথম দুই খলিফা — শ্রোতা ০৪ (আব্বুর মুখে), বর্ণিত আছে; PAGE-CHECK।"
6461,NO,NO,QURAN_MARKER,FLAGGED_UNCLAIMED,০৭  সূরা ফুরকানের দোয়ায় বংশধর ও ইমাম
6463,NO,NO,QURAN_MARKER,FLAGGED_UNCLAIMED,"সকালের রোদ পেয়ারাগাছের পাতায় ঝলমল করছে, কালকের বৃষ্টির পানি এখনো পাতার আগায়। মাদুরে বুরুল্লাহ বসে আছে, কোলে সেই পুরোনো বাংলা কুরআন, ছেঁড়া মলাট সেলাই করা। চারপাশে আমরা: রাকিকা, শামস, ফয়সাল, রাহাত "
6465,NO,NO,QURAN_MARKER,FLAGGED_UNCLAIMED,"বুরুল্লাহ কুরআন খুলল সেই পাতায়, যেখানে লাল কালির দাগ সবচেয়ে মোটা, আর মার্জিনে পেনসিলে লেখা «ইমাম»।"
6478,NO,NO,SUTRA_MARKER|QURAN_MARKER,FLAGGED_UNCLAIMED,"বুরুল্লাহ হাসল।”ভালো প্রশ্ন, রাকিকা। কিন্তু চিন্তা করো, নাবুয়্যাত ও ইমামত যদি দুটি আলাদা ধারা হয়, তাহলে তাদের মধ্যে যোগসূত্র কে? নাবুয়্যাত শেষ হলো, কিন্তু আল্লাহর দ্বীন কি সম্পূর্ণ হলো? কুরআন কি কখ"
6481,NO,NO,QURAN_MARKER,FLAGGED_UNCLAIMED,"বুরুল্লাহ এক মুহূর্ত থেমে গভীর শ্বাস নিল। চারপাশে একধরনের মুগ্ধতা ছড়িয়ে পড়েছে। আলোচনার প্রতিটি শব্দ যেন হৃদয়ে গেঁথে যাচ্ছে। কুরআনের আয়াত, রাসূলুল্লাহ ﷺ-এর ঘোষণা এবং ইতিহাসের পাতায় লেখা সেই মহামু"
6482,NO,NO,QURAN_MARKER,FLAGGED_UNCLAIMED,"বুরুল্লাহ কোলের কুরআনটা উল্টে সূরা মায়েদায় গেল, সাতষট্টি নম্বর আয়াতে আঙুল রাখল, তারপর পাতাটা আমাদের দিকে ঘুরিয়ে ধরল।"
6486,NO,NO,QURAN_MARKER,FLAGGED_UNCLAIMED,"রাহাত মাথা তুলল। “এই আয়াত রাকিকার খাতায় পড়েছি,” সে বলল, রাকিকার দিকে তাকিয়ে। “ছাদে, সেদিন।”"
6489,NO,NO,QURAN_MARKER,FLAGGED_UNCLAIMED,"“তাহলে গাদিরে খুমে যে ঘোষণা দেওয়া হলো, সেটাই কি এই আয়াতের মূল বার্তা?” আমি বললাম।"
6494,NO,NO,QURAN_MARKER,FLAGGED_UNCLAIMED,"বুরুল্লাহ কুরআনের পাতা কয়েকটা পেছনে উল্টাল, একই সূরার তিন নম্বর আয়াতে আঙুল থামাল।"
6495,NO,NO,QURAN_MARKER,FLAGGED_UNCLAIMED,"বুরুল্লাহ বলল, “হ্যাঁ, ঠিক এই ঘটনার পর আল্লাহ এই আয়াত নাজিল করলেন:"
6497,NO,NO,QURAN_MARKER,FLAGGED_UNCLAIMED,"এখানে ‘পূর্ণতা’ মানে কী? রাসূলুল্লাহ ﷺ তো আগেই কুরআন পৌঁছে দিয়েছেন, সালাত, রোজা, হজ্ব, যাকাত সবই তো আগেই ছিল। তাহলে কী ছিল সেই শেষ জিনিস যা ইসলামকে পূর্ণ করলো?”"
6501,NO,NO,QURAN_MARKER,FLAGGED_UNCLAIMED,"বুরুল্লাহ কুরআন থেকে চোখ তুলল। “আজ আমরা গাদিরের দরজা পর্যন্ত। ভেতরে ঢুকব না। ভেতরে ঢুকলে অনেক দিন বের হতে পারব না।” একটু থামল। “আজ শুধু এটুকু বুঝ, রাহাত, পূর্ণতা হলো যখন নবীর পরে কেউ দাঁড়ায়। আর সেই "
6512,NO,NO,QURAN_MARKER,FLAGGED_UNCLAIMED,"“মুখস্থ ভালো,” বুরুল্লাহ বলল। “এবার একজন একজন করে চেন।” সে কুরআনের ভেতর থেকে একটি ভাঁজ করা কাগজ বের করল, আব্বুর হাতের লেখা, পুরোনো। “আব্বু সেই মসজিদের সকালের আগে এটা লিখে রেখেছিলেন। প্রত্যেকের নামের প"
6517,NO,NO,QURAN_MARKER,FLAGGED_UNCLAIMED,"ইমাম বাকির (আলাইহিস্ সালাম)- জ্ঞানের বিশাল সাগর, যিনি কুরআনের গভীর তাত্ত্বিক ব্যাখ্যা দিয়েছেন।"
6524,YES,NO,SUNNI_BOOK,COVERED,ইমাম মাহদী (আলাইহিস্ সালাম)- যিনি শেষ ইমাম এবং যাঁর পুনরাগমন মুসলিম উম্মাহর চূড়ান্ত মুক্তির বার্তা।
6527,NO,NO,HADITH_WORD,FLAGGED_UNCLAIMED,"শামস এই সময় বলল, “আরেকটা হাদিস আছে, আমার খুব প্রিয়। আলী (আলাইহিস্ সালাম) নিজে জিজ্ঞেস করেছিলেন।” সে নিজের নোটবুক খুলে পড়ল:"
6528,YES,NO,RASUL_SAID,COVERED,"হযরত ইবনে আবী নুজাইহ স্বীয় পিতা হতে বর্ণনা করেন যে, তিনি বলেছেন, আমাকে জনৈক ব্যক্তি বলেছেন, যিনি কুফার মিম্বরে ইমাম আলী (আলাইহিস্ সালাম)-কে এ কথা বলতে শুনেছেন, রাসূলুল্লাহ ﷺ আমাদের ঘরে তশরিফ আনলেন এব"
6529,NO,NO,HADITH_WORD,FLAGGED_UNCLAIMED,এই হাদীসগুলো ও বাণীগুলো কেবল আবেগঘন উচ্চারণ নয়; বরং এর অন্তর্নিহিত প্রতিটি শব্দ গভীর এক সত্যকে ধারণ করে। যখন প্রিয় নবী মুহাম্মাদ ﷺ ঘোষণা করেন—
6542,NO,NO,QURAN_MARKER,FLAGGED_UNCLAIMED,বুরুল্লাহ খোলা কুরআনের ওপর হাতের তালু রেখে বলল:
6543,NO,NO,SUTRA_MARKER,FLAGGED_UNCLAIMED,"“হ্যাঁ, সাইয়্যিদা ফাতিমাতুয্‌যাহরা (আলাইহাস্ সালাম) শুধু এক মহীয়সী নারী নন। তিনি নাবুয়্যাত ও ইমামতের সংযোগসূত্র—সেই স্বর্ণালি ‘নিবন্ধন’, যার মাধ্যমে নাবুয়্যাতের প্রজ্ঞা ও ইমামতের জ্ঞানের মিলন সম্প"
6548,NO,NO,QURAN_MARKER,FLAGGED_UNCLAIMED,"সবাই উঠে যাচ্ছিল। রাহাত বসে রইল। কুরআনটা বুরুল্লাহর কাছ থেকে আবার নিল, পঁচিশ নম্বর সূরার সেই পাতায়।"
6550,NO,NO,QURAN_MARKER,FLAGGED_UNCLAIMED,"বুরুল্লাহ রাহাতের হাত থেকে কুরআনটা আস্তে নিয়ে বন্ধ করল। “মুত্তাকীদের ইমাম মানে শুধু মসজিদের সামনে দাঁড়ানো না। তোর ঘরে রাফি আছে। আরশি আছে। ওরা তোর পেছনে দাঁড়ায়, তুই খেয়াল করিস না। তুই যে দিকে হাঁট"
6553,NO,NO,QURAN_MARKER,FLAGGED_UNCLAIMED,"উঠোনের ওপাশে রাকিকা আর শামস তখন কথা বলছিল। রাকিকার হাতে তার খাতা। আমি শুনলাম, শামস বলছে, “আজ সন্ধ্যায় চা আমি বানাব। তুমি সেই আয়াতটা আনবে। ‘কিতাবের জ্ঞান যার কাছে’।”"
6554,NO,NO,QURAN_MARKER,FLAGGED_UNCLAIMED,“কোন আয়াত?” রাহাত মুখ তুলে বলল।
6555,NO,NO,QURAN_MARKER,FLAGGED_UNCLAIMED,রাকিকা ফিরে তাকাল। “সূরা রাদের শেষ আয়াত। সন্ধ্যায়।”
6556,NO,NO,SUTRA_MARKER,FLAGGED_UNCLAIMED,সূত্র
6557,YES,NO,CITATION_BULLET|QURAN_MARKER,COVERED,"•  কুরআন ২৫:৭৪, ৫:৬৭, ৫:৩ — api.alquran.cloud-এ মেলানো, CONFIRMED।"
6558,YES,NO,CITATION_BULLET|SUNNI_BOOK,COVERED,"•  «যার মাওলা আমি, আলী তার মাওলা» — জামে তিরমিযি ৩৭১৩ — CONFIRMED (S-173)।"
6559,YES,YES,CITATION_BULLET|PAGE_CHECK_MARKER|SUNNI_BOOK,COVERED,•  মিসওয়ারের বর্ণনা («ফাতেমা আমার ফলবান বৃক্ষের শাখা…») — PAGE-CHECK (মুস্তাদরাক হাকিম/মুসনাদে আহমাদে মেলানো বাকি)।
6560,YES,YES,CITATION_BULLET|PAGE_CHECK_MARKER,COVERED,•  ইবনে আবী নুজাইহ — কুফার মিম্বরে আলী (আলাইহিস্ সালাম): «আমি অধিক প্রিয় নাকি ফাতেমা?» — PAGE-CHECK।
6567,NO,NO,QURAN_MARKER,FLAGGED_UNCLAIMED,“সকালে বলেছিলাম সূরা রাদের শেষ আয়াত।” সে পড়ল:
6573,NO,NO,QURAN_MARKER,FLAGGED_UNCLAIMED,"আমি খাতাটার দিকে ঝুঁকে আরেকবার লাইনটা দেখলাম। তারপর মুখ তুলে বললাম, “এই আয়াত কি আমাদের কিছু বলে না? আমাদের অন্তরে নতুন এক প্রশ্নের উন্মেষ ঘটায় না? কী ভাবছো তোমরা?”"
6574,NO,NO,QURAN_MARKER,FLAGGED_UNCLAIMED,"বুরুল্লাহ মাথা নাড়ল, “সাদিক, এই আয়াতের গভীরতা অসীম। আমাদের তাফসিরকাররা বলেন যে, এখানে ‘যার কাছে কিতাবের জ্ঞান রয়েছে’ বলতে ইমাম আলী (আলাইহিস্ সালাম)-কে বোঝানো হয়েছে।"
6576,YES,YES,BARNITA_MARKER,COVERED,"“সা’লাবীর তাফসিরে বর্ণিত আছে, আবদুল্লাহ ইবনে আতা বলেন—আবদুল্লাহ বিন সালাম ঘোষণা দিতেন, ‘যার কাছে কিতাবের পূর্ণ জ্ঞান আছে’—এটি ইমাম আলী (আলাইহিস্ সালাম)। তাই তো তিনি বলতেন, ‘আমার মৃত্যুর পূর্বে যা চাও,"
6577,NO,NO,QURAN_MARKER,FLAGGED_UNCLAIMED,"শামস কাপটা মাটিতে নামাল। “এক মিনিট।” তার গলায় সেই পুরোনো সতর্কতা, যেটা আমরা চিনি। “আমি অন্য তাফসিরে পড়েছি, এখানে ‘যার কাছে কিতাবের জ্ঞান’ মানে আবদুল্লাহ ইবনে সালাম, যিনি আগে ইহুদি আলেম ছিলেন। এক আয়"
6578,NO,NO,QURAN_MARKER,FLAGGED_UNCLAIMED,"বুরুল্লাহ সঙ্গে সঙ্গে উত্তর দিল না। “ভালো প্রশ্ন। এটা আমিও জানি,” সে বলল। “সূরাটা মক্কায় নাজিল হয়েছে, এটা বেশির ভাগ লোকই মানেন। আবদুল্লাহ ইবনে সালাম মুসলমান হয়েছেন মদিনায়, অনেক পরে। মক্কায় কাফেরদ"
6581,YES,NO,QURAN_MARKER|RASUL_SAID,COVERED,"এর উত্তরে বুরুল্লাহ বলল, “এই আয়াতে কিতাবের জ্ঞান বলতে এমন এক মহাজাগতিক ও অলৌকিক জ্ঞানের কথা বোঝানো হয়েছে, যা একমাত্র নির্দিষ্ট ব্যক্তিত্বের জন্য সংরক্ষিত ছিল। রাসূলুল্লাহ ﷺ বলেছেন, ‘আমি জ্ঞানের শহর "
6584,NO,NO,QURAN_MARKER,FLAGGED_UNCLAIMED,"বুরুল্লাহ বলল, “ফয়সাল, জ্ঞানের শ্রেণীবিন্যাস আছে। সুলাইমান (আলাইহিস্ সালাম) ও দাউদ (আলাইহিস্ সালাম)-এর মতো নবীদের জ্ঞান ছিল ব্যাপক, কিন্তু আল্লাহ বিশেষভাবে ইমাম আলী (আলাইহিস্ সালাম)-কে কিতাবের পূর্ণা"
6585,NO,NO,QURAN_MARKER,FLAGGED_UNCLAIMED,"শামস তার ফোনে কুরআন খুলে ফেলেছে ততক্ষণে। “সূরা নামল, চল্লিশ,” সে বলল, আর পড়ল: “কালাল্লাযী ইনদাহু ইলমুম মিনাল কিতাব। ‘কিতাবের জ্ঞান যার ছিল, সে বলল, আপনার চোখের পলক ফেলার পূর্বেই আমি তা আপনাকে এনে দেব"
6587,NO,NO,QURAN_MARKER,FLAGGED_UNCLAIMED,"“ইলমুম মিনাল কিতাব,” শামস বলল। “কিতাব থেকে কিছু জ্ঞান। আর রাকিকার আয়াতে?”"
6592,YES,NO,RASUL_SAID,COVERED,"হাতের কাপটা নামিয়ে বুরুল্লাহ বলল, “শামস, শোন। মহান নামের মাত্র একটি অংশ দিয়েই আসিফ বিন বরখিয়া এক মুহূর্তে সিংহাসন উপস্থিত করেছিলেন। তবে ইমাম আলী (আলাইহিস্ সালাম) কেবল একটি অংশ নয়, বরং সমগ্র কিতাবে"
6594,NO,NO,QURAN_MARKER,FLAGGED_UNCLAIMED,"বুরুল্লাহর উত্তর এল সঙ্গে সঙ্গে, “ইমাম আলী (আলাইহিস্ সালাম)-এর জ্ঞান কেবল ধর্মীয় বিষয়ের মধ্যে আবদ্ধ ছিল না। কুরআন বলে—‘নিশ্চয়ই সব কিছু একটি স্পষ্ট কিতাবে রয়েছে।’ এই ‘স্পষ্ট কিতাব’ হচ্ছে সেই মহাজাগ"
6596,NO,NO,QURAN_MARKER|HADITH_WORD,FLAGGED_UNCLAIMED,"এবার বুরুল্লাহর গলা নরম হলো, “একদম তাই। ইমামরা (আলাইহিস্ সালাম) হলেন সেই আলোকবর্তিকা, যাঁরা অন্ধকারে পথ দেখান। তাঁদের অনুসরণ ছাড়া সত্যের পথে অগ্রসর হওয়া অসম্ভব। এ কারণেই কুরআন ও হাদিসে তাঁদের অনুসরণ"
6603,NO,NO,QURAN_MARKER,FLAGGED_UNCLAIMED,"শামস দ্বিতীয়বার চা ঢালল। রাকিকা খাতার পাতা উল্টাল, পরের পাতায় আরেকটি আয়াত, সূরা নাহলের। এবার খাতাটা সে ফয়সালের দিকে বাড়িয়ে দিল। ফয়সাল পড়ল:"
6608,NO,NO,QURAN_MARKER,FLAGGED_UNCLAIMED,"আবদুল্লাহ ইবনে আব্বাস বর্ণনা করেন: জ্ঞানী ব্যক্তিরা, অর্থাৎ আহলুয যিকর, হলেন সেই মহিমান্বিত ব্যক্তিত্বগণ—রাসূলুল্লাহ ﷺ, ইমাম আলী (আলাইহিস্ সালাম), মা সাইয়্যিদা ফাতিমাতুয্ যাহরা (আলাইহাস্ সালাম), হযরত"
6609,NO,NO,QURAN_MARKER,FLAGGED_UNCLAIMED,"আমি খাতা থেকে মুখ তুললাম। “আচ্ছা, আজকের আলোচনার অঙ্গনে আমরা প্রবেশ করছি এক মহিমান্বিত বিষয়ে— ‘যিকর ও আহলুল যিকর’। পবিত্র কোরআনের ঐশী বাণী, ‘যদি তোমরা না জান, তবে যিকরের লোকদের জিজ্ঞাসা কর’ এই আয়াতের"
6610,YES,NO,QURAN_MARKER|RASUL_SAID,COVERED,"উত্তরটা এল বুরুল্লাহর কাছ থেকে, “কী মনোমুগ্ধকর এক প্রসঙ্গ, সাদিক! এই আয়াতের অন্তর্নিহিত সৌন্দর্য উপলব্ধি করতে হলে, আমাদের প্রথমেই জানতে হবে, যিকর বলতে এখানে কী বোঝানো হয়েছে। রাসূলুল্লাহ ﷺ নিজেই তো ব"
6612,NO,NO,QURAN_MARKER,FLAGGED_UNCLAIMED,"“কিন্তু সাদিক, আমি তো শুনেছি, অনেকে বলে থাকেন যে এই আয়াতে ‘আহলুল যিকর’ বলতে ইহুদি ও খ্রিস্টানদের বোঝানো হয়েছে। কারণ তারা পূর্ববর্তী ধর্মগন্থের ধারক ও বাহক। তাহলে কেন আমরা তাদের শরণাপন্ন হবো?”"
6615,YES,NO,QURAN_MARKER|RASUL_SAID,COVERED,"বাইরে একটা রিকশার ঘণ্টি বাজল। বুরুল্লাহ বলল, “চমৎকার প্রশ্ন! ইমাম জাফর সাদিক (আলাইহিস্ সালাম) বলেছেন, ‘যিকর’ হল আল্লাহর কিতাব এবং রাসূলুল্লাহ ﷺ। আর আহলুল বাইত হল সেই কিতাবের প্রকৃত ব্যাখ্যাকারী। কোরআন"
6617,YES,NO,SUNNI_BOOK,COVERED,"রাকিকা আবার খাতায় টুকল। “তবে আমার মনে আরেকটি প্রশ্ন জাগছে। যদি আহলুল বাইতই প্রকৃত ব্যাখ্যাকারী হন, তাহলে মুসলিম সমাজে এত বিভ্রান্তি কেন?”"
6618,NO,NO,HADITH_WORD,FLAGGED_UNCLAIMED,"খানিক চুপ থেকে বুরুল্লাহ বলল, “দুর্ভাগ্যজনকভাবে, ইতিহাসের ধারাবাহিকতায় বহু জাল হাদিস প্রচলিত হয়েছে এবং আহলুল বাইতের শিক্ষাকে ছায়ার আড়ালে ঠেলে দেওয়া হয়েছে। অথচ ইমাম রেযা (আলাইহিস্ সালাম) স্পষ্ট ভ"
6620,YES,NO,QURAN_MARKER|RASUL_SAID,COVERED,"বিশ্বনবী ﷺ বলেছেন, আমি জ্ঞানের নগর আর আলী তার দরজা। অর্থাৎ বিশ্বনবী ﷺ-এর জ্ঞানের শহরে প্রবেশ করা সম্ভব নয় আলী (আলাইহিস্ সালাম)-এর মাধ্যম ছাড়া। আলী (আলাইহিস্ সালাম) নিজেও বলতেন, কুরআনের এমন কোনো আয়া"
6640,NO,NO,QURAN_MARKER,FLAGGED_UNCLAIMED,"«চাচার কাছে: ১. সূরা রাদ মক্কায় নাজিল, তাহলে ‘যার কাছে কিতাবের জ্ঞান’ আবদুল্লাহ ইবনে সালাম হন কী করে? ২. কুরআন বলে ‘যারা জানে তাদের জিজ্ঞেস করো’। আজ আমরা কাকে জিজ্ঞেস করব?»"
6644,NO,NO,SUTRA_MARKER,FLAGGED_UNCLAIMED,সূত্র
6645,YES,NO,CITATION_BULLET|QURAN_MARKER,COVERED,"•  কুরআন ১৩:৪৩, ২৭:৪০, ১৬:৪৩, ৬৫:১০–১১ — api.alquran.cloud-এ মেলানো, CONFIRMED।"
6646,YES,YES,CITATION_BULLET|PAGE_CHECK_MARKER,COVERED,"•  সা’লাবীর তাফসির (আল-কাশফ ওয়াল-বায়ান), ১৩:৪৩ — আবদুল্লাহ ইবনে আতার বর্ণনা — PAGE-CHECK।"
6647,YES,YES,CITATION_BULLET|PAGE_CHECK_MARKER|SUNNI_BOOK,COVERED,"•  «আমি জ্ঞানের শহর, আলী তার দরজা» — PAGE-CHECK (তিরমিযি/হাকিম; নম্বর মেলানো বাকি)।"
6648,YES,YES,CITATION_BULLET|PAGE_CHECK_MARKER|BARNITA_MARKER,COVERED,"•  ইবনে আব্বাস ও যাবের — আহলুয যিকর = আহলুল বাইত; ইমাম জাফর সাদিক ও ইমাম রেযা (আলাইহিমাস্ সালাম)-এর বাণী — বর্ণিত আছে, PAGE-CHECK।"
6649,YES,YES,CITATION_BULLET|PAGE_CHECK_MARKER|SHIA_BOOK,COVERED,•  এক মহিলার প্রশ্ন ও মুক্তার প্রতিদান — ইমাম হাসান আসকারি (আলাইহিস্ সালাম)-এর তাফসির (বিহারুল আনওয়ার ২-এ উদ্ধৃত) — PAGE-CHECK।
6655,NO,NO,QURAN_MARKER,FLAGGED_UNCLAIMED,"“প্রথমটার উত্তর তোমরা নিজেরাই বের করে ফেলেছ, মা,” তিনি বললেন, কাগজটা রাকিকাকে ফেরত দিয়ে। “সূরা কোথায় নাজিল, সাক্ষী তখন কোথায়, এই হিসাব যে করেছে, তার আর আমার কাছে আসার দরকার নাই।” চাচার মুখে হাসি। “"
6668,NO,NO,QURAN_MARKER,FLAGGED_UNCLAIMED,"চাচা সায় দিলেন, আর পড়ে চললেন। আগে একটি আয়াত, সূরা আরাফের:"
6670,NO,NO,QURAN_MARKER,FLAGGED_UNCLAIMED,ইমাম রেজা (আলাইহিস্ সালাম) এ আয়াতের ব্যাখ্যায় বলেছেন:
6687,NO,NO,QURAN_MARKER,FLAGGED_UNCLAIMED,"রোদের চৌকো দাগ দুটো পাটির ওপর একটু সরে গেছে। বুরুল্লাহ এবার কুরআন খুলল, মিম্বরের পাশের রেহাল থেকে নিয়ে।"
6688,NO,NO,QURAN_MARKER,FLAGGED_UNCLAIMED,"“আব্বু, সূরা হাদিদের আয়াতটা আমি পড়ি?”"
6695,YES,NO,SHIA_BOOK,COVERED,"“এই প্রশ্নটা ইমাম জাফর সাদিক (আলাইহিস্ সালাম)-কেও লোকে করেছিল,” চাচা বললেন। কিতাবের আরেক জায়গা খুললেন, উসূলে কাফির একটি খণ্ড, পাতায় পাতায় কাগজের চিরকুট গোঁজা। পড়লেন:"
6704,NO,NO,QURAN_MARKER,FLAGGED_UNCLAIMED,তিনি (আলাইহিস্ সালাম) বললেন: ‘এই আয়াত ইমাম (আলাইহিস্ সালাম)-এর সহায়তা করার বিষয়ে নাযিল হয়েছে।’
6721,YES,YES,BARNITA_MARKER|HADITH_WORD|RASUL_SAID,COVERED,"হাদিসে বর্ণিত আছে—একজন ব্যক্তি তার মাকে কাঁধে করে কাবার চারপাশে তাওয়াফ করালেন। তিনি ভাবলেন, হয়তো এভাবে তিনি তার মায়ের ঋণ শোধ করতে পারলেন। কিন্তু রাসূলুল্লাহ ﷺ বললেন, “না, এমনকি মায়ের এক মুহূর্তের "
6737,NO,NO,SUTRA_MARKER,FLAGGED_UNCLAIMED,সূত্র
6738,YES,NO,CITATION_BULLET|QURAN_MARKER,COVERED,"•  কুরআন ৭:১২৮, ৫৭:১১ — api.alquran.cloud-এ মেলানো, CONFIRMED।"
6739,YES,YES,CITATION_BULLET|PAGE_CHECK_MARKER,COVERED,•  মা সাইয়্যিদার মোহর পৃথিবীর এক-পঞ্চমাংশ; জিবরাঈলের পায়ের আঘাতে পাঁচ নদী — ফিকহুর রেজা (খাতার উল্লেখ) — PAGE-CHECK।
6740,YES,YES,CITATION_BULLET|PAGE_CHECK_MARKER|BARNITA_MARKER,COVERED,"•  «এতিমের এক দিরহাম… আমরাই সেই এতিম» — ইমাম রেজা (আলাইহিস্ সালাম) — বর্ণিত আছে, PAGE-CHECK।"
6741,YES,YES,CITATION_BULLET|PAGE_CHECK_MARKER|SHIA_BOOK|HADITH_WORD,COVERED,"•  ৫৭:১১-এর ব্যাখ্যায় ইমাম কাযিম, ইমাম সাদিক (আলাইহিমাস্ সালাম)-এর হাদিস; «এক দিরহাম ওহুদের চেয়ে ভারী» (মায়াহ); «তোমাদের পবিত্র করার জন্য গ্রহণ করি» — আল-কাফি, কিতাবুল হুজ্জা (বাবু সিলাতিল ইমাম) — "
6742,YES,YES,CITATION_BULLET|PAGE_CHECK_MARKER|BARNITA_MARKER,COVERED,"•  মাকে কাঁধে নিয়ে তাওয়াফ — বর্ণিত আছে, PAGE-CHECK।"
6752,NO,NO,QURAN_MARKER|HADITH_WORD,FLAGGED_UNCLAIMED,"সে পড়ল, “হিজরি পঞ্চম শতাব্দীর প্রখ্যাত আলেম, হাফেযে হাদীস হাকেম হাসকাফী হায্যা হানাফী নিসাপুরী তাঁর কিতাব ‘শাওয়াহিদুত তানযীল লি-কাওয়ায়িদিত তাফযীল ফিল আয়াতিন নাযিলাতি ফী আহলিল বাইত’-এর মধ্যে আল্লা"
6753,YES,NO,SUTRA_MARKER|HADITH_WORD|RASUL_SAID,COVERED,"হাফেযে হাদীস হাসকাফী অপর এক বর্ণনায় হযরত আব্দুল্লাহ ইবনে আব্বাস (রাদিয়াল্লাহু আনহুম)’র সূত্রে বর্ণনা করেন যে, তিনি আল্লাহ তায়ালার বাণী “আমাদের সঠিক (ও সত্য) পথ দেখাও।”-এর তাফসীরে মন্তব্য করেন যে, আ"
6757,YES,NO,SUNNI_BOOK|HADITH_WORD,COVERED,"আমার ফোনে সহীহ মুসলিমের একটি অ্যাপ। গতকাল রাতে একটি হাদিস খুঁজে বুকমার্ক করে রেখেছিলাম, রাকিকার খাতার পাশে লিখে রাখার জন্য। এখন সেটাই খুললাম।"
6758,NO,NO,SUTRA_MARKER,FLAGGED_UNCLAIMED,"হযরত সফিয়্যা বিনতে শায়বা রাদিআল্লাহু আনহা আয়িশা বিনতে আবু বকর ’র সূত্রে বর্ণনা করেন, একদিন সকালে রাসূলুল্লাহ ﷺ শরীরে কালো পশমের (উটের হাওদার ন্যায়) নকশা করা একটি চাদর জড়ানো অবস্থায় বের হলেন। অতঃ"
6759,NO,NO,HADITH_WORD,FLAGGED_UNCLAIMED,"ফোন নামিয়ে রেখে আমি বললাম, “চাদর-সংক্রান্তহাদীস থেকে তো এটি স্পষ্ট যে, চাদরের নিচে অবস্থানকারী ছিলেন- মা ফাতিমা, তাঁর পিতা, তাঁর স্বামী এবং তাঁর পুত্রদ্বয়। এভাবে হাদীসে কুদসীর সুস্পষ্ট বক্তব্য মোতাব"
6762,NO,NO,QURAN_MARKER,FLAGGED_UNCLAIMED,"রাকিকার ফোঁস করে শ্বাস ফেলার শব্দ। “কিন্তু এটা কি খুব সীমাবদ্ধ নয়? কেন সরল পথ কেবল কিছু ব্যক্তির সাথে সংযুক্ত হবে, যখন কুরআন তো সমগ্র মানবজাতির জন্য?”"
6763,NO,NO,QURAN_MARKER,FLAGGED_UNCLAIMED,"ফয়সাল বলল, “কিন্তু ভাবো তো, কুরআন যেন এক ধনভাণ্ডার, আর তার প্রকৃত অর্থ বুঝতে একটা চাবি দরকার। আহলুল বাইত সেই চাবি। রাসূলুল্লাহ ﷺ বলেছিলেন: ‘আল্লাহ আলি, ফাতিমা এবং তাঁদের সন্তানদের তাঁর সৃষ্টির উপর প্"
6766,NO,NO,HADITH_WORD,FLAGGED_UNCLAIMED,"জানালার বাইরে আকাশ হলদে থেকে কমলা হতে শুরু করেছে। চাচা জানালার দিকে আঙুল তুললেন। “ফয়সাল, তোমার ওই হাদিসটা বলো। আলো নিয়ে যেটা।”"
6767,YES,NO,RASUL_SAID,COVERED,"ফয়সাল বলতে শুরু করার আগে আমি বললাম, “এটা প্রমাণ করে যে তাঁদের আদর্শ ও শিক্ষার প্রতি আনুগত্য কেবল পছন্দ নয়; এটি মুক্তির জন্য অপরিহার্য। আর এই নির্দেশনা অত্যন্ত সুন্দরভাবে রাসূলুল্লাহ ﷺ দৃষ্টান্তের মা"
6774,NO,NO,QURAN_MARKER,FLAGGED_UNCLAIMED,"বুরুল্লাহ বলল, “এটাই সবচেয়ে গুরুত্বপূর্ণ প্রশ্ন। আল্লাহ তায়ালা নিজেই এর ব্যাখ্যা দিয়েছেন। ধরো সূরা বাকারায় আছে, ‘يَهْدِي مَنْ يَشَاءُ إِلَىٰ صِرَاطٍ مُسْتَقِيمٍ’। আল্লাহ যার ইচ্ছা করেন, তাকেই সরল "
6778,NO,NO,HADITH_WORD,FLAGGED_UNCLAIMED,"বুরুল্লাহ বলল, “শয়তানের বিরুদ্ধে লড়াইয়ের সবচেয়ে বড় অস্ত্র হলো আল্লাহ ও তাঁর দেওয়া রাসূলুল্লাহ ﷺ ও তাঁর আহলুল বাইতের প্রতি আমাদের ভালোবাসা এবং তাঁর প্রতি একনিষ্ঠ হওয়া। উদাহরণ হিসাবে, চাদরের ঘটনা"
6791,YES,YES,BARNITA_MARKER,COVERED,"বুরুল্লাহ আস্তে যোগ করল, “বর্ণিত আছে, কিয়ামতের দিন রাসূলুল্লাহ ﷺ এবং ইমাম আলী (আলাইহিস্ সালাম) সেই সেতুর উপর থাকবেন এবং কেবল তাঁদের ওয়ালিয়াতের উপর দৃঢ়পদে বহাল থাকা ব্যক্তিদেরই পার হতে দেবেন।"
6801,NO,NO,SUTRA_MARKER,FLAGGED_UNCLAIMED,সূত্র
6802,YES,NO,CITATION_BULLET|QURAN_MARKER,COVERED,"•  কুরআন ১:৬, ২:১৪২, ৩:১০১, ৭:১৬, ২২:৫৪, ৬৭:২২, ৩৩:৩৩ — api.alquran.cloud-এ মেলানো, CONFIRMED।"
6803,YES,NO,CITATION_BULLET|SUTRA_MARKER|SUNNI_BOOK|HADITH_WORD,COVERED,•  চাদরের হাদিস (আয়িশা — সফিয়্যা বিনতে শায়বার সূত্রে) — সহীহ মুসলিম ২৪২৪ — CONFIRMED (SECOND_NOTEBOOK/CITATION_RISK)।
6804,YES,YES,CITATION_BULLET|PAGE_CHECK_MARKER,COVERED,"•  হাসকানী, শাওয়াহিদুত তানযীল (১:৬) — PAGE-CHECK। সা’লাবী, ইবনে বুরাইদা ও ইবনে আব্বাসের বর্ণনা — PAGE-CHECK।"
6805,YES,YES,CITATION_BULLET|PAGE_CHECK_MARKER|SHIA_BOOK,COVERED,"•  ইমাম বাকির (আ.): «আমরা স্পষ্ট পথ…»; ইমাম সাদিক (আ.): সেতু চুলের চেয়ে সূক্ষ্ম; ইমাম কাযিম (আ.) — ৬৭:২২-এর ব্যাখ্যা — তাফসীরে কুম্মী/আইয়াশী, মাআনিল আখবার (খাতার উল্লেখ) — PAGE-CHECK।"
6806,YES,YES,CITATION_BULLET|PAGE_CHECK_MARKER|BARNITA_MARKER,COVERED,"•  «সূর্য, চাঁদ, শুক্রতারা, দুই তারকা» — বর্ণিত আছে, PAGE-CHECK।"
6814,NO,NO,QURAN_MARKER,FLAGGED_UNCLAIMED,"“উত্তরটা আমি দিব না। কুরআন দিবে।” চাচা আমার দিকে তাকালেন। “সাদিক, সূরা আনআম। একশো তিপ্পান্ন। তোমার ফোনে আছে না?”"
6815,NO,NO,QURAN_MARKER,FLAGGED_UNCLAIMED,"আমি ফোনে আয়াতটা বের করে পড়লাম, ঘাটের অন্ধকারে স্ক্রিনের আলো আমার মুখে:"
6818,NO,NO,QURAN_MARKER,FLAGGED_UNCLAIMED,পড়া শেষ করে আমি মুখ তুললাম। “এই আয়াতের মধ্যে সিরাতুল মুস্তাকীম বলতে কাদেরকে বোঝানো হয়েছে বলতে পারো?”
6824,NO,NO,QURAN_MARKER,FLAGGED_UNCLAIMED,"বুরুল্লাহ হেসে বলল, “এটা কেবল আল্লাহর প্রতি আনুগত্যের কথা বলছে না, বরং আমি যেটা বলব, ‘সরল পথ’ অর্থাৎ, আহলুল বাইতের পথ—যে পথ আহলুল বাইতের জন্যই নির্ধারিত। আর মা সাইয়্যিদা ফাতিমাতুয্ যাহরা (আলাইহাস্ সা"
6825,NO,NO,QURAN_MARKER,FLAGGED_UNCLAIMED,"ফয়সাল বলল, “আর কোথাও কি এ আয়াতের ব্যাখ্যা পাওয়া গেল?”"
6826,YES,YES,BARNITA_MARKER|QURAN_MARKER,COVERED,"বুরুল্লাহ বলল, “বর্ণিত আছে, আবু আবদুল্লাহ (আলাইহিস্ সালাম)-কে আয়াতের এই অংশটি, “এবং নিশ্চয়ই এটি আমার সরল পথ, সুতরাং এ পথ অনুসরণ করো, ” সম্পর্কে জিজ্ঞাসা করা হলে, তিনি বললেন: “আল্লাহর কসম, এটি আলী (আ"
6827,NO,NO,HADITH_WORD,FLAGGED_UNCLAIMED,"আল আইয়াশি দ্বারা বুরাইদ আল আজালি থেকে বর্ণিত অন্য একটি হাদিসে, আবু জাফর (আলাইহিস্ সালাম) বলেন: “তুমি কি জানো, ‘আমার সরল পথ’ বলতে কী বোঝানো হয়েছে?” তিনি জবাব দেন, ”না।”"
6830,NO,NO,QURAN_MARKER,FLAGGED_UNCLAIMED,"“আমি একটা কথা বলি? রাগ করবেন না, চাচা।” তার গলায় সেই পুরোনো দ্বিধা নেই, আছে ক্লান্তি। “আট দিন ধরে শুনছি। প্রতিটি আয়াতের পেছনে একটা তাফসির, একটা বর্ণনা, একটা ইমামের কথা। একটা তাফসির দিয়ে কি এত কিছু "
6834,NO,NO,QURAN_MARKER,FLAGGED_UNCLAIMED,"“ঠিক কথা, বাবা। তাফসির রাখো। শুধু আয়াতটা আরেকবার শুনো।” তিনি আমার দিকে মাথা ঝাঁকালেন। “সাদিক, শুধু আরবিটা। আস্তে।”"
6848,NO,NO,QURAN_MARKER,FLAGGED_UNCLAIMED,"«আমি কুরআন আঁকড়ে ধরি। রাসূলুল্লাহ ﷺ যাঁদের হাতে কুরআন রেখে গেলেন, তাঁদের কি ধরি?»"
6852,NO,NO,SUTRA_MARKER,FLAGGED_UNCLAIMED,সূত্র
6853,YES,NO,CITATION_BULLET|QURAN_MARKER,COVERED,"•  কুরআন ৬:১৫৩ — api.alquran.cloud-এ মেলানো, CONFIRMED।"
6854,YES,NO,CITATION_BULLET|SUNNI_BOOK,COVERED,"•  «যার মাওলা আমি, আলী তার মাওলা» — জামে তিরমিযি ৩৭১৩ — CONFIRMED (S-173)।"
6855,YES,YES,CITATION_BULLET|PAGE_CHECK_MARKER,COVERED,"•  কান্দুযী, ইয়ানাবিউল মাওয়াদ্দা (আল-মানাকিব থেকে) — ইমাম বাকির ও ইমাম সাদিক (আলাইহিমাস্ সালাম) — PAGE-CHECK।"
6856,YES,YES,CITATION_BULLET|PAGE_CHECK_MARKER|SUTRA_MARKER|SHIA_BOOK,COVERED,"•  আবু আবদুল্লাহ (আ.): «আল্লাহর কসম, তিনিই সরল পথ ও মিজান»; বুরাইদ আল-আজালির সূত্রে আবু জাফর (আ.) — তাফসীরে আইয়াশী — PAGE-CHECK।"
6863,NO,NO,QURAN_MARKER,FLAGGED_UNCLAIMED,"চাচা খাতার দিকে ঝুঁকে পড়লেন, তারপর আমার দিকে তাকালেন। “সাদিক, সূরা রাদ। সাত নম্বর আয়াত। আজ তুমি পড়ো।”"
6864,NO,NO,QURAN_MARKER,FLAGGED_UNCLAIMED,"আমি রেহাল থেকে কুরআন নিয়ে পড়লাম, প্রথমে আরবি, তারপর বাংলা:"
6869,NO,NO,QURAN_MARKER,FLAGGED_UNCLAIMED,"শামস হাত তুলল। “আমি একটা কথা আগে বলে রাখি। কাল রাতে বাসায় গিয়ে তিনটা তাফসির দেখেছি। এই আয়াতের ‘হাদী’ নিয়ে তিন রকম কথা। কেউ বলেছেন হাদী মানে আল্লাহ নিজে। কেউ বলেছেন, প্রত্যেক জাতির নবী। আর কেউ বলেছ"
6871,NO,NO,QURAN_MARKER,FLAGGED_UNCLAIMED,"রাহাত তাকাল চাচার দিকে। চাচা কিছু বললেন না, শুধু আমার হাতের কুরআনটার দিকে আঙুল দেখালেন। আমি বুঝলাম। কুরআনের ভেতরে ভাঁজ করা একটি কাগজ, চাচার নিজের হাতের লেখা। আমি পড়লাম:"
6872,NO,NO,QURAN_MARKER,FLAGGED_UNCLAIMED,"এ আয়াতটি যখন নাযিল হলো, রাসূলুল্লাহ ﷺ তাঁর হাতে নিজের বুকে রেখে বললেন, ‘আমিই সতর্ককারী।’ এরপর তিনি আলীর কাঁধের প্রতি ইশারা করে বললেন, ‘হে আলী! তুমিই পথপ্রদর্শক এবং মানুষ আমার পর তোমার মাধ্যমে হেদায়া"
6874,NO,NO,QURAN_MARKER,FLAGGED_UNCLAIMED,"“আল্লাহ যদি হাদী হন,” চাচা এবার বললেন, ধীরে, “তাহলে ‘প্রত্যেক সম্প্রদায়ের জন্য’ কথাটা বলার দরকার পড়ে না, বাবা। আল্লাহ তো সব সম্প্রদায়েরই। আর নবীরা যদি হাদী হন, তাহলে রাসূলুল্লাহ ﷺ-কে আলাদা করে ‘তুম"
6888,NO,NO,QURAN_MARKER|HADITH_WORD,FLAGGED_UNCLAIMED,"তিনি বলতেন—এটা সরাসরি কোনো হাদিস নয়, বরং কুরআনের রূহ থেকে উঠে আসা এক বাস্তব শিক্ষা।"
6938,NO,NO,QURAN_MARKER,FLAGGED_UNCLAIMED,"বুরুল্লাহ বলল, “এ কারণেই কুরআন বারবার বলে—” সে ফয়সালের দিকে হাত বাড়াল। “সূরা বাকারা, চুয়াল্লিশ। তুই খোঁজ।”"
6939,NO,NO,QURAN_MARKER,FLAGGED_UNCLAIMED,"ফয়সাল আমার কোল থেকে কুরআনটা নিল, পাতা উল্টাতে উল্টাতে একবার থামল, তারপর আঙুল রেখে পড়ল:"
6944,NO,NO,QURAN_MARKER,FLAGGED_UNCLAIMED,"বুরুল্লাহ ফয়সালের হাত থেকে কুরআনটা নিয়ে আবার সূরা রাদের পাতায় ফিরে গেল, আঙুল রাখল সাত নম্বর আয়াতে, যেটা একটু আগে আমি পড়েছিলাম। ফয়সাল ঝুঁকে পড়ল।"
6953,NO,NO,QURAN_MARKER,FLAGGED_UNCLAIMED,এই আয়াত এবং রাসূলুল্লাহ ﷺ-এর বক্তব্যে
6963,NO,NO,QURAN_MARKER,FLAGGED_UNCLAIMED,"বুরুল্লাহ বলল, “আর সেই কারণেই তো এই আলোচনা। আমরা যত বেশি জানতে পারব এবং বুঝতে পারব, ততই আমাদের সন্দেহ দূর হবে।” সে কুরআনটা বন্ধ করে রেহালে রাখল। “সরল পথের বিচ্যুতি থেকে বাঁচতে প্রয়োজন প্রত্যেকের আপন "
6964,NO,NO,QURAN_MARKER,FLAGGED_UNCLAIMED,"চাচা কিছু যোগ করলেন না। তিনি দেয়ালের দিকে তাকালেন, যেখানে মসজিদ কমিটির একটি পুরোনো ক্যালেন্ডার ঝুলছে, আর তার পাশে কাঁচে বাঁধানো একটি আয়াত, সূরা ইনফিতারের। রাহাত সেটা জোরে পড়ল:"
6974,NO,NO,SUTRA_MARKER,FLAGGED_UNCLAIMED,সূত্র
6975,YES,NO,CITATION_BULLET|QURAN_MARKER,COVERED,"•  কুরআন ১৩:৭, ২:৪৪, ৮২:৬ — api.alquran.cloud-এ মেলানো, CONFIRMED।"
6976,YES,YES,CITATION_BULLET|PAGE_CHECK_MARKER,COVERED,"•  «আমিই সতর্ককারী… হে আলী, তুমিই পথপ্রদর্শক» — ইবনে মারদুইয়া, ইবনে জারীর (তাবারী), আবু নুআইম, ইবনে আসাকির, দাইলামী, ইবনুন নাজ্জার (খাতার উল্লেখ) — PAGE-CHECK।"
6977,YES,YES,CITATION_BULLET|PAGE_CHECK_MARKER,COVERED,•  ১৩:৭-এর তিন মত (আল্লাহ / প্রত্যেক নবী / আলী) — তাফসীরে তাবারীতে একত্রে — PAGE-CHECK।
6985,NO,NO,QURAN_MARKER,FLAGGED_UNCLAIMED,"“কাকা, ওখানে কুরআন পড়া হয়। তাফসির।”"
6986,NO,NO,QURAN_MARKER,FLAGGED_UNCLAIMED,"“কুরআন আমাদের মসজিদেও পড়া হয়।” কাকা চায়ের কাপটা তুলে আবার নামিয়ে রাখলেন, খেলেন না। “তোর আব্বা তোকে আমার কাছে রেখে গেছে, সাদিক। তুই পথ হারালে আমি তোর আব্বাকে কী জবাব দিব?”"
6990,NO,NO,QURAN_MARKER,FLAGGED_UNCLAIMED,আমি পড়লাম সূরা ফাতিহার সাত নম্বর আয়াতের প্রথম অংশ:
6997,YES,NO,QURAN_MARKER|HADITH_WORD|RASUL_SAID,COVERED,"“জি, কাকা। শাফেয়ী আলেম।” আমি পাতা উল্টালাম। “হাদিস এবং তাফসিরের ভিত্তিতে দেখা যায়, এখানে “আনআমতা আলাইহিম” বা “যাদের প্রতি অনুগ্রহ করা হয়েছে, ” তারা হচ্ছেন নবী রাসূলুল্লাহ ﷺ, তাঁর আহলুল বাইত এবং তাদ"
6999,NO,NO,QURAN_MARKER,FLAGGED_UNCLAIMED,"“সূরা নিসায় আরেকটা আয়াত আছে,” কাকা বললেন, “নবী, সিদ্দিক, শহীদ, সালেহীন। ওরাও তো অনুগ্রহপ্রাপ্ত। তুই এক দিকেই দেখতেছিস।”"
7000,NO,NO,QURAN_MARKER,FLAGGED_UNCLAIMED,"আমি খাতা থেকে মুখ তুললাম। কাকা আয়াত জানেন, আমি জানতাম না যে এত ভালো জানেন।"
7001,NO,NO,QURAN_MARKER,FLAGGED_UNCLAIMED,"“ঠিক বলেছেন, কাকা। সূরা নিসা, উনসত্তর।” আমি একটু থেমে বললাম, “আর ওই সিদ্দিক মানে সত্যবাদী। এখন প্রশ্ন, সত্যবাদী কারা।”"
7003,NO,NO,QURAN_MARKER,FLAGGED_UNCLAIMED,"কাকা কিছু বললেন না। আমি খাতার আরেকটি পাতা খুললাম, সূরা তাওবার:"
7010,NO,NO,QURAN_MARKER,FLAGGED_UNCLAIMED,এ আয়াতে মহান আল্লাহ কিয়ামত পর্যন্ত সকল মুমিনকে নিঃশর্তভাবে সত্যবাদিদের সঙ্গে থাকার নির্দেশ দিয়েছেন। এ থেকে বোঝা যায় কিয়ামত পর্যন্ত এমন সত্যবাদিরা থাকবেন এবং যে কেউ তাঁদের সঙ্গে থাকবে কখনই বিচ্যুত
7029,NO,NO,HADITH_WORD,FLAGGED_UNCLAIMED,এ হাদীসের ভাষ্যমতে সততা ঈমানের লক্ষণ এবং মুমিন ব্যক্তি মিথ্যা কথা বলতে পারেনা।
7032,YES,NO,RASUL_SAID,COVERED,রাসূলুল্লাহ ﷺ বলেছেন:
7042,NO,NO,QURAN_MARKER,FLAGGED_UNCLAIMED,“ভয় পাইও না।” কাকা খবরের কাগজটা আবার খুললেন। “সত্যবাদীর সাথে থাকতে বলছে না কুরআন? দেখি কে সত্যবাদী।”
7043,NO,NO,SUTRA_MARKER,FLAGGED_UNCLAIMED,সূত্র
7044,YES,NO,CITATION_BULLET|QURAN_MARKER,COVERED,"•  কুরআন ১:৭, ৯:১১৯, ৪:৬৯ — api.alquran.cloud-এ মেলানো, CONFIRMED।"
7045,YES,YES,CITATION_BULLET|PAGE_CHECK_MARKER,COVERED,"•  আবু বকর হাযরামী শাফেয়ী, রাশফাতুস সাদী — আবুল আলিয়ার বর্ণনা — PAGE-CHECK। মাআনিল আখবার — ইমাম সাদিক (আ.) — PAGE-CHECK।"
7046,YES,YES,CITATION_BULLET|PAGE_CHECK_MARKER,COVERED,"•  ইমাম বাকির (আ.): সত্যবাদীরা আলী, ফাতিমা, হাসান, হুসাইন (আলাইহিমুস সালাম) ও তাঁদের বংশধর — PAGE-CHECK।"
7047,YES,YES,CITATION_BULLET|PAGE_CHECK_MARKER,COVERED,"•  «ঈমান হলো লাভের মিথ্যার ওপর ক্ষতির সত্যকে প্রাধান্য দেওয়া» — নাহজুল বালাগা, হিকমত ৪৫৫ (খাতার উল্লেখ; সংস্করণভেদে ৪৫৮) — PAGE-CHECK।"
7048,YES,YES,CITATION_BULLET|PAGE_CHECK_MARKER|HADITH_WORD,COVERED,•  «লা তানযুরু ইলা কাসরাতি সালাতিহিম… সিদকিল হাদিস ওয়া আদায়িল আমানাহ» — খাতার উল্লেখ: উয়ূনু আখবারির রিদা খ. ২ পৃ. ৫১ হা. ১৯৭; মিশকাতুল আনওয়ার (তাবারসী) খ. ১ পৃ. ১১৬ — PAGE-CHECK।
7049,YES,YES,CITATION_BULLET|PAGE_CHECK_MARKER,COVERED,•  ঢাকা আলিয়া মাদ্রাসার প্রথম অধ্যক্ষরা (১৮৫০–১৯২৭) — মাদ্রাসা-ই-আলিয়ার ইতিহাস (ইসলামিক ফাউন্ডেশন) — PAGE-CHECK।
7054,NO,NO,QURAN_MARKER,FLAGGED_UNCLAIMED,"ইমাম সাহেব আমাদের পাড়ার মসজিদের। বয়স চল্লিশের কাছাকাছি, দাড়িতে মেহেদি, হাতে একটি ছোট কুরআন, জায়নামাজের কাপড়ে মোড়া। চাচা বারান্দা থেকে নেমে এসে তাঁর সঙ্গে হাত মেলালেন, দুই হাতে।"
7056,NO,NO,QURAN_MARKER,FLAGGED_UNCLAIMED,"ইমাম সাহেব মাদুরে বসলেন, কিন্তু পা ভাঁজ করলেন না পুরোপুরি; স্যান্ডেল জোড়া রাখলেন মাদুরের ঠিক কিনারে, হাতের নাগালে। রাকিকা, শামস, ফয়সাল এল একে একে। বুরুল্লাহ এল সবার শেষে, বুকে সেই পুরোনো কুরআনটা, ছে"
7058,NO,NO,QURAN_MARKER,FLAGGED_UNCLAIMED,"বুরুল্লাহ কুরআনটা মাদুরে রেখে একটি পাতা খুলল। পাতার কোণা হলদে, আঙুলের দাগে কালচে। সে পাতাটার দিকে তাকিয়ে রইল কিছুক্ষণ, তারপর বলল, “এই পাতাটা আব্বু সেদিন মসজিদে খুলেছিলেন।” সে ইমাম সাহেবের দিকে তাকাল "
7059,NO,NO,QURAN_MARKER,FLAGGED_UNCLAIMED,সকলের নীরবতা ভেঙে আব্বু কুরআনের একটি পুরনো পাতা খুললেন। বাতাসে কাগজের মৃদু খসখস শব্দ যেন সময়ের অতল গহ্বর থেকে উঠে আসা কোনো বার্তা। তিনি গভীর আবেগে সূরা আহযাবের ৩৩ নম্বর আয়াতের বাংলা পাঠ করলেন। শব্দগ
7060,NO,NO,QURAN_MARKER,FLAGGED_UNCLAIMED,"তার পাঠ শেষ হতেই ইমাম সাহেব আরবিতে সেই আয়াতটি তেলাওয়াত করলেন। যেন আকাশ থেকে কোনো পবিত্র ধ্বনি ঝরে পড়ল মাটিতে। পরে আব্বুর কাছ থেকে জানতে পারলাম, তিনি ইমাম সাহেবকে আগে থেকেই অনুরোধ করেছিলেন,"
7062,NO,NO,QURAN_MARKER,FLAGGED_UNCLAIMED,"এই জন্যই ইমাম সাহেব স্পষ্ট স্বরে সূরাটি পাঠ করলেন। এটি সেই মহিমান্বিত আয়াত, যা আহলুল বাইতের পবিত্রতা ও তাদের অনন্য মর্যাদা সম্পর্কে ঘোষণা করে।"
7063,NO,NO,QURAN_MARKER,FLAGGED_UNCLAIMED,"“সেদিন আব্বু বাংলাটা পড়েছিলেন এমনভাবে,” বুরুল্লাহ বলল, মুখ তুলে, “আমি আজও ভুলি নাই।” সে পাতার কালচে কোণে বুড়ো আঙুল রাখল, যেখানে আব্বুর আঙুল পড়ত। “আমি তখন জীবনে প্রথমবারের মতো “আহলুল বাইত” শব্দটি শু"
7065,NO,NO,QURAN_MARKER,FLAGGED_UNCLAIMED,ইমাম সাহেব হাত বাড়ালেন। “আয়াতটা আমি পড়ি?”
7066,NO,NO,QURAN_MARKER,FLAGGED_UNCLAIMED,"বুরুল্লাহ কুরআনটা তাঁর দিকে ঘুরিয়ে দিল। ইমাম সাহেব পড়লেন, স্পষ্ট মাখরাজে, পুরো আয়াত:"
7071,NO,NO,QURAN_MARKER,FLAGGED_UNCLAIMED,"ইমাম সাহেব কুরআন বন্ধ করলেন না, আঙুল দিয়ে আয়াতের শুরুর দিকটা দেখালেন। “বাবারা, আমি একটা কথা বলি, রাগ কইরো না। আয়াতটা শুরু হইছে কাদের দিয়ে? ‘তোমরা নিজ গৃহে অবস্থান করো, সাজসজ্জা দেখায়ো না।’ এইটা র"
7074,NO,NO,QURAN_MARKER,FLAGGED_UNCLAIMED,"“ইমাম সাহেব, আপনি আরবি জানেন, আমার চেয়ে অনেক ভালো,” বুরুল্লাহ বলল। “আয়াতের প্রথম অংশে স্ত্রীদের জন্য ক্রিয়াগুলো কী, একটু দেখবেন? ‘কারনা’, ‘তাবাররাজনা’, ‘আকিমনা’।”"
7082,NO,NO,QURAN_MARKER,FLAGGED_UNCLAIMED,"নবীর স্ত্রী উম্মে সালামা বলেন, “এই আয়াতটি আমার ঘরে নাজিল হয়েছিল যখন ঘরে ফাতিমা, আলী, আল-হাসান এবং আল-হুসাইন ছিলেন। আল্লাহর রসূলﷺ তাঁদের গায়ের উপর একটি কাপড় দিয়ে নিজেও ঢুকে পড়লেন এবং বললেন, হে আল"
7086,YES,NO,SUNNI_BOOK,COVERED,"ইমাম সাহেব অনেকক্ষণ রাকিকার খাতার দিকে তাকিয়ে রইলেন। “এইটা তো তিরমিযিতেও আছে,” তিনি বললেন, প্রায় নিজের মনে। “উমর ইবনে আবি সালামার রেওয়ায়েত।”"
7088,NO,NO,QURAN_MARKER|RASUL_SAID,FLAGGED_UNCLAIMED,"রাসূলুল্লাহ ﷺ-এর পোষ্য উমর ইবনে আবু সালামা (রাদিয়াল্লাহু আনহু) থেকে বর্ণিত। তিনি বলেন, উম্মে সালামা (রাদিয়াল্লাহু আনহা)-এর ঘরে নবী ﷺ-এর ওপর এ আয়াত নাযিল হয় (অনুবাদ): হে নবী-পরিবার! আল্লাহ তো চান ত"
7089,NO,NO,HADITH_WORD,FLAGGED_UNCLAIMED,একই রকম হাদীস হযরত আয়িশা বিনতে আবু বকর হতেও বর্ণিত হয়েছে।
7094,NO,NO,QURAN_MARKER,FLAGGED_UNCLAIMED,"বুরুল্লাহ বলল, “আমি আপনাদের সামনে এমন এক সত্য উন্মোচন করতে চাই, যা হয়তো বহুবার উচ্চারিত হয়েছে, কিন্তু আয়াতের তাফসিরের আলোকে আমরা এখনো গভীরভাবে অনুধাবন করিনি। আমরা সকলেই জানি, মা সাইয়্যিদা ফাতিমাতু"
7096,NO,NO,QURAN_MARKER|HADITH_WORD,FLAGGED_UNCLAIMED,"শামস বলল, “রাকিকা, তোমার প্রশ্ন গুরুত্বপূর্ণ। কিন্তু আমরা যদি কুরআন ও হাদিসের আলোকে দেখি, তবে বুঝতে পারব, মা সাইয়্যিদা ফাতিমাতুয্ যাহরা (আলাইহাস্ সালাম) শুধু নবীর কন্যা নন, তিনি নাবুয়্যাতের শেষ সেতু"
7097,NO,NO,QURAN_MARKER,FLAGGED_UNCLAIMED,"বুরুল্লাহ বলল, “ভাবো তো! নাবুয়্যাত যদি এক দীপ্তিমান সূর্য হয়, তবে ইমামত তার শাশ্বত আলো। কিন্তু এই আলো বহন করার জন্য চাই এক পবিত্র আধার। নাবুয়্যাতের ইলম কোথায় সংরক্ষিত রইল? কুরআন আছে, কিন্তু এর গভী"
7101,NO,NO,HADITH_WORD,FLAGGED_UNCLAIMED,"ফয়সাল বলল, “রাসূলুল্লাহ ﷺ-এর বিখ্যাত হাদিস স্মরণ করো, ‘ফাতিমা আমার অংশ।’” সে একটু থেমে রাকিকার খাতার শেষ লাইনটার দিকে তাকাল, তারপর বলে চলল:"
7104,NO,NO,SUTRA_MARKER|QURAN_MARKER|HADITH_WORD,FLAGGED_UNCLAIMED,"নিঃসন্দেহে আয়াতটিতে মহান আল্লাহ 'ইন্নামা' শব্দটি দ্বারা তাঁর ইচ্ছা ও সংকল্পকে সীমাবদ্ধ করেছেন ও বিশেষ ব্যক্তিদের জন্য এ পবিত্রতাকে নির্দিষ্ট করেছেন। এ থেকে বোঝা যায়, আয়াতটিতে আল্লাহর ইচ্ছা সার্বিক "
7106,NO,NO,QURAN_MARKER,FLAGGED_UNCLAIMED,"ইমাম সাহেব উঠে দাঁড়ালেন। কুরআনটা আবার জায়নামাজের কাপড়ে মুড়ে নিলেন, ধীরে, যত্ন করে।"
7112,NO,NO,QURAN_MARKER,FLAGGED_UNCLAIMED,বুরুল্লাহ কুরআনটা বুকে তুলে নিচ্ছিল। থামল।
7114,NO,NO,SUTRA_MARKER,FLAGGED_UNCLAIMED,সূত্র
7115,YES,NO,CITATION_BULLET|QURAN_MARKER,COVERED,"•  কুরআন ৩৩:৩৩ — api.alquran.cloud-এ মেলানো, CONFIRMED।"
7116,YES,YES,CITATION_BULLET|PAGE_CHECK_MARKER|SUTRA_MARKER|SUNNI_BOOK,COVERED,"•  উম্মে সালামার ঘরে চাদর; «তুমি স্বস্থানে, কল্যাণের মধ্যে» — উমর ইবনে আবি সালামার সূত্রে জামে তিরমিযি — PAGE-CHECK (নম্বর মেলানো বাকি)।"
7117,YES,YES,CITATION_BULLET|PAGE_CHECK_MARKER,COVERED,"•  ইবনে আব্বাস: নয় মাস প্রতি নামাজে আলীর ঘরের দরজায় সালাম — PAGE-CHECK; আনাস, আবু বারযা, আবুল হামরা, আবু সাঈদের অনুরূপ বর্ণনা — PAGE-CHECK।"
7118,YES,NO,CITATION_BULLET|SUNNI_BOOK,COVERED,•  «ফাতিমা আমার অংশ» — বুখারি ৩৭১৪ — CONFIRMED (SECOND_NOTEBOOK/CITATION_RISK)।
7129,YES,NO,QURAN_MARKER,COVERED,"উক্ত ৩৩: ৩৩ আয়াতে আহলুল বাইত শব্দের উদ্দেশ্য হল: রাসূলুল্লাহ ﷺ, ইমাম আলী (আলাইহিস্ সালাম), মা সাইয়্যিদা ফাতিমাতুয্ যাহরা (আলাইহাস্ সালাম), ইমাম হাসান (আলাইহিস্ সালাম) এবং ইমাম হুসাইন (আলাইহিস্ সালাম"
7130,NO,NO,HADITH_WORD,FLAGGED_UNCLAIMED,অনুরূপভাবে রাসূলুল্লাহ ﷺ আবা (চাদর) বেষ্টিত ব্যক্তিদের সম্বন্ধে বর্ণিত হাদীস যা অধিক বার বর্ণিত হয়েছে এবং আহলুস সুন্নাহ ওয়াল জামাআহ-এর গ্রহণযোগ্য হাদীসে তা পাওয়া যায় তাও এই মতের পক্ষে বর্ণিত হয়েছ
7133,NO,NO,QURAN_MARKER,FLAGGED_UNCLAIMED,"হে আল্লাহ! এরাই আমার আহলুল বাইত, এদের কাছ থেকে সকল প্রকার অপবিত্রতা দূর কর। অতঃপর জিবরাঈল (আলাইহিস্ সালাম) প্রেরিত হল ও তাতহিরের আয়াতটি নাযিল হল"
7136,NO,NO,HADITH_WORD,FLAGGED_UNCLAIMED,আরেকটি হাদিসে ঠিক এই ঘটনাটি আয়িশা বিনতে আবু বকর ’র সম্বন্ধে বর্ণিত হয়েছে।
7137,NO,NO,QURAN_MARKER|HADITH_WORD,FLAGGED_UNCLAIMED,"ফলাফল: এ হাদীস মোতাবেক উক্ত আয়াতের আহলুল বাইত হল, ৫ জন যারা সেই আবার ভিতর অবস্থান করেছিল।"
7141,NO,NO,HADITH_WORD,FLAGGED_UNCLAIMED,"এ উদ্দেশ্যে তিনি এতটুকুতেই ক্ষান্ত হননি, বরং চমৎকার এক হাদীসের বর্ণনামতে যা বিভিন্ন হাদীস গ্রন্থে বর্ণিত হয়েছে যেমন শাওয়াহেদুত তানজিলে (আনাস ইবনে মালেকের কাছ থেকে বর্ণিত হয়েছে যিনি রাসূলুল্লাহ ﷺ এর"
7143,YES,NO,QURAN_MARKER,COVERED,"হে আমার আহলুল বাইত, ফজর সালাতের সময় হয়েছে। অতঃপর তাতহিরের আয়াতটি (৩৩: ৩৩) তেলাওয়াত করতেন। এবং এ কাজ প্রায়৬ মাস একাধারে প্রতিদিন পুনরাবৃত্তি করেন।"
7152,YES,NO,RASUL_SAID,COVERED,"আমি বললাম, “তুমি ঠিকই বলেছ। ঐ চাদরের ভিতরেই তোমার নানাজান আছেন। তখন হোসেন ইবনে আলী চাদরের নিকট এগিয়ে যেয়ে বলল, হে আমার নানাজান, আপনার উপর দরুদ ও সালাম। আমি কি আপনার চাদরের নীচে আসতে পারি? রাসূলুল্লা"
7172,NO,NO,QURAN_MARKER,FLAGGED_UNCLAIMED,“হে আল্লাহ আমরা সর্বদাই তোমার হেদায়াত ও পথ প্রদর্শনের মুখাপেক্ষী আমাদেরকে একটি মুহূর্তের জন্যও তোমার হেদায়াত থেকে বঞ্চিত করোনা। হে পরওয়ারদিগার আমাদেরকে পবিত্র কোরআনের আয়াতের ক্ষেত্রে পূর্ব সিদ্ধান
7180,NO,NO,SUTRA_MARKER,FLAGGED_UNCLAIMED,সূত্র
7181,YES,YES,CITATION_BULLET|PAGE_CHECK_MARKER|SUTRA_MARKER|SUNNI_BOOK,COVERED,"•  কিসার সংক্ষিপ্ত রূপ (উম্মে সালামা ও আয়িশার সূত্রে) — সহীহ মুসলিম ২৪২৪ — CONFIRMED (SECOND_NOTEBOOK/CITATION_RISK; D-017); তিরমিযি, মুস্তাদরাক, বায়হাকী, দুররে মানসুর, শাওয়াহিদুত তানযীল, মুসনাদে আ"
7182,YES,YES,CITATION_BULLET|PAGE_CHECK_MARKER,COVERED,"•  আনাস: ফজরের আগে আলী ও ফাতিমার দরজায় «আস-সালাত, ইয়া আহলাল বাইত» — শাওয়াহিদুত তানযীল — PAGE-CHECK।"
7183,YES,YES,CITATION_BULLET|PAGE_CHECK_MARKER|SUTRA_MARKER|HADITH_WORD,COVERED,•  জাবিরের সূত্রে মা সাইয়্যিদার জবানিতে হাদিসে কিসা (দীর্ঘ রূপ) — আওয়ালিমুল উলুম / মাফাতিহুল জিনান-এ সংকলিত — PAGE-CHECK।
7184,YES,YES,CITATION_BULLET|PAGE_CHECK_MARKER|BARNITA_MARKER|SUNNI_BOOK,COVERED,"•  আবু যারের কাবার দরজায় বাণী: «আমার আহলুল বাইত নূহের কিস্তির মতো» — বর্ণিত আছে, PAGE-CHECK (মুস্তাদরাক হাকিম)।"
7194,NO,NO,QURAN_MARKER,FLAGGED_UNCLAIMED,"রাকিকা, শামস, ফয়সাল, বুরুল্লাহ আর রাহাত গোল হয়ে বসল। কাকা বসলেন চাচার মুখোমুখি। বুরুল্লাহ রেহাল থেকে কুরআন নিয়ে সূরা বায়্যিনার পাঁচ নম্বর আয়াত খুলে চাচার দিকে এগিয়ে দিল। চাচা পড়লেন:"
7198,NO,NO,QURAN_MARKER,FLAGGED_UNCLAIMED,"ইমাম বাকির (আলাইহিস্ সালাম) থেকে একটি বর্ণনায় তিনি উপরোক্ত আয়াতটির ব্যাখ্যা করেছেন এভাবে— “এখানে ‘একনিষ্ঠ’ বলতে আল্লাহ, তাঁর রাসূলুল্লাহ ﷺ এবং পবিত্র ইমামদের (আলাইহিস্ সালাম) প্রতি বিশ্বাসকে বোঝায়।"
7199,NO,NO,QURAN_MARKER,FLAGGED_UNCLAIMED,এই আয়াতে ‘সালাত’ (নামাজ) বলতে আমিরুল মুমিনীন আলী (আলাইহিস্ সালাম)-কে এবং ‘সঠিক দীন’ বলতে মা সাইয়্যিদা ফাতিমাতুয্ যাহরা (আলাইহাস্ সালাম)-কে বোঝানো হয়েছে।”
7201,NO,NO,QURAN_MARKER,FLAGGED_UNCLAIMED,"“এইটা ইমাম বাকির (আলাইহিস্ সালাম)-এর বর্ণনা, সায়েম ভাই। মানলে মানবেন, না মানলে আমি জোর করব না।” চাচা কুরআন বন্ধ করলেন। “তার আগে আপনার কাছে একটা জিনিস জানতে চাই। ইসলামের মূল ভিত্তি কী কী?”"
7217,NO,NO,QURAN_MARKER,FLAGGED_UNCLAIMED,“রাতে তো খাওয়ার কথা কুরআনেই আছে।”
7228,NO,NO,QURAN_MARKER,FLAGGED_UNCLAIMED,"“জি ইমামত বাদে বাকী চারটি আপনাদের ইমানের অংশ কিন্তু ইসলামের খুটি নয়। যা আপনাদের সংশোধন করা উচিত বলে আমি মনে করি! আর ‘ইমামত’ শব্দটি রয়েছে সূরা বনী ইসরাইলের ৭১ নং আয়াত থেকে,” চাচা বললেন। তারপর রাহাতে"
7229,NO,NO,QURAN_MARKER,FLAGGED_UNCLAIMED,"রাহাত কুরআন খুঁজে পড়ল, আঙুল কাঁপছিল একটু:"
7232,NO,NO,QURAN_MARKER,FLAGGED_UNCLAIMED,“প্রত্যেক দলকে তাদের ইমামসহ।” কাকার ঠোঁট নড়ল। কুরআনটা রাহাতের হাত থেকে নিজের হাতে নিলেন। আয়াতটার দিকে তাকিয়ে রইলেন অনেকক্ষণ। “আমাকে কোন ইমামের সাথে ডাকবে?”
7234,YES,NO,SUNNI_BOOK|HADITH_WORD,COVERED,"বুরুল্লাহ আস্তে বলল, “মা সাইয়্যিদা ফাতিমাতুয্ যাহরা (আলাইহাস্ সালাম) হলেন এই উসুলে দ্বীনের নাবুয়্যাত ও ইমামতের মধ্যেকার সবচেয়ে উত্তম যোগসুত্র বা সেতু বন্ধন। তিনি হলেন রাসূলুল্লাহ ﷺ-এর কন্যা, প্রথম "
7247,NO,NO,QURAN_MARKER,FLAGGED_UNCLAIMED,সম্মুখে তুলে ধর- দেহের হরফগুলির সূরাত
7248,NO,NO,QURAN_MARKER,FLAGGED_UNCLAIMED,জীবন্ত কুরআন মূলেত তুমিই করিও শাফা’আত
7293,NO,NO,SUTRA_MARKER,FLAGGED_UNCLAIMED,সূত্র
7294,YES,NO,CITATION_BULLET|QURAN_MARKER,COVERED,"•  কুরআন ৯৮:৫, ১৭:৭১ — api.alquran.cloud-এ মেলানো, CONFIRMED।"
7295,YES,YES,CITATION_BULLET|PAGE_CHECK_MARKER|BARNITA_MARKER|QURAN_MARKER|SHIA_BOOK,COVERED,"•  ৯৮:৫-এর ব্যাখ্যায় ইমাম বাকির (আ.): নামাজ = আমিরুল মুমিনীন, দ্বীনুল কাইয়্যিমা = মা সাইয়্যিদা — বর্ণিত আছে, PAGE-CHECK (তাফসীরে কুম্মী/তাবিলুল আয়াত)।"
7296,YES,NO,CITATION_BULLET|HADITH_WORD,COVERED,"•  উসুলে দ্বীন (তাওহিদ, আদল, নাবুয়্যাত, ইমামত, কিয়ামত) — শিয়া আকিদার প্রচলিত বিভাজন; কোনো হাদিস-দাবি নেই।"
7312,NO,NO,HADITH_WORD,FLAGGED_UNCLAIMED,"“আপনাকে ৪০ দিন সময় দেওয়া হলো। পবিত্র কোরআনের তাফসীর ও হাদিস থেকে রাসূলুল্লাহ ﷺ, আলী (আলাইহিস্ সালাম) এবং মা সাইয়্যিদা ফাতিমাতুয্ যাহরা (আলাইহাস্ সালাম)-এর নাম কোথায় কোথায় আছে, তা দলিলসহ উপস্থাপন "
7317,YES,NO,SUNNI_BOOK|HADITH_WORD,COVERED,"এরপর, বাড়ি ফেরার পথে আব্বুর মুখাবয়বে গভীর চিন্তার ছাপ পড়ল। তিনি কোরআনের কয়েকটি বাংলা অনুবাদ এবং বুখারির (এমদাদিয়ার) সাতটি খণ্ডসহ অন্যান্য হাদিসের বই সংগ্রহ করলেন। আমি পাশে ছিলাম, যেন তার সহযোগী হ"
7318,YES,NO,SUNNI_BOOK,COVERED,“বই জোগাড় করলেন কোথা থেকে?” কাকার প্রশ্ন। “বুখারির সাত খণ্ড তো অনেক দামের।”
7328,NO,NO,HADITH_WORD,FLAGGED_UNCLAIMED,"তিনি নাওয়া-খাওয়া ভুলে পবিত্র কোরআন এবং হাদিসের গভীরে ডুব দিলেন। রাসূলুল্লাহ ﷺ, আলী (আলাইহিস্ সালাম) এবং মা সাইয়্যিদা ফাতিমাতুয্ যাহরা (আলাইহাস্ সালাম)-এর নাম ও গুরুত্ব সম্পর্কিত দলিল-প্রমাণ খুঁজতে "
7330,NO,NO,QURAN_MARKER,FLAGGED_UNCLAIMED,"রাহাত আমার দিকে তাকাল। আমরা দুজনেই জানি কোন কুরআনের কথা হচ্ছে। সেই ছেঁড়া মলাটের, লাল কালির দাগের।"
7344,NO,NO,SUTRA_MARKER,FLAGGED_UNCLAIMED,সূত্র
7345,YES,NO,CITATION_BULLET|QURAN_MARKER|HADITH_WORD,COVERED,•  এই অধ্যায়ে কোনো আয়াত বা হাদিস উদ্ধৃত নেই।
7422,NO,NO,SUTRA_MARKER,FLAGGED_UNCLAIMED,সূত্র
7423,YES,YES,CITATION_BULLET|PAGE_CHECK_MARKER|BARNITA_MARKER,COVERED,"•  আমিরুল মুমিনীন (আ.): «لَا خَیْرَ فِی مَنْ لَا یَتَحَبَّبُ وَ لَا یَتَبَغَّضُ» — বর্ণিত আছে, PAGE-CHECK (গুরারুল হিকাম?)।"
7424,YES,YES,CITATION_BULLET|PAGE_CHECK_MARKER,COVERED,"•  «আমি এমন আল্লাহর ইবাদত করি না যাঁকে দেখি না» — নাহজুল বালাগা, খুতবা ১৭৯ (জি'লিব আল-ইয়ামানির প্রশ্ন) — PAGE-CHECK (অধ্যায় ৯-এ বিস্তারিত)।"
7425,YES,NO,CITATION_BULLET|HADITH_WORD,COVERED,"•  ইবনে সিনা ও ছাত্রের আজান-গল্প; উরফীর কবিতা — প্রচলিত গল্প/কবিতা, কোনো হাদিস-দাবি নেই।"
7430,NO,NO,QURAN_MARKER,FLAGGED_UNCLAIMED,"রাহাত প্রথম কাতারেই বসে রইল। আমি পেছনের খুঁটির কাছে, কুরআন খুলে। চাচা বলেছিলেন «একা», কিন্তু ফজরে আমাকে দেখে কিছু বলেননি, শুধু একবার মাথা ঝুঁকিয়েছিলেন। আমি বুঝলাম, দূরে থাকতে হবে।"
7433,YES,NO,,COVERED,"তিনি জায়নামাজটা তাকে রাখলেন, আর তাক থেকে নামালেন একটি পুরোনো বাংলা নাহজুল বালাগা, মলাটে সোনালি অক্ষর মুছে গেছে। রাহাতের পাশে বসে খুললেন। অধ্যায়ের শুরুতে অনুবাদকের কয়েকটি লাইন; চাচা সেখান থেকেই পড়ত"
7495,NO,NO,SUTRA_MARKER,FLAGGED_UNCLAIMED,সূত্র
7496,YES,YES,CITATION_BULLET|PAGE_CHECK_MARKER,COVERED,"•  «যাঁকে দেখিনি, তাঁর ইবাদত করি না… চোখ নয়, অন্তর ঈমানের বাস্তবতায় তাঁকে দেখে» — নাহজুল বালাগা, খুতবা ১৭৯ (যি’লিব আল-ইয়ামানির প্রশ্ন) — PAGE-CHECK (সংস্করণভেদে নম্বর)।"
7497,YES,YES,CITATION_BULLET|PAGE_CHECK_MARKER|BARNITA_MARKER,COVERED,"•  «সাত আসমানের আড়ালে লুক্কায়িত» শপথকারীকে তিরস্কার — বর্ণিত আছে, PAGE-CHECK।"
7498,YES,YES,CITATION_BULLET|PAGE_CHECK_MARKER|BARNITA_MARKER|SHIA_BOOK,COVERED,"•  ইহুদি আলেমের প্রশ্ন «আল্লাহ কখন থেকে আছেন?» — বর্ণিত আছে (আল-কাফি, কিতাবুত তাওহিদ?) — PAGE-CHECK।"
7516,NO,NO,QURAN_MARKER,FLAGGED_UNCLAIMED,"শামস ব্যাগ থেকে একটি ছোট কুরআন বের করল, প্লাস্টিকের মলাট। সূরা বাকারার একটি আয়াত খুঁজে রাহাতের দিকে এগিয়ে দিল। রাহাত পড়ল:"
7519,NO,NO,QURAN_MARKER,FLAGGED_UNCLAIMED,শামস কুরআনটা বন্ধ করে কপালে ছোঁয়াল। “আল্লাহ আমাদেরও সেই সাহস ও ঈমানের শিক্ষা দান করুন!”
7526,NO,NO,QURAN_MARKER,FLAGGED_UNCLAIMED,"সিহনান নামক স্থানে পৌঁছে তাঁরা এক দিন এক রাত অবস্থান করেন। এ চারজনই সমগ্র যাত্রাপথে উঠতে, বসতে, শয়ন করতে আল্লাহর যিক্র-এ অতিবাহিত করেন। তাঁরা যে স্থানেই পৌঁছতেন এ অবস্থায় কাটাতেন। যতদিন তাঁরা জীবিত "
7533,NO,NO,QURAN_MARKER,FLAGGED_UNCLAIMED,"“রাসূলুল্লাহ ﷺ বলেছিলেন,” শামস বলল, “হে আলী, তোমার জন্য এই আয়াত নাজিল হয়েছে:” সে প্লাস্টিক-মলাটের কুরআনটা আবার খুলল, সূরা আলে ইমরানের শেষ দিকের পাতায়, আঙুল রাখল। আমি পড়লাম:"
7537,NO,NO,QURAN_MARKER,FLAGGED_UNCLAIMED,"আমি জিজ্ঞেস করলাম, “আয়াতটির বাকী অংশ: ‘তোমাদের একজন অপরজন থেকে’ বলতে কাদেরকে বোঝানো হয়েছে?”"
7539,NO,NO,QURAN_MARKER,FLAGGED_UNCLAIMED,শামসের আঙুল তিন আয়াত নিচে নামল। রাহাত ঝুঁকে পড়ে পড়ল। সত্যিই তাই আল্লাহ তায়ালা বলেন:
7541,NO,NO,QURAN_MARKER,FLAGGED_UNCLAIMED,“এ আয়াতটি কাদের জন্য নাযিল হয়েছে?” আমি জিজ্ঞেস করলাম।
7542,NO,NO,QURAN_MARKER,FLAGGED_UNCLAIMED,"শামস বলল, “রাসূলুল্লাহ ﷺ এই আয়াত সম্পর্কে বলেছিলেন,”"
7552,NO,NO,SUTRA_MARKER,FLAGGED_UNCLAIMED,সূত্র
7553,YES,NO,CITATION_BULLET|QURAN_MARKER,COVERED,"•  কুরআন ২:২০৭, ৩:১৯৫, ৩:১৯৮ — api.alquran.cloud-এ মেলানো, CONFIRMED।"
7554,YES,YES,CITATION_BULLET|PAGE_CHECK_MARKER,COVERED,"•  লাইলাতুল মাবিত — ইবনে হিশাম, আস-সিরাতুন নাবাবিয়্যা, ১ম খণ্ড (খাতার উল্লেখ) — PAGE-CHECK।"
7555,YES,YES,CITATION_BULLET|PAGE_CHECK_MARKER|SHIA_BOOK,COVERED,"•  কুরাইশদের ভুলের কারণ «একই নূর» — বিহারুল আনওয়ার, ৫ম খণ্ড (খাতার উল্লেখ) — PAGE-CHECK।"
7556,YES,YES,CITATION_BULLET|PAGE_CHECK_MARKER|BARNITA_MARKER,COVERED,"•  ৩:১৯৫ «পুরুষটি তুমি, হে আলী; নারীটি ফাতিমা»; ৩:১৯৮ «হে আলী, তুমিই সেই পুরস্কার» — বর্ণিত আছে, PAGE-CHECK।"
7579,NO,NO,RASUL_SAID,FLAGGED_UNCLAIMED,"শুধু রাসূলুল্লাহ ﷺ, আলী, ফাতেমা, হাসান, হুসাইন সহ বাকী ৯ জন ইমামকে (আলাইহিস্ সালাম) শুধু স্বপ্নে দেখলেই হবে না। স্বপ্নে তিনি যা বলেন, তা অবশ্য পালনিয় কর্ম।’ অর্থাৎ তাঁদের জিহ্বা থেকে যে কথা গুলো আমাদ"
7583,NO,NO,QURAN_MARKER,FLAGGED_UNCLAIMED,"“অর্থাৎ তাকে দেখা সত্ত্বেও তারা জাহান্নামী শুধুমাত্র তাদের কর্মের কারণে। জি অবশ্যই রাসূলুল্লাহ ﷺ কে দেখতে পাওয়া ফজিলতের বিষয়, এতে কোনো সন্দেহ নেই। তবে কেউ তাকে দেখলেই যে জান্নাতী হয়ে যাবে একথার কোন"
7586,NO,NO,QURAN_MARKER,FLAGGED_UNCLAIMED,"শামস তাক থেকে একটি মোটা খাতা নামাল, তার ইতিহাসের নোট। পাতা উল্টে পড়ল, প্রথমে আয়াতটা:"
7589,NO,NO,QURAN_MARKER,FLAGGED_UNCLAIMED,"তিনি যদিও তাকে নিজের জামা দিয়েছিলেন, কিন্তু যখন জানাযার সালাত পড়ানোর জন্য দাঁড়ালেন তখন জিবরীল (আলাইহিস্ সালাম) আয়াতটি নিয়ে আসলেন এবং তিনি তাঁর জামার কোণা ধরে পিছনে টেনে নিলেন এবং সালাত পড়তে দিলে"
7596,NO,NO,QURAN_MARKER,FLAGGED_UNCLAIMED,"রাস্তায় নেমে রাহাত অনেকক্ষণ চুপ করে হাঁটল। তারপর বলল, “সাদিক ভাই, খালাম্মা বললেন, সাদা পোশাকের একজন মানুষ। হাসিমুখ। আমরা রাসূলুল্লাহ ﷺ-কে এমন করে ভাবি, ঠিক আছে। কিন্তু আমাদের মসজিদের হুজুর একদিন বলছি"
7598,NO,NO,SUTRA_MARKER,FLAGGED_UNCLAIMED,সূত্র
7599,YES,NO,CITATION_BULLET|QURAN_MARKER,COVERED,"•  কুরআন ৯:৮৪ — api.alquran.cloud-এ মেলানো, CONFIRMED।"
7600,YES,YES,CITATION_BULLET|PAGE_CHECK_MARKER|BARNITA_MARKER|SUNNI_BOOK,COVERED,"•  «যে স্বপ্নে আমাকে দেখল, সে সত্যিই আমাকে দেখল» — বর্ণিত আছে, PAGE-CHECK (বুখারি/মুসলিম; নম্বর মেলানো বাকি)।"
7601,YES,YES,CITATION_BULLET|PAGE_CHECK_MARKER|SUNNI_BOOK,COVERED,"•  আবদুল্লাহ ইবনে উবাইকে জামা দান ও জানাজা — সহীহ বুখারি, কিতাবুল জানাইয (খাতার উল্লেখ ১৩৫০) — PAGE-CHECK; «এক হাজার খাযরাজি» — PAGE-CHECK।"
7602,YES,YES,CITATION_BULLET|PAGE_CHECK_MARKER,COVERED,"•  রাসূলুল্লাহ ﷺ-কে হত্যার জন্য গোত্রগুলোর একত্র হওয়া — ইবনে হিশাম, আস-সিরাতুন নাবাবিয়্যা (খাতার উল্লেখ) — PAGE-CHECK।"
7609,NO,NO,QURAN_MARKER,FLAGGED_UNCLAIMED,"“বলছিলেন, আল্লাহর হাত আছে, চেহারা আছে। কুরআনেই আছে। ‘আমি নিজ হাতে সৃষ্টি করেছি।’”"
7610,NO,NO,QURAN_MARKER,FLAGGED_UNCLAIMED,চাচা মাথা ঝোঁকালেন। “আয়াত ঠিক। প্রশ্ন হলো মানে। এই প্রশ্ন ইমাম জাফর সাদিক (আলাইহিস্ সালাম)-কেও একজন করছিলেন। ইউনুস ইবনে যিবইয়ান। শুনো।”
7613,NO,NO,QURAN_MARKER,FLAGGED_UNCLAIMED,"ইউনুস বললেন, হে রাসূলুল্লাহ ﷺ-এর পুত্র! আমি মালিক ও তার অনুসারীদের সাথে সাক্ষাৎ করেছি। তাদের মধ্যে কেউ বলছিল—‘আল্লাহর (عَزَّوَجَلَّ) চেহারা মানুষের মতো, ’ আর কেউ বলছিল—‘আল্লাহর হাত রয়েছে।’ কেউ বলল, ‘"
7621,NO,NO,HADITH_WORD,FLAGGED_UNCLAIMED,"রাকিকা বুরুল্লাহর দিকে তাকাল। বুরুল্লাহ টর্চটা এক হাত থেকে অন্য হাতে নিল, আলো পাতা থেকে নড়ল না। “একদম ঠিক তাই! তো হাদিসটির বাকী অংশ শোন,” সে রাকিকাকে বলল। চাচা পড়ে চললেন।"
7624,NO,NO,QURAN_MARKER,FLAGGED_UNCLAIMED,"ইমাম বললেন, আল্লাহর চেহারা বলতে বোঝানো হয়েছে তাঁর রাসূলুল্লাহ ﷺ এবং তাঁর নির্ধারিত প্রতিনিধিরা। আর যে আয়াতে বলা হয়েছে—"
7638,NO,NO,SUTRA_MARKER,FLAGGED_UNCLAIMED,"ইমাম বললেন, এই জ্ঞান কেবল বারোজন ইমাম উত্তরাধিকারসূত্রে লাভ করেন।"
7646,NO,NO,HADITH_WORD,FLAGGED_UNCLAIMED,"ইমাম মৃদু হেসে বললেন, হে ইউনুস! প্রতিটি মানুষ তার সাধ্যের পরিমাণ অনুযায়ী জ্ঞান গ্রহণ করে। প্রতিটি সময়ের জন্য একটি নির্দিষ্ট হাদিস রয়েছে।"
7650,NO,NO,HADITH_WORD,FLAGGED_UNCLAIMED,"রাহাত অনেকক্ষণ কিছু বলল না। তারপর আস্তে, প্রায় নিজের মনে: “চাচা, আমরাও কি উপযুক্ত হয়েছি যে আপনি এত সুন্দর একটি হাদিস বললেন?”"
7658,NO,NO,SUTRA_MARKER,FLAGGED_UNCLAIMED,সূত্র
7659,YES,NO,CITATION_BULLET|QURAN_MARKER,COVERED,"•  কুরআন ৩৮:৭৫, ৮:৬২ — api.alquran.cloud-এ মেলানো, CONFIRMED।"
7660,YES,YES,CITATION_BULLET|PAGE_CHECK_MARKER|SHIA_BOOK|HADITH_WORD,COVERED,"•  ইউনুস ইবনে যিবইয়ানের রেওয়ায়েত (আল্লাহর ‘চেহারা’ ও ‘হাত’; বারো ইমাম; «প্রতিটি সময়ের জন্য একটি হাদিস») — শাইখ সাদুক, কামালুদ্দীন ওয়া তামামুন নি'মা; খাযযায কুম্মী, কিফায়াতুল আসার (খাতার উল্লেখ) "
7722,NO,NO,QURAN_MARKER,FLAGGED_UNCLAIMED,ফোনে সূরা আলে ইমরান
7724,NO,NO,QURAN_MARKER,FLAGGED_UNCLAIMED,"বুরুল্লাহ এক মুহূর্ত চুপ থাকল। তারপর বলল, “তোর ফোনে কুরআন আছে না? আলে ইমরান খোল। একত্রিশ।”"
7737,NO,NO,QURAN_MARKER,FLAGGED_UNCLAIMED,"“সূরা শূরা খোল,” বুরুল্লাহ বলল। “তেইশ।”"
7759,YES,NO,RASUL_SAID,COVERED,"ইমাম আলী (আলাইহিস্ সালাম) — জ্ঞানের দরজা—রাসূলুল্লাহ ﷺ বলেছেন: ""আমি জ্ঞানের শহর, আর আলী তার দরজা।” এই দরজা এড়িয়ে কেউ নবীর শহরে প্রবেশ করতে পারে না।"
7766,YES,NO,RASUL_SAID,COVERED,"ফয়সাল এতক্ষণে নড়েচড়ে বসল। “বুরুল্লাহ ভাই, একটা কথা আমি শুনেছি, কোথায় শুনেছি মনে নেই। আল্লাহ যেন বলেছেন, আমাকে ভালোবাসো, তার আগে আমার রাসূলকে ভালোবাসো।”"
7768,YES,YES,BARNITA_MARKER|RASUL_SAID,COVERED,"“বর্ণিত আছে, আল্লাহ বলেছেন— আমাকে ভালোবাসো, তার আগে আমার রাসূলকে ভালোবাসো, আর রাসূলকে ভালোবাসো, তার আগে আমার ওলিকে ভালোবাসো।”"
7780,YES,NO,RASUL_SAID,COVERED,"“আল্লাহ যাকে চান, তাকে হেদায়াত দেন।” তিনি একমাত্র মালিক—এই আলো তাঁরই। কিন্তু তিনি নিজেই বলেছেন: “তোমরা যদি আমাকে ভালোবাসো, তবে রাসূলের অনুসরণ করো।” অর্থাৎ, হেদায়াতের দরজা তিনি খুলেছেন তাঁর প্রিয়তমে"
7809,NO,NO,SUTRA_MARKER,FLAGGED_UNCLAIMED,সূত্র
7810,YES,NO,CITATION_BULLET,COVERED,"•  রাজার গল্প, সারণি, মইয়ের ধাপ ও «হেদায়াত কাকে বলে» লেখকের নিজের খাতা থেকে; গল্পটি রূপক।"
7811,YES,NO,CITATION_BULLET|QURAN_MARKER,COVERED,"•  কুরআন ৩:৩১–৩২ — api.alquran.cloud-এ মেলানো, CONFIRMED।"
7812,YES,YES,CITATION_BULLET|PAGE_CHECK_MARKER|SUNNI_BOOK|HADITH_WORD,COVERED,"•  সাকালাইনের হাদীস: «কিতাবুল্লাহ ও আহলুল বাইত» সহীহ মুসলিম ২৪০৮ (শব্দ «أهل بيتي»; CONFIRMED, সংস্করণ-পাঠ); «যদি আঁকড়ে ধরো, কখনো বিভ্রান্ত হবে না» অংশটি জামে তিরমিযি ৩৭৮৬ («كتاب الله وعترتي أهل بيتي»"
7813,YES,YES,CITATION_BULLET|PAGE_CHECK_MARKER|BARNITA_MARKER,COVERED,"•  «আমি জ্ঞানের শহর, আলী তার দরজা» — বর্ণিত আছে; PAGE-CHECK (কিতাব-খণ্ড-পৃষ্ঠা লাগবে)।"
7814,YES,YES,CITATION_BULLET|PAGE_CHECK_MARKER|BARNITA_MARKER|HADITH_WORD,COVERED,"•  কিশতীর হাদীস («যে চড়বে, সে নাজাত পাবে») — বর্ণিত আছে; PAGE-CHECK।"
7815,YES,NO,CITATION_BULLET|QURAN_MARKER,COVERED,"•  «আল্লাহ যাকে চান, তাকে হেদায়াত দেন» — কুরআন ২৮:৫৬-এর ভাব; «যে ফেরে তাঁর দিকে, তাকে হেদায়াত দেন» — ১৩:২৭-এর ভাব; দুটোই api.alquran.cloud-এ মেলানো, CONFIRMED।"
7816,YES,YES,CITATION_BULLET|PAGE_CHECK_MARKER|BARNITA_MARKER,COVERED,"•  «আমাকে ভালোবাসো, তার আগে আমার রাসূলকে… ওলিকে» — বর্ণিত আছে; উৎস পাওয়া যায়নি, PAGE-CHECK।"
7817,YES,YES,CITATION_BULLET|PAGE_CHECK_MARKER|QURAN_MARKER,COVERED,•  কুরআন ৪২:২৩ (REV1-এ যোগ) — PAGE-CHECK: api.alquran.cloud-এ বাংলা পাঠ মেলাতে হবে।
7818,YES,NO,CITATION_BULLET|QURAN_MARKER,COVERED,"•  ইবলিসের «আমি আগুন থেকে» — কুরআন ৩৮:৭৬-এর ভাব (CONFIRMED); «আদম আমার ওসীলা» বুরুল্লাহর ব্যাখ্যা, আয়াত নয়।"
7855,NO,NO,QURAN_MARKER,FLAGGED_UNCLAIMED,"রাহাত ফোন বের করল। “একটা আয়াত আছে না? অন্ধ আর যে দেখে, সমান না।”"
7857,NO,NO,QURAN_MARKER,FLAGGED_UNCLAIMED,"সে খুঁজল। কয়েকটা আয়াতে থেমে আবার এগোল। তারপর সূরা আনআমের পঞ্চাশ নম্বরে এসে থামল, শেষ দিকটা জোরে পড়ল।"
7865,NO,NO,QURAN_MARKER,FLAGGED_UNCLAIMED,"মিটমিটে আলোয় আমার কোলের খাতার মলাটটা একবার দেখা গেল, একবার গেল না। খাতায় এই রকম একটি মেঘলা রাতের কথাই লেখা আছে। পুরোনো সেই লাইব্রেরির ছাদ, একের পর এক মেঘ, চাঁদ ঢাকা। আমি ফোনে সূরা নূর খুললাম। চল্লিশ"
7870,NO,NO,QURAN_MARKER,FLAGGED_UNCLAIMED,"“এই আয়াতে একের পর এক ‘অন্ধকার’ কথাটি এসেছে,” আমি বললাম। “এটা কি শুধু দৃষ্টিহীনতার কথা, নাকি এর গভীরতর কোনো বার্তা আছে?”"
7871,YES,YES,BARNITA_MARKER|QURAN_MARKER,COVERED,"বুরুল্লাহ সোজা হয়ে বসল। হাত বাড়িয়ে আমার খাতাটা নিল; এই আয়াতের নিচে আমি একটি বর্ণনা টুকে রেখেছিলাম, সে জানত। মোবাইলের আলো পাতায় ফেলে পড়ল, “এই আয়াতের তাফসিরে ইমাম সাদিক (আলাইহিস্ সালাম) বলেছেন বল"
7884,YES,NO,,COVERED,"বুরুল্লাহর ঠোঁটের কোণ উঠে গেল। “নিচে আব্বুর তাকে নাহজুল বালাগা আছে। সবুজ মলাট, তিন নম্বর তাকে। নিয়ে এসো। খুতবা খুঁজে বের করো, আমি দেখিয়ে দেব।”"
7940,YES,NO,,COVERED,তাকাভি নাহজুল বালাগাটা বন্ধ করে বুকে চেপে রাখল। “সেই আলো আমাদের হৃদয়ে প্রবেশ করুক। আজ রাত যেন তার শুরু হোক।”
7956,NO,NO,SUTRA_MARKER,FLAGGED_UNCLAIMED,সূত্র
7957,YES,NO,CITATION_BULLET,COVERED,"•  লবণের বাটির গল্প, «অন্ধত্ব শুধু চোখের নয়» ও কুফার খুতবার বর্ণনা লেখকের নিজের খাতা থেকে।"
7958,YES,NO,CITATION_BULLET|QURAN_MARKER,COVERED,"•  কুরআন ৬:৫০ (শেষাংশ) ও ২৪:৪০ — api.alquran.cloud-এ মেলানো, CONFIRMED। ২৪:৪০-এর অনুবাদ খাতার নিজের অনুবাদ।"
7959,YES,YES,CITATION_BULLET|PAGE_CHECK_MARKER|BARNITA_MARKER,COVERED,"•  ২৪:৪০-এর তাফসিরে ইমাম জাফর আস-সাদিক (আলাইহিস্ সালাম)-এর ব্যাখ্যা — বর্ণিত আছে; PAGE-CHECK (তাফসিরে কুম্মি বলে অনুমান, খোলা হয়নি)।"
7960,YES,YES,CITATION_BULLET|PAGE_CHECK_MARKER,COVERED,"•  «ফিতনা শুরু হয় খেয়াল-খুশির অনুসরণ ও নতুন বিধান উদ্ভাবনে… মিশ্রিত সত্য-মিথ্যায় শয়তান বেঁধে ফেলে» — আমিরুল মুমিনিন (আলাইহিস্ সালাম)-এর বাণী, নাহজুল বালাগা খুতবা ৫০-এর ভাব; PAGE-CHECK।"
7961,YES,YES,CITATION_BULLET|PAGE_CHECK_MARKER,COVERED,"•  নাহরাওয়ানের পর «আমি ফিতনার চোখ অন্ধ করেছি… আহলুল বাইতের দিকে তাকিয়ে থাকো… তাদের আগে এগিয়ো না» — নাহজুল বালাগা খুতবা ৯৩-এর অংশবিশেষের ভাব; খাতার বর্ণনা নাটকীয় পুনর্কথন, PAGE-CHECK (খুতবা নম্বর স"
7967,NO,NO,QURAN_MARKER,FLAGGED_UNCLAIMED,"জারিয়া টেবিলের এক পাশে দাঁড়িয়ে, দুই হাত পেছনে বাঁধা, ছুরিটা ধরছে না। ফয়সালের ছোট বোন সে, পাড়ার ছোটদের বিকেলে কুরআন পড়ায়, রাতে একটি করে আয়াতের অর্থ পড়ে ভাইকে শোনায়। আজ তার জন্মদিন, অথচ মুখ গম"
7983,NO,NO,SUTRA_MARKER,FLAGGED_UNCLAIMED,"বুরুল্লাহ আমার দিকে তাকাল। আমি খাতাটা ব্যাগ থেকে বের করলাম। কিন্তু খাতাটা আমার হাত থেকে নিল তাকাভি। চশমা ঠিক করে বলল, “আমি পড়ি। নাম আর সূত্রগুলো আমি জোরে পড়তে চাই।”"
7990,NO,NO,SUTRA_MARKER,FLAGGED_UNCLAIMED,"ইবনে আল ওয়ালিদ, আল সাফফার-এর সূত্রে, ইবনে ইয়াজিদ থেকে, হাম্মাদ থেকে, হারেয়য থেকে, বর্ণিত: তিনি (আলাইহিস্ সালাম) বলেছেন— ""প্রত্যেক নতুন উদ্ভাবন (বিদআত) পথভ্রষ্টতা, আর প্রত্যেক পথভ্রষ্টতার পরিণাম জাহ"
7991,YES,NO,RASUL_SAID,COVERED,"ইয়াকুব ইবনে ইয়াজিদ, সাধারণ মুসলমানদের মাধ্যমে বর্ণিত: রাসূলুল্লাহ ﷺ বলেছেন— ""আল্লাহ বিদআতির তওবা গ্রহণ করতে অস্বীকার করেন।” লোকেরা বলল, ""হে রাসূলুল্লাহ, কেন?” তিনি বললেন— ""তার হৃদয় বিদআতের প্রতি আস"
7993,NO,NO,SUTRA_MARKER,FLAGGED_UNCLAIMED,"মুহাম্মদ বিন জামহুর-এর সূত্রে, তিনি (আলাইহিস্ সালাম) বলেছেন— ""যদি কেউ কোনো বিদআতের মুখোমুখি হয় এবং সেটিকে প্রশংসা করে বা সমর্থন করে, তবে সে মূলত ইসলামের ধ্বংস সাধনে সহায়তা করেছে।”"
8000,YES,YES,BARNITA_MARKER,COVERED,"“বর্ণিত আছে, একবার অতীতের যুগে এক ব্যক্তি হালাল উপায়ে দুনিয়া অর্জনের চেষ্টা করল, কিন্তু তাতে সফল হতে পারল না। সে হারাম উপায়েও চেষ্টা করল, কিন্তু তাতেও সফল হলো না।"
8019,YES,YES,BARNITA_MARKER,COVERED,"“বর্ণিত আছে, ইমাম আল-রেযা (আলাইহিস্ সালাম)-এর সেবা করতেন এমন একজন বর্ণনা করেছেন, ইমাম বলেছেন— ‘একজন মুমিন কখনোই পরিপূর্ণ মুমিন হতে পারে না, যতক্ষণ না তার মধ্যে তিনটি গুণাবলি থাকে— তার প্রতিপালকের (আল্"
8028,NO,NO,QURAN_MARKER,FLAGGED_UNCLAIMED,আমি খাতাটা জারিয়ার দিকে ঘুরিয়ে দিলাম। এই আয়াতের নিচে আমার লেখা অনুবাদটা একটু অন্যরকম। জারিয়া নিজের কথার সাথে মিলিয়ে মিলিয়ে পড়ল:
8029,NO,NO,QURAN_MARKER|RASUL_SAID,FLAGGED_UNCLAIMED,"আল্লাহ মহা পরাক্রমশালী ও মহিমাময় কুরআনে বলেন— ""অদৃশ্যের জ্ঞান একমাত্র তাঁরই আছে! তিনি কাউকে তাঁর রহস্য প্রকাশ করেন না, তবে তাঁর রাসূলদের মধ্যে যাকে ইচ্ছা তিনি নির্বাচিত করেন, তাকে ব্যতীত।”"
8039,YES,NO,SHIA_BOOK|HADITH_WORD|RASUL_SAID,COVERED,"“আল-কাফিতে একটা হাদীস আছে, আমার খুব প্রিয়।” সে পর্দা থেকে পড়ল, “ইমাম জাফর আস-সাদিক (আলাইহিস্ সালাম) বর্ণনা করেছেন, রাসূলুল্লাহ ﷺ বলেছেন: আমার পরে ঈমানকে নষ্ট করার জন্য যত বিদআত আসবে, প্রত্যেকটার সাম"
8081,YES,NO,SHIA_BOOK|HADITH_WORD,COVERED,"“সাদিক ভাই, এই হাদীসগুলোর কিতাব খুঁজে দেবেন? উসুলে কাফির বাংলা কোথাও পাওয়া যায়?”"
8088,NO,NO,HADITH_WORD,FLAGGED_UNCLAIMED,"রাতে খাতায় তাকাভির জন্য হাদীসগুলোর তালিকা লিখছিলাম, কোনটা কোন কিতাবে খুঁজতে হবে। লিখতে লিখতে কলম থেমে গেল। এই যে আমি কত হাদীস জানি, খাতা ভরা, অন্যকে পড়ে শোনাই। তিন সুন্নাহর একটিও, গোপন রাখা, তর্কে ন"
8089,NO,NO,SUTRA_MARKER,FLAGGED_UNCLAIMED,সূত্র
8090,YES,NO,CITATION_BULLET,COVERED,"•  বিদআতের ভূমিকা, রাজার গল্পের দ্বিতীয় পর্ব ও «এটি কেবল একটি গল্প নয়» লেখকের নিজের খাতা থেকে; গল্পটি রূপক।"
8091,YES,YES,CITATION_BULLET|PAGE_CHECK_MARKER|SHIA_BOOK|HADITH_WORD,COVERED,"•  «প্রত্যেক বিদআত পথভ্রষ্টতা, প্রত্যেক পথভ্রষ্টতা আগুনে» — আল-কাফি, খণ্ড ১, কিতাবু ফাদলিল ইলম, বাব: বিদআত, নিজস্ব মত ও কিয়াস, হাদীস ৮; «আল্লাহ বিদআতির তওবা গ্রহণে অস্বীকার করেন» — একই বাব, হাদীস ৪; "
8092,YES,YES,CITATION_BULLET|PAGE_CHECK_MARKER|BARNITA_MARKER|SHIA_BOOK,COVERED,•  «বান্দার কাফের হওয়ার ন্যূনতম কারণ» — বর্ণিত আছে; PAGE-CHECK (আল-কাফি খণ্ড ২-এ খুঁজতে হবে)।
8093,YES,YES,CITATION_BULLET|PAGE_CHECK_MARKER|BARNITA_MARKER|SHIA_BOOK,COVERED,"•  শিকল-পরা লোকের ঘটনা — বর্ণিত আছে; আল-কাফিতে পাওয়া যায়নি (লগ B3), উৎস PAGE-CHECK।"
8094,YES,YES,CITATION_BULLET|PAGE_CHECK_MARKER|BARNITA_MARKER,COVERED,•  ইমাম আল-রেযা (আলাইহিস্ সালাম)-এর «তিন সুন্নাহ» — বর্ণিত আছে; PAGE-CHECK।
8095,YES,YES,CITATION_BULLET|PAGE_CHECK_MARKER|BARNITA_MARKER,COVERED,•  «মুহাম্মাদের হালাল কিয়ামত পর্যন্ত হালাল…» — বর্ণিত আছে; PAGE-CHECK।
8096,YES,NO,CITATION_BULLET|QURAN_MARKER,COVERED,"•  কুরআন ৭২:২৬–২৭, ৭:১৯৯, ২:১৭৭ (শেষাংশ) — api.alquran.cloud-এ মেলানো, CONFIRMED।"
8113,YES,NO,SHIA_BOOK,COVERED,“উসুলে কাফির বাংলা আছে?” আমি জানতে চাইলাম।
8131,YES,NO,SHIA_BOOK,COVERED,"“কাফির বাংলা পেলেন?” সে জানতে চাইল, জামার হাতায় কপাল মুছতে মুছতে।"
8132,NO,NO,HADITH_WORD,FLAGGED_UNCLAIMED,"“না,” আমি বললাম। “কিন্তু এটা পেয়েছি।” পাশের স্তূপ থেকে তুলে আনা একটি পুরোনো খণ্ড দেখালাম, মলাট ছেঁড়া। হাদীসের একটি সংকলনের বাংলা অনুবাদ, তাফসিরের অধ্যায়। “তাকাভির জন্য না। তোর জন্য।”"
8134,YES,YES,BARNITA_MARKER|QURAN_MARKER|HADITH_WORD|RASUL_SAID,COVERED,"ইবনু আব্বাস হতে বর্ণিত আছে, রাসূলুল্লাহ ﷺ বলেন: নিশ্চিতভাবে যা তোমাদের জানা আছে তা ব্যতীত আমার নিকট হতে হাদীস বর্ণনা করা থেকে তোমরা নিবৃত্ত থাকবে। কারণ যে ব্যক্তি ইচ্ছাকৃতভাবে আমার প্রতি মিথ্যা আরোপ ক"
8136,YES,NO,QURAN_MARKER|RASUL_SAID,COVERED,"তিনি বলেন, রাসূলুল্লাহ ﷺ বলেছেনঃ যে ব্যক্তি সঠিক ইলম ব্যতীত কুরআন প্রসঙ্গে কোন কথা বলে, সে যেন জাহান্নামকে নিজের জন্য বাসস্থান বানিয়ে নিল।"
8137,NO,NO,QURAN_MARKER,FLAGGED_UNCLAIMED,"“খেয়াল মর্জিমত,” রাহাত আবার বলল। “বুড়ো তো কুরআন নিয়ে কিছু বলেননি।”"
8139,YES,NO,SUTRA_MARKER|QURAN_MARKER|RASUL_SAID,COVERED,"যুনদুবের সূত্রে বর্ণিত। তিনি বলেন, রাসূলুল্লাহ ﷺ বলেছেন: যে ব্যক্তি কুরআনের ব্যাখ্যায় নিজ মনগড়া কথা বলে, তার কথা সঠিক হয়ে গেলেও সে ভুল করেছে।"
8145,NO,NO,QURAN_MARKER,FLAGGED_UNCLAIMED,"“ধর, কেউ চোখ বন্ধ করে ঢিল ছুড়ল, আর ঢিলটা ঠিক জায়গায় গিয়ে পড়ল,” আমি বললাম। “ঢিল ঠিক জায়গায় পড়েছে, কিন্তু ছোড়াটা কি ঠিক ছিল? কাল আরেকটা ঢিল ছুড়বে, সেটা কারও মাথায় পড়বে। নিজের মন থেকে কুরআনের"
8146,NO,NO,HADITH_WORD,FLAGGED_UNCLAIMED,আমি ব্যাগ থেকে খাতা বের করলাম। এই হাদীসের নিচে আমার লেখা কয়েকটি লাইন আছে। রাহাতকে পড়ে শোনালাম:
8147,NO,NO,QURAN_MARKER|HADITH_WORD,FLAGGED_UNCLAIMED,"এই হাদীস থেকে বোঝা যায়, কুরআনের তাফসীর বা ব্যাখ্যা করতে গিয়ে ব্যক্তিগত মতামত বা অনুমান নির্ভর করা উচিত নয়। এমনকি যদি সেই ব্যাখ্যা সঠিকও হয়, তবুও তা গ্রহণযোগ্য নয়, কারণ এটি ব্যক্তিগত রায়ের উপর ভি"
8149,NO,NO,QURAN_MARKER,FLAGGED_UNCLAIMED,"রাহাত চায়ে চুমুক দিল। তারপর জানতে চাইল, “আর বুড়ো? উনি তো কুরআনের তাফসির করছিলেন না। শুধু উপদেশ দিচ্ছিলেন। সুন্দর উপদেশ। একটাও ভুল না।”"
8168,NO,NO,QURAN_MARKER|HADITH_WORD,FLAGGED_UNCLAIMED,"রাহাত বইটার ছেঁড়া মলাটে আঙুল বোলাচ্ছিল। “তাহলে কাকে বিশ্বাস করব? বুড়োও বলে, বক্তারাও বলে, ইউটিউবেও বলে। সবাই কুরআন-হাদীস বলে। ব্যাখ্যা কার কাছ থেকে নেব?”"
8170,NO,NO,QURAN_MARKER,FLAGGED_UNCLAIMED,"প্রত্যেক আয়াত—আলোয় ভরা, প্রত্যেক শব্দ—রহস্যে গাঁথা, এই আসমানী জ্ঞানের প্রথম ব্যাখ্যাকারী ছিলেন আমাদের হৃদয়ের মুক্তা, রাসূলুল্লাহ ﷺ। তিনি ওহির দীপ্তিতে, আল্লাহর পরিপূর্ণ জ্ঞানে কুরআনের আয়াত ব্যাখ্য"
8173,NO,NO,QURAN_MARKER,FLAGGED_UNCLAIMED,"উত্তর স্পষ্ট: আহলুল বাইত (আলাইহিমুস্ সালাম)— তাঁরা কুরআনের জীবন্ত অনুবাদ, তাঁদের হৃদয়ে ছিল খালেস ইমান, তাঁদের জীবনে ছিল পূর্ণ আমল, আর তাঁদের পদাঙ্ক ধরে চলাছিলো হেদায়াতের পথের শুদ্ধতম দিশা। তবে শুধু "
8174,NO,NO,QURAN_MARKER,FLAGGED_UNCLAIMED,"“সহজ করে বলি,” আমি বললাম। “কুরআনের প্রথম ব্যাখ্যাকারী রাসূলুল্লাহ ﷺ। তারপর এই ব্যাখ্যার ভার গেল আহলুল বাইত (আলাইহিমুস্ সালাম)-এর হাতে। আর তাঁদের পর এই আলো ছড়ালেন তাঁদের নির্বাচিত প্রতিনিধি ও নিযুক্ত "
8175,NO,NO,QURAN_MARKER,FLAGGED_UNCLAIMED,"প্রকৃত ইলমের আলো আসে কেবল তাঁদের মাধ্যমেই— যাদের জীবনে আছে আমল, যারা হেদায়াতপ্রাপ্ত ও আলোর দিশারী। আর যাদের হৃদয়ে সদা জ্বলে আহলুল বাইতের নিখাদ ভালোবাসা। এই আলোর শিখা যদি হৃদয়ে জ্বলে, তবেই জীবনের অন"
8191,NO,NO,SUTRA_MARKER,FLAGGED_UNCLAIMED,সূত্র
8192,YES,NO,CITATION_BULLET,COVERED,"•  পোস্টার, যুবকের গল্প, «আলেমদের চশমা», «ব্যাখ্যা কার কাছ থেকে নেব» ও «জীবনের বাস্তবতা» লেখকের নিজের খাতা থেকে।"
8193,YES,YES,CITATION_BULLET|PAGE_CHECK_MARKER|QURAN_MARKER|SUNNI_BOOK|HADITH_WORD,COVERED,"•  ইবনে আব্বাসের হাদীস («যা জানা আছে তা ছাড়া হাদীস বর্ণনা থেকে বিরত থাকো… খেয়াল মর্জিমত কুরআন প্রসঙ্গে কথা বলে») — জামে তিরমিযি, তাফসির অধ্যায় (২৯৫০/২৯৫১, সংস্করণভেদে); PAGE-CHECK।"
8194,YES,YES,CITATION_BULLET|PAGE_CHECK_MARKER|BARNITA_MARKER|QURAN_MARKER|SUNNI_BOOK,COVERED,"•  «যে ব্যক্তি সঠিক ইলম ব্যতীত কুরআন প্রসঙ্গে কোন কথা বলে…» (REV1-এ ফেরানো, ¶12200) — বর্ণিত আছে; PAGE-CHECK (তিরমিযি তাফসির অধ্যায় হতে পারে)।"
8195,YES,YES,CITATION_BULLET|PAGE_CHECK_MARKER|SUNNI_BOOK|HADITH_WORD,COVERED,•  যুনদুবের হাদীস («মনগড়া ব্যাখ্যা সঠিক হলেও ভুল») — সুনান আবু দাউদ ৩৬৫২ (খাতামতো) ও তিরমিযি; PAGE-CHECK।
8196,YES,YES,CITATION_BULLET|PAGE_CHECK_MARKER|SHIA_BOOK|HADITH_WORD,COVERED,"•  «আল্লাহর কাছে সবচেয়ে ঘৃণিত… জ্ঞানের নামে মূর্খতা বিক্রি করে» — আমিরুল মুমিনিন (আলাইহিস্ সালাম)-এর বাণী, নাহজুল বালাগা খুতবা ১৭-এর ভাব; আল-কাফি খণ্ড ১, বাব: বিদআত…, হাদীস ৬ (আগের পাসের যাচাই, PART_"
8197,YES,NO,CITATION_BULLET,COVERED,•  দাম «প্রায়» অর্থে (চা প্রায় ছয় টাকা)।
8209,NO,NO,QURAN_MARKER,FLAGGED_UNCLAIMED,"আমি, সাদিক, ছাদের কার্নিশে পিঠ দিয়ে বসেছিলাম। ফোনে সূরা মায়েদা খোলা ছিল আগে থেকেই; বিকেলে চায়ের দোকান থেকে ফেরার পথে রিকশায় খুলেছিলাম, পড়া হয়নি। আলোটা আবার ছাদের ওপর দিয়ে গেল। আমি পনেরো নম্বর আ"
8212,NO,NO,QURAN_MARKER,FLAGGED_UNCLAIMED,"রাহাত ভ্রু কুঁচকে প্রশ্ন করল, “এই ‘আলো’ কাকে বলা হয়েছে? এটা কি কুরআনের আলো, না অন্য কিছু? কিতাব তো আলাদা করে বলা হলো।”"
8216,NO,NO,QURAN_MARKER,FLAGGED_UNCLAIMED,রাহাত আরও গভীরে ঢুকল। “তাহলে কি ‘সরল পথ’ও আলী (আলাইহিস্ সালাম)? পরের আয়াতেই তো সরল পথের কথা আছে।”
8219,NO,NO,QURAN_MARKER,FLAGGED_UNCLAIMED,"রাহাত বইটার ছেঁড়া মলাটে নখ ঘষতে ঘষতে বলল, “কিন্তু আলী (আলাইহিস্ সালাম)-কে এভাবে কুরআনের আয়াতের কেন্দ্রে রাখার মানে কী? তিনি তো আর নবী নন?”"
8220,YES,NO,RASUL_SAID,COVERED,"বুরুল্লাহ ধীরে বলল, “ঠিকই বলছিস। তিনি নবী নন। কিন্তু তিনি ওসী, ইমাম, আর আল্লাহর পথে আলোর দিশারী। রাসূলুল্লাহ ﷺ নিজেই আলী (আলাইহিস্ সালাম)-কে বলেছেন: তুমি স্পষ্ট পথ, তুমি সরল পথ, আর তুমি মু’মিনদের ইয়া"
8237,YES,NO,SUNNI_BOOK,COVERED,হাকিম
8238,YES,NO,QURAN_MARKER|SUNNI_BOOK,COVERED,"তার নাম হাকিম। তার কণ্ঠ ঝরতো সুরের মত, তরুণ হৃদয়ের খঞ্জনে ডাকের মতো— কুরআনের তিলাওয়াতে মোহিত করত সকলকে। সে তাফসীর করত এমন ভঙ্গিতে, যেন কুরআনের রহস্য শুধু তার কাছেই উন্মোচিত, আর গোটা উম্মাহ বুঝেই না "
8240,YES,NO,SUNNI_BOOK,COVERED,"“না,” বুরুল্লাহ বলল। “বুড়ো শুধু উপদেশ দেন। হাকিম নিজে নিয়ম বানাত। শোন।”"
8243,YES,NO,SUNNI_BOOK,COVERED,"তার বক্তব্যে ছিল আবেগ, তালমিল আর দর্শকের উল্লাস— তবে তার হৃদয়ে ছিল না নাবুয়্যাতের উত্তরাধিকারীদের দৃষ্টি, ছিল না ওহির ধ্বনি। অথচ-- সে সেজদাহ করেনি আহলুল বাইতের দরজায়, সে অশ্রু ফেলেনি মা সাইয়্যিদা "
8252,YES,NO,SUNNI_BOOK,COVERED,"রাত গভীর, কিন্তু মসজিদের মিম্বারে হাকিমের কণ্ঠ যেন অন্ধকারকে আরও কালো করে তোলে। ""আজ সকালে, এক নারী বাসে নেকাব ছাড়া আমার পাশে বসেছে! এটাই উম্মাহর ধ্বংসের আলামত। আমি ঘোষণা করছি— এই পরিবার সমাজচ্যুত, এক"
8253,YES,NO,SUNNI_BOOK,COVERED,"জনতা উত্তপ্ত— ধর্মের নামে জ্বলছে অন্ধ উন্মাদনা। সেই রাতেই ঘটে সর্বনাশ। উগ্র হাকিমের অনুসারীরা ঢুকে পড়ে সেই নারীর ঘরে, শিশু সন্তানকে ছুঁড়ে ফেলে দেয় মেঝেতে, সিঁড়ি থেকে ধাক্কা দেয় মাকে— কোমর ভেঙে যা"
8259,YES,NO,SHIA_BOOK|HADITH_WORD,COVERED,"হারুন তাকে নিয়ে গেলেন এক জিকিরভরা সন্ধ্যায়— হযরত যায়নাব (আলাইহাস্ সালাম)-এর মাহফিলে, যেখানে বাতাসেও ছিল কান্না, তসবিহ, আর মিম্বারে দাঁড়িয়ে এক তরুণ পাঠ করছিল জ্ঞানের দীপ্তি। সে বলছিল— ""আমিরুল মু’ম"
8261,YES,NO,SUNNI_BOOK|HADITH_WORD,COVERED,"হারুন নিঃশব্দে বললেন— “এই হাকিম, আজ মিম্বারে দাঁড়িয়ে নিজের মতামতের খঞ্জর দিয়ে মানুষকে পঙ্গু করেছে— সে যেন এই হাদিসেরই জীবন্ত প্রতিচ্ছবি।”"
8264,YES,NO,SUNNI_BOOK|SHIA_BOOK,COVERED,"হাকিমের ঘটনাটি যেন আগুনে ঘি ঢেলে দিল— সারা সমাজে আলোড়ন, তর্ক, কান্না আর জাগরণ। এবার হারুন চুপ থাকেন না। তিনি উঠে দাঁড়ান মসজিদের মিম্বারে, যেখানে একসময় দাঁড়িয়েছিল সেই জাহেল ফতোয়াবাজ। হারুন বলেন— "
8282,NO,NO,QURAN_MARKER,FLAGGED_UNCLAIMED,বুরুল্লাহ সিঁড়ির বাতি জ্বালাল। “আমার অনুপস্থিতিতে আমার স্থলাভিষিক্ত হও। খলিফা। কাল আসরের পর মসজিদে আব্বুর দরস। আব্বু খলিফা নিয়ে বলবেন। কুরআনে কাকে কাকে খলিফা বলা হয়েছে। আসিস।”
8286,YES,NO,SUNNI_BOOK,COVERED,"«সাদিক ভাই, আমার ফজরের ভিডিওটাতে আজ পর্যন্ত সাতাশটা লাইক। আজ রাতে গুনলাম। হাকিমের দলীলের কথা শোনার পর থেকে গুনতে ইচ্ছা করছিল না, তবু গুনলাম।»"
8288,NO,NO,SUTRA_MARKER,FLAGGED_UNCLAIMED,সূত্র
8289,YES,NO,CITATION_BULLET,COVERED,"•  «আলো ও সরল পথ»-এর আলোচনা ও দুই আলেমের গল্প লেখকের নিজের খাতা থেকে; গল্পটি শোনা গল্প হিসেবে বলা, কোনো বাস্তব গ্রাম বা মানুষ নয়।"
8290,YES,NO,CITATION_BULLET|QURAN_MARKER,COVERED,"•  কুরআন ৫:১৫–১৬ — api.alquran.cloud-এ মেলানো, CONFIRMED।"
8291,YES,YES,CITATION_BULLET|PAGE_CHECK_MARKER,COVERED,•  ৫:১৫-এর «আলো» = আলী (আলাইহিস্ সালাম)-এর ওসিয়ত — তাফসীর নূরুস সাকালাইন (খাতামতো); «আলো ও সরল পথ দুটোই আলী» — তাফসির আল-আয়্যাশী (খাতামতো); দুটোই PAGE-CHECK।
8292,YES,YES,CITATION_BULLET|PAGE_CHECK_MARKER|BARNITA_MARKER,COVERED,"•  «রাসূলুল্লাহ ﷺ জাবিরকে বলেছিলেন… জ্ঞান-দ্বার» (REV1-এ ফেরানো, ¶12313–12315) — বর্ণিত আছে; PAGE-CHECK।"
8293,YES,YES,CITATION_BULLET|PAGE_CHECK_MARKER|BARNITA_MARKER,COVERED,"•  «তুমি স্পষ্ট পথ, সরল পথ, মুমিনদের ইয়াকুব» — বর্ণিত আছে; PAGE-CHECK।"
8294,YES,YES,CITATION_BULLET|PAGE_CHECK_MARKER|BARNITA_MARKER,COVERED,"•  «আমরাই আল্লাহর সরল পথ, আমরাই তাঁর রহমত» (ইমাম আল-বাকির (আলাইহিস্ সালাম)) — বর্ণিত আছে; PAGE-CHECK।"
8295,YES,YES,CITATION_BULLET|PAGE_CHECK_MARKER|SHIA_BOOK|HADITH_WORD,COVERED,"•  «আল্লাহর কাছে সবচেয়ে ঘৃণিত দুই মানুষ» — আল-কাফি খণ্ড ১, বাব: বিদআত…, হাদীস ৬ = নাহজুল বালাগা খুতবা ১৭ (আগের পাসের যাচাই, PART_09 লগ B5); PAGE-CHECK।"
8296,YES,YES,CITATION_BULLET|PAGE_CHECK_MARKER,COVERED,•  ইমাম হুসাইন (আলাইহিস্ সালাম)-এর «সৎকাজের আদেশ দিতে বের হয়েছি» — মুহাম্মাদ ইবনুল হানাফিয়্যাকে লেখা অসিয়তের অংশ বলে প্রসিদ্ধ; PAGE-CHECK।
8298,NO,NO,QURAN_MARKER,FLAGGED_UNCLAIMED,০৬  কুরআনে খলিফা কাকে বলা হয়েছে?
8309,NO,NO,QURAN_MARKER,FLAGGED_UNCLAIMED,"আজ আমরা একটা কাজ করব। নিজের কথা না। কুরআন নিজে কাকে কাকে খলিফা বলেছে, শুধু সেটা দেখব। তুমি বের করবে।”"
8310,NO,NO,QURAN_MARKER,FLAGGED_UNCLAIMED,তিনি মেহরাবের পাশের রেহাল থেকে কুরআন শরীফটা তুলে রাহাতের হাতে দিলেন। “সূরা বাকারা। ত্রিশ।”
8312,NO,NO,QURAN_MARKER,FLAGGED_UNCLAIMED,"রাহাত পাতা উল্টাল। আঙুল কাঁপছিল, কারণ চাচার কুরআনে হাত দেওয়া তার এই প্রথম। ত্রিশ নম্বর আয়াত। আরবিতে আঙুল রাখল, তারপর নিচের বাংলায়।"
8325,NO,NO,QURAN_MARKER,FLAGGED_UNCLAIMED,"পর্দার ওপার থেকে তাকাভির কণ্ঠ এল, “চাচা, সূরা সোয়াদের ছাব্বিশেও তো আছে। দাউদ (আলাইহিস্ সালাম)।”"
8330,NO,NO,QURAN_MARKER,FLAGGED_UNCLAIMED,"“ছিলেন,” চাচা বললেন। “কিন্তু খেয়াল করো, বাবা, আয়াত তাঁকে কী দিয়ে বেঁধে দিল। ন্যায়ের বিচার। খেয়াল-খুশি না। রাজা হলেই খলিফা হয় না। আল্লাহ তাঁকে বসালেন, আর বসিয়ে বললেন, হকের বিচার করো।”"
8336,NO,NO,QURAN_MARKER,FLAGGED_UNCLAIMED,“সূরা আরাফ। একশো বিয়াল্লিশ।”
8348,YES,YES,BARNITA_MARKER,COVERED,"“আর তুমি গাদিরের কথা তো শুনেছ।” চাচা ডান হাতের তর্জনী বাঁ হাতের কড়ে আঙুলে রাখলেন। “যার মাওলা আমি, আলী তার মাওলা। রাসূলুল্লাহ ﷺ বিদায় হজ থেকে ফেরার পথে, রোদের মধ্যে থেমে, আলী (আলাইহিস্ সালাম)-এর হাত "
8350,NO,NO,QURAN_MARKER,FLAGGED_UNCLAIMED,চাচা মাথা ঝোঁকালেন। “আয়াতের ‘আমাদের নফস’ বলতে ইমাম আলী (আলাইহিস্ সালাম)-কে বোঝানো হয়েছে। ‘আমাদের পুত্র’—হাসান ও হুসাইন (আলাইহিমাস্ সালাম)। ‘নারী’—মা সাইয়্যিদা ফাতিমাতুয্ যাহরা (আলাইহাস্ সালাম)।”
8354,YES,YES,BARNITA_MARKER,COVERED,"“একটা কথা আছে,” চাচা বললেন, স্লেটের দিকে পিঠ রেখে। “বর্ণিত আছে, কেউ কেউ বলত, যে আমাকে চতুর্থ খলিফা স্বীকার করবে না, তার ওপর আল্লাহর লানত। মানুষ ভাবে, চতুর্থ মানে কারও পরে তিন জন শাসক। কিন্তু…”"
8360,NO,NO,HADITH_WORD,FLAGGED_UNCLAIMED,"তাকাভির কণ্ঠ এল পর্দার ওপার থেকে, কলমের খসখসের সাথে। “চাচা, রাসূলুল্লাহ ﷺ-এর ইন্তেকালের পর খলিফা কে, সেটা নিয়ে হাদীসে কী আছে? আমি শুধু হাদীসের শব্দগুলো লিখে রাখতে চাই।”"
8363,NO,NO,HADITH_WORD,FLAGGED_UNCLAIMED,"“আমার পর বারো জন খলিফা হবে, তারা সবাই কুরাইশের হবে।” শিয়া তাফসির ও হাদীসবিদরা এই হাদীসকে ব্যাখ্যা করেছেন যে এই বারোজন হলেন বারো ইমাম—যারা আহলুল বাইত (আলাইহিমুস্ সালাম) থেকে নিযুক্ত।"
8364,NO,NO,HADITH_WORD,FLAGGED_UNCLAIMED,"“আমার পরে খিলাফত থাকবে ৩০ বছর, তারপর রাজতন্ত্র শুরু হবে।” এই হাদীস প্রমাণ করে খিলাফত একটি সীমিত সময়ের দায়িত্ব এবং সেটি নির্বাচিত নয়, বরং একটি ধারাবাহিক নিযুক্ত দায়িত্ব।"
8370,NO,NO,QURAN_MARKER,FLAGGED_UNCLAIMED,"চাচা স্লেটের দিকে আবার তাকালেন। “ইতিহাসে দেখা যায়, রাসূলুল্লাহ ﷺ-এর পর খিলাফতের দাবিদারদের মধ্যে শূরা, রাজনৈতিক সমর্থন বা পারিবারিক প্রভাব প্রধান ভূমিকা রেখেছে। কিন্তু এইসব প্রক্রিয়া কুরআনে বা নবীর "
8371,NO,NO,QURAN_MARKER,FLAGGED_UNCLAIMED,"একটু থেমে যোগ করলেন, গলা নরম করে, “অনেকে এই শব্দ অন্যভাবে বোঝেন, বাবা। তাঁদের কিতাবে খলিফা মানে শাসক। আমি তোমাকে কুরআনের শব্দগুলো দেখালাম। বাকিটা তুমি নিজে খুঁজবে।”"
8374,NO,NO,QURAN_MARKER,FLAGGED_UNCLAIMED,"চাচার সাদা দাড়ির ফাঁকে হাসি দেখা গেল। তিনি রাহাতের হাত থেকে কুরআন শরীফটা নিলেন, পাতা উল্টালেন, তারপর আবার রাহাতকে দিলেন, একটি আয়াতে আঙুল রেখে। “সূরা সাজদা। চব্বিশ। জোরে পড়ো, যেন ওপারে শোনা যায়।”"
8377,NO,NO,QURAN_MARKER,FLAGGED_UNCLAIMED,"“আর আমি তাদের মধ্য থেকে বহু নেতা করেছিলাম, তাঁরা আমার আদেশানুযায়ী সৎপথ প্রদর্শন করত, যখন তারা ধৈর্যধারণ করেছিল। আর তারা আমার আয়াতসমূহের প্রতি দৃঢ় বিশ্বাস রাখত।”"
8378,NO,NO,QURAN_MARKER,FLAGGED_UNCLAIMED,"চাচা একটু থেমে বললেন, “ইমাম বাকির (আলাইহিস্ সালাম) বলেছেন, এই আয়াতটি মা সাইয়্যিদা ফাতিমাতুয্ যাহরা (আলাইহাস্ সালাম)'র সন্তানদের সম্পর্কে অবতীর্ণ হয়েছে।”"
8379,NO,NO,QURAN_MARKER,FLAGGED_UNCLAIMED,"তারপর আরও কয়েক পাতা উল্টে, সূরা কাসাসে। “এবার এটা। একচল্লিশ।”"
8381,NO,NO,QURAN_MARKER,FLAGGED_UNCLAIMED,রাহাত চোখ তুলল। “দুটো আয়াতেই ইমাম।”
8386,NO,NO,QURAN_MARKER,FLAGGED_UNCLAIMED,"চাচা ধীরস্বরে বললেন, “দারুণ প্রশ্ন, মা! কুরআন আমাদের স্পষ্টভাবেই নির্দেশনা দিয়েছে। ইমামরা তিনটি বৈশিষ্ট্যে আলাদা হয়:"
8388,NO,NO,QURAN_MARKER,FLAGGED_UNCLAIMED,"ধৈর্যশীল ও পরীক্ষিত— তারা সময়ের কঠিন পরীক্ষায় উত্তীর্ণ হয়। কুরআনে আল্লাহ বলেছেন, ‘কারণ তারা ধৈর্য ধারণ করেছিল এবং আমাদের নিদর্শনসমূহের ব্যাপারে নিশ্চিত ছিল।’"
8390,NO,NO,QURAN_MARKER,FLAGGED_UNCLAIMED,"অন্যদিকে, জাহান্নামের দিকে আহ্বানকারী ইমামরা নিজেদের স্বার্থকে আল্লাহর সিদ্ধান্তের ওপরে রাখে, যা কুরআনে বলা হয়েছে।”"
8393,YES,NO,QURAN_MARKER|RASUL_SAID,COVERED,আমি এবার কথা বললাম। “সত্য ও মিথ্যার ইমামত চেনার জন্য আমাদের কুরআন ও নবীর শিক্ষায় ফিরে যেতে হবে। রাসূলুল্লাহ ﷺ ধৈর্য ধরতেন এবং আল্লাহ তাঁকে তাঁর পরিবার থেকে সত্যের ইমামদের সুসংবাদ দিয়েছিলেন। আবু জাফর
8395,NO,NO,QURAN_MARKER,FLAGGED_UNCLAIMED,"চাচা মৃদু হেসে বললেন, “মা, ধৈর্য শুধু সময়ের অপেক্ষা নয়; বরং আল্লাহর পরীক্ষায় নিজেকে সমর্পণ করা। এই আয়াতে ইঙ্গিত দেওয়া হয়েছে— মা সাইয়্যিদা ফাতিমাতুয্ যাহরা (আলাইহাস্ সালাম)'র সন্তানেরা শুধু ধৈর্"
8401,NO,NO,QURAN_MARKER,FLAGGED_UNCLAIMED,"“হযরত মুসা (আলাইহিস্ সালাম) ও রাসূলুল্লাহ ﷺ’র অবস্থার মধ্যে অধিকাংশ ক্ষেত্রে সাদৃশ্য ছিল। যেমন মুসা (আলাইহিস্ সালাম) তাওরাত পেয়েছিলেন, আর রাসূলুল্লাহ ﷺ কুরআন প্রাপ্ত হন; তাঁকেও জিহাদের আদেশ দান করা হ"
8402,YES,NO,QURAN_MARKER|SHIA_BOOK,COVERED,"মুসা (আলাইহিস্ সালাম) যেমন ফিরআউনের বিরুদ্ধে বিজয় লাভ করেন, রাসূলও তেমনি কুরাইশ কাফির ও অন্য শত্রুদের বিরুদ্ধে বিজয় লাভ করেন; মুসা (আলাইহিস্ সালাম)’র স্ত্রী সাফুরা তাঁর প্রতিনিধি ইউশা বিন নূন’র বিরু"
8414,NO,NO,QURAN_MARKER,FLAGGED_UNCLAIMED,"ক্ষমতা নয়, বরং হেদায়াত, ওসিয়ত ও আলো—এই তিনের মিলেই খলিফা। যারা কেবল রাজনীতির দোহাই দিয়ে খিলাফতের দাবিদার হন, তারা আলোর বাহক নয়—তারা ইতিহাসের দাবিদার। আর যারা নবীর ঘোষণা ও কুরআনের নির্দেশে প্রতিষ্"
8424,NO,NO,QURAN_MARKER,FLAGGED_UNCLAIMED,"মাগরিবের পর বাড়ি ফিরে খাতা খুললাম। পাঞ্জাবির হাতায় তখনো চকের সাদা গুঁড়ো। খিলাফত অধ্যায়ের মাথায় সূরা আনআমের আয়াতটা, আমার নিজের হাতে লেখা:"
8427,NO,NO,QURAN_MARKER,FLAGGED_UNCLAIMED,"এই আয়াতে 'উত্তরাধিকারী' শব্দটি শুধুই জমিনের মালিকানার কথা বলে না, বরং ঐশী নেতৃত্ব ও পরীক্ষার প্রসঙ্গও স্পষ্ট করে। কে এই ‘উত্তরাধিকারী’? এ প্রশ্নের উত্তর খুঁজতে হলে আমাদের ফিরতে হবে ঐশী মনোনয়ন ও ওহীর"
8430,NO,NO,QURAN_MARKER,FLAGGED_UNCLAIMED,"আয়াতের বাকি অংশটা আমি মনে মনে জুড়লাম: যাতে তোমাদের পরীক্ষা করেন, যা তোমাদেরকে দিয়েছেন। আমাকে কী দেওয়া হয়েছে? একটি কলম, একটি খাতা। এই দিয়ে আমি কার জায়গায় দাঁড়িয়ে আছি, আর কার কথা লিখছি?"
8431,NO,NO,SUTRA_MARKER,FLAGGED_UNCLAIMED,সূত্র
8432,YES,NO,CITATION_BULLET,COVERED,•  খিলাফতের আলোচনা ও ৩২:২৪-এর ব্যাখ্যা লেখকের নিজের খাতা থেকে।
8433,YES,NO,CITATION_BULLET|QURAN_MARKER,COVERED,"•  কুরআন ২:৩০, ৩৮:২৬, ৭:১৪২, ৩২:২৪, ২৮:৪১, ৩:৬১ ও ৬:১৬৫ — api.alquran.cloud-এ মেলানো, CONFIRMED।"
8434,YES,YES,CITATION_BULLET|PAGE_CHECK_MARKER|BARNITA_MARKER,COVERED,•  ৩২:২৪ মা সাইয়্যিদা (আলাইহাস্ সালাম)-এর সন্তানদের সম্পর্কে (ইমাম আল-বাকির (আলাইহিস্ সালাম)) — বর্ণিত আছে; PAGE-CHECK।
8435,YES,YES,CITATION_BULLET|PAGE_CHECK_MARKER|SUNNI_BOOK|HADITH_WORD,COVERED,"•  মানযিলাতের হাদীস («হারুন মূসার কাছে যে মর্যাদায়…») — সহীহ বুখারি ৩৭০৬, সহীহ মুসলিম ২৪০৪ (খাতামতো); PAGE-CHECK।"
8436,YES,YES,CITATION_BULLET|PAGE_CHECK_MARKER|SUNNI_BOOK,COVERED,"•  «যার মাওলা আমি, আলী তার মাওলা» — জামে তিরমিযি ৩৭১৩ (CONFIRMED, সংস্করণ-পাঠ; SOURCE_REGISTER CL-HAD-003); গাদিরের অভিনন্দন-বাক্য — মুসনাদে আহমাদ (খাতামতো), PAGE-CHECK।"
8437,YES,YES,CITATION_BULLET|PAGE_CHECK_MARKER|SHIA_BOOK,COVERED,"•  আদম (আলাইহিস্ সালাম)-এর খিলাফত = ইলম ও হেদায়াতের প্রতিনিধিত্ব — তাফসিরে কুম্মি ও নূরুস সাকালাইন (খাতামতো); হারুনের স্থলাভিষিক্তি আধ্যাত্মিক — আল-কাফি খণ্ড ১, কিতাবুল হুজ্জাহ (খাতামতো); দুটোই PAGE-"
8438,YES,YES,CITATION_BULLET|BARNITA_MARKER,COVERED,•  «চতুর্থ খলিফা» উক্তি — বর্ণিত আছে; উৎস পাওয়া যায়নি।
8439,YES,YES,CITATION_BULLET|PAGE_CHECK_MARKER|BARNITA_MARKER|SUNNI_BOOK,COVERED,"•  «আমার পর বারো জন খলিফা, সবাই কুরাইশ» — সহীহ বুখারি ও মুসলিমে প্রসিদ্ধ; «খিলাফত ৩০ বছর» — সুনান আবু দাউদ/তিরমিযি; «তুমি আমার ওসী ও খলিফা», «প্রত্যেক নবীর ওসী আছে, আমার ওসী আলী», «আমি জ্ঞানের নগরী, আ"
8440,YES,YES,CITATION_BULLET|PAGE_CHECK_MARKER,COVERED,•  জামাখশারীর কাশশাফ (৩২:২৩–২৪-এর তাফসির) — খাতামতো; PAGE-CHECK।
8471,NO,NO,QURAN_MARKER,FLAGGED_UNCLAIMED,"ঠিক তেমনি, আজকের এই ‘দ্বীন মেলায়’ও প্রত্যেকে এক টুকরো দ্বীন আঁকড়ে ধরে গোটা ইসলামের দাবি করে বসেছে— কেউ কেবল ফিকাহ, কেউ শুধুই তরিকাহ, কেউ শ্লোগান আর বাহ্যিকতা। কিন্তু. . . পুরো দ্বীন কোথায়? কে দেখাব"
8477,NO,NO,QURAN_MARKER|HADITH_WORD,FLAGGED_UNCLAIMED,"“আমি কার কথা শুনব? সবাই কুরআন আর হাদিসের কথা বলে, অথচ কেউ এক পথে নেই—কেন? দরবার, আম প্রতিনিধি বানিয়ে অনেকে নিজেকে খুমস গ্রহণের পাথেয় বানিয়ে জনগনকে সর্বস্বান্ত করছেন পেটে আগুন পুরছেন। আল্লাহ কি সত্য"
8478,NO,NO,HADITH_WORD,FLAGGED_UNCLAIMED,"তার চোখ মেলায় ঘুরে বেড়ায়— কেউ হাদীস ব্যাখ্যা করছে ইউটিউব ট্রেন্ড মাফিক, কেউ দ্বীন শেখাচ্ছে মিউজিকের ব্যাকগ্রাউন্ডে, কেউ ব্যস্ত শুধু অন্যদের ভুল ধরায়, কাফের ফতুয়া দেওয়ায়, কেউ দাঁড়িয়ে শুধু হুংক"
8498,NO,NO,QURAN_MARKER,FLAGGED_UNCLAIMED,"এই আয়নাটি কেবল মুখ নয়—আত্মার প্রকৃত চেহারা দেখায়। একবার নিজেকে দেখো. . . তুমি কি আল্লাহর প্রিয়দের কাতারে? নাকি সেইসব মুখোশধারী পথভ্রষ্টদের দলে, যারা কুরআনের আলোকে ছায়া বানিয়েছে?"
8538,NO,NO,QURAN_MARKER,FLAGGED_UNCLAIMED,"সত্য নির্ধারিত হয় না জনপ্রিয়তায়, শক্তি বা সংখ্যায়, বরং যাকে আল্লাহ হুজ্জত হিসেবে পাঠিয়েছেন, যার জীবন আলোর মুল উৎসে সংযুক্ত, আর যার হৃদয় হয় কুরআনের জীবন্ত প্রতিচ্ছবি।"
8540,NO,NO,SUTRA_MARKER,FLAGGED_UNCLAIMED,সূত্র
8541,YES,NO,CITATION_BULLET,COVERED,"•  দ্বীন মেলা, অন্ধের হাতি, তরুণের প্রশ্ন, আয়নার লাইন, বারো প্রশ্ন ও মূল্যায়ন লেখকের নিজের খাতা থেকে; মেলা, মঞ্চ ও বক্তারা কাল্পনিক, কোনো বাস্তব মানুষ বা সংগঠন নয়।"
8542,YES,NO,CITATION_BULLET|QURAN_MARKER|HADITH_WORD,COVERED,"•  দোয়া «اللهم اجعلنا ممن تحبهم ويحبونك» — খাতামতো; কুরআন ৫:৫৪-এর «يُحِبُّهُمْ وَيُحِبُّونَهُ» (api.alquran.cloud-এ মেলানো, CONFIRMED)-এর ভাব থেকে দোয়ার রূপ; দোয়া হিসেবে পাঠ, হাদীস দাবি নয়।"
8544,NO,NO,QURAN_MARKER,FLAGGED_UNCLAIMED,০৮  সূরা দুখানের বরকতময় রাত কোনটি?
8552,NO,NO,QURAN_MARKER|HADITH_WORD,FLAGGED_UNCLAIMED,"“আমার ভেতরটা এখন শুধু একটিই প্রশ্নে ঘুরপাক খাচ্ছে— এই দ্বীনের এত রূপ কেন? এত বিভাজন, এত মত, এত দাওয়াতের ভাষা কেন আলাদা? আমি তো দ্বীনের মেলাতে চেয়েছিলাম—কুরআন, রাসুল ও সহিহ হাদীস— কিন্তু যত খুঁজি, তত"
8572,NO,NO,QURAN_MARKER,FLAGGED_UNCLAIMED,"সত্যের আলোর ছটা তখনই গায়ে লাগে— যখন তা নামাজের মতো গঠিত এক গভীর চিন্তার খোরাক যোগায়, যেখানে দোয়া হয়ে ওঠে নীরব আকুতি, আর তাসবিহ হয়ে ওঠে আত্মার পবিত্রতার অর্জনের পাথেয়। যেখানে প্রতিটি ভাবনা একেকটি"
8574,YES,NO,,COVERED,"সেখানে কিবলা কেবল কোন দিকে মুখ করলাম তা মুখ্য নয়— বরং হৃদয়ের অভিমুখ, যেখানে নিয়ত স্থির হয় একমাত্র আল্লাহর দিকে, কোরবাতুনিন ইলাল্লাহ। রুকু হয় না শুধু পিঠ বাঁকানোর অনুশীলন, বরং নফসের অহংকার ভাঙার জ"
8578,NO,NO,QURAN_MARKER,FLAGGED_UNCLAIMED,"সত্যের প্রতিনিধিত্ব তারাই করে— যারা আল্লাহর ওহিকে আমানত হিসেবে বয়ে নিয়ে চলে, যারা দ্বীনের পথ দেখায় বাহ্যিক রেওয়াজে নয়, বরং আহলুল বাইত (আলাইহিমুস্ সালাম)-এর নূরে যুক্ত সেই শিকড়ের মাধ্যমে, যেখানে "
8579,NO,NO,QURAN_MARKER,FLAGGED_UNCLAIMED,"“রাসূলুল্লাহ ﷺ আমাদের জন্য রেখে গেছেন এক শাশ্বত মাপকাঠি,” বুরুল্লাহ বলল। “আমি তোমাদের মাঝে রেখে যাচ্ছি দুটি ভারী জিনিস: কুরআন এবং আমার আহলুল বাইত। যদি এদের আঁকড়ে ধরো, তুমি কখনো পথভ্রষ্ট হবে না। এই দু"
8581,NO,NO,QURAN_MARKER|HADITH_WORD,FLAGGED_UNCLAIMED,"রাকিকা ভ্রু কুঁচকাল। “কিন্তু বুরুল্লাহ ভাইয়া, সবাই তো এই হাদীসই বলে! সুন্নীও, শিয়া-ও— তাহলে কাকে বিশ্বাস করব? কুরআন তো সবার কাছেই আছে, হাদীস তো সবাই বলে, কিন্তু বাস্তব জীবনে—পথ এক না, বরং শত!”"
8582,NO,NO,QURAN_MARKER,FLAGGED_UNCLAIMED,"আমি হালকা হাসলাম। “রাকিকা, প্রশ্নটা ভালো করেছ। কিন্তু জানো, আহলুল বাইতের কথাকে কে সামনে আনে, আর কে ব্যবহার করে—এই পার্থক্য বোঝা জরুরি। কুরআন হাতে থাকলেই কেউ হকের দিকপাল হয় না— যদি কুরআনের ব্যাখ্যার চ"
8588,NO,NO,QURAN_MARKER,FLAGGED_UNCLAIMED,"আমি ফোনে সূরা দুখান খুলে রেখেছিলাম, বিকেল থেকে। এশার পর থেকে একটি প্রশ্ন আমার মাথায় ঘুরছিল, যা এতক্ষণ বলিনি। কয়েলের ধোঁয়া বাল্বের চারপাশে পাক খাচ্ছে।"
8589,NO,NO,QURAN_MARKER,FLAGGED_UNCLAIMED,"“একটা আয়াত পড়ি,” আমি বললাম। “তারপর একটা প্রশ্ন।”"
8594,YES,NO,QURAN_MARKER|HADITH_WORD|RASUL_SAID,COVERED,"“ঠিক,” বুরুল্লাহ বলল। “প্রথম স্তরে তাই। অধিকাংশ তাফসিরকারক এটাই বলেছেন, আর সেটা বাতিল হয় না।” সে একটু থামল। বুকপকেট থেকে ছোট খাতাটা বের করে বাল্বের দিকে একটি পাতা মেলে ধরল, চোখ পাতায় রেখে বলল, “কিন্"
8596,NO,NO,QURAN_MARKER,FLAGGED_UNCLAIMED,"“তাই, প্রথমত,” বুরুল্লাহ বলল, “হা-মীম—এটি বিশেষ রহস্যপূর্ণ অক্ষর, যা রাসূলুল্লাহ ﷺ-কে নির্দেশ করে। অনেক সূরায় এই সংক্ষিপ্ত অক্ষরগুলো ব্যবহৃত হয়েছে, যা শুধুমাত্র বিশেষ জ্ঞানসম্পন্ন ব্যক্তিরাই বুঝতে প"
8598,NO,NO,QURAN_MARKER,FLAGGED_UNCLAIMED,রাকিকা তীক্ষ্ণ দৃষ্টিতে তাকাল। “তুমি বলছো যে বরকতময় রাত মানে মা সাইয়্যিদা ফাতিমাতুয্ যাহরা (আলাইহাস্ সালাম)। কিন্তু কুরআনে তো সরাসরি তাঁর নাম নেই! এটা কিভাবে নিশ্চিত হওয়া যায়?”
8599,NO,NO,QURAN_MARKER,FLAGGED_UNCLAIMED,"বুরুল্লাহ মৃদু হাসল। “সত্যিই, কুরআনে অনেক কিছুই সরাসরি বলা হয়নি। কুরআনের অন্তর্নিহিত অর্থ বোঝার জন্য আহলুল বাইতের (আলাইহিমুস্ সালাম) ব্যাখ্যা অপরিহার্য। যেমন, আমরা জানি ‘নূর’ বলতে রাসূলুল্লাহ ﷺ, ইমাম"
8602,YES,NO,QURAN_MARKER|SHIA_BOOK,COVERED,"আমি খাতার পেছনের দিকের একটি পাতা খুললাম। আল-কাফির লম্বা ঘটনাটা বহুদিন আগে সেখানে নিজের হাতে সংক্ষেপে টুকে রেখেছিলাম। বাল্বের দিকে পাতা কাত করে পড়লাম, “সিরিয়ার দিক থেকে এক বৃদ্ধ খ্রিস্টান আলেম মদিনায"
8606,NO,NO,QURAN_MARKER,FLAGGED_UNCLAIMED,"শামস চিন্তিত ভঙ্গিতে বলল, “কিন্তু কেন ইমামদেরকেই ‘প্রজ্ঞাপূর্ণ বিষয় সুস্পষ্ট করা হয়’ এই আয়াতের ব্যাখ্যায় যুক্ত করা হচ্ছে? অন্য কেউ তো জ্ঞান অর্জন করতে পারে!”"
8607,YES,NO,RASUL_SAID,COVERED,"বুরুল্লাহ ধৈর্য ধরে বলল, “কারণ ইমামগণ (আলাইহিমুস্ সালাম) হলেন সেই মহান ব্যক্তিত্ব, যাঁরা ওহির প্রকৃত ব্যাখ্যাকারী। রাসূলুল্লাহ ﷺ বলেছেন, আমি জ্ঞানের শহর, আর আলী তার দরজা। ইমামগণ সেই জ্ঞানের ধারক, যারা"
8608,NO,NO,QURAN_MARKER,FLAGGED_UNCLAIMED,"ফয়সাল নিরপেক্ষ কণ্ঠে বলল, “তাহলে কুরআনের বাহ্যিক অর্থের পাশাপাশি তার গভীর আধ্যাত্মিক ব্যাখ্যাও রয়েছে, যা শুধুমাত্র আহলুল বাইতের (আলাইহিমুস্ সালাম) মাধ্যমে বোঝা সম্ভব?”"
8610,NO,NO,QURAN_MARKER,FLAGGED_UNCLAIMED,"রাকিকা গভীর চিন্তায় বলল, “তাহলে কি আমরা সত্যিকারভাবে কুরআন বুঝতে পারছি?”"
8615,NO,NO,QURAN_MARKER,FLAGGED_UNCLAIMED,আমি সূরা সোয়াদ খুললাম। রাহাতকে দিলাম। “পঁচাত্তর।”
8620,NO,NO,QURAN_MARKER,FLAGGED_UNCLAIMED,"রাকিকা কৌতূহলভরে বলল, “এই আয়াতে ‘অধিকতর উচ্চ মর্যাদাসম্পন্ন’ কারা? ফেরেশতারাও তো অনেক উচ্চ মর্যাদার! তবে কি তাদের চেয়েও কেউ মর্যাদাবান আছে?”"
8621,NO,NO,HADITH_WORD,FLAGGED_UNCLAIMED,"বুরুল্লাহ হেসে বলল, “তোমার প্রশ্নের উত্তর রয়েছে রাসূলুল্লাহ ﷺ-এরই একটি হাদিসে। একদিন এক ব্যক্তি তাঁকে জিজ্ঞাসা করেছিল— ‘ইয়া রাসূলাল্লাহ! আপনি কি অধিকতর উচ্চ মর্যাদাসম্পন্নদের অন্তর্ভুক্ত? এরা কারা? "
8635,NO,NO,QURAN_MARKER,FLAGGED_UNCLAIMED,রাহাত কিন্তু আয়াতের প্রথম অংশে আটকে ছিল। “কিসে তোমাকে বাধা দিল?” সে আবার পড়ল। “ইবলিস তো কত সিজদা করেছিল। একটা সিজদায় কেন আটকে গেল?”
8643,NO,NO,SUTRA_MARKER,FLAGGED_UNCLAIMED,সূত্র
8644,YES,NO,CITATION_BULLET,COVERED,"•  রাহাতের প্রশ্ন, বুরুল্লাহর উত্তর, সত্যের প্রতিনিধি, ৪৪:১–৪ ও ৩৮:৭৫-এর আলোচনা লেখকের নিজের খাতা থেকে।"
8645,YES,NO,CITATION_BULLET|QURAN_MARKER,COVERED,"•  কুরআন ৪৪:১–৪ ও ৩৮:৭৫ — api.alquran.cloud-এ মেলানো, CONFIRMED (অনুবাদ খাতার নিজের)।"
8646,YES,YES,CITATION_BULLET|PAGE_CHECK_MARKER|SUNNI_BOOK,COVERED,"•  সাকালাইন — সহীহ মুসলিম ২৪০৮ («أهل بيتي», CONFIRMED, সংস্করণ-পাঠ); «কখনো পথভ্রষ্ট হবে না» — জামে তিরমিযি ৩৭৮৬ (CONFIRMED, সংস্করণ-পাঠ; মান নিয়ে মতভেদ)। খাতার «তিরমিযি ৩৭৮৮» PAGE-CHECK।"
8647,YES,YES,CITATION_BULLET|PAGE_CHECK_MARKER|SHIA_BOOK|HADITH_WORD,COVERED,"•  «হা-মীম = মুহাম্মাদ ﷺ, সুস্পষ্ট কিতাব = আলী, বরকতময় রাত = ফাতিমা (আলাইহাস্ সালাম)» — খ্রিস্টান আলেমের ঘটনা, আল-কাফি খণ্ড ১, কিতাবুল হুজ্জাহ, বাব: আবুল হাসান মুসা ইবনে জাফর (আলাইহিস্ সালাম)-এর জন্ম"
8648,YES,YES,CITATION_BULLET|PAGE_CHECK_MARKER|BARNITA_MARKER,COVERED,"•  «আমি, আলী, ফাতিমা, হাসান, হুসাইন আরশের কাছে ছিলাম… আদমের এক হাজার বছর আগে» — বর্ণিত আছে; PAGE-CHECK।"
8649,YES,YES,CITATION_BULLET|PAGE_CHECK_MARKER|BARNITA_MARKER,COVERED,"•  «আমি জ্ঞানের শহর, আলী তার দরজা» — বর্ণিত আছে; PAGE-CHECK।"
8668,NO,NO,HADITH_WORD,FLAGGED_UNCLAIMED,"খাতাটা আমার হাতেই ছিল। মোমবাতির আলোয় একটি পাতা খুঁজে বের করলাম। এই হাদীসটা আমি বহুবার পড়েছি, তবু আজ পড়তে গিয়ে গলাটা দৃঢ় হয়ে এল।"
8669,YES,NO,RASUL_SAID,COVERED,"“রাসূলুল্লাহ ﷺ বলেছেন: আমি, আলী (আলাইহিস্ সালাম), মা সাইয়্যিদা ফাতিমাতুয্ যাহরা (আলাইহাস্ সালাম), হাসান (আলাইহিস্ সালাম) ও হুসাইন (আলাইহিস্ সালাম) আরশের ছাউনিতে বসে আল্লাহর তসবিহ পাঠ করতাম, ফেরেশতারা"
8704,NO,NO,QURAN_MARKER,FLAGGED_UNCLAIMED,"আমি রাহাতকে বললাম, “সূরা আনআম খোল। একশো পঁচিশ।”"
8723,NO,NO,QURAN_MARKER,FLAGGED_UNCLAIMED,"আমি ফোন বের করলাম। একটি আয়াত আছে, আজ সারাদিন আমার মনে ঘুরছিল। কিন্তু খুঁজতে গিয়ে দেখলাম, রাকিকা আগেই খুঁজে ফেলেছে। সে নিজের ফোন আমার দিকে না, রাহাতের দিকে ঘুরিয়ে ধরেছে।"
8724,NO,NO,QURAN_MARKER,FLAGGED_UNCLAIMED,"“সূরা সাফ, আট,” রাকিকা বলল। “পড়ো।”"
8733,YES,YES,BARNITA_MARKER,COVERED,"“বর্ণিত আছে,” আমি বললাম, “তাঁকে যাহরা বলা হতো, কারণ তিনি যখন মেহরাবে ইবাদতে দাঁড়াতেন, তাঁর নূর আসমানের অধিবাসীদের কাছে ঝলমল করে উঠত, যেমন পৃথিবীর মানুষের কাছে আকাশের তারা ঝলমল করে।”"
8742,NO,NO,QURAN_MARKER,FLAGGED_UNCLAIMED,"রাকিকা ফোনে আরেকটা আয়াত খুলল, সূরা আহযাবের সত্তর-একাত্তর, আর পড়ল: ‘হে মুমিনগণ! আল্লাহকে ভয় কর এবং সঠিক কথা বল। তিনি তোমাদের আমল-আচরণ সংশোধন করবেন এবং তোমাদের পাপসমূহ ক্ষমা করবেন।’"
8744,NO,NO,QURAN_MARKER,FLAGGED_UNCLAIMED,"তার ফোনের আলো নিভে গেল। খাতার যে পাতায় এই আয়াতের নম্বর লিখে রেখেছিলাম, তার পাশেই আমার নিজের কয়েকটি লাইন। মোমবাতির দিকে পাতা ঝুঁকিয়ে পড়লাম:"
8748,NO,NO,QURAN_MARKER,FLAGGED_UNCLAIMED,"আমি রাহাতের হাত থেকে ফোনটা নিয়ে সূরা বাকারার দুইশো সাতান্ন খুললাম। পড়লাম: “আল্লাহ ইমান আনয়নকারীদের অভিভাবক, তাদেরকে অন্ধকার থেকে আলোর দিকে বের করে আনেন এবং যারা অস্বীকার করেছে তাদের অভিভাবক হচ্ছে ত"
8763,NO,NO,SUTRA_MARKER,FLAGGED_UNCLAIMED,সূত্র
8764,YES,NO,CITATION_BULLET,COVERED,"•  ইবলিসের অহংকার, তিন রাজপুত্রের গল্প, প্রতীকধর্মী বিশ্লেষণ, «কোন ভাই», «আমি কে?» ও অন্তর্দৃষ্টির আলাপ লেখকের নিজের খাতা থেকে; গল্পটি রূপক।"
8765,YES,NO,CITATION_BULLET|QURAN_MARKER,COVERED,"•  কুরআন ৩৮:৭৬ (ইবলিসের উক্তি), ৬:১২৫, ৬১:৮, ৩৩:৭০–৭১, ২:২৫৭ — api.alquran.cloud-এ মেলানো, CONFIRMED।"
8766,YES,YES,CITATION_BULLET|PAGE_CHECK_MARKER|SHIA_BOOK,COVERED,"•  «আরশের ছাউনিতে তসবিহ… সিজদার উদ্দেশ্য আমাদের সম্মান» — শায়খ সাদুক, ইলালুশ শারায়ি; বিহারুল আনওয়ার খণ্ড ১৫ (খাতামতো); PAGE-CHECK।"
8767,YES,YES,CITATION_BULLET|PAGE_CHECK_MARKER|BARNITA_MARKER,COVERED,•  ফেরেশতাদের ইবলিসকে ঘিরে ফেলা ও সমুদ্রে নিক্ষেপ — বর্ণিত আছে; PAGE-CHECK।
8768,YES,YES,CITATION_BULLET|PAGE_CHECK_MARKER|BARNITA_MARKER,COVERED,"•  «যাহরা» নামের কারণ (মেহরাবে নূর) — বর্ণিত আছে; শায়খ সাদুকের ইলালুশ শারায়ি/মাআনিল আখবারে থাকার কথা, PAGE-CHECK।"
8836,NO,NO,QURAN_MARKER|HADITH_WORD|RASUL_SAID,FLAGGED_UNCLAIMED,"এ মহীয়সী নারীর প্রশংসা ও বিশেষ বৈশিষ্ট্যের কথা কোরআনে তথা স্বয়ং রাসূলুল্লাহ ﷺ-এর মুখে উচ্চারিত হয়েছে বারংবার; যা সুন্নি ও আলে মুহাম্মাদের রাবীদের, মানে বর্ণনাকারীদের, মারফত আমাদের পর্যন্ত পৌঁছেছে। "
8837,NO,NO,QURAN_MARKER,FLAGGED_UNCLAIMED,"“সূরা নাজম,” রাহাত বলল। মোবাইলের আলোয় সে নিজের ফোন বের করেছে। খুঁজে পড়ল, তিন আর চার: ‘এবং প্রবৃত্তির তাড়নায় কথা বলেন না। তাতো ওহী, যা তার প্রতি প্রত্যাদেশ হয়।’"
8839,YES,NO,RASUL_SAID,COVERED,যা কিছু রাসূলুল্লাহ ﷺ মা সাইয়্যিদা ফাতিমাতুয্ যাহরা (আলাইহাস্ সালাম) সম্পর্কে বলেছেন তা তাঁর অন্যান্য বাণীর ন্যায় ওহী হতে সংগৃহীত।
8861,YES,NO,SUNNI_BOOK|RASUL_SAID,COVERED,"হাকিম নিশাবুরীসহ সুন্নি মাযহাবের উল্লেখযোগ্য সংখ্যক আলেম নিজস্ব সনদে রাসূলুল্লাহ ﷺ হতে গুরুত্বপূর্ণ ও আশ্চর্যজনক বিভিন্ন রেওয়ায়েত বর্ণনা করেছেন যে, তিনি বলেন:"
8864,NO,NO,RASUL_SAID,FLAGGED_UNCLAIMED,"বুখারী নিজস্ব সনদে রাসূলুল্লাহ ﷺ হতে বর্ণনা করেছেন যে, তিনি বলেন:"
8869,NO,NO,QURAN_MARKER|HADITH_WORD,FLAGGED_UNCLAIMED,"উল্লিখিত হাদীসসমূহ হতে এ বিষয়টি স্পষ্ট হয় যে, মা সাইয়্যিদা ফাতিমা যাহরা (আলাইহাস্ সালাম)-কে কষ্ট দেওয়ার অর্থ হচ্ছে রাসূলুল্লাহ ﷺ-কে কষ্ট দেওয়া ও ক্রোধান্বিত করা। আর আল্লাহর রাসূলকে কষ্ট দেওয়ার অ"
8872,NO,NO,QURAN_MARKER,FLAGGED_UNCLAIMED,"রাহাত আয়াতটা শুনে চুপ হয়ে গেল। তারপর খুব আস্তে, প্রায় নিজের কাছে, বলল, “আজ দুপুর থেকে আম্মুর জ্বর ছিল। কাউকে বলেনি। আমি সকালে বের হওয়ার সময় আম্মু কী যেন বলতে চেয়েছিল। আমি বলেছিলাম, পরে শুনব, দের"
8875,NO,NO,RASUL_SAID,FLAGGED_UNCLAIMED,"রাসূলুল্লাহ ﷺ বলেন: “আসমানের প্রতি মে’রাজের রাতে আমি দেখলাম বেহেশতের দরজায় এ বাক্যগুলো লিপিবদ্ধ করা হয়েছে যে, আল্লাহ ছাড়া কোন মা’বুদ নেই, মুহাম্মাদ আল্লাহর রাসুল, আলী আল্লাহর বন্ধু এবং ফাতেমা, হাসা"
8880,NO,NO,RASUL_SAID,FLAGGED_UNCLAIMED,"ফুরাত বিন ইব্রাহিম তার তাফসির গ্রন্থে রাসূলুল্লাহ ﷺ হতে বর্ণনা করেছেন: “আমার কন্যা মা সাইয়্যিদা ফাতিমাতুয্ যাহরা (আলাইহাস্ সালাম), তাঁর সন্তান ও অনুসারীদের সাথে বেহেশতে প্রবেশ করবে। আর এ বিষয়ে মহান "
8882,NO,NO,HADITH_WORD,FLAGGED_UNCLAIMED,উল্লিখিত হাদীসে ফাতেমার বংশধর বলতে হাসান ও হুসাইন (আলাইহিমাস্ সালাম) এবং নিস্পাপ ইমামগণকে (আলাইহিমুস্ সালাম) বোঝানো হয়েছে। আর তার অনুসারী বলতে ঐ সকল লোকদেরকে বোঝানো হয়েছে যারা মা সাইয়্যিদা ফাতিমাতু
8883,NO,NO,HADITH_WORD,FLAGGED_UNCLAIMED,রাহাত শেষ লাইনটা আমাকে আবার পড়তে বলল। আমি পড়লাম। নামধারী শিয়াদেরকে এ হাদীসে উদ্দেশ্য করা হয়নি।
8902,NO,NO,SUTRA_MARKER,FLAGGED_UNCLAIMED,সূত্র
8903,YES,NO,CITATION_BULLET|HADITH_WORD,COVERED,•  হাদীস-সংকলনের ভূমিকা ও ব্যাখ্যা লেখকের নিজের খাতা থেকে।
8904,YES,NO,CITATION_BULLET|QURAN_MARKER,COVERED,"•  কুরআন ৫৩:৩–৪, ৩৩:৫৭, ২১:১০২–১০৩ (ফুরাতের বর্ণনার আয়াতাংশ), ২:১৫৬ — api.alquran.cloud-এ মেলানো, CONFIRMED।"
8905,YES,YES,CITATION_BULLET|PAGE_CHECK_MARKER|SUNNI_BOOK,COVERED,"•  «ফাতিমা আমার অংশ, যে তাকে রাগান্বিত করে সে আমাকে রাগান্বিত করে» — সহীহ বুখারি ৩৭১৪ (শব্দ «فمن أغضبها أغضبني»; SOURCE_REGISTER CL-HAD-008); PAGE-CHECK।"
8906,YES,YES,CITATION_BULLET|PAGE_CHECK_MARKER|SUNNI_BOOK,COVERED,"•  «আল্লাহ তোমার ক্রোধে ক্রোধান্বিত হন» — আল-মুস্তাদরাক, হাকিম ৪৭৩০ (বুখারি/মুসলিমে নয়; CL-HAD-008); PAGE-CHECK।"
8907,YES,YES,CITATION_BULLET|PAGE_CHECK_MARKER|BARNITA_MARKER|SUNNI_BOOK,COVERED,"•  আয়িশার বর্ণনা (দাঁড়িয়ে যাওয়া, চুমু, আসনে বসানো) — সুনান আবু দাউদ ও তিরমিযিতে বর্ণিত; PAGE-CHECK। চাদর বিছানো — বর্ণিত আছে; PAGE-CHECK।"
8908,YES,YES,CITATION_BULLET|PAGE_CHECK_MARKER,COVERED,•  মিরাজের রাতে জান্নাতের দরজার লেখা — খতিব বাগদাদী (খাতামতো); PAGE-CHECK।
8909,YES,YES,CITATION_BULLET|PAGE_CHECK_MARKER,COVERED,•  ফুরাত ইবনে ইব্রাহিমের তাফসিরের বর্ণনা — খাতামতো; PAGE-CHECK।
8910,YES,YES,CITATION_BULLET|PAGE_CHECK_MARKER|SUTRA_MARKER|SHIA_BOOK,COVERED,"•  «উম্মু আবিহা» — বিহারুল আনওয়ার খণ্ড ৪৩, অধ্যায় ২ (মাকাতিলুত তালিবিয়্যিন থেকে, ইমাম জাফর আস-সাদিক (আলাইহিস্ সালাম)-এর সূত্রে), আগের পাসের পাঠ; PAGE-CHECK।"
8911,YES,NO,CITATION_BULLET|HADITH_WORD,COVERED,"•  বুরুল্লাহর শেখানো দরুদ — উস্তাদের ক্লাসের আমল [লেখকের তাজরিবা], হাদীস নয়।"
8937,NO,NO,QURAN_MARKER,FLAGGED_UNCLAIMED,"“ভয় না। রাগ। আট বছরের রাগ।” রাকিকা একটু হাসল, তিক্ত। “তাহলে ভালোবাসা কিসের জন্য? তাহলে কাকে নিঃশর্ত ভালোবাসতে কোরআন বলেছে? আমি তো স্পষ্টভাবে পড়েছি সূরা আশ-শুরা—”"
8941,NO,NO,QURAN_MARKER,FLAGGED_UNCLAIMED,"“আমার মনে প্রশ্ন জেগেছিল,” রাকিকা বলল, এবার গলা নিচে নামিয়ে, “যাঁদের জন্য তাতহীরের আয়াত নাজিল হয়েছে, যাঁদেরকে রাসূলুল্লাহ ﷺ চাদরের নিচে নিয়ে বলেছিলেন ‘আহলে কিসা’, তাঁদের নিয়েও যদি সন্দেহ থাকে—তাহ"
8944,NO,NO,QURAN_MARKER,FLAGGED_UNCLAIMED,"সে নিজের ফোনে সূরা আহযাব খুলল, তেত্রিশ, শেষ অংশটা পড়ল।"
8946,NO,NO,QURAN_MARKER,FLAGGED_UNCLAIMED,"“এ আয়াতে ‘ইন্‌নামা’ শব্দ এসেছে,” শামস বলল, “যা আরবিতে কোনো বিষয়ের বিশেষীকরণ বোঝাতে ব্যবহৃত হয়। অর্থাৎ—এই পবিত্রতা, এই অনন্ত শুদ্ধতা সব আত্মীয়ের জন্য নয়— শুধু তাঁদের জন্য যাঁদেরকে আল্লাহ নিজে পবিত"
8956,NO,NO,QURAN_MARKER,FLAGGED_UNCLAIMED,"“আরেকটা ব্যাপার ভাবো,” বুরুল্লাহ বলল। “কুরআনে আল্লাহ আদম, নূহ, ইব্রাহিমের বংশধর আর ইমরানের বংশধরকে বেছে নিয়েছেন, জগতের ওপর। তাহলে রাসূলুল্লাহ ﷺ-এর ১৪জন মাসুম- পরিবারকে আল্লাহ কেন ছাড় দিলেন? বেছে নেও"
8960,YES,NO,QURAN_MARKER|HADITH_WORD|RASUL_SAID,COVERED,"স্পিকারে বুরুল্লাহ বলল, “দেখো, এই প্রশ্নের উত্তর একেবারে স্পষ্টভাবে পাওয়া যায় হাদীস থেকে। রাসূলুল্লাহ ﷺ নিজেই বলেছেন: আমি তোমাদের মাঝে দুইটি ভারি জিনিস রেখে যাচ্ছি— কুরআন এবং আমার আহলুল বাইত। যতক্ষণ"
8962,NO,NO,QURAN_MARKER,FLAGGED_UNCLAIMED,"“…রাসূলুল্লাহ ﷺ বলছেন, কুরআনের মতোই আহলুল বাইত পথপ্রদর্শক, এবং কিয়ামত পর্যন্ত পথপ্রদর্শক। একটা প্রশ্ন: জাহান্নামে কি কোনো পথপ্রদর্শককে পাঠানো যায়? কুরআনের সমান্তরালে যার অবস্থান, তাকে কি জাহান্নামের"
8966,YES,YES,BARNITA_MARKER|RASUL_SAID,COVERED,"বর্ণিত আছে, রাসূলুল্লাহ ﷺ বলেছেন: “নিশ্চয়ই আল্লাহ তোমাকে (হে ফাতেমা) এবং তোমার সন্তানদের জাহান্নামের আগুনে শাস্তি দিবেন না।”"
8976,NO,NO,QURAN_MARKER,FLAGGED_UNCLAIMED,"তাকাভি নিজের ফোনে সূরা যুমার খুলে রাহাতের দিকে বাড়িয়ে দিল। রাহাত পড়ল, তেপান্ন: ‘বলুন, হে আমার বান্দাগণ যারা নিজেদের উপর যুলুম করেছ তোমরা আল্লাহর রহমত থেকে নিরাশ হয়ো না। নিশ্চয় আল্লাহ সমস্ত গোনাহ "
8979,NO,NO,HADITH_WORD,FLAGGED_UNCLAIMED,“এছাড়া আমি যখন এই হাদীসটা পড়ি—”
8981,NO,NO,RASUL_SAID,FLAGGED_UNCLAIMED,"“জাবের ইবনে আবদুল্লাহ হতে বর্ণিত, রাসূলুল্লাহ ﷺ বলেন, আমার কন্যার নাম ফাতেমা এ জন্যে রাখা হয়েছে যে, আল্লাহ তা'আলা তাকে এবং তার আশেকদেরকে জাহান্নামের আগুন হতে পৃথক করে দিয়েছেন। তখন আমার গায়ে কাঁটা দ"
8995,YES,YES,BARNITA_MARKER|RASUL_SAID,COVERED,"«আহলুল বাইতের প্রতি ভালোবাসা শুধু আবেগ নয়, এটাই ইমানের ভিত্তি। আর তাঁদের বিরোধিতা মানেই— শয়তানী ফাঁদে পা দেওয়া। রাসূলুল্লাহ ﷺ বলেছেন বলে বর্ণিত আছে— ""আহলুল বাইত আমার, আর তাঁদের ভালোবাসা মানেই নাজাত"
9000,YES,NO,HADITH_WORD|RASUL_SAID,COVERED,"“একটা হাদীস পড়লাম মোবাইলে,” রাহাত বলল, অন্ধকারে, পর্দার আলোয় পড়তে পড়তে। “আয়েশা বলেছেন— চাল-চলনে, স্বভাব-চরিত্রে, উঠা-বসায় মা সাইয়্যিদা ফাতিমাতুয্ যাহরা (আলাইহাস্ সালাম)-র মতো আর কাউকে রাসূলুল্ল"
9005,YES,NO,RASUL_SAID,COVERED,"রাকিকা গভীর কণ্ঠে বলল, “কিন্তু বিষয়টা শুধু আবেগ নয়। আনাস ইবনে মালেকও বলেছেন— কোন ব্যক্তি হাসান ইবনে আলী ও মা সাইয়্যিদা ফাতেমাতুয যাহরার চেয়ে অধিক রাসূলুল্লাহ ﷺ-এর সাথে সাদৃশ্যশীল ছিলনা। অর্থাৎ, ঐত"
9027,NO,NO,QURAN_MARKER,FLAGGED_UNCLAIMED,"কুরআনে আল্লাহর আয়াত তুমি - চমৎকার প্রেমের সুরে গাঁথা, ও মা! আল্লাহর ফুল তুমি - রুহের সুবাসে মোরা মাতোয়ারা, কুরআনেআল্লাহর আলোর রত্ন তুমি - বিশাল সমুদ্রের গভীরতায় ও মা! আল্লাহর নূরের তুমি- দীপাধার, ম"
9031,NO,NO,QURAN_MARKER,FLAGGED_UNCLAIMED,"আমাদের হৃদয়ে মোহরাঙ্কিত- সূরা তৌহিদ, সূর্যের উৎস থেকে পাওয়া আলো চিরজাগ্রত, তোমার শুদ্ধতার দীপ্তিতে আলোকিত সব প্রাণ, তুমি আকাশের নক্ষত্রসম, চিরভাস্বর জ্ঞান। হে সকল ইমামদের মহিমাময় মা, তোমার প্রতি হৃ"
9032,NO,NO,QURAN_MARKER,FLAGGED_UNCLAIMED,"কুরআনের হৃদয়ে- আজ আনুগত্যের ডানা মেলেছে, একের পর এক আয়াতে- নুরের গমনাগমনে, আল্লাহ! তোমার ব্যাখ্যায় নাযিল করেছে। কুরআনের বহু আয়াত থেকে, আজ মোরা দিক্ষা নিয়ে আনুগত্যের ডানা মেলেছি, স্বাধীনভাবে উড়বো"
9033,NO,NO,QURAN_MARKER,FLAGGED_UNCLAIMED,"তুমি আলো, তুমি সত্যের ধ্রুবতারা কুরআনের পরেতে পরেতে, তোমার সম্মান অনন্তে পড়েছে সব সীমাকে ছাড়িয়ে। হে মা সাইয়্যিদা ফাতিমাতুয্ যাহরা (আলাইহাস্ সালাম), তুমি তাওহিদের শিখা, মোরা গোলাম তোমার প্রতি অনন্ত"
9057,NO,NO,SUTRA_MARKER,FLAGGED_UNCLAIMED,সূত্র
9058,YES,NO,CITATION_BULLET,COVERED,"•  আহলুল বাইতের পবিত্রতার আলাপ, ট্রেনের সংলাপ ও ফার্সি কবিতার ভাবার্থ-অনুবাদ লেখকের নিজের খাতা থেকে; কবিতার মূল: মাজিদ বানি ফাতিমা।"
9059,YES,NO,CITATION_BULLET|QURAN_MARKER,COVERED,"•  কুরআন ৪২:২৩, ৩৩:৩৩ (শেষাংশ), ৩:৩৩, ৩৯:৫৩, ১০৮:১ — api.alquran.cloud-এ মেলানো, CONFIRMED।"
9060,YES,YES,CITATION_BULLET|PAGE_CHECK_MARKER|SUNNI_BOOK,COVERED,"•  সাকালাইন: সহীহ মুসলিম ২৪০৮ (মূল অংশ, CONFIRMED, সংস্করণ-পাঠ); «কখনো পথভ্রষ্ট হবে না» — তিরমিযি ৩৭৮৬ (CONFIRMED, সংস্করণ-পাঠ); «কিয়ামত পর্যন্ত একসাথে থাকবে» — তিরমিযি ৩৭৮৮ (PAGE-CHECK)। খাতায় পুরো"
9061,YES,YES,CITATION_BULLET|PAGE_CHECK_MARKER|BARNITA_MARKER,COVERED,"•  «আল্লাহ তোমাকে ও তোমার সন্তানদের আগুনে শাস্তি দেবেন না»; «ফাতিমা সতীত্ব রক্ষা করেছেন, তাই আল্লাহ তাঁর সন্তানদের আগুন থেকে রক্ষা করেছেন»; «فطمها الله وفطم محبيها عن النار» — সবগুলো বর্ণিত আছে; PAGE-"
9062,YES,YES,CITATION_BULLET|PAGE_CHECK_MARKER|SUTRA_MARKER|BARNITA_MARKER,COVERED,"•  «আহলুল বাইত আমার, আর তাঁদের ভালোবাসা মানেই নাজাত» (REV1-এ ফেরানো, ¶13894) — খাতায় আত-তাবারানী, আল-মু'জামুল কাবীর, ইবনে আব্বাস সূত্র, «সনদ দুর্বল» লেখা; গল্পে «বর্ণিত আছে»; PAGE-CHECK।"
9063,YES,YES,CITATION_BULLET|PAGE_CHECK_MARKER|SUNNI_BOOK|HADITH_WORD,COVERED,•  হাদীসে কুদসি «হে আদম সন্তান… আকাশমণ্ডলের মতো গুনাহ» — জামে তিরমিযিতে বর্ণিত; PAGE-CHECK।
9064,YES,NO,CITATION_BULLET,COVERED,•  «আমি গাদিরের উত্তরাধিকার» — «বলা হয়»; উৎস পাওয়া যায়নি।
9065,YES,YES,CITATION_BULLET|PAGE_CHECK_MARKER|SUNNI_BOOK,COVERED,"•  আয়িশার বর্ণনা (চাল-চলনে সাদৃশ্য; স্ত্রীদের মজলিসে আগমন, «স্বাগতম, হে আমার কন্যা») — সহীহ বুখারি/মুসলিম ও সুনান গ্রন্থে বর্ণিত; আনাসের বর্ণনা (হাসান ও ফাতিমার সাদৃশ্য) — PAGE-CHECK।"
9081,NO,NO,QURAN_MARKER,FLAGGED_UNCLAIMED,কুরআনে স্পষ্ট ঘোষণা আছে: ‘আল্লাহ মুসার সঙ্গে কথা বলেছেন।’
9082,YES,NO,RASUL_SAID,COVERED,"কখনও আবার আল্লাহ ওহীর পর্দার আড়াল দিয়ে কথা বলেছেন। যেমন রাসূলুল্লাহ ﷺ-এর ক্ষেত্রে। তাঁর হৃদয়ে নাজিল হয়েছে সেই অমর বাণী, যা আজও পৃথিবীর প্রতিটি কোণায় আলো ছড়িয়ে দিচ্ছে।"
9084,NO,NO,QURAN_MARKER,FLAGGED_UNCLAIMED,"আরেক স্থানে তিনি ঘোষণা করেছেন এমন এক প্রতিশ্রুতি, যা পৃথিবীর ইতিহাসে আর কোনো কিতাব পায়নি: ‘নিশ্চয়ই আমরাই কুরআন অবতীর্ণ করেছি এবং আমরাই তা সংরক্ষণ করব।’"
9085,NO,NO,QURAN_MARKER,FLAGGED_UNCLAIMED,"দেখো, এই আয়াতের ভেতর কী অপূর্ব এক নিশ্চয়তা! পৃথিবীর সব গ্রন্থ হারিয়ে যেতে পারে, কিন্তু কুরআনের প্রতিটি শব্দ, প্রতিটি অক্ষর চিরকাল অটুট থাকবে।”"
9095,NO,NO,QURAN_MARKER,FLAGGED_UNCLAIMED,“দ্বিতীয় পথ—কুরআন।
9096,YES,YES,BARNITA_MARKER|QURAN_MARKER,COVERED,"যখন তুমি কুরআন তিলাওয়াত করো, তখন শুনছো আল্লাহর বাণী। দোয়া হলো তোমার বক্তব্য, আর কুরআন হলো তাঁর উত্তর। বর্ণিত আছে: ‘তুমি যদি চাও আল্লাহ তোমার সঙ্গে কথা বলুন, তবে কুরআন পড়ো। আর তুমি যদি আল্লাহর সঙ্গে"
9101,NO,NO,QURAN_MARKER,FLAGGED_UNCLAIMED,"যেমন রাসূলুল্লাহ ﷺ মেরাজে গিয়েছিলেন আল্লাহর দরবারে, তেমনি আমাদের নামাজ হলো আমাদের ব্যক্তিগত মেরাজ। সিজদায় যখন তুমি মাথা রাখ, তখনই তুমি সবচেয়ে কাছে চলে আসো তোমার রবের। কুরআনে বলা হয়েছে: ‘সিজদা করো "
9105,NO,NO,QURAN_MARKER,FLAGGED_UNCLAIMED,“তাহলে সূরা ফাতিহা পড়া কি সত্যিই আল্লাহর সঙ্গে সংলাপ?”
9107,YES,NO,QURAN_MARKER|RASUL_SAID,COVERED,"“হ্যাঁ। সূরা ফাতিহা কোনো নিছক পুনরাবৃত্তি নয়, বরং প্রেমের আলাপন। রাসূলুল্লাহ ﷺ বলেছেন যে, আল্লাহ বলেন:"
9121,NO,NO,QURAN_MARKER,FLAGGED_UNCLAIMED,"চাচা ফাতিহা পড়লেন, জোরে, ধীরে। প্রতিটি আয়াতের পর এক নিঃশ্বাস থামলেন, যেন সত্যিই উত্তরের জন্য অপেক্ষা করছেন। আলহামদুলিল্লাহি রব্বিল আলামীন। থামা। আর রহমানির রহীম। থামা। মালিকি ইয়াওমিদ্দীন।"
9139,NO,NO,SUTRA_MARKER,FLAGGED_UNCLAIMED,সূত্র
9140,YES,NO,CITATION_BULLET,COVERED,•  দরসের বক্তব্য লেখকের নিজের খাতা থেকে।
9141,YES,NO,CITATION_BULLET|QURAN_MARKER,COVERED,"•  কুরআন ৪:১৬৪, ৫:৪৮, ১৫:৯, ৯৬:১৯, ১:২–৬ — api.alquran.cloud-এ মেলানো, CONFIRMED।"
9142,YES,YES,CITATION_BULLET|PAGE_CHECK_MARKER|SUNNI_BOOK|HADITH_WORD,COVERED,•  ফাতিহার দুই ভাগের হাদীসে কুদসি («আমার বান্দা আমার প্রশংসা করেছে…») — সহীহ মুসলিম ৩৯৫ (খাতামতো); PAGE-CHECK।
9143,YES,YES,CITATION_BULLET|PAGE_CHECK_MARKER|BARNITA_MARKER|QURAN_MARKER,COVERED,"•  «কুরআন পড়ো, আল্লাহ কথা বলবেন; দোয়া করো, তুমি কথা বলবে» — বর্ণিত আছে; PAGE-CHECK।"
9144,YES,YES,CITATION_BULLET|PAGE_CHECK_MARKER|SUTRA_MARKER|HADITH_WORD,COVERED,"•  «নামাজ মুমিনের মেরাজ» — বহুল প্রচলিত উক্তি; হাদীস-গ্রন্থে সূত্র খোঁজা বাকি, তাই «বলা হয়»; PAGE-CHECK।"
9148,NO,NO,QURAN_MARKER,FLAGGED_UNCLAIMED,"চাচার হাতে একটি চাবির গোছা। লোহার আংটায় সাত-আটটা চাবি, কোনোটা পিতলের, কোনোটা মরচে-ধরা। আসরের পর মসজিদের পেছনের ছোট গুদামঘরের তালার সামনে দাঁড়িয়ে তিনি একটি একটি করে চাবি লাগাচ্ছেন। গুদামে কুরআন শরীফ"
9158,NO,NO,QURAN_MARKER,FLAGGED_UNCLAIMED,ঐতিহাসিক আয়াত
9160,NO,NO,QURAN_MARKER,FLAGGED_UNCLAIMED,চাচা রেহাল থেকে কুরআন তুলে রাহাতের হাতে দিলেন। “সূরা বায়্যিনাহ। পাঁচ।”
9164,NO,NO,QURAN_MARKER,FLAGGED_UNCLAIMED,"“এই আয়াতের একটা ব্যাখ্যা আছে,” চাচা বললেন। “ইমাম বাকির (আলাইহিস্ সালাম) থেকে একটি বর্ণনায় তিনি উপরোক্ত আয়াতটির ব্যাখ্যা করেছেন এভাবে— এখানে ‘একনিষ্ঠ’ বলতে আল্লাহ, রাসূলুল্লাহ ﷺ এবং পবিত্র ইমামদের ("
9165,NO,NO,QURAN_MARKER,FLAGGED_UNCLAIMED,রাহাত কুরআন থেকে মুখ তুলল। “নামাজ মানে আলী (আলাইহিস্ সালাম)?”
9172,YES,NO,RASUL_SAID,COVERED,"চাচা ধীরে ধীরে বললেন— “রাসূলুল্লাহ ﷺ বলেছেন: ‘নামাজ জান্নাতের চাবি।’ আর জাবির ইবনে আবদুল্লাহ থেকে বর্ণিত— আল্লাহর রাসূল ﷺ বলেছেন: ‘জান্নাতের চাবি হলো নামাজ, আর নামাজের চাবি হলো ওজু।’”"
9179,NO,NO,QURAN_MARKER,FLAGGED_UNCLAIMED,"চাচা মৃদু হাসলেন। “ঠিক তাই। এ জন্যই কুরআনে আল্লাহ বারবার বলেছেন— আকিমিস সালাহ। খেয়াল করো, এখানে কেবল ‘নামাজ আদায় করো’ বলা হয়নি। বলা হয়েছে—‘কায়েম করো’। অর্থাৎ নামাজকে দাঁড় করাও, জীবনের প্রতিটি স্"
9190,NO,NO,QURAN_MARKER,FLAGGED_UNCLAIMED,"“নামাজ কায়েম মানে শুধু দাঁড়িয়ে কিছু আয়াত পড়ে শেষ করা নয়,” চাচা দৃঢ় কণ্ঠে যোগ করলেন। “বরং এটি হলো পূর্ণ প্রতিষ্ঠা—আকীদায়, আনুগত্যে, আমলে। নামাজকে সেইভাবে দাঁড় করানো, যেভাবে আল্লাহর প্রতিনিধি দ"
9191,YES,YES,BARNITA_MARKER,COVERED,"চাচা একটু ঝুঁকে বললেন— “আমাদের মাওলা আলী (আলাইহিস্ সালাম)-এর কথা বলে বর্ণিত আছে— ‘নামাজ যেদিকে, আমি সেদিকে। আর আমি যেদিকে, নামাজ সেদিকে।’ তাঁর রুকু যেদিকে, আমাদের রুকুও সেদিকে হওয়া উচিত। যদি আনুগত্য "
9199,YES,YES,BARNITA_MARKER,COVERED,"বর্ণিত আছে, ঠিক তখনই সালমান ফারসী শুনলেন। তিনি তাকে ডেকে বললেন— ‘ভাই, নবীর ব্যাপারে এভাবে বলো না। তুমি বিষয়টা ভুল বুঝেছো। এসো, আমি তোমাকে দেখাই কিভাবে করতে হয়।’"
9200,NO,NO,QURAN_MARKER,FLAGGED_UNCLAIMED,"পরবর্তী নামাজে তারা দুজন আবার একসাথে দাঁড়ালেন। সালমান ফারসী সূরা ফাতিহা পাঠ করছিলেন, এমন সময় হঠাৎই রাসূলুল্লাহ ﷺ তাঁকে ডাকলেন। সালমান দ্বিধা না করে সূরা থামিয়ে দিলেন, এবং বিনম্র ভক্তির সাথে রাসূলুল"
9202,NO,NO,QURAN_MARKER,FLAGGED_UNCLAIMED,"সালমান ফারসী মুখে গভীর প্রশান্তি এনে শান্ত কণ্ঠে উত্তর দিলেন— ‘না ভাই, নবীর সেবা নামাজকে ভাঙে না। বরং এটিই নামাজের প্রাণ। কারণ নামাজে আমরা তো বলি— আল্লাহুম্মা সাল্লি আলা মুহাম্মাদ ওয়া আলি মুহাম্মাদ। "
9216,NO,NO,QURAN_MARKER,FLAGGED_UNCLAIMED,"চাচা কুরআনটা আবার খুললেন, সূরা ত্বা-হা, শেষ দিকে। রাহাতের হাতে দিলেন। “একশো বত্রিশ।”"
9218,YES,YES,BARNITA_MARKER|QURAN_MARKER,COVERED,"“এই আয়াত নামার পর,” চাচা বললেন, খুব ধীরে, “বর্ণিত আছে, রাসূলুল্লাহ ﷺ প্রতিদিন ফজরের সময় মসজিদে যাওয়ার পথে মা সাইয়্যিদা ফাতিমাতুয্ যাহরা (আলাইহাস্ সালাম)-এর ঘরের দরজায় থামতেন। দরজায় দাঁড়িয়ে বলত"
9221,NO,NO,QURAN_MARKER,FLAGGED_UNCLAIMED,রাহাত কুরআনটা কোলের ওপর নামাল।
9224,NO,NO,QURAN_MARKER,FLAGGED_UNCLAIMED,"“যাতে আমরা শিখি,” চাচা বললেন। “পরিবারকে নামাজে ডাকা ধমক দিয়ে না। দরজায় দাঁড়িয়ে। প্রতিদিন। ভালোবেসে। আর সাথে একটা আয়াত।”"
9243,NO,NO,QURAN_MARKER,FLAGGED_UNCLAIMED,"“আমি তো কুরআন মানি,” আব্বা বললেন, এখনো মুখ না তুলে। “কুরআনে পাঁচ ওয়াক্ত আলাদা আলাদা আছে, তাই জানি। তুই এখানে তিন মাস ধরে চাচার পেছনে পড়ছিস। এগুলো কোথা থেকে শিখছিস?”"
9249,NO,NO,SUTRA_MARKER,FLAGGED_UNCLAIMED,সূত্র
9250,YES,NO,CITATION_BULLET,COVERED,"•  দরসের বক্তব্য, সাহাবি ও সালমানের ঘটনা, আনুগত্যের দাঁড়িপাল্লা লেখকের নিজের খাতা থেকে।"
9251,YES,NO,CITATION_BULLET|QURAN_MARKER,COVERED,"•  কুরআন ৯৮:৫, ২০:১৩২, ৩৩:৩৩ (শেষাংশ) — api.alquran.cloud-এ মেলানো, CONFIRMED।"
9252,YES,YES,CITATION_BULLET|PAGE_CHECK_MARKER,COVERED,"•  ৯৮:৫-এর ব্যাখ্যা (সালাত = আলী, সঠিক দীন = ফাতিমা (আলাইহাস্ সালাম)) — ইমাম আল-বাকির (আলাইহিস্ সালাম) থেকে বর্ণিত; PAGE-CHECK।"
9253,YES,YES,CITATION_BULLET|PAGE_CHECK_MARKER|BARNITA_MARKER|SUNNI_BOOK,COVERED,"•  «নামাজ জান্নাতের চাবি», «জান্নাতের চাবি নামাজ, নামাজের চাবি ওজু» (জাবির) — বর্ণিত আছে (মুসনাদে আহমাদ/তিরমিযিতে প্রসিদ্ধ); PAGE-CHECK।"
9254,YES,YES,CITATION_BULLET|PAGE_CHECK_MARKER|BARNITA_MARKER,COVERED,"•  আলী (আলাইহিস্ সালাম)-এর বাজার-পরিদর্শন — বর্ণিত আছে; PAGE-CHECK। «নামাজ যেদিকে, আমি সেদিকে» — বর্ণিত আছে; উৎস পাওয়া যায়নি।"
9255,YES,YES,CITATION_BULLET|PAGE_CHECK_MARKER|BARNITA_MARKER|SUNNI_BOOK,COVERED,"•  নবীর ডাকে সাড়া না দেওয়া সাহাবি — সহীহ বুখারিতে আবু সাঈদ ইবনুল মুআল্লার বর্ণনা (৮:২৪ প্রসঙ্গে), খাতামতো; PAGE-CHECK। সালমানের দেখানোর অংশ — বর্ণিত আছে; উৎস পাওয়া যায়নি।"
9256,YES,YES,CITATION_BULLET|PAGE_CHECK_MARKER|SUNNI_BOOK,COVERED,"•  ফজরে মা সাইয়্যিদা (আলাইহাস্ সালাম)-এর দরজায় «আস-সালাত, হে আহলুল বাইত» — জামে তিরমিযিতে আনাস থেকে (ছয় মাস); অন্য বর্ণনায় আট/নয় মাস; PAGE-CHECK।"
9279,NO,NO,HADITH_WORD,FLAGGED_UNCLAIMED,"এক মুহূর্ত নীরব থেকে চাচা মেহরাবের পাশের তাক থেকে একটি মোটা বই নামালেন। হাদীসের বাংলা অনুবাদ, পুরোনো, মলাটে কারও হাতে লেখা নাম। পাতা উল্টে একটি জায়গায় থামলেন। তাঁর কণ্ঠে ভেসে এল প্রশান্তির মৃদু সুর।"
9283,NO,NO,QURAN_MARKER|HADITH_WORD,FLAGGED_UNCLAIMED,"“কিন্তু আপনি তো কুরআন মানেন,” চাচা বললেন। তাঁর চোখে চিন্তার নরম আলো। “হাদীস থাক। কুরআনেই দেখি। কোরআন মানুষকে দিনে তিন সময়ে নামাজে কিয়াম করতে বলেছে।”"
9284,NO,NO,QURAN_MARKER,FLAGGED_UNCLAIMED,আব্বার নিজের কুরআন
9286,NO,NO,QURAN_MARKER,FLAGGED_UNCLAIMED,"ব্যাগ থেকে বের হলো একটি ছোট কুরআন শরীফ, বাংলা অনুবাদসহ, সবুজ রেক্সিনের মলাট, কোনাগুলো ভাঁজ হয়ে গেছে। আমি কোনোদিন জানতাম না তিনি এটা অফিসে সাথে রাখেন। রাহাত দরজা থেকে ঘুরে তাকাল। তার ভুরু উঠে গেছে। সে"
9288,NO,NO,QURAN_MARKER,FLAGGED_UNCLAIMED,"“সূরা হুদ,” চাচা বললেন। “একশো চৌদ্দ।”"
9289,NO,NO,QURAN_MARKER,FLAGGED_UNCLAIMED,"আব্বা পাতা ওল্টালেন। তাঁর আঙুল অভ্যস্ত, দ্রুত। পেলেন। চশমাটা পকেট থেকে বের করে পরলেন। পড়লেন, ঠোঁট নেড়ে, নিঃশব্দে। তারপর জোরে, নিজের কুরআনের অনুবাদ থেকে:"
9296,NO,NO,QURAN_MARKER,FLAGGED_UNCLAIMED,"“আরেকটা আছে,” চাচা বললেন। “সূরা বনী ইসরাইল। আটাত্তর।”"
9299,NO,NO,QURAN_MARKER,FLAGGED_UNCLAIMED,"“সূর্য ঢলে পড়া থেকে,” চাচা বললেন, খুব নরম করে, “রাতের অন্ধকার পর্যন্ত। একটা সীমা। তারপর ফজর। আরেকটা। এর ভেতরে পাঁচ ওয়াক্ত। কুরআন কোথাও আলাদা আলাদা পাঁচটা ঘণ্টা বেঁধে দেয়নি, বাবা। রাসূলুল্লাহ ﷺ আলাদ"
9301,NO,NO,QURAN_MARKER,FLAGGED_UNCLAIMED,আব্বা কুরআনটা কোলের ওপর খোলা রেখে বসে রইলেন। কিছু বললেন না।
9308,NO,NO,QURAN_MARKER,FLAGGED_UNCLAIMED,"“সময় নিয়ে মানুষের প্রথম বিদ্রোহও তো তখনই হয়েছিল,” বুরুল্লাহ বলল, ধীরে, তার চোখে যেন ইতিহাসের ধুলো জমে আছে, “যখন আল্লাহর প্রতিনিধি, আহলুল বাইত ও কুরআনের নির্দেশ নয়, অন্য কেউ নির্ধারণ করতে চাইল, ‘এখ"
9314,NO,NO,QURAN_MARKER,FLAGGED_UNCLAIMED,"আব্বা কিছুক্ষণ নীরব রইলেন। কুরআনটা বন্ধ করলেন না। পাতার ওপর আঙুল রেখে রইলেন, যেখানে সূরা বনী ইসরাইলের আয়াতটা।"
9315,NO,NO,QURAN_MARKER,FLAGGED_UNCLAIMED,"তারপর তিনি বললেন, খুব আস্তে, যেন নিজেকে, “আমি কুরআন মানি। আমি সারা জীবন বলেছি, আমি শুধু কুরআন মানি।” একটু থামলেন। “আজ কুরআনই আমাকে দেখাল।”"
9316,NO,NO,QURAN_MARKER,FLAGGED_UNCLAIMED,তিনি কুরআনটা বন্ধ করলেন। চুমু খেলেন। ব্যাগে রাখলেন না। পাঞ্জাবির বুকপকেটে রাখলেন।
9326,NO,NO,QURAN_MARKER,FLAGGED_UNCLAIMED,"তিন মাস আগে, ময়মনসিংহ থেকে রওনা দেওয়ার আগের রাতে, আব্বা বলেছিলেন, ওখানে গিয়ে নতুন নতুন জিনিস শিখবি, কিন্তু কুরআনের বাইরে কিছু না। রাহাত পরে আমাকে বলেছিল। আর আজ আব্বা কুরআন খুলেছেন, আর কুরআনই তাঁকে "
9340,NO,NO,QURAN_MARKER,FLAGGED_UNCLAIMED,আব্বা বুকপকেটের কুরআনটায় একবার হাত রাখলেন। “অফিস আছে।” একটু থামলেন। “দেখি।”
9341,NO,NO,QURAN_MARKER,FLAGGED_UNCLAIMED,"সে রাতে রাহাত আমাকে কোনো মেসেজ পাঠায়নি। পরদিন সকালে জেনেছিলাম, এশার পর সে আব্বার পাশে বসে অনেকক্ষণ চুপচাপ ছিল, তারপর আব্বা তাকে সূরা হুদের সেই আয়াতটা আবার পড়তে বলেছিলেন, তার মুখে, আর রাহাত পড়তে পড"
9343,NO,NO,SUTRA_MARKER,FLAGGED_UNCLAIMED,সূত্র
9344,YES,NO,CITATION_BULLET,COVERED,"•  সময়ের ইতিহাস, তিন সময়, যোহর-আসরের পর আসরের ওয়াক্ত লেখকের নিজের খাতা থেকে।"
9345,YES,NO,CITATION_BULLET|QURAN_MARKER,COVERED,"•  কুরআন ১১:১১৪ ও ১৭:৭৮ — api.alquran.cloud-এ মেলানো, CONFIRMED (আব্বার পড়া অনুবাদ api-র বাংলা পাঠ)।"
9346,YES,YES,CITATION_BULLET|PAGE_CHECK_MARKER|SUNNI_BOOK,COVERED,•  ইবনে আব্বাস: ভয় বা সফর ছাড়া মদীনায় যোহর-আসর ও মাগরিব-এশা একত্রে — সহীহ মুসলিম ৭০৫ (খাতামতো); PAGE-CHECK।
9357,YES,NO,RASUL_SAID,COVERED,"বুরুল্লাহ বলল, গভীর স্বরে: “রাসূলুল্লাহ ﷺ বলেছেন, ‘তোমরা আমাকে যেভাবে নামাজ আদায় করতে দেখেছ, সেভাবে নামাজ আদায় করো।’ কিন্তু বলো তো, আজ কতজন ইমাম বুকের ভেতর হাত রেখে বলতে পারবেন— ‘আমার নামাজ রাসূলুল্"
9360,NO,NO,QURAN_MARKER,FLAGGED_UNCLAIMED,সে তাকের দিকে হাত বাড়াল। চাচার কুরআন। রাহাতের হাতে দিল। “সূরা মারইয়াম। উনষাট।”
9365,NO,NO,QURAN_MARKER,FLAGGED_UNCLAIMED,"“আর সূরা মাঊন,” সে যোগ করল। রাহাত পাতা ওল্টাল, একেবারে শেষের দিকে, ছোট ছোট সূরা।"
9367,NO,NO,QURAN_MARKER,FLAGGED_UNCLAIMED,"রাহাত পড়া শেষ করে আঙুলটা আয়াতের ওপর রেখে দিল। দুর্ভোগ নামাজিদের। যারা নামাজ পড়ে, তাদের।"
9374,NO,NO,HADITH_WORD,FLAGGED_UNCLAIMED,"বুরুল্লাহ এবার চাচার দিকে তাকাল। চাচা তাক থেকে সেই মোটা হাদীসের বইটা নামিয়ে দিলেন, কাল যেটা আব্বাকে দেখিয়েছিলেন। বুরুল্লাহ পাতা খুঁজল, একটি কাগজের টুকরো গোঁজা ছিল সেখানে।"
9375,NO,NO,RASUL_SAID,FLAGGED_UNCLAIMED,"“ঠিক সেটাই তো ইতিহাস বলছে,” সে বলল। পড়ল। “আনাস ইবনে মালিক বলেন, ‘রাসূলুল্লাহ ﷺ-এর সময়ের কিছুই আজ তেমনভাবে অবশিষ্ট নেই।’ লোকেরা বলল, ‘নামাজ তো আছে!’ তিনি বললেন, ‘নামাজেও যা করার তা করনি।’”"
9382,NO,NO,RASUL_SAID,FLAGGED_UNCLAIMED,"বুরুল্লাহ বলল, দৃঢ় কণ্ঠে, “একদম তাই।” বইয়ের আরেক পাতায় গেল। “ইমরান ইবনে হুসাইন বলেন, আমরা আলী (আলাইহিস্ সালাম)-এর পিছনে নামাজ পড়লাম, তিনি আমাদের রাসূলুল্লাহ ﷺ-এর নামাজের কথা মনে করিয়ে দিলেন।”"
9384,YES,YES,BARNITA_MARKER,COVERED,"“এমনকি,” বুরুল্লাহ বলল, “বর্ণিত আছে, সাহাবারা কুফার মসজিদে আলাপ করতেন, ‘এতদিন পর আমরা আলীর ইমামতে রাসূলের নামাজের রূপ ফিরে পেলাম।’”"
9391,YES,NO,RASUL_SAID,COVERED,"বুরুল্লাহ ধীরে মাথা ঝোঁকাল। “ঠিক তাই। কারণ রাসূলুল্লাহ ﷺ নিজেই বলেছেন, ‘আলী হকের সাথে এবং হক আলীর সাথে।’ তাহলে হক কোথায় থাকবে?”"
9412,NO,NO,QURAN_MARKER,FLAGGED_UNCLAIMED,"“কাল যোহরের পর এখানেই থাকিস,” বুরুল্লাহ রাহাতকে বলল, উঠতে উঠতে। “এই দরজায়। আব্বু কাল একটা আয়াত নিয়ে বসবেন, যেটা নামাজের ভেতরে একটা দানের ঘটনা নিয়ে।”"
9417,NO,NO,SUTRA_MARKER,FLAGGED_UNCLAIMED,সূত্র
9418,YES,YES,CITATION_BULLET|PAGE_CHECK_MARKER,COVERED,•  «তোমরা আমাকে যেভাবে নামাজ আদায় করতে দেখেছ…» — সহীহ বুখারী (মালিক ইবনুল হুওয়াইরিস); খণ্ড/নম্বর PAGE-CHECK।
9419,YES,NO,CITATION_BULLET|QURAN_MARKER,COVERED,"•  কুরআন ১৯:৫৯, ১০৭:৪–৫ — api.alquran.cloud, CONFIRMED।"
9420,YES,YES,CITATION_BULLET|PAGE_CHECK_MARKER,COVERED,"•  আনাস ইবনে মালিকের উক্তি ও দামেশকে কান্না (যুহরীর বর্ণনা) — সহীহ বুখারী, «নামাজের ওয়াক্ত» অধ্যায় (খাতামতো); নম্বর PAGE-CHECK।"
9421,YES,YES,CITATION_BULLET|PAGE_CHECK_MARKER|BARNITA_MARKER,COVERED,"•  ইমরান ইবনে হুসাইন, আলী (আলাইহিস্ সালাম)-এর পেছনে নামাজ — সহীহ বুখারী (খাতামতো); নম্বর PAGE-CHECK। কুফার মসজিদের আলাপ — খাতায় «মেশকাতুল মাসাবিহ, তাজরীদুল বুখারী»; PAGE-CHECK, তাই দৃশ্যে «বর্ণিত আছে"
9422,YES,YES,CITATION_BULLET|PAGE_CHECK_MARKER|SUNNI_BOOK,COVERED,"•  «আলী হকের সাথে, হক আলীর সাথে» — আল-হাকিম, আল-মুসতাদরাক (হাকিমের মতে সহীহ, যাহাবীর আপত্তি); PAGE-CHECK।"
9423,YES,NO,CITATION_BULLET,COVERED,•  আবদুল করিম চাচা ও হাত-বাঁধার দৃশ্য — Claude (অধ্যায় ৫-এর প্রস্তুতি)।
9433,NO,NO,QURAN_MARKER,FLAGGED_UNCLAIMED,আয়াতুল ওলায়াহ
9434,NO,NO,QURAN_MARKER,FLAGGED_UNCLAIMED,চাচা হাসলেন। কিছু বললেন না প্রথমে। কুরআনটা তাক থেকে নামিয়ে রাহাতের হাতে দিলেন। “সূরা মায়িদা। পঞ্চান্ন।”
9442,NO,NO,QURAN_MARKER,FLAGGED_UNCLAIMED,"নীরবতা মসজিদকে ঢেকে রেখেছে। বাতাসে কোরআনের সূক্ষ্ম সুর ভেসে আসছিল— পেছনের কাতারে কেউ একজন নিচু স্বরে তিলাওয়াত করছে। হঠাৎ সেই যুবক একটি প্রশ্ন করল, “এই আয়াতে কার প্রতি নির্দেশ? কে সেই ব্যক্তি যিনি রু"
9446,NO,NO,QURAN_MARKER,FLAGGED_UNCLAIMED,"“এই আয়াত ‘আয়াতুল ওলায়াহ’,” চাচা বললেন। “এখানে আল্লাহর নির্দেশিত ওলী হলেন ইমাম আলী (আলাইহিস্ সালাম)। কারণ, তিনি রুকু অবস্থায় নিজের আঙুলের আংটি দিয়ে দান করেছিলেন। এটা শুধু দান নয়, বরং আনুগত্য ও নে"
9449,NO,NO,QURAN_MARKER,FLAGGED_UNCLAIMED,"খিজির চাচা হেসে ফেললেন। “ভাঙলে আল্লাহ আয়াত নামাতেন না, বাবা।”"
9454,NO,NO,QURAN_MARKER,FLAGGED_UNCLAIMED,চাচা কুরআনটা নিজের দিকে টানলেন। সূরা ত্বাহা খুললেন। রাহাতকে দেখালেন।
9455,YES,YES,BARNITA_MARKER|RASUL_SAID,COVERED,"“আবু যার আল-গিফারী বলেন,” চাচা বললেন, “বর্ণিত আছে, সেদিন নামাজ শেষে রাসূলুল্লাহ ﷺ দুহাত তুলে আল্লাহর কাছে প্রার্থনা করলেন: ‘ইয়া প্রভু! যেমন তুমি মূসা (আলাইহিস্ সালাম)-এর জন্য তাঁর ভাই হারুনকে শক্তি ও"
9459,NO,NO,SUTRA_MARKER|QURAN_MARKER,FLAGGED_UNCLAIMED,"“ইবনে মারদুইয়া ও খাতীব বাগদাদী ইবনে আব্বাস সূত্রে বর্ণনা করেছেন,” চাচা বললেন। “তাবরানী আম্মার ইবনে ইয়াসির সূত্রে। শিয়া ও সুন্নি উভয় মাযহাবের তাফসীরকারদের বড় অংশ বলেছেন এই আয়াত আলী (আলাইহিস্ সালা"
9461,NO,NO,QURAN_MARKER,FLAGGED_UNCLAIMED,"“এই মহান সত্যকে কুরআনের আয়াতুল কুরসিতে অপূর্বভাবে ব্যাখ্যা করা হয়েছে,” চাচা বললেন। তারপর থেমে আরেকটি আয়াত পাঠ করলেন, মুখস্থ থেকে, চোখ বন্ধ করে:"
9463,NO,NO,QURAN_MARKER,FLAGGED_UNCLAIMED,"রাহাত সূরা বাকারা খুলল। দুশো সাতান্ন। আয়াতুল কুরসির ঠিক পরে। আম্মু প্রতি রাতে আয়াতুল কুরসি পড়েন, রাহাত জানে কোথায়। পরের আয়াতটা সে কোনোদিন পড়েনি।"
9473,NO,NO,QURAN_MARKER,FLAGGED_UNCLAIMED,তিনি রাহাতের হাত থেকে কুরআন নিয়ে আরেকটা জায়গা খুললেন। সূরা মারইয়াম। রাহাতকে ফিরিয়ে দিলেন। কাল ঠিক এই সূরায় সে «নামাজ নষ্ট করল» পড়েছিল। আজ একত্রিশ নম্বর আয়াত।
9477,NO,NO,QURAN_MARKER,FLAGGED_UNCLAIMED,রাহাত কুরআনটা বন্ধ করে বুকে ধরে বসে রইল। তারপর দরজার দিকে তাকাল।
9497,NO,NO,SUTRA_MARKER,FLAGGED_UNCLAIMED,সূত্র
9498,YES,NO,CITATION_BULLET|QURAN_MARKER,COVERED,"•  কুরআন ৫:৫৫, ২:২৫৭, ২০:২৯–৩১, ১৯:৩১ — api.alquran.cloud, CONFIRMED (৫:৫৫-এর বাংলা খাতার অনুবাদ, «সালাত» → «নামাজ»; বাকিগুলো api বাংলা)।"
9499,YES,YES,CITATION_BULLET|PAGE_CHECK_MARKER|SUTRA_MARKER|BARNITA_MARKER,COVERED,"•  আবু যার আল-গিফারীর বর্ণনা ও নবীর দোয়া — খাতামতো; সূত্র উল্লেখ নেই, তাই «বর্ণিত আছে»; PAGE-CHECK।"
9500,YES,YES,CITATION_BULLET|PAGE_CHECK_MARKER|SUTRA_MARKER,COVERED,"•  ইবনে মারদুইয়া, খাতীব বাগদাদী (ইবনে আব্বাস সূত্রে), তাবরানী (আম্মার ইবনে ইয়াসির সূত্রে) — খাতামতো; PAGE-CHECK।"
9501,YES,YES,CITATION_BULLET|PAGE_CHECK_MARKER,COVERED,"•  ইমাম জাফর সাদিক (আলাইহিস্ সালাম): «ওলায়াহকে জানার পর…» — আল-কাফী, কিতাবুল ঈমান ওয়াল কুফর, বাবুল ওয়ালায়াহ (খাতামতো); PAGE-CHECK।"
9522,NO,NO,QURAN_MARKER,FLAGGED_UNCLAIMED,"চাচা পাঞ্জাবির পকেট থেকে একটি ছোট কুরআন বের করলেন। হাতের তালুর সমান, পাতলা কাগজ। রাহাতের হাতে দিলেন। “ভেজা হাতে না। মুছে নাও।”"
9526,NO,NO,QURAN_MARKER,FLAGGED_UNCLAIMED,"“অবনত হও তাদের সাথে,” চাচা বললেন। “একা না। রুকুকারীদের সাথে রুকু করো। কাল তুমি দেখেছ কার রুকু আল্লাহ আয়াত করে দিয়েছেন।”"
9529,NO,NO,QURAN_MARKER,FLAGGED_UNCLAIMED,"চাচা রাহাতকে আরও দুটো জায়গা দেখালেন। সূরা মুমিনুন, শুরুর তিন আয়াত: “মুমিনগণ সফলকাম হয়ে গেছে, যারা নিজেদের নামাযে বিনয়-নম্র; যারা অনর্থক কথা-বার্তায় নির্লিপ্ত।” তারপর সূরা আ‘লা, চৌদ্দ ও পনেরো: “নি"
9530,NO,NO,QURAN_MARKER,FLAGGED_UNCLAIMED,"রাহাত দুটো আয়াত পাশাপাশি রাখল, আঙুল দিয়ে পাতা আটকে। “দুটোতেই সফলকাম,” সে বলল। “আর দুটোতেই নামাজ।”"
9546,NO,NO,QURAN_MARKER,FLAGGED_UNCLAIMED,"“আল্লাহ সূরা আনকাবুতে বলেছেন,” চাচা বললেন, রাহাতের হাতের ছোট কুরআনটার দিকে ইশারা করে। রাহাত খুঁজল, পঁয়তাল্লিশ নম্বর আয়াত। পড়ল: “নিশ্চয় নামায অশ্লীল ও গর্হিত কার্য থেকে বিরত রাখে। আল্লাহর স্মরণ সর্"
9564,NO,NO,SUTRA_MARKER,FLAGGED_UNCLAIMED,সূত্র
9565,YES,YES,CITATION_BULLET|PAGE_CHECK_MARKER|SUNNI_BOOK,COVERED,"•  নদীর উদাহরণ — সহীহ বুখারী ৫২৮, সহীহ মুসলিম ৬৬৭ (খাতামতো); PAGE-CHECK।"
9566,YES,NO,CITATION_BULLET|QURAN_MARKER,COVERED,"•  কুরআন ২:৪৩, ২৩:১–৩, ৮৭:১৪–১৫, ২৯:৪৫ — api.alquran.cloud, CONFIRMED (বাংলা api পাঠ)।"
9567,YES,NO,CITATION_BULLET|QURAN_MARKER,COVERED,•  কারুনের ধনভান্ডারের চাবি — কুরআন ২৮:৭৬-এর ইঙ্গিত (চাচার মুখে «নাকি»); আয়াত দৃশ্যে পড়া হয়নি।
9568,YES,NO,CITATION_BULLET,COVERED,"•  চাবির খাঁজ, জান্নাতের দরজা — লেখকের নিজের খাতা থেকে।"
9585,NO,NO,QURAN_MARKER,FLAGGED_UNCLAIMED,"বুরুল্লাহ পকেট থেকে মোবাইল বের করল। কুরআনের অ্যাপ। সূরা আলে ইমরান, একষট্টি। রাহাতকে দিল।"
9596,YES,NO,RASUL_SAID,COVERED,"“না, কখনোই না,” বুরুল্লাহ বলল। “আমল কখনোই কাউকে জাহান্নাম থেকে নাজাত দিতে সক্ষম হবে না। রাসূলুল্লাহ ﷺ বলেছেন, ‘কস্মিনকালেও তোমাদের কাউকে তার নিজের আমল কক্ষনো নাজাত দিবে না।’”"
9608,YES,YES,BARNITA_MARKER,COVERED,"“কারণ ওই পাঁচজনের ইবাদতে লেনদেন ছিল না,” বুরুল্লাহ বলল। “আলী (আলাইহিস্ সালাম) বলেছেন, বর্ণিত আছে, এক দল জান্নাতের লোভে ইবাদত করে, সেটা ব্যবসায়ীর ইবাদত। এক দল ভয়ে করে, সেটা দাসের ইবাদত। আর এক দল কৃতজ"
9616,YES,NO,QURAN_MARKER|SUNNI_BOOK,COVERED,"“মাত্র আঠারো বছরের সংক্ষিপ্ত জীবনেই মা সাইয়্যিদা ফাতিমাতুয্ যাহরা (আলাইহাস্ সালাম) এমন এক অনন্য মর্যাদায় আসীন হয়েছেন, যা চিরকাল মুসলিম উম্মাহর জন্য আলো ও পথপ্রদর্শক হয়ে থাকবে,” বুরুল্লাহ বলল। “তাঁ"
9617,YES,YES,BARNITA_MARKER,COVERED,"একটু থেমে সে বলল, “ইমাম হাসান (আলাইহিস্ সালাম) বলেছেন, বর্ণিত আছে, ‘আমি মায়ের মতো আর কোনো ইবাদতকারী দেখিনি।’ হাসান বসরী, যিনি নিজেও বিখ্যাত ইবাদতকারী, বলেছেন, ‘ফাতিমা এত বেশি নামাজে দাঁড়িয়ে থাকতেন "
9619,YES,YES,BARNITA_MARKER,COVERED,"“তিনি শুধু নিয়মরক্ষার জন্য ইবাদত করতেন না; বরং ইবাদতের সময় তাঁর হৃদয় ছিল আল্লাহর ভয়ে কম্পমান। বর্ণিত আছে, ‘ফাতিমা (আলাইহাস্ সালাম) নামাজের সময় এতটাই গভীর ধ্যানে থাকতেন যে, আল্লাহ ফেরেশতাদের ডাক দ"
9620,NO,NO,QURAN_MARKER|RASUL_SAID,FLAGGED_UNCLAIMED,"“তিনি কেনই বা এমন হবেন না, যখন তিনি এমন এক মহান ব্যক্তির সান্নিধ্যে বড় হয়েছেন, যিনি স্বয়ং বিশ্বের সর্বশ্রেষ্ঠ ইবাদতকারী! যে রাসূলুল্লাহ ﷺ এত দীর্ঘক্ষণ নামাযে দণ্ডায়মান থাকতেন যে আল্লাহ তাঁকে বলেন,"
9626,YES,YES,BARNITA_MARKER,COVERED,"হারিকেনের কাচে একটি পোকা এসে বসল। বুরুল্লাহ সেদিকে তাকিয়ে বলল, “‘ইলালুশ শারায়ে’ গ্রন্থে বর্ণিত আছে, ‘তিনি যখন ইবাদতে দাঁড়াতেন, তখন আসমানের অধিবাসীদের জন্য এক উজ্জ্বল নক্ষত্রের মতো তাঁর পবিত্র দেহ থ"
9627,NO,NO,QURAN_MARKER,FLAGGED_UNCLAIMED,"“জিবরাইল (আলাইহিস্ সালাম) তাঁকে একটা নামাজ শিখিয়েছিলেন,” বুরুল্লাহ বলল। “ইমাম জাফর সাদিক (আলাইহিস্ সালাম) বলেন, ‘আমার মা ফাতিমা সর্বদা দুই রাকাত নামাজ আদায় করতেন। প্রথম রাকাতে সূরা হামদের পরে একশো ব"
9642,NO,NO,SUTRA_MARKER,FLAGGED_UNCLAIMED,সূত্র
9643,YES,YES,CITATION_BULLET|PAGE_CHECK_MARKER|BARNITA_MARKER,COVERED,•  নামাজে মা সাইয়্যিদার ভয়ে কাঁপা ও ফেরেশতাদের ডেকে দেখানো — বর্ণিত আছে; PAGE-CHECK (আমালি সাদুক সম্ভাব্য)।
9644,YES,YES,CITATION_BULLET|PAGE_CHECK_MARKER,COVERED,•  «তিনি যখন ইবাদতে দাঁড়াতেন… আলো বিচ্ছুরিত হতো» — খাতায় «ইলালুশ শারায়ে»; PAGE-CHECK।
9645,YES,NO,CITATION_BULLET|QURAN_MARKER,COVERED,"•  কুরআন ৩:৬১, ২০:১–২ — api.alquran.cloud, CONFIRMED।"
9646,YES,YES,CITATION_BULLET|PAGE_CHECK_MARKER|SUTRA_MARKER,COVERED,"•  মুবাহালা ও নাজরানের প্রতিনিধিদল — খাতামতো; পাদ্রির «নব্বই বছর» উক্তির সূত্র খাতায় নেই, PAGE-CHECK।"
9647,YES,YES,CITATION_BULLET|PAGE_CHECK_MARKER|SUNNI_BOOK,COVERED,"•  «তোমাদের কাউকে তার আমল নাজাত দেবে না» — সহীহ বুখারী ৬৪৬৩, সহীহ মুসলিম ২৮১৮ (খাতামতো); PAGE-CHECK।"
9648,YES,YES,CITATION_BULLET|PAGE_CHECK_MARKER,COVERED,•  ইমাম হাসান (আলাইহিস্ সালাম) ও হাসান বসরীর উক্তি — খাতায় «Fatima Zahra in the Words of the Infallibles»; PAGE-CHECK।
9649,YES,YES,CITATION_BULLET|PAGE_CHECK_MARKER|SUTRA_MARKER|BARNITA_MARKER,COVERED,"•  রাসূলুল্লাহ ﷺ ও মা সাইয়্যিদার কথোপকথন (ইবাদতের তৌফিক) — খাতামতো; সূত্র নেই, «বর্ণিত আছে» ধাঁচে; PAGE-CHECK।"
9650,YES,YES,CITATION_BULLET|PAGE_CHECK_MARKER,COVERED,"•  মা সাইয়্যিদার দুই রাকাত নামাজ — ইমাম জাফর সাদিক (আলাইহিস্ সালাম) থেকে, খাতায় al-islam.org; PAGE-CHECK।"
9658,NO,NO,RASUL_SAID,FLAGGED_UNCLAIMED,"“আল্লাহ বলেন, ‘আমার এবাদত করার জন্যই আমি মানব ও জিন জাতি সৃষ্টি করেছি।’” কাগজে নিচে আরেকটু লেখা ছিল, সেটাও পড়ল: “নবী-রাসূলদের মূল দায়িত্বই ছিল মানুষকে ইবাদতের দিকে আহ্বান করা। ইবাদতের মাধ্যমেই মানুষ"
9663,YES,NO,RASUL_SAID,COVERED,"“রাসূলুল্লাহ ﷺ বলেছেন, ‘মানুষের মধ্যে সেই ব্যক্তি শ্রেষ্ঠ, যে ইবাদতের প্রতি আকৃষ্ট থাকে, অন্তর দিয়ে এটিকে ভালোবাসে, উৎফুল্ল হয়ে দেহকে কাজে লাগায় এবং এর জন্য নিজেকে পুরোপুরি নিয়োজিত করে।’ আমরা যদি "
9676,YES,NO,RASUL_SAID,COVERED,"“রাসূলুল্লাহ ﷺ বলেছেন,” বুরুল্লাহ বলল, চুপ থাকার প্রতিজ্ঞা আবার ভেঙে, “‘ইবাদতের দশটি অংশ আছে, যার নয়টি অংশ হলো হালাল জীবিকা অন্বেষণ।’”"
9680,YES,NO,RASUL_SAID,COVERED,"রাহাত বলল, “এই ব্যাপারে রাসূলুল্লাহ ﷺ একটা সুন্দর কথা বলেছেন, ‘ব্যস্ত রাখার জন্য ইবাদতই যথেষ্ট।’ মানে, ইবাদত শুধু দায়িত্ব নয়, বরং এটি আমাদের সকল কাজের বরকত এনে দেয়।”"
9682,NO,NO,RASUL_SAID,FLAGGED_UNCLAIMED,"“একদম ঠিক বলেছো!” রাহাত বলল। “রাসূলুল্লাহ ﷺ বলেন, ‘হে আদম সন্তান, আমার দিকে একান্তভাবে হও, তাহলে আমি তোমার অন্তরকে সম্পদ দিয়ে পূর্ণ করব এবং তোমার হাতকে রিজিক দিয়ে পূর্ণ করব। আর যদি আমার থেকে মুখ ফির"
9691,YES,NO,RASUL_SAID,COVERED,"রাহাত কাগজে চোখ রাখল। “হ্যাঁ, কিন্তু ইবাদতের মধ্যে শুধু বাহ্যিকতা থাকলে হবে না। রাসূলুল্লাহ ﷺ বলেছেন, ‘নিশ্চিত বিশ্বাস ছাড়া কোনো ইবাদত নেই।’ ইয়াকিন। অর্থাৎ, যদি আমরা আল্লাহর অস্তিত্ব ও তাঁর প্রতি বি"
9692,NO,NO,RASUL_SAID,FLAGGED_UNCLAIMED,"“একদম!” বুরুল্লাহ বলল। “রাসূলুল্লাহ ﷺ বলেন, ‘আল্লাহর ইবাদত কর এমনভাবে যেন তুমি তাকে দেখতে পাচ্ছো, আর যদি তাকে দেখতে না পাও, তবে নিশ্চিত থাকো যে তিনি তোমাকে দেখছেন।’ মানে আমাদের ইবাদত শুধু বাহ্যিক আচরণ"
9698,YES,NO,RASUL_SAID,COVERED,"শামস: “রাসূলুল্লাহ ﷺ বলেছেন, ‘শ্রেষ্ঠতম ইবাদত হলো উপলব্ধি বা ধর্মীয় বিধান সম্পর্কে অনুধাবন।’”"
9714,NO,NO,QURAN_MARKER,FLAGGED_UNCLAIMED,"“ইমাম আলী (আলাইহিস্ সালাম) বলেন,” বুরুল্লাহ বলল, এবার শেষবারের মতো, “‘দাসত্ব পাঁচটি জিনিস দিয়ে গঠিত: পেট খালি রাখা, কুরআন পাঠ করা, তাহাজ্জুদ নামাজ পড়া, ভোরে আল্লাহর কাছে অনুনয় করা, এবং আল্লাহর ভয়ে"
9726,NO,NO,SUTRA_MARKER,FLAGGED_UNCLAIMED,সূত্র
9727,YES,NO,CITATION_BULLET|QURAN_MARKER,COVERED,"•  কুরআন ৫১:৫৬ — api.alquran.cloud, CONFIRMED (api বাংলা)।"
9728,YES,YES,CITATION_BULLET|PAGE_CHECK_MARKER|HADITH_WORD,COVERED,"•  এই অধ্যায়ের হাদীস ও উক্তিগুলো খাতায় মিজানুল হিকমা, «ইবাদত» অধ্যায় (২৬১), পৃ. ৬৭৬-এর বরাতে; প্রতিটির মূল উৎস PAGE-CHECK।"
9729,YES,YES,CITATION_BULLET|PAGE_CHECK_MARKER|SUNNI_BOOK|HADITH_WORD,COVERED,"•  ইহসানের হাদীস («যেন তুমি তাঁকে দেখছ») — সহীহ মুসলিম, কিতাবুল ঈমান (জিবরাইলের হাদীস); নম্বর PAGE-CHECK।"
9730,YES,YES,CITATION_BULLET|PAGE_CHECK_MARKER,COVERED,"•  «দাসত্ব পাঁচটি জিনিস দিয়ে গঠিত» — ইমাম আলী (আলাইহিস্ সালাম), মিজানুল হিকমার বরাতে; PAGE-CHECK।"
9748,NO,NO,QURAN_MARKER,FLAGGED_UNCLAIMED,"“ঠিক বলেছিস। আমাদের মাঝে অনেকেই আছে,” বুরুল্লাহ বলল, “যারা শুধু জাহান্নামের ভয়, কবরের আযাবের ভয় থেকে ইবাদত করে। দেখ, যখন আশেপাশে কেউ মারা যায়, মা, বাবা, ভাই, বোন, বন্ধু বা পরিচিত কেউ, তখনই আমাদের ম"
9756,NO,NO,QURAN_MARKER,FLAGGED_UNCLAIMED,বুরুল্লাহ তাক থেকে চাচার কুরআন নামাল। সূরা শূরা খুলে রাহাতকে দিল। “তেইশ।”
9761,NO,NO,QURAN_MARKER,FLAGGED_UNCLAIMED,"রাহাত কুরআনটা দুহাতে ধরে রেখেছিল। “সত্যিই দারুণ কথা বললে, বুরুল্লাহ ভাই! আল্লাহর প্রেমের এই গভীরতা আগে বুঝিনি।”"
9764,NO,NO,QURAN_MARKER,FLAGGED_UNCLAIMED,"বুরুল্লাহ কুরআন বন্ধ করে চোখ বন্ধ করল। তারপর আরবিতে কিছু বলল, ধীরে, যেন বহুবার বলেছে:"
9766,YES,YES,BARNITA_MARKER,COVERED,"“আলী (আলাইহিস্ সালাম)-এর মুনাজাত,” সে বলল। “বর্ণিত আছে। ‘হে আমার ইলাহ, আমি তোমার আগুনের ভয়ে তোমার ইবাদত করিনি, তোমার জান্নাতের লোভেও না। বরং আমি তোমাকে ইবাদতের যোগ্য পেয়েছি, তাই ইবাদত করেছি।’”"
9795,NO,NO,SUTRA_MARKER,FLAGGED_UNCLAIMED,সূত্র
9796,YES,NO,CITATION_BULLET|QURAN_MARKER,COVERED,"•  কুরআন ৪২:২৩ — api.alquran.cloud, CONFIRMED (api বাংলা, অংশবিশেষ)।"
9797,YES,YES,CITATION_BULLET|PAGE_CHECK_MARKER|SHIA_BOOK,COVERED,"•  আলী (আলাইহিস্ সালাম)-এর মুনাজাত «ইলাহি মা আবাদতুকা খাওফান…» — প্রচলিত বর্ণনা (ইবনে আবিল হাদীদ, শারহু নাহজিল বালাগা; আল্লামা মাজলিসী, বিহারুল আনওয়ার ৪১/১৪ হিসেবে উদ্ধৃত হয়); PAGE-CHECK।"
9798,YES,NO,CITATION_BULLET,COVERED,"•  ভয়ের/প্রেমের ইবাদত, নদীর বৃদ্ধা — লেখকের নিজের খাতা থেকে।"
9924,NO,NO,HADITH_WORD,FLAGGED_UNCLAIMED,"“একটা বৃত্ত পুরো হয় তিনশো ষাট ডিগ্রিতে,” সে বলল। “উস্তাদ বলতেন, শুঁয়োপোকা যখন পূর্ণ হয়, প্রজাপতি হয়ে ওড়ে। তিনশো ষাটবার দরুদে রূহ যেন একবার পুরো ঘুরে আসে। দেহের খাঁচা থেকে একটু উড়ে যায়।” সে বৃত্"
9926,YES,NO,RASUL_SAID,COVERED,"“কারণ আল্লাহ নিজে আর তাঁর ফেরেশতারা রাসূলুল্লাহ ﷺ-এর ওপর দরুদ পাঠান, আর মুমিনদেরও তা-ই করতে বলেছেন। আমার মনে হয়, যে দরজা দিয়ে আল্লাহর রহমত নামে, সেই দরজার নাম মুহাম্মাদ ও আলে মুহাম্মাদ। দরুদ সেই দরজ"
9928,YES,YES,BARNITA_MARKER,COVERED,"“উস্তাদ আরেকটা জিনিস ঠিক করে দিয়েছিলেন,” বুরুল্লাহ বলল। “আমাদের দেশে অনেকে দরুদের শেষে আলে মুহাম্মাদ বাদ দিয়ে দেন। শুধু ‘সাল্লাল্লাহু আলাইহি ওয়া সাল্লাম’। পরিবারের নাম নেই। উস্তাদ এটাকে বলতেন লেজকা"
9941,NO,NO,QURAN_MARKER,FLAGGED_UNCLAIMED,"“যারা আসতে চায়, তাদের আগে চল্লিশ রাত দিই,” বুরুল্লাহ বলল। “ঘুমের আগে সূরা ফাতিহা একবার, ইখলাস তিনবার, কাওসার একবার, পুরো দরুদ চল্লিশবার। তারপর ডান হাত কলবের ওপর রেখে একটা দোয়া: হে আল্লাহ, আমাকে সঠিক"
9955,NO,NO,SUTRA_MARKER,FLAGGED_UNCLAIMED,সূত্র
9956,YES,NO,CITATION_BULLET|HADITH_WORD,COVERED,"•  উস্তাদের সঙ্গে দেখা, ছয় রং, লতিফার সারণি, আমল — লেখকের নিজের খাতা থেকে; লেখকের তাজরিবা, উস্তাদের ক্লাসের আমল, হাদীস নয়।"
9957,YES,NO,CITATION_BULLET|QURAN_MARKER,COVERED,"•  সূরা নূর ২৪:৩৫ — api.alquran.cloud, CONFIRMED।"
9958,YES,NO,CITATION_BULLET|QURAN_MARKER,COVERED,•  দরুদের নির্দেশ: সূরা আহযাব ৩৩:৫৬ (দৃশ্যে ভাবার্থ)।
9959,YES,YES,CITATION_BULLET|PAGE_CHECK_MARKER|BARNITA_MARKER,COVERED,•  «লেজকাটা দরুদ» নিষেধের বর্ণনা — খাতামতো «বর্ণিত আছে»; PAGE-CHECK।
9960,YES,NO,CITATION_BULLET,COVERED,•  «আয়না বসায়ে দে মোর কলবের ভিতর» — হাসন রাজার গানের চরণ।
9961,YES,NO,CITATION_BULLET,COVERED,"•  চল্লিশ রাতের আমল ও উড়ার স্বপ্ন — লেখকের ক্লাসের খাতা (বই ৪, JONY_CLASSES/PRE_ENTRY_40_DAYS); পুরো পাঠ বই ৪-এ।"
10008,YES,YES,BARNITA_MARKER|RASUL_SAID,COVERED,"রাহাত পড়ল, আঙুল লাইনে রেখে: “বর্ণিত আছে, রাসূলুল্লাহ ﷺ বলেছেন, রাগ শয়তান থেকে, শয়তান আগুনের তৈরি, আর আগুন নেভে পানিতে। তাই রাগ উঠলে ওজু করো। দাঁড়িয়ে থাকলে বসে পড়ো, বসে থাকলে শুয়ে পড়ো।”"
10058,NO,NO,SUTRA_MARKER,FLAGGED_UNCLAIMED,সূত্র
10059,YES,NO,CITATION_BULLET|HADITH_WORD,COVERED,"•  চার উপাদান, ১২০ দিন, আমল ও ফরিয়াদ — লেখকের নিজের খাতা (তৃতীয় পাঠ); লেখকের তাজরিবা, উস্তাদের ক্লাসের আমল, হাদীস নয়।"
10060,YES,NO,CITATION_BULLET|QURAN_MARKER,COVERED,"•  কুরআন ২:১৫৬ («ইন্না লিল্লাহি…») — দৃশ্যে উচ্চারণ ও অর্থ; api.alquran.cloud-এ মেলানো, CONFIRMED।"
10061,YES,YES,CITATION_BULLET|PAGE_CHECK_MARKER|SUNNI_BOOK,COVERED,"•  রাগ ও ওজু: সুনানে আবু দাউদ (কিতাবুল আদব, রাগের সময় যা বলতে হয়); বসা/শোয়া: একই কিতাব — নম্বর PAGE-CHECK।"
10098,NO,NO,HADITH_WORD,FLAGGED_UNCLAIMED,“এটা কি হাদীসে আছে?” শামস জানতে চাইল।
10131,NO,NO,QURAN_MARKER,FLAGGED_UNCLAIMED,"“কুরআনে আছে,” বুরুল্লাহ বলল। “সূরা যারিয়াত। খুঁজে দেখিস।”"
10132,NO,NO,QURAN_MARKER,FLAGGED_UNCLAIMED,"রাহাত মোবাইল বের করে খুঁজল। পেল, আটান্ন নম্বর আয়াত। পড়ল: “আল্লাহ তা’আলাই তো জীবিকাদাতা শক্তির আধার, পরাক্রান্ত।”"
10133,NO,NO,QURAN_MARKER,FLAGGED_UNCLAIMED,"“জুল কুওয়াতিল মাতিন,” বুরুল্লাহ বলল। “শক্তির মালিক, দৃঢ়। আর ঠিক তার আগের আয়াত কী?”"
10135,NO,NO,QURAN_MARKER,FLAGGED_UNCLAIMED,বুধবার রাতে লেকের ধারে এই আয়াতটাই তার কাগজের প্রথম লাইন ছিল।
10136,NO,NO,QURAN_MARKER,FLAGGED_UNCLAIMED,"“দেখ,” বুরুল্লাহ বলল। “ইবাদতের জন্য সৃষ্টি, তার দুই আয়াত পরে, শক্তি তাঁর। তুই দুই মিনিটে সাতবার হারাবি। শক্তি তোর না।”"
10149,NO,NO,SUTRA_MARKER,FLAGGED_UNCLAIMED,সূত্র
10150,YES,NO,CITATION_BULLET|HADITH_WORD,COVERED,"•  শ্বাসের পাঠ, পাঁচ চল্লিশ দিন, প্রবেশের তিন শর্ত, জিকির — লেখকের নিজের খাতা (চতুর্থ পাঠ); লেখকের তাজরিবা, উস্তাদের ক্লাসের আমল, হাদীস নয়।"
10151,YES,NO,CITATION_BULLET|QURAN_MARKER,COVERED,"•  কুরআন ৫১:৫৬, ৫১:৫৮ — api.alquran.cloud, CONFIRMED (api বাংলা)।"
10152,YES,NO,CITATION_BULLET,COVERED,•  পুরো সময়ের দায়রা ও মিনিটের ছক — বই ৪।
10168,NO,NO,QURAN_MARKER,FLAGGED_UNCLAIMED,সে রাহাতের দিকে মোবাইল বাড়িয়ে দিল। “সূরা কামার। প্রথম দুই আয়াত।”
10175,YES,YES,BARNITA_MARKER,COVERED,"খাতা আমার হাত থেকে ফেরত নিয়ে বুরুল্লাহ পরের পাতা খুলল। “ঘটনাটা উস্তাদ যেভাবে বলেছিলেন, সেভাবেই লিখে রেখেছিলাম। বর্ণিত আছে,” সে বলল, তারপর পড়ল:"
10190,NO,NO,QURAN_MARKER,FLAGGED_UNCLAIMED,"“আব্বা সেই মঙ্গলবার নিজের কুরআনে আয়াত খুঁজে পেলেন। চাচার পেছনে আসর পড়লেন। তারপর দশ দিন রোজ আসরের আগে মসজিদে এলেন। গতকাল শুক্রবার, এলেন না।” সে থামল। “কাল রাতে খাওয়ার সময় বললেন, ‘তোর চাচা ভালো মানু"
10231,NO,NO,SUTRA_MARKER,FLAGGED_UNCLAIMED,সূত্র
10232,YES,NO,CITATION_BULLET|QURAN_MARKER,COVERED,"•  কুরআন ৫৪:১–২ — api.alquran.cloud, CONFIRMED (api বাংলা)।"
10233,YES,YES,CITATION_BULLET|PAGE_CHECK_MARKER|SUNNI_BOOK,COVERED,"•  চাঁদ দ্বিখণ্ডনের ঘটনা — সহীহ বুখারী (কিতাবুল মানাকিব, ইনশিকাকুল কামার) ও সহীহ মুসলিম (সিফাতুল মুনাফিকীন); খাতার বিবরণ (আকাবা, ১৪ জন) PAGE-CHECK।"
10234,YES,NO,CITATION_BULLET|HADITH_WORD,COVERED,"•  আট অভ্যাস, পঞ্চম পাঠের উক্তি — লেখকের নিজের খাতা; লেখকের তাজরিবা, উস্তাদের ক্লাসের আমল, হাদীস নয়।"
10285,NO,NO,QURAN_MARKER,FLAGGED_UNCLAIMED,"“আদম আর হাওয়ার দোয়া,” সে বলল। “সূরা আ‘রাফ।”"
10286,NO,NO,QURAN_MARKER,FLAGGED_UNCLAIMED,"রাহাত নিজের মোবাইলে খুঁজল। তেইশ নম্বর আয়াত। পড়ল, ধীরে: “হে আমাদের পালনকর্তা আমরা নিজেদের প্রতি জুলম করেছি। যদি আপনি আমাদেরকে ক্ষমা না করেন এবং আমাদের প্রতি অনুগ্রহ না করেন, তবে আমরা অবশ্যই অবশ্যই ধ্"
10320,NO,NO,SUTRA_MARKER,FLAGGED_UNCLAIMED,সূত্র
10321,YES,NO,CITATION_BULLET|HADITH_WORD,COVERED,"•  নফসের পশু-ছায়া, মুরশিদের প্রয়োজন, প্রথম মঞ্জিলের আলামত — লেখকের নিজের খাতা (ষষ্ঠ পাঠ); লেখকের তাজরিবা, উস্তাদের ক্লাসের আমল, হাদীস নয়।"
10322,YES,NO,CITATION_BULLET|QURAN_MARKER,COVERED,"•  কুরআন ৭:২৩ — api.alquran.cloud, CONFIRMED (api বাংলা)।"
10323,YES,NO,CITATION_BULLET|SUTRA_MARKER,COVERED,•  মানুষের হক ও ক্ষমা — অধ্যায় ৭-এর সূত্র দেখুন।
10346,NO,NO,QURAN_MARKER,FLAGGED_UNCLAIMED,"“সূরা কিয়ামাহ,” বুরুল্লাহ বলল। “দুই নম্বর আয়াত।”"
10349,NO,NO,QURAN_MARKER,FLAGGED_UNCLAIMED,"রাহাত ভেজা আঙুলে মোবাইলের পর্দা মুছল, আয়াতটা আবার পড়ল, এবার ঠোঁট নেড়ে।"
10351,NO,NO,QURAN_MARKER,FLAGGED_UNCLAIMED,"“উস্তাদ নফসের তিন অবস্থার কথা বলতেন,” বুরুল্লাহ বলল। “প্রথমটা আম্মারা, যে মন্দের দিকে ঠেলে। ইউসুফ (আলাইহিস্ সালাম)-এর কথা, সূরা ইউসুফে।”"
10357,NO,NO,QURAN_MARKER,FLAGGED_UNCLAIMED,"রাহাত সূরা ফজর খুলল। পড়ল: “হে প্রশান্ত মন, তুমি তোমার পালনকর্তার নিকট ফিরে যাও সন্তুষ্ট ও সন্তোষভাজন হয়ে।”"
10359,NO,NO,QURAN_MARKER,FLAGGED_UNCLAIMED,"তার নিচে, তার নিজের হাতে, আয়াতের অনুবাদ। সে পড়ল: “হে প্রশান্ত আত্মা! তুমি তোমার প্রভুর দিকে ফিরে এসো, সন্তুষ্ট ও পরিতুষ্ট হয়ে।”"
10375,YES,YES,BARNITA_MARKER|RASUL_SAID,COVERED,"রাহাত পড়ল: “বর্ণিত আছে, রাসূলুল্লাহ ﷺ বলেছেন, ‘আমি জ্ঞানের নগরী, আর আলী তার দরজা।’ যে নগরে ঢুকতে চায়, তাকে দরজা দিয়েই আসতে হবে।”"
10396,NO,NO,SUTRA_MARKER,FLAGGED_UNCLAIMED,সূত্র
10397,YES,NO,CITATION_BULLET|QURAN_MARKER,COVERED,"•  কুরআন ১২:৫৩, ৭৫:২, ৮৯:২৭–২৮ — api.alquran.cloud, CONFIRMED (api বাংলা)।"
10398,YES,YES,CITATION_BULLET|PAGE_CHECK_MARKER|SUNNI_BOOK,COVERED,"•  «আমি জ্ঞানের নগরী, আলী তার দরজা» — আল-হাকিম, আল-মুসতাদরাক (কিতাবু মারিফাতিস সাহাবা); জামে তিরমিযী (মানাকিব, «আমি হিকমতের ঘর»); নম্বর PAGE-CHECK।"
10399,YES,NO,CITATION_BULLET|HADITH_WORD,COVERED,"•  আঠারো ক্লাস ও নফসের স্তর — লেখকের নিজের খাতা; লেখকের তাজরিবা, হাদীস নয়।"
10415,NO,NO,QURAN_MARKER,FLAGGED_UNCLAIMED,"“প্রথমে একটা আয়াত,” চাচা বললেন। তাক থেকে কুরআন নামিয়ে রাহাতের হাতে দিলেন। “সূরা নাজম। ঊনচল্লিশ।”"
10418,NO,NO,QURAN_MARKER,FLAGGED_UNCLAIMED,"রাহাত কুরআনটা কোলে নামিয়ে রাখল। “তাহলে আমাদের অবস্থা তো ভয়াবহ! আমরা যদি এত ইবাদত করেও জান্নাতে যেতে না পারি, তাহলে কীভাবে মুক্তি সম্ভব?”"
10420,YES,YES,BARNITA_MARKER,COVERED,"“বর্ণিত আছে, একবার রাসূলুল্লাহ ﷺ সাহাবাদের বললেন, ‘তোমরা কি জানো, প্রকৃত নিঃস্ব কে?’ সাহাবিরা বললেন, ‘আমাদের মধ্যে নিঃস্ব সেই ব্যক্তি, যার কাছে কোনো ধন-সম্পদ নেই, কোনো অর্থকড়ি নেই।’”"
10429,NO,NO,QURAN_MARKER,FLAGGED_UNCLAIMED,"“তোমার কথাই ঠিক, বাবা। অন্যের অধিকার ছিনিয়ে নিয়ে ইবাদতের ভারে জান্নাতে ওঠা অসম্ভব। মনে রেখো, অন্যায়ভাবে কারও হক নষ্ট করলে, আমরা প্রকৃতপক্ষে নিজেদের ধ্বংসের জন্য পথ তৈরি করি।” চাচা বললেন। “সূরা নিসা, "
10432,NO,NO,QURAN_MARKER,FLAGGED_UNCLAIMED,রাহাত কুরআনের পাতায় আঙুল রেখে বসে থাকল।
10434,NO,NO,QURAN_MARKER,FLAGGED_UNCLAIMED,"“আরেকটা আয়াত,” চাচা বললেন। “আদমের দুই ছেলের ঘটনা। সূরা মায়িদা, সাতাশ।”"
10440,YES,YES,BARNITA_MARKER|RASUL_SAID,COVERED,"“এর চেয়েও কঠিন কথা আছে,” চাচা বললেন। খাতার পাতা উল্টে পড়লেন: “বর্ণিত আছে, রাসূলুল্লাহ ﷺ বলেছেন, ‘যখন দু’জন মুসলমান তরবারি হাতে একে অপরের বিরুদ্ধে লড়াই করে, তখন হত্যাকারী ও নিহত—দু’জনই দোযখের অধিকার"
10446,NO,NO,QURAN_MARKER,FLAGGED_UNCLAIMED,"তিনি রাহাতের হাতের কুরআন নিজের দিকে টেনে নিয়ে পাতা উল্টালেন, সূরা ইবরাহিমের একটি আয়াতে আঙুল রাখলেন, তারপর আবার রাহাতের দিকে ঘুরিয়ে দিলেন। রাহাত পড়ল: “আর তুমি কখনোই আল্লাহকে জালিমদের কর্ম সম্পর্কে "
10449,NO,NO,QURAN_MARKER,FLAGGED_UNCLAIMED,রাহাত কুরআনটা দুই হাতে বুকের কাছে তুলে ধরল।
10455,NO,NO,QURAN_MARKER,FLAGGED_UNCLAIMED,“আর যদি সে মাফ না করে?” রাহাত আবার জানতে চাইল। কুরআনের ওপর তার আঙুল সাদা হয়ে গেছে।
10459,NO,NO,QURAN_MARKER,FLAGGED_UNCLAIMED,দরস শেষে সবাই উঠছিল। রাহাত বসে রইল কুরআনটা কোলে নিয়ে।
10462,NO,NO,QURAN_MARKER,FLAGGED_UNCLAIMED,"“পেছনে ছিলাম,” আব্বা বললেন। তিনি রাহাতের হাত থেকে কুরআনটা নিলেন, বন্ধ করলেন, তাকে রেখে দিলেন। তারপর রাহাতের দিকে ফিরলেন।"
10478,NO,NO,SUTRA_MARKER,FLAGGED_UNCLAIMED,সূত্র
10479,YES,NO,CITATION_BULLET|QURAN_MARKER,COVERED,"•  কুরআন ৫৩:৩৯, ৪:৫৮, ৫:২৭, ১৪:৪২, ৬:২১, ২:২৫৮ — api.alquran.cloud, CONFIRMED (api বাংলা)।"
10480,YES,YES,CITATION_BULLET|PAGE_CHECK_MARKER|SUNNI_BOOK,COVERED,•  «প্রকৃত নিঃস্ব কে» — সহীহ মুসলিম ২৫৮১ (খাতামতো); PAGE-CHECK।
10481,YES,YES,CITATION_BULLET|PAGE_CHECK_MARKER|SUNNI_BOOK,COVERED,"•  «হত্যাকারী ও নিহত দুজনই আগুনে» — সহীহ বুখারী ৭০৮৩, সহীহ মুসলিম ২৮৮৮ (খাতামতো); PAGE-CHECK।"
10494,NO,NO,QURAN_MARKER,FLAGGED_UNCLAIMED,বুরুল্লাহ নীরব রইল। শুধু মসজিদের ভেতর থেকে চাচার কুরআনটা এনে রাহাতের কোলে রাখল।
10495,NO,NO,QURAN_MARKER,FLAGGED_UNCLAIMED,"“সূরা সফ,” সে বলল। “দুই আর তিন।”"
10497,NO,NO,QURAN_MARKER,FLAGGED_UNCLAIMED,"রাহাত মোবাইল নামিয়ে রাখল, কুরআন খুলল। পড়ল:"
10499,NO,NO,QURAN_MARKER,FLAGGED_UNCLAIMED,পড়া শেষে সে আঙুল আয়াতের ওপর রেখে বসে রইল।
10500,NO,NO,QURAN_MARKER|HADITH_WORD,FLAGGED_UNCLAIMED,"“এক সপ্তাহ ধরে আমি সবাইকে বলছি,” সে বলল। “আরশিকে, আম্মুকে, শামসকে। এই হাদীস, ওই আয়াত। আর নিজে?”"
10503,YES,YES,BARNITA_MARKER,COVERED,"রাহাত পকেট থেকে নিজের টিক-খাতা বের করল। এক সপ্তাহ ধরে যা শুনেছে, টুকে রেখেছে। একটি পাতা খুলে পড়ল, প্রায় নিজেকে শুনিয়ে: “বর্ণিত আছে, রাসূলুল্লাহ ﷺ তো স্বপ্নে এমন কিছু লোককে দেখেছিলেন, যাদের মুখ আগ"
10508,NO,NO,HADITH_WORD,FLAGGED_UNCLAIMED,"“সাদিক, ইলম যদি অন্তর থেকে উৎসারিত না হয়, তবে তা এক বোঝা মাত্র। ভালো দিক দেখা নিঃসন্দেহে গুরুত্বপূর্ণ। তবে হাদিসে এসেছে, যে ব্যক্তি মানুষকে সৎকাজের আদেশ দেয় কিন্তু নিজে তা পালন করে না, তার অবস্থা ঠিক"
10511,YES,YES,BARNITA_MARKER|RASUL_SAID,COVERED,"“আর তিনজনের কথা,” বুরুল্লাহ বলল। “বর্ণিত আছে, রাসূলুল্লাহ ﷺ বলেছেন, ‘কিয়ামতের দিন তিন শ্রেণির মানুষকে বিচারকের কাঠগড়ায় দাঁড় করানো হবে এবং তাদের পরিণতি হবে ভয়াবহ। প্রথম জন—যে শহীদ হয়েছে, কিন্তু তার উদ্"
10532,NO,NO,QURAN_MARKER|HADITH_WORD,FLAGGED_UNCLAIMED,"“চল্লিশ দিন কাউকে কিছু শেখাবি না। কোনো হাদীস না, কোনো আয়াত না, কোনো উপদেশ না। কেউ জিজ্ঞাসা করলে বলবি, জানি না, অন্য কাউকে জিজ্ঞাসা করো। শুধু নিজে করবি।”"
10534,NO,NO,HADITH_WORD,FLAGGED_UNCLAIMED,"“সাতাশ দিনের মাথায় এক বন্ধুকে একটা হাদীস বলে ফেলেছিলাম,” বুরুল্লাহ বলল। “আবার এক থেকে শুরু করেছিলাম।” সে থামল। “ওই চল্লিশ দিনে আমি যত শিখেছিলাম, তার আগের এক বছরে শিখিনি। কারণ যখন বলতে পারি না, তখন কর"
10535,NO,NO,QURAN_MARKER,FLAGGED_UNCLAIMED,রাহাত কুরআনটা বন্ধ করল।
10550,NO,NO,SUTRA_MARKER,FLAGGED_UNCLAIMED,সূত্র
10551,YES,NO,CITATION_BULLET|QURAN_MARKER,COVERED,"•  কুরআন ৬১:২–৩ — api.alquran.cloud, CONFIRMED।"
10552,YES,YES,CITATION_BULLET|PAGE_CHECK_MARKER|SUNNI_BOOK,COVERED,"•  তিন শ্রেণি (শহীদ, আলেম, দাতা) — সহীহ মুসলিম ১৯০৫ (খাতামতো); PAGE-CHECK।"
10553,YES,YES,CITATION_BULLET|PAGE_CHECK_MARKER|SUNNI_BOOK,COVERED,"•  জাঁতার গাধা — সহীহ বুখারী ৩২৬৭, সহীহ মুসলিম ২৯৮৯; PAGE-CHECK।"
10554,YES,YES,CITATION_BULLET|PAGE_CHECK_MARKER,COVERED,"•  আগুনের কাঁচি — মুসনাদে আহমাদ (আনাস থেকে, মিরাজ প্রসঙ্গে); PAGE-CHECK।"
10587,NO,NO,QURAN_MARKER,FLAGGED_UNCLAIMED,"আমি মোবাইলে সূরা আ‘রাফ খুললাম, একশো বাহাত্তর। পড়লাম: “আমি কি তোমাদের রব নই? তারা বলল: হ্যাঁ, আমরা সাক্ষী রইলাম।” তারপর নিজের কথা: “আমাদের আত্মা সেই আদিকাল থেকেই আল্লাহর অস্তিত্বের সাক্ষ্য দিয়ে এসেছে"
10589,NO,NO,QURAN_MARKER,FLAGGED_UNCLAIMED,"আমি সূরা যিলযাল খুলে পড়লাম: “যে কেউ অণু পরিমাণ ভালো কাজ করবে, সে তা দেখতে পাবে। আর যে কেউ অণু পরিমাণ মন্দ কাজ করবে, সেও তা দেখতে পাবে।”"
10594,NO,NO,QURAN_MARKER,FLAGGED_UNCLAIMED,"“আল্লাহ আমাদের সব কিছু শিক্ষা দিয়ে পৃথিবীতে পাঠিয়েছেন। আমরা কেবল সেগুলো স্মরণ করি।” আমি বললাম। “এমনকি আমরা আগেই জানতাম যে, ভুলে যাওয়ার সম্ভাবনা আছে। এজন্যই কুরআনে বলা হয়েছে:” পড়লাম: “হে আমাদের রব্ব! "
10596,NO,NO,QURAN_MARKER,FLAGGED_UNCLAIMED,"আমার কাছে উত্তর ছিল না। আমি আরেকটা আয়াত খুঁজলাম, সূরা সাজদা, বাইশ; আগের রাতে বুরুল্লাহর খাতায় এর পাশে দাগ দেখেছিলাম। পড়তে গিয়ে নিজেই থেমে গেলাম।"
10598,NO,NO,QURAN_MARKER,FLAGGED_UNCLAIMED,"তারপর সূরা কাহফ, সাতান্ন, একই রকম: “তার চাইতে অধিক জালেম কে, যাকে তার পালনকর্তার কালাম দ্বারা বোঝানো হয়, অতঃপর সে তা থেকে মুখ ফিরিয়ে নেয় এবং তার পূর্ববর্তী কৃতকর্মসমূহ ভুলে যায়?”"
10609,NO,NO,QURAN_MARKER,FLAGGED_UNCLAIMED,"“কিন্তু পার্থিব জীবন তো আমাদের ধোঁকায় ফেলে।” আমি বললাম, মোবাইলে সূরা মুজাদালা খুলে। পড়লাম: “শয়তান তাদের উপর পূর্ণ আধিপত্য বিস্তার করেছে, অনন্তর সে তাদেরকে আল্লাহর স্মরণ ভুলিয়ে দিয়েছে’।”"
10610,NO,NO,QURAN_MARKER,FLAGGED_UNCLAIMED,"“তবে যারা আল্লাহর পথে অবিচল, তাদের জন্য তো ভয় নেই।” আমি খুঁজে পড়লাম, সূরা হা-মীম সাজদা: “যারা বলে, আমাদের রব্ব আল্লাহ, এরপর তাতে অটল থাকে, তাদের জন্য কোনো ভয় নেই এবং তারা চিন্তিতও হবে না’।”"
10611,NO,NO,QURAN_MARKER,FLAGGED_UNCLAIMED,"রাহাত হাত বাড়িয়ে মোবাইলটা নিল, স্ক্রল করে সূরা মুহাম্মাদে গেল, চোদ্দ নম্বরে থামল। তার আঙুলে আমি আগে কখনো এত তাড়া দেখিনি। পড়ল: “যে নিজ রব্বের উজ্জ্বল পথে রয়েছে, সে কি তার সমতুল্য হতে পারে, যাহার নি"
10614,NO,NO,QURAN_MARKER,FLAGGED_UNCLAIMED,"“কিন্তু কিছু মানুষ তো এমনও আছে, যারা ভবিষ্যৎ জীবনেও পাপকর্মে লিপ্ত হতে চায়।” আমি বললাম। “সূরা কিয়ামাহ: সে জিজ্ঞাসা করে, কেয়ামত দিবস কবে আসিবে?’। আর মৃত্যু এসে গেলে আর ফেরার সুযোগ নেই। সূরা মুমিনুনে "
10633,NO,NO,SUTRA_MARKER,FLAGGED_UNCLAIMED,সূত্র
10634,YES,NO,CITATION_BULLET|QURAN_MARKER,COVERED,"•  কুরআন ৯৯:৭–৮, ২:২৮৬, ১৮:৫৭, ৫৮:১৯, ৪১:৩০, ২৩:৯৯–১০০ — api.alquran.cloud, CONFIRMED (api বাংলা; ২:২৮৬-এর দোয়া-অংশ api অনুবাদ থেকে সংক্ষেপে)।"
10635,YES,NO,CITATION_BULLET,COVERED,•  «আত্মা ক্যামেরার মতো» — লেখকের নিজের খাতা।
10710,YES,YES,BARNITA_MARKER|RASUL_SAID,COVERED,"“গোপন শিরক,” বুরুল্লাহ বলল। “রাসূলুল্লাহ ﷺ বলেছেন, বর্ণিত আছে, আমার উম্মতের জন্য আমি সবচেয়ে বেশি ভয় পাই ছোট শিরককে। সাহাবিরা জানতে চাইলেন, ছোট শিরক কী? বললেন, রিয়া। লোক দেখানো।”"
10714,NO,NO,QURAN_MARKER,FLAGGED_UNCLAIMED,"“বিসমিল্লাহ ছাড়া ফাতিহা,” বুরুল্লাহ বলল। “অনেকে নামাজে ফাতিহার শুরুতে বিসমিল্লাহ জোরে পড়ে না, কেউ পড়েই না। আহলুল বাইতের মতে বিসমিল্লাহ ফাতিহার প্রথম আয়াত। মাথা কেটে বাকিটা পড়া।”"
10716,NO,NO,SUTRA_MARKER,FLAGGED_UNCLAIMED,"“আলী (আলাইহিস্ সালাম)-এর নামে একটা কথা প্রচলিত,” বুরুল্লাহ বলল, “‘আমি বিসমিল্লাহর বা-এর নিচের বিন্দু।’ সূত্র নিয়ে আলেমদের কথা আছে। কিন্তু সাদিকের কবিতায় ওটা কবিতা, দলিল না।”"
10765,NO,NO,SUTRA_MARKER,FLAGGED_UNCLAIMED,সূত্র
10766,YES,NO,CITATION_BULLET,COVERED,•  কবিতা দুটি — লেখকের নিজের খাতা থেকে।
10767,YES,YES,CITATION_BULLET|PAGE_CHECK_MARKER,COVERED,•  ছোট শিরক = রিয়া — মুসনাদে আহমাদ (মাহমূদ ইবনে লাবীদ থেকে); PAGE-CHECK।
10768,YES,YES,CITATION_BULLET|PAGE_CHECK_MARKER|SUTRA_MARKER,COVERED,"•  «আমি বিসমিল্লাহর বা-এর নিচের বিন্দু» — আলী (আলাইহিস্ সালাম)-এর নামে প্রচলিত; নির্ভরযোগ্য সূত্র পাওয়া যায়নি, PAGE-CHECK।"
10769,YES,YES,CITATION_BULLET|PAGE_CHECK_MARKER,COVERED,•  চিশতীর উক্তি — খাতামতো; উৎস (দিওয়ান) PAGE-CHECK।
10770,YES,YES,CITATION_BULLET|PAGE_CHECK_MARKER,COVERED,•  কারবালায় দাস/প্রাক্তন দাস শহীদ (যেমন জওন) ও খ্রিস্টান থেকে আসা ওয়াহাব — খাতার টীকামতো; PAGE-CHECK।
10799,NO,NO,HADITH_WORD,FLAGGED_UNCLAIMED,"“নিয়ত কেবল একটি অদৃশ্য সংকল্প নয়, এটি একটি অদৃশ্য শিখা, যা আমাদের কর্মের অন্তর্নিহিত আলো বা অন্ধকার নির্ধারণ করে।” বুরুল্লাহ বলল। “সোমবার আব্বুর দরসে তরবারির হাদীসটা শুনলি, হত্যাকারী আর নিহত দুজনই আগু"
10808,YES,NO,HADITH_WORD|RASUL_SAID,COVERED,"“এ ক্ষেত্রে আরেকটি হাদিস উল্লেখ করা যায়। রাসূলুল্লাহ ﷺ বলেছেন, ‘যে ব্যক্তি এমন মোহরের বিনিময়ে বিয়ে করেছে, যা পরিশোধ করার নিয়ত নেই, সে ব্যক্তি ব্যভিচারী। আর যে ব্যক্তি এমন ঋণ গ্রহণ করেছে, যা পরিশোধ কর"
10816,NO,NO,QURAN_MARKER,FLAGGED_UNCLAIMED,"“ভালো প্রশ্ন। ইসলাম বলে, কাজের ফলাফল আল্লাহর হাতে। নিয়ত যদি শুদ্ধ থাকে, আল্লাহর দরবারে তা গ্রহণযোগ্য হতে পারে।” বুরুল্লাহ বলল। “কুরআনে যেমন বলা হয়েছে, পূর্ব বা পশ্চিমমুখী হওয়ার মধ্যে কোনো পুণ্য নেই।"
10817,NO,NO,QURAN_MARKER,FLAGGED_UNCLAIMED,"আমি মোবাইলে খুঁজলাম, সূরা বাকারা, একশো সাতাত্তর। পড়লাম: “সৎকর্ম শুধু এই নয় যে, পূর্ব কিংবা পশ্চিমদিকে মুখ করবে, বরং বড় সৎকাজ হল এই যে, ঈমান আনবে আল্লাহর উপর, কিয়ামত দিবসের উপর, ফেরেশতাদের উপর এবং "
10820,YES,YES,BARNITA_MARKER|RASUL_SAID,COVERED,"“বর্ণিত আছে, রাসূলুল্লাহ ﷺ বলেছেন,” বুরুল্লাহ বলল, “‘ইন্নামাল আ‘মালু বিন্নিয়্যাত।’ আমলসমূহ নিয়তের ওপর নির্ভরশীল। প্রতিটি ব্যক্তি তার নিয়তের ফল পাবে। সুতরাং, নিয়ত শুদ্ধ না হলে কাজও আল্লাহর কাছে গ্রহণয"
10824,YES,YES,BARNITA_MARKER|HADITH_WORD,COVERED,"বুরুল্লাহ বুকপকেট থেকে সেই ছেঁড়া-মলাটের খাতা বের করল। শেষের দিকের একটি পাতা খুলে পড়ল: “এটাই আত্মসমালোচনার জায়গা। আর দেখো, বর্ণিত আছে, ইমাম মূসা কাযিম (আলাইহিস্ সালাম) এক হাদীসে ব্যাখ্যা করেছেন, ফেরে"
10834,NO,NO,QURAN_MARKER,FLAGGED_UNCLAIMED,«এক মাসে: নামাজে আল্লাহর সাথে কথা বলা যায়। আমি এখনো বেশিরভাগ সময় বলি না। আব্বা কুরআন খুলেছিলেন। আমি খুলিনি তিন মাস। ক্রাচের রাবারও খাঁজ। দুই মিনিটে সাতবার হারাই। আজ পাঁচবার। সিজদায় দুজন থাকে। আমি আ
10851,NO,NO,SUTRA_MARKER,FLAGGED_UNCLAIMED,সূত্র
10852,YES,NO,CITATION_BULLET|QURAN_MARKER,COVERED,"•  কুরআন ২:১৭৭ — api.alquran.cloud, CONFIRMED (api বাংলা, অংশবিশেষ)।"
10853,YES,YES,CITATION_BULLET|PAGE_CHECK_MARKER|SUNNI_BOOK,COVERED,"•  «ইন্নামাল আ‘মালু বিন্নিয়্যাত» — সহীহ বুখারী ১, সহীহ মুসলিম ১৯০৭ (খাতামতো); PAGE-CHECK।"
10854,YES,YES,CITATION_BULLET|PAGE_CHECK_MARKER|AUS,COVERED,"•  মোহর ও ঋণের নিয়ত — মুসনাদে আহমাদ; তাবারানী, আল-মু‘জামুল আওসাত ১৮৫১ (খাতামতো); PAGE-CHECK।"
10855,YES,YES,CITATION_BULLET|PAGE_CHECK_MARKER,COVERED,"•  ইমাম মূসা কাযিম (আলাইহিস্ সালাম): নিয়তের সুগন্ধ ও ফেরেশতা — আল-কাফী (কিতাবুল ঈমান ওয়াল কুফর, বাব «যে নেক কাজের ইচ্ছা করে») হিসেবে প্রচলিত; PAGE-CHECK।"
