Row_ID,Ledger_Paragraph_Index,Live_Para_Index,Index_Delta,Match_Type,Match_Score,Part,Chapter,Ledger_Status,Final_Status_v1_3,Triage_v1_3,Register_Key,Ledger_Text,Live_Text,Text_Equal_Norm,Bind_Status
REF-001,197,199,2,EXACT,1.000,1,০৩  আমার ভেতরেও একটি বন্ধ কুঠুরি,বর্ণিত আছে,PROSE — follows source-block row,PROSE PROSE-LINE,HAD-SHIA-BIGHAYR-HISAB,"“শোন রাহাত।” গলাটা এবার নিচু, যেন কাউকে পড়ে শোনাচ্ছে। “ইমাম সাদিক (আলাইহিস্ সালাম) থেকে বর্ণিত আছে: ‘কিয়ামতের দিন হযরত মা সাইয়্যিদা ফাতিমাতুয্ যাহরা (আলাইহাস্ সালাম) ও আলী (আলাইহিস্ সালাম) এবং তাঁর অনুসারীদের আহ্বান করা হবে। তাঁরা কোনো হিসাব ছাড়াই সর্ব প্রথম জান্নাতে প্রবেশ করবে।’”","“শোন রাহাত।” গলাটা এবার নিচু, যেন কাউকে পড়ে শোনাচ্ছে। “ইমাম সাদিক (আলাইহিস্ সালাম) থেকে বর্ণিত আছে: ‘কিয়ামতের দিন হযরত মা সাইয়্যিদা ফাতিমাতুয্ যাহরা (আলাইহাস্ সালাম) ও আলী (আলাইহিস্ সালাম) এবং তাঁর অনুসারীদের আহ্বান করা হবে। তাঁরা কোনো হিসাব ছাড়াই সর্ব প্রথম জান্নাতে প্রবেশ করবে।’”",YES,BOUND
REF-002,233,235,2,EXACT,1.000,1,০৩  আমার ভেতরেও একটি বন্ধ কুঠুরি,PAGE-CHECK; সূত্র নেই; খাতায় সূত্র নেই; বর্ণিত আছে,NO_SOURCE_LOCATED — KEEP-ATTRIBUTION-ONLY «বর্ণিত আছে»,UNID UNIDENTIFIED,HAD-SHIA-BIGHAYR-HISAB,"•  ইমাম সাদিক (আলাইহিস্ সালাম) থেকে «বিনা হিসাবে প্রথম জান্নাতে» — খাতায় সূত্র নেই; «বর্ণিত আছে», PAGE-CHECK (উৎস খোঁজা বাকি; ছাপার আগে বই-খণ্ড-পৃষ্ঠা লাগবে)।","•  ইমাম সাদিক (আলাইহিস্ সালাম) থেকে «বিনা হিসাবে প্রথম জান্নাতে» — খাতায় সূত্র নেই; «বর্ণিত আছে», PAGE-CHECK (উৎস খোঁজা বাকি; ছাপার আগে বই-খণ্ড-পৃষ্ঠা লাগবে)।",YES,BOUND
REF-003,320,323,3,EXACT,1.000,1,০৪  সাজানো ঘর পেছনে রেখে রাতের যশোরে,PAGE-CHECK; মেলানো বাকি,PAGE-CHECK (Shia source; edition/page lock),SPC SHIA-PAGE-CHECK,HAD-TASBIH,"•  তসবিহে মা সাইয়্যিদা ফাতিমাতুয্ যাহরা (আলাইহাস্ সালাম) ৩৪-৩৩-৩৩: আল-কাফি, খণ্ড ২, কিতাবুদ দোয়া, ঘুমের আগের দোয়ার বাব (ইমাম সাদিক (আলাইহিস্ সালাম) থেকে হিশাম ইবনে সালিমের বর্ণনা) — PAGE-CHECK (হাদীস নম্বর মেলানো বাকি)।","•  তসবিহে মা সাইয়্যিদা ফাতিমাতুয্ যাহরা (আলাইহাস্ সালাম) ৩৪-৩৩-৩৩: আল-কাফি, খণ্ড ২, কিতাবুদ দোয়া, ঘুমের আগের দোয়ার বাব (ইমাম সাদিক (আলাইহিস্ সালাম) থেকে হিশাম ইবনে সালিমের বর্ণনা) — PAGE-CHECK (হাদীস নম্বর মেলানো বাকি)।",YES,BOUND
REF-004,397,401,4,EXACT,1.000,1,"০৫  ধন-সম্পদ, অভাব আর দানের পরীক্ষা",PAGE-CHECK; মেলানো বাকি,CANDIDATE — PAGE-CHECK (not live-verifiable here),CAND CANDIDATE,HAD-SADAQA-NAR,"•  «সাদাকাহ গুনাহ নিভিয়ে দেয়, যেমন পানি আগুন» — তিরমিযিতে বর্ণিত বলে প্রচলিত; PAGE-CHECK (নম্বর মেলানো বাকি, ছাপায় নম্বর ছাড়া)।","•  «সাদাকাহ গুনাহ নিভিয়ে দেয়, যেমন পানি আগুন» — তিরমিযিতে বর্ণিত বলে প্রচলিত; PAGE-CHECK (নম্বর মেলানো বাকি, ছাপায় নম্বর ছাড়া)।",YES,BOUND
REF-005,497,502,5,EXACT,1.000,1,০৬  “জানি না” বলার সাহস,PAGE-CHECK,"VERIFIED (six-book number + text, 2026-10-03); grade/edition per control tables",VL VERIFIED-LIVE,,"•  কুঠার কিনে দেওয়ার ঘটনা: সুনানে ইবনে মাজাহ, কিতাবুত তিজারাত, হাদীস ২১৯৮ — খাতার সূত্র; PAGE-CHECK।","•  কুঠার কিনে দেওয়ার ঘটনা: সুনানে ইবনে মাজাহ, কিতাবুত তিজারাত, হাদীস ২১৯৮ — খাতার সূত্র; PAGE-CHECK।",YES,BOUND
REF-006,498,503,5,EXACT,1.000,1,০৬  “জানি না” বলার সাহস,বর্ণিত আছে,NO_SOURCE_LOCATED — KEEP-ATTRIBUTION-ONLY «বর্ণিত আছে»,UNID UNIDENTIFIED,,"•  চারবার বিয়ের ঘটনা — «বর্ণিত আছে»; উৎস খোঁজা বাকি, ছাপায় বইয়ের নাম ছাড়া।","•  চারবার বিয়ের ঘটনা — «বর্ণিত আছে»; উৎস খোঁজা বাকি, ছাপায় বইয়ের নাম ছাড়া।",YES,BOUND
REF-007,499,504,5,EXACT,1.000,1,০৬  “জানি না” বলার সাহস,PAGE-CHECK; বর্ণিত আছে,CANDIDATE — PAGE-CHECK (not live-verifiable here),CAND CANDIDATE,,"•  ইমাম আলী (আলাইহিস্ সালাম)-এর «তিন মিসকিন» ও «সমালোচনায় আনন্দ» বাণী — «বর্ণিত আছে», PAGE-CHECK।","•  ইমাম আলী (আলাইহিস্ সালাম)-এর «তিন মিসকিন» ও «সমালোচনায় আনন্দ» বাণী — «বর্ণিত আছে», PAGE-CHECK।",YES,BOUND
REF-008,500,505,5,EXACT,1.000,1,০৬  “জানি না” বলার সাহস,PAGE-CHECK,CANDIDATE — PAGE-CHECK (not live-verifiable here),CAND CANDIDATE,,•  «আলেমের চেহারার দিকে তাকানো ইবাদত» ও ইমাম সাদিক (আলাইহিস্ সালাম)-এর ব্যাখ্যা — PAGE-CHECK।,•  «আলেমের চেহারার দিকে তাকানো ইবাদত» ও ইমাম সাদিক (আলাইহিস্ সালাম)-এর ব্যাখ্যা — PAGE-CHECK।,YES,BOUND
REF-009,501,506,5,EXACT,1.000,1,০৬  “জানি না” বলার সাহস,PAGE-CHECK,CORRECTED — manuscript patch pending,MM MISMATCH,,•  «জ্ঞান অর্জন ফরজ… শুকরের গলায় মণিমুক্তা» — সুনানে ইবনে মাজাহ (মুকাদ্দিমা) বলে প্রচলিত; «চীন» অংশ দুর্বল সনদের বলে আলেমদের মত। PAGE-CHECK।,•  «জ্ঞান অর্জন ফরজ… শুকরের গলায় মণিমুক্তা» — সুনানে ইবনে মাজাহ (মুকাদ্দিমা) বলে প্রচলিত; «চীন» অংশ দুর্বল সনদের বলে আলেমদের মত। PAGE-CHECK।,YES,BOUND
REF-010,580,586,6,EXACT,1.000,1,০৭  জুমার খুতবায় যা বলা হলো না,PAGE-CHECK,"VERIFIED (six-book number + text, 2026-10-03); grade/edition per control tables",VL VERIFIED-LIVE,HAD-HUSAYN-MINNI,"•  «হুসাইন আমার অংশ, আর আমি হুসাইনের অংশ। যে হুসাইনকে ভালোবাসে, আল্লাহ তাকে ভালোবাসেন।» — জামে তিরমিযি ৩৭৭৫ (খাতার সূত্র); PAGE-CHECK।","•  «হুসাইন আমার অংশ, আর আমি হুসাইনের অংশ। যে হুসাইনকে ভালোবাসে, আল্লাহ তাকে ভালোবাসেন।» — জামে তিরমিযি ৩৭৭৫ (খাতার সূত্র); PAGE-CHECK।",YES,BOUND
REF-011,581,587,6,EXACT,1.000,1,০৭  জুমার খুতবায় যা বলা হলো না,PRINT BLOCKED; বর্ণিত আছে,CORRECTED — manuscript patch pending,MM MISMATCH,HAD-SAFINA,"•  «আমার আহলুল বাইত হচ্ছে নূহ (আলাইহিস্ সালাম)-এর নৌকার মতো। যারা এতে চড়ে, তারা নাজাত পায়; যারা বিমুখ হয়, তারা ডুবে যায়।» — খাতায় «মুসনাদে আহমদ ৩৭৮৬»; এই নম্বর সন্দেহজনক (তিরমিযি ৩৭৮৬ সাকালাইনের হাদীস)। PRINT BLOCKED নম্বরটি; ছাপায় «বর্ণিত আছে» যতক্ষণ সঠিক উৎস (হাকিম/তাবারানি) মেলানো না হয়।","•  «আমার আহলুল বাইত হচ্ছে নূহ (আলাইহিস্ সালাম)-এর নৌকার মতো। যারা এতে চড়ে, তারা নাজাত পায়; যারা বিমুখ হয়, তারা ডুবে যায়।» — খাতায় «মুসনাদে আহমদ ৩৭৮৬»; এই নম্বর সন্দেহজনক (তিরমিযি ৩৭৮৬ সাকালাইনের হাদীস)। PRINT BLOCKED নম্বরটি; ছাপায় «বর্ণিত আছে» যতক্ষণ সঠিক উৎস (হাকিম/তাবারানি) মেলানো না হয়।",YES,BOUND
REF-012,582,588,6,EXACT,1.000,1,০৭  জুমার খুতবায় যা বলা হলো না,PAGE-CHECK,"VERIFIED (six-book number + text, 2026-10-03); grade/edition per control tables",VL VERIFIED-LIVE,HAD-MAWLA; HAD-SHABAB-JANNA,"•  «আমি যার মাওলা, আলীও তার মাওলা» — জামে তিরমিযি ৩৭১৩; «হাসান ও হুসাইন জান্নাতের যুবকদের নেতা» — জামে তিরমিযি ৩৭৬৮ (খাতার সূত্র); PAGE-CHECK।","•  «আমি যার মাওলা, আলীও তার মাওলা» — জামে তিরমিযি ৩৭১৩; «হাসান ও হুসাইন জান্নাতের যুবকদের নেতা» — জামে তিরমিযি ৩৭৬৮ (খাতার সূত্র); PAGE-CHECK।",YES,BOUND
REF-013,815,825,10,EXACT,1.000,1,১১  শুনেছি মানেই কি জেনেছি?,PAGE-CHECK,CORRECTED — manuscript patch pending,MM MISMATCH,HAD-RUYA,"•  «যে স্বপ্নে আমাকে দেখল সে সত্যিই আমাকে দেখল» ও স্বপ্নের তিন প্রকার — শ্রোতা ০৪-এ «আবু দাউদ, হাদিস : ৫০২১»; PAGE-CHECK।","•  «যে স্বপ্নে আমাকে দেখল সে সত্যিই আমাকে দেখল» ও স্বপ্নের তিন প্রকার — শ্রোতা ০৪-এ «আবু দাউদ, হাদিস : ৫০২১»; PAGE-CHECK।",YES,BOUND
REF-014,817,827,10,EXACT,1.000,1,১১  শুনেছি মানেই কি জেনেছি?,PAGE-CHECK; বর্ণিত আছে,CANONICAL_SOURCE_FOUND — FLAG-FOR-AUTHOR-DECISION,UNID UNIDENTIFIED,,"•  চিট লিস্টের বাণীগুলো (চিন্তাহীন ইবাদত, জ্ঞানার্জন-শিক্ষাদান, চার ব্যক্তির পুরস্কার) — শ্রোতা ০৪-এ সূত্র ছাড়া; «বর্ণিত আছে», PAGE-CHECK।","•  চিট লিস্টের বাণীগুলো (চিন্তাহীন ইবাদত, জ্ঞানার্জন-শিক্ষাদান, চার ব্যক্তির পুরস্কার) — শ্রোতা ০৪-এ সূত্র ছাড়া; «বর্ণিত আছে», PAGE-CHECK।",YES,BOUND
REF-015,818,828,10,EXACT,1.000,1,১১  শুনেছি মানেই কি জেনেছি?,মেলানো বাকি,NON-HADITH — PAGE-CHECK,HIST NON-HADITH,LIT-CHISHTI,•  খাঁজা মঈন উদ্দিন চিশতী (রহঃ)-এর কবিতা — শ্রোতা ০৪-এর উদ্ধৃতি; উৎস মেলানো বাকি।,•  খাঁজা মঈন উদ্দিন চিশতী (রহঃ)-এর কবিতা — শ্রোতা ০৪-এর উদ্ধৃতি; উৎস মেলানো বাকি।,YES,BOUND
REF-016,1018,1030,12,EXACT,1.000,2,০১  ইবাদত না করেও কি জান্নাতে যাওয়া যায়?,PAGE-CHECK; বর্ণিত আছে,CANDIDATE — PAGE-CHECK (not live-verifiable here),CAND CANDIDATE,,•  «চিন্তাসহ দুই রাকাত সারা রাতের নফলের চেয়ে উত্তম» ও «দোয়া সর্বোচ্চ ইবাদত» — শ্রোতা ০৪-এ জনির নোট; মূল কিতাবের পৃষ্ঠা মেলানো হয়নি — «বর্ণিত আছে» / PAGE-CHECK।,•  «চিন্তাসহ দুই রাকাত সারা রাতের নফলের চেয়ে উত্তম» ও «দোয়া সর্বোচ্চ ইবাদত» — শ্রোতা ০৪-এ জনির নোট; মূল কিতাবের পৃষ্ঠা মেলানো হয়নি — «বর্ণিত আছে» / PAGE-CHECK।,YES,BOUND
REF-017,1081,1094,13,EXACT,1.000,2,০২  আসলে ইবাদত বলতে কী বোঝায়?,PAGE-CHECK,NON-HADITH — PAGE-CHECK,HIST NON-HADITH,,"•  ইমাম মাহদী (আলাইহিস্ সালাম)-এর আবির্ভাবে প্রতিশ্রুতির পূর্ণতা — জনির ব্যাখ্যা, তাফসীরের পৃষ্ঠা মেলানো হয়নি — PAGE-CHECK।","•  ইমাম মাহদী (আলাইহিস্ সালাম)-এর আবির্ভাবে প্রতিশ্রুতির পূর্ণতা — জনির ব্যাখ্যা, তাফসীরের পৃষ্ঠা মেলানো হয়নি — PAGE-CHECK।",YES,BOUND
REF-018,1095,1109,14,EXACT,1.000,2,০৩  ইবলিস চিনেও কেন সিজদা করল না,বর্ণিত আছে,PROSE — follows source-block row,PROSE PROSE-LINE,,"“ইবাদতের সত্য পথে বাধা হয়ে দাঁড়ায় শয়তান, যে অহংকারের অন্ধকারে ডুবে গিয়ে সত্যকে অস্বীকার করেছে। বর্ণিত আছে, যখন আল্লাহ ইবলিসকে আদম (আলাইহিস্ সালাম)-কে সিজদা করতে আদেশ দিলেন, তখন সে অহংকারে ফেটে পড়ে বলল—","“ইবাদতের সত্য পথে বাধা হয়ে দাঁড়ায় শয়তান, যে অহংকারের অন্ধকারে ডুবে গিয়ে সত্যকে অস্বীকার করেছে। বর্ণিত আছে, যখন আল্লাহ ইবলিসকে আদম (আলাইহিস্ সালাম)-কে সিজদা করতে আদেশ দিলেন, তখন সে অহংকারে ফেটে পড়ে বলল—",YES,BOUND
REF-019,1158,1172,14,EXACT,1.000,2,০৩  ইবলিস চিনেও কেন সিজদা করল না,PAGE-CHECK; বর্ণিত আছে,CANDIDATE — PAGE-CHECK (not live-verifiable here),CAND CANDIDATE,,•  ইবলিসের সিজদা-অস্বীকার: সূরা আল-আ'রাফ ৭:১২ — api.alquran.cloud — CONFIRMED। «সর্বত্র সেজদার প্রস্তাব» — তাফসীরের বর্ণনা; মূল বই-পৃষ্ঠা মেলানো হয়নি — «বর্ণিত আছে» / PAGE-CHECK।,•  ইবলিসের সিজদা-অস্বীকার: সূরা আল-আ'রাফ ৭:১২ — api.alquran.cloud — CONFIRMED। «সর্বত্র সেজদার প্রস্তাব» — তাফসীরের বর্ণনা; মূল বই-পৃষ্ঠা মেলানো হয়নি — «বর্ণিত আছে» / PAGE-CHECK।,YES,BOUND
REF-020,1159,1173,14,EXACT,1.000,2,০৩  ইবলিস চিনেও কেন সিজদা করল না,বর্ণিত আছে,NO_SOURCE_LOCATED — KEEP-ATTRIBUTION-ONLY «বর্ণিত আছে»,UNID UNIDENTIFIED,,•  শো'বার কাহিনী — শ্রোতা ০৪-এ জনির নোট; মূল উৎস মেলানো হয়নি — «বর্ণিত আছে»।,•  শো'বার কাহিনী — শ্রোতা ০৪-এ জনির নোট; মূল উৎস মেলানো হয়নি — «বর্ণিত আছে»।,YES,BOUND
REF-021,1318,1334,16,EXACT,1.000,2,০৫  জান্নাত কি আমল দিয়ে কেনা যায়?,PAGE-CHECK; মেলানো বাকি,PAGE-CHECK (Shia source; edition/page lock),SPC SHIA-PAGE-CHECK,,"•  ইমাম বাকির (আলাইহিস্ সালাম): «من كان لله مطيعا فهو لنا ولي… وما تنال ولايتنا إلا بالعمل والورع» — আল-কাফি, কিতাবুল ঈমান ওয়াল কুফর, বাবুত তাআ ওয়াত তাকওয়া — PAGE-CHECK (খণ্ড-পৃষ্ঠা মেলানো বাকি)।","•  ইমাম বাকির (আলাইহিস্ সালাম): «من كان لله مطيعا فهو لنا ولي… وما تنال ولايتنا إلا بالعمل والورع» — আল-কাফি, কিতাবুল ঈমান ওয়াল কুফর, বাবুত তাআ ওয়াত তাকওয়া — PAGE-CHECK (খণ্ড-পৃষ্ঠা মেলানো বাকি)।",YES,BOUND
REF-022,1319,1335,16,EXACT,1.000,2,০৫  জান্নাত কি আমল দিয়ে কেনা যায়?,PRINT BLOCKED,CORRECTED — manuscript patch pending,MM MISMATCH,,•  «الجنة طيبة لا يدخلها إلا الطيب» — উৎস মেলেনি; «সহিহ মুসলিম» নাম PRINT BLOCKED।,•  «الجنة طيبة لا يدخلها إلا الطيب» — উৎস মেলেনি; «সহিহ মুসলিম» নাম PRINT BLOCKED।,YES,BOUND
REF-023,1425,1442,17,EXACT,1.000,2,০৬  আল্লাহর কাছে না পৌঁছানো নামাজ,বর্ণিত আছে,PROSE — follows source-block row,PROSE PROSE-LINE,HAD-SARAQU-AYA,"“নিজেরাই। তাঁরা জানতেন, বিসমিল্লাহ ছাড়লে নামাজের একটা অংশ চুরি হয়ে যায়।” বুরুল্লাহ একটু থামল। “ইমাম মুহাম্মাদ আল-বাকির (আলাইহিস্ সালাম)-এর একটি কথা তাফসীরের কিতাবে বর্ণিত আছে: ‘তারা আল্লাহর কিতাবের সবচেয়ে সম্মানিত আয়াত চুরি করেছে, বিসমিল্লাহির রাহমানির রাহিম।’”","“নিজেরাই। তাঁরা জানতেন, বিসমিল্লাহ ছাড়লে নামাজের একটা অংশ চুরি হয়ে যায়।” বুরুল্লাহ একটু থামল। “ইমাম মুহাম্মাদ আল-বাকির (আলাইহিস্ সালাম)-এর একটি কথা তাফসীরের কিতাবে বর্ণিত আছে: ‘তারা আল্লাহর কিতাবের সবচেয়ে সম্মানিত আয়াত চুরি করেছে, বিসমিল্লাহির রাহমানির রাহিম।’”",YES,BOUND
REF-024,1428,1445,17,EXACT,1.000,2,০৬  আল্লাহর কাছে না পৌঁছানো নামাজ,বর্ণিত আছে,PROSE — follows source-block row,PROSE PROSE-LINE,HAD-NUQTA,"“আল-কাফিতে ইমাম সাদিক (আলাইহিস্ সালাম) থেকে আছে, বিসমিল্লাহর ‘বা’ হলো আল্লাহর ‘বাহা’, তাঁর সৌন্দর্য, তাঁর জ্যোতি। এটা হাদিস।” সে গলা নামাল। “আর আমাদের বুজুর্গদের মুখে শুনেছি, বর্ণিত আছে, সেই ‘বা’-এর নিচের বিন্দু হলেন আলী (আলাইহিস্ সালাম)। এটা হাদিসের কিতাবের কথা নয়, রাকিকা। এটা হৃদয়ের কথা। আমি যখন বিসমিল্লাহ পড়ি, ‘বা’-তে এসে আমার হৃদয় একটু থামে। মনে হয়, আল্লাহর সৌন্দর্যের দরজায় দাঁড়িয়ে আছি, আর দরজার চৌকাঠে কে দাঁড়িয়ে আছেন, আমি জানি।”","“আল-কাফিতে ইমাম সাদিক (আলাইহিস্ সালাম) থেকে আছে, বিসমিল্লাহর ‘বা’ হলো আল্লাহর ‘বাহা’, তাঁর সৌন্দর্য, তাঁর জ্যোতি। এটা হাদিস।” সে গলা নামাল। “আর আমাদের বুজুর্গদের মুখে শুনেছি, বর্ণিত আছে, সেই ‘বা’-এর নিচের বিন্দু হলেন আলী (আলাইহিস্ সালাম)। এটা হাদিসের কিতাবের কথা নয়, রাকিকা। এটা হৃদয়ের কথা। আমি যখন বিসমিল্লাহ পড়ি, ‘বা’-তে এসে আমার হৃদয় একটু থামে। মনে হয়, আল্লাহর সৌন্দর্যের দরজায় দাঁড়িয়ে আছি, আর দরজার চৌকাঠে কে দাঁড়িয়ে আছেন, আমি জানি।”",YES,BOUND
REF-025,1447,1464,17,EXACT,1.000,2,০৬  আল্লাহর কাছে না পৌঁছানো নামাজ,বর্ণিত আছে,PROSE — follows source-block row,PROSE PROSE-LINE,HAD-SALAT-BATRA,"“হাসার মতোই শব্দ,” বুরুল্লাহও হাসল। “কিন্তু কথাটা কাঁদার মতো। বর্ণিত আছে, রাসূলুল্লাহ ﷺ বলেছেন: হে আমার উম্মতীরা তোমরা আমার উপর লেজ কাটা দরূদ পড়বে না। তখন সাহাবীরা বলল লেজকাটা দরূদ কি? তখন রাসূলুল্লাহ ﷺ বললেন, ‘আল্লাহুম্মা সাল্লে আলা মুহাম্মাদ’ বলে থেমে যাবে না। ‘আল্লাহুম্মা সাল্লে আলা মুহাম্মাদ ওয়া আলে মুহাম্মাদ’ পুরাটা বলবে। আমার সাথে আমার ‘আ’ল’ আহলুল বাইতকে সবসময় সংযুক্ত রাখবে। সাহাবারা জিজ্ঞেস করলেন, ইয়া রাসূলুল্লাহ ﷺ আপনার ‘আ’ল’ আহলুল বাইত, কারা? রাসূলুল্লাহ ﷺ বললেন, আলী, ফাতেমা, হাসান, ও হোসেইন, তিনি আরো বলেন, আল্লাহর কসম যার হস্তে আমার জীবন, যে ব্যক্তি আমার আহলুল বাইতকে শত্রু মনে করবে, সে জাহান্নামী।”","“হাসার মতোই শব্দ,” বুরুল্লাহও হাসল। “কিন্তু কথাটা কাঁদার মতো। বর্ণিত আছে, রাসূলুল্লাহ ﷺ বলেছেন: হে আমার উম্মতীরা তোমরা আমার উপর লেজ কাটা দরূদ পড়বে না। তখন সাহাবীরা বলল লেজকাটা দরূদ কি? তখন রাসূলুল্লাহ ﷺ বললেন, ‘আল্লাহুম্মা সাল্লে আলা মুহাম্মাদ’ বলে থেমে যাবে না। ‘আল্লাহুম্মা সাল্লে আলা মুহাম্মাদ ওয়া আলে মুহাম্মাদ’ পুরাটা বলবে। আমার সাথে আমার ‘আ’ল’ আহলুল বাইতকে সবসময় সংযুক্ত রাখবে। সাহাবারা জিজ্ঞেস করলেন, ইয়া রাসূলুল্লাহ ﷺ আপনার ‘আ’ল’ আহলুল বাইত, কারা? রাসূলুল্লাহ ﷺ বললেন, আলী, ফাতেমা, হাসান, ও হোসেইন, তিনি আরো বলেন, আল্লাহর কসম যার হস্তে আমার জীবন, যে ব্যক্তি আমার আহলুল বাইতকে শত্রু মনে করবে, সে জাহান্নামী।”",YES,BOUND
REF-026,1553,1570,17,EXACT,1.000,2,০৬  আল্লাহর কাছে না পৌঁছানো নামাজ,বর্ণিত আছে,PROSE — follows source-block row,PROSE PROSE-LINE,,“চেনা থেকে। আমিরুল মুমিনীন আলী (আলাইহিস্ সালাম) থেকে বর্ণিত আছে—,“চেনা থেকে। আমিরুল মুমিনীন আলী (আলাইহিস্ সালাম) থেকে বর্ণিত আছে—,YES,BOUND
REF-027,1572,1589,17,EXACT,1.000,2,০৬  আল্লাহর কাছে না পৌঁছানো নামাজ,বর্ণিত আছে,PROSE — follows source-block row,PROSE PROSE-LINE,HAD-NUR-AWWAL,"“বর্ণিত আছে, আল্লাহ সবার আগে সৃষ্টি করেছেন মুহাম্মাদ ও আলে মুহাম্মাদের নূর। বাকি সব সৃষ্টি তার পরে। যিনি আগে ছিলেন, তিনিই দেখেছেন পরে কী হলো। আল্লাহ সৃষ্টি করেছেন, তাঁরা সাক্ষী ছিলেন, আর তাঁরাই আমাদের শেখান।” বুরুল্লাহ বইটা বন্ধ করল। “তাই আল্লাহর পরিচয় আমাদের কাছে আনতে পারেন কেবল মুহাম্মাদ ও আলে মুহাম্মাদ। অন্য কেউ যা বলবে, সে শুনে বলবে। তাঁরা বলেন দেখে।”","“বর্ণিত আছে, আল্লাহ সবার আগে সৃষ্টি করেছেন মুহাম্মাদ ও আলে মুহাম্মাদের নূর। বাকি সব সৃষ্টি তার পরে। যিনি আগে ছিলেন, তিনিই দেখেছেন পরে কী হলো। আল্লাহ সৃষ্টি করেছেন, তাঁরা সাক্ষী ছিলেন, আর তাঁরাই আমাদের শেখান।” বুরুল্লাহ বইটা বন্ধ করল। “তাই আল্লাহর পরিচয় আমাদের কাছে আনতে পারেন কেবল মুহাম্মাদ ও আলে মুহাম্মাদ। অন্য কেউ যা বলবে, সে শুনে বলবে। তাঁরা বলেন দেখে।”",YES,BOUND
REF-028,1619,1636,17,EXACT,1.000,2,০৬  আল্লাহর কাছে না পৌঁছানো নামাজ,PAGE-CHECK; মেলানো বাকি,NON-HADITH — PAGE-CHECK,HIST NON-HADITH,,"এই অধ্যায়ের দেখা ও শোনা তাহারা সেন্টারের রুহানি অভিজ্ঞতা; আয়াত ও হাদিসের সূত্র নিচে। যেখানে খণ্ড বা পৃষ্ঠার পাশে PAGE-CHECK লেখা, সেখানে পাঠ মিলেছে, কিন্তু ছাপা কপিতে পৃষ্ঠা মেলানো বাকি।","এই অধ্যায়ের দেখা ও শোনা তাহারা সেন্টারের রুহানি অভিজ্ঞতা; আয়াত ও হাদিসের সূত্র নিচে। যেখানে খণ্ড বা পৃষ্ঠার পাশে PAGE-CHECK লেখা, সেখানে পাঠ মিলেছে, কিন্তু ছাপা কপিতে পৃষ্ঠা মেলানো বাকি।",YES,BOUND
REF-029,1622,1639,17,EXACT,1.000,2,০৬  আল্লাহর কাছে না পৌঁছানো নামাজ,PAGE-CHECK,PAGE-CHECK (Shia source; edition/page lock),SPC SHIA-PAGE-CHECK,,"•  বিসমিল্লাহ সাতের একটি ও সর্বশ্রেষ্ঠ (অংশ ৩২–৩৩): মুহাম্মাদ ইবনে মুসলিম, ইমাম সাদিক (আলাইহিস্ সালাম) থেকে: «…بسم الله الرحمن الرحيم من السبع؟ قال: نعم، هي أفضلهنّ»। শেখ তূসী, তাহযীবুল আহকাম, খণ্ড ২, পৃ. ২৮৯, হাদিস ১১৫৭ (PAGE-CHECK); তাফসীরে আইয়াশি, খণ্ড ১, পৃ. ১৯ (PAGE-CHECK)। অনলাইন পাঠ: https://www.alhodacenter.com/article/46546","•  বিসমিল্লাহ সাতের একটি ও সর্বশ্রেষ্ঠ (অংশ ৩২–৩৩): মুহাম্মাদ ইবনে মুসলিম, ইমাম সাদিক (আলাইহিস্ সালাম) থেকে: «…بسم الله الرحمن الرحيم من السبع؟ قال: نعم، هي أفضلهنّ»। শেখ তূসী, তাহযীবুল আহকাম, খণ্ড ২, পৃ. ২৮৯, হাদিস ১১৫৭ (PAGE-CHECK); তাফসীরে আইয়াশি, খণ্ড ১, পৃ. ১৯ (PAGE-CHECK)। অনলাইন পাঠ: https://www.alhodacenter.com/article/46546",YES,BOUND
REF-030,1623,1640,17,EXACT,1.000,2,০৬  আল্লাহর কাছে না পৌঁছানো নামাজ,PAGE-CHECK,PAGE-CHECK (Shia source; edition/page lock),SPC SHIA-PAGE-CHECK,,"•  ফাতিহা ও সূরা দুটোর সঙ্গেই বিসমিল্লাহ (অংশ ৩৫): আল-কাফি, খণ্ড ৩, কিতাবুস সালাত, বাবু কিরাআতিল কুরআন, হাদিস ১, মুয়াবিয়া ইবনে আম্মার থেকে; মজলিসী: সহিহ। https://thaqalayn.net/hadith/3/4/21/1 (ছাপা পৃষ্ঠা PAGE-CHECK)।","•  ফাতিহা ও সূরা দুটোর সঙ্গেই বিসমিল্লাহ (অংশ ৩৫): আল-কাফি, খণ্ড ৩, কিতাবুস সালাত, বাবু কিরাআতিল কুরআন, হাদিস ১, মুয়াবিয়া ইবনে আম্মার থেকে; মজলিসী: সহিহ। https://thaqalayn.net/hadith/3/4/21/1 (ছাপা পৃষ্ঠা PAGE-CHECK)।",YES,BOUND
REF-031,1624,1641,17,EXACT,1.000,2,০৬  আল্লাহর কাছে না পৌঁছানো নামাজ,PAGE-CHECK,CANDIDATE — PAGE-CHECK (not live-verifiable here),CAND CANDIDATE,,"•  «أسرقتَ الصلاة أم نسيت؟» (অংশ ৪৩–৪৫): আল-হাকিম, আল-মুস্তাদরাক আলাস সহিহাইন, কিতাবুল ইমামা ওয়া সালাতিল জামাআ, খণ্ড ১ (হাকিম: মুসলিমের শর্তে সহিহ), আনাস ইবনে মালিক থেকে। পাঠ অনুযায়ী মুয়াবিয়া ফাতিহার আগে বিসমিল্লাহ পড়েছিলেন, পরের সূরার আগে পড়েননি। https://www.islamweb.net/ar/library/content/74/851/ (হাদিস নম্বর PAGE-CHECK)। একই ঘটনা ইমাম শাফেয়ির আল-উম্ম ও দারাকুতনির সুনানে উদ্ধৃত বলে জানা যায় (PAGE-CHECK)।","•  «أسرقتَ الصلاة أم نسيت؟» (অংশ ৪৩–৪৫): আল-হাকিম, আল-মুস্তাদরাক আলাস সহিহাইন, কিতাবুল ইমামা ওয়া সালাতিল জামাআ, খণ্ড ১ (হাকিম: মুসলিমের শর্তে সহিহ), আনাস ইবনে মালিক থেকে। পাঠ অনুযায়ী মুয়াবিয়া ফাতিহার আগে বিসমিল্লাহ পড়েছিলেন, পরের সূরার আগে পড়েননি। https://www.islamweb.net/ar/library/content/74/851/ (হাদিস নম্বর PAGE-CHECK)। একই ঘটনা ইমাম শাফেয়ির আল-উম্ম ও দারাকুতনির সুনানে উদ্ধৃত বলে জানা যায় (PAGE-CHECK)।",YES,BOUND
REF-032,1625,1642,17,EXACT,1.000,2,০৬  আল্লাহর কাছে না পৌঁছানো নামাজ,PAGE-CHECK,PAGE-CHECK (Shia source; edition/page lock),SPC SHIA-PAGE-CHECK,HAD-SARAQU-AYA,"•  «তারা আল্লাহর কিতাবের সবচেয়ে সম্মানিত আয়াত চুরি করেছে» (অংশ ৪৭): আবু হামযা, ইমাম বাকির (আলাইহিস্ সালাম) থেকে: «سرقوا أكرم آية في كتاب الله: بسم الله الرحمن الرحيم»। তাফসীরে আইয়াশি (সনদবিহীন, মুরসাল), বিহারুল আনওয়ার (বৈরুত/ওয়াফা) খণ্ড ৮৫, পৃ. ২০-এ উদ্ধৃত। আইয়াশির মূল পৃষ্ঠা PAGE-CHECK।","•  «তারা আল্লাহর কিতাবের সবচেয়ে সম্মানিত আয়াত চুরি করেছে» (অংশ ৪৭): আবু হামযা, ইমাম বাকির (আলাইহিস্ সালাম) থেকে: «سرقوا أكرم آية في كتاب الله: بسم الله الرحمن الرحيم»। তাফসীরে আইয়াশি (সনদবিহীন, মুরসাল), বিহারুল আনওয়ার (বৈরুত/ওয়াফা) খণ্ড ৮৫, পৃ. ২০-এ উদ্ধৃত। আইয়াশির মূল পৃষ্ঠা PAGE-CHECK।",YES,BOUND
REF-033,1626,1643,17,EXACT,1.000,2,০৬  আল্লাহর কাছে না পৌঁছানো নামাজ,PAGE-CHECK; বর্ণিত আছে,PAGE-CHECK (Shia source; edition/page lock),SPC SHIA-PAGE-CHECK,HAD-NUQTA,"•  «বা» (অংশ ৫০): «الباء بهاء الله، والسين سناء الله، والميم مجد الله», ইমাম সাদিক (আলাইহিস্ সালাম), আল-কাফি, খণ্ড ১, কিতাবুত তাওহীদ, পৃ. ১১৪, হাদিস ১ (PAGE-CHECK)। «আমি বা-এর নিচের বিন্দু» কথাটি পরবর্তী যুগের ইরফানি গ্রন্থে (রজব বুরসি, মাশারিকু আনওয়ারিল ইয়াকিন; কুন্দুযি, ইয়ানাবিউল মাওয়াদ্দা) পাওয়া যায়, সনদ নেই; তাই অধ্যায়ে হাদিস হিসেবে নয়, «বর্ণিত আছে» বলে।","•  «বা» (অংশ ৫০): «الباء بهاء الله، والسين سناء الله، والميم مجد الله», ইমাম সাদিক (আলাইহিস্ সালাম), আল-কাফি, খণ্ড ১, কিতাবুত তাওহীদ, পৃ. ১১৪, হাদিস ১ (PAGE-CHECK)। «আমি বা-এর নিচের বিন্দু» কথাটি পরবর্তী যুগের ইরফানি গ্রন্থে (রজব বুরসি, মাশারিকু আনওয়ারিল ইয়াকিন; কুন্দুযি, ইয়ানাবিউল মাওয়াদ্দা) পাওয়া যায়, সনদ নেই; তাই অধ্যায়ে হাদিস হিসেবে নয়, «বর্ণিত আছে» বলে।",YES,BOUND
REF-034,1627,1644,17,EXACT,1.000,2,০৬  আল্লাহর কাছে না পৌঁছানো নামাজ,বর্ণিত আছে,PAGE-CHECK (Shia source; edition/page lock),SPC SHIA-PAGE-CHECK,HAD-SALAT-BATRA,"•  দরুদ কেটে না ফেলা (অংশ ৬৯): আল-কাফি, খণ্ড ২, কিতাবুদ দুআ, বাবুস সালাতি আলান নাবিয়্যি ওয়া আহলি বাইতিহি, হাদিস ২১: «يَا عَبْدَ الله لا تَبْتُرْهَا لا تَظْلِمْنَا حَقَّنَا قُلِ اللهمَّ صَلِّ عَلَى مُحَمَّدٍ وَأَهْلِ بَيْتِهِ»। https://thaqalayn.net/hadith/2/2/20/21 । আরও: শেখ সাদূক, আল-আমালী, মজলিস ৩৬, হাদিস ১২: «مَنْ صَلَّى عَلَيَّ وَلَمْ يُصَلِّ عَلَى آلِي لَمْ يَجِدْ رِيحَ الْجَنَّةِ», https://thaqalayn.net/hadith/29/1/36/12 । অংশ ৬৮-এর পূর্ণ বর্ণনাটি লেখকের পাণ্ডুলিপি থেকে, «বর্ণিত আছে» হিসেবে।","•  দরুদ কেটে না ফেলা (অংশ ৬৯): আল-কাফি, খণ্ড ২, কিতাবুদ দুআ, বাবুস সালাতি আলান নাবিয়্যি ওয়া আহলি বাইতিহি, হাদিস ২১: «يَا عَبْدَ الله لا تَبْتُرْهَا لا تَظْلِمْنَا حَقَّنَا قُلِ اللهمَّ صَلِّ عَلَى مُحَمَّدٍ وَأَهْلِ بَيْتِهِ»। https://thaqalayn.net/hadith/2/2/20/21 । আরও: শেখ সাদূক, আল-আমালী, মজলিস ৩৬, হাদিস ১২: «مَنْ صَلَّى عَلَيَّ وَلَمْ يُصَلِّ عَلَى آلِي لَمْ يَجِدْ رِيحَ الْجَنَّةِ», https://thaqalayn.net/hadith/29/1/36/12 । অংশ ৬৮-এর পূর্ণ বর্ণনাটি লেখকের পাণ্ডুলিপি থেকে, «বর্ণিত আছে» হিসেবে।",YES,BOUND
REF-035,1629,1646,17,EXACT,1.000,2,০৬  আল্লাহর কাছে না পৌঁছানো নামাজ,PAGE-CHECK,PAGE-CHECK (Shia source; edition/page lock),SPC SHIA-PAGE-CHECK,HAD-WILAYA-KAFI,"•  আমলের সওয়াবে বেলায়াতের শর্ত (অংশ ৯৮): আল-কাফি, খণ্ড ২, কিতাবুল ঈমান ওয়াল কুফর, বাবু দাআইমিল ইসলাম, হাদিস ৫, যুরারা, ইমাম বাকির (আলাইহিস্ সালাম) থেকে; মজলিসী: সহিহ (মিরআতুল উকুল ৭/১০২): «…لَوْ أَنَّ رَجُلاً قَامَ لَيْلَهُ وَصَامَ نَهَارَهُ وَتَصَدَّقَ بِجَمِيعِ مَالِهِ وَحَجَّ جَمِيعَ دَهْرِهِ وَلَمْ يَعْرِفْ وَلايَةَ وَلِيِّ الله فَيُوَالِيَهُ وَيَكُونَ جَمِيعُ أَعْمَالِهِ بِدَلالَتِهِ إِلَيْهِ مَا كَانَ لَهُ عَلَى الله جَلَّ وَعَزَّ حَقٌّ فِي ثَوَابِهِ…»। https://thaqalayn.net/hadith/2/1/13/5 (ছাপা পৃষ্ঠা ২/১৮–১৯, PAGE-CHECK)।","•  আমলের সওয়াবে বেলায়াতের শর্ত (অংশ ৯৮): আল-কাফি, খণ্ড ২, কিতাবুল ঈমান ওয়াল কুফর, বাবু দাআইমিল ইসলাম, হাদিস ৫, যুরারা, ইমাম বাকির (আলাইহিস্ সালাম) থেকে; মজলিসী: সহিহ (মিরআতুল উকুল ৭/১০২): «…لَوْ أَنَّ رَجُلاً قَامَ لَيْلَهُ وَصَامَ نَهَارَهُ وَتَصَدَّقَ بِجَمِيعِ مَالِهِ وَحَجَّ جَمِيعَ دَهْرِهِ وَلَمْ يَعْرِفْ وَلايَةَ وَلِيِّ الله فَيُوَالِيَهُ وَيَكُونَ جَمِيعُ أَعْمَالِهِ بِدَلالَتِهِ إِلَيْهِ مَا كَانَ لَهُ عَلَى الله جَلَّ وَعَزَّ حَقٌّ فِي ثَوَابِهِ…»। https://thaqalayn.net/hadith/2/1/13/5 (ছাপা পৃষ্ঠা ২/১৮–১৯, PAGE-CHECK)।",YES,BOUND
REF-036,1630,1647,17,EXACT,1.000,2,০৬  আল্লাহর কাছে না পৌঁছানো নামাজ,PAGE-CHECK,PAGE-CHECK (Shia source; edition/page lock),SPC SHIA-PAGE-CHECK,,"•  আমল ইমামদের সামনে পেশ (অংশ ১০৭): আল-কাফি, খণ্ড ১, কিতাবুল হুজ্জাহ, বাবু আরদিল আমাল আলান নাবিয়্যি ওয়াল আইম্মা, ৯:১০৫-এর «والمؤمنون» = ইমামগণ; খণ্ড ১, পৃ. ২১৯–২২০ (PAGE-CHECK)।","•  আমল ইমামদের সামনে পেশ (অংশ ১০৭): আল-কাফি, খণ্ড ১, কিতাবুল হুজ্জাহ, বাবু আরদিল আমাল আলান নাবিয়্যি ওয়াল আইম্মা, ৯:১০৫-এর «والمؤمنون» = ইমামগণ; খণ্ড ১, পৃ. ২১৯–২২০ (PAGE-CHECK)।",YES,BOUND
REF-037,1631,1648,17,EXACT,1.000,2,০৬  আল্লাহর কাছে না পৌঁছানো নামাজ,PAGE-CHECK,PAGE-CHECK (Shia source; edition/page lock),SPC SHIA-PAGE-CHECK,HAD-IMAM-JAHILIYYA,"•  «من أصبح من هذه الأمة لا إمام له…» (অংশ ১১৫): আল-কাফি, খণ্ড ১, কিতাবুল হুজ্জাহ, বাবু মারিফাতিল ইমাম ওয়ার রাদ্দি ইলাইহি, হাদিস ৮, মুহাম্মাদ ইবনে মুসলিম, ইমাম বাকির (আলাইহিস্ সালাম) থেকে; পৃ. ১৮৩–১৮৪ (PAGE-CHECK)। পাঠ দেখা হয়েছে: https://forums.alkafeel.net/node/16377","•  «من أصبح من هذه الأمة لا إمام له…» (অংশ ১১৫): আল-কাফি, খণ্ড ১, কিতাবুল হুজ্জাহ, বাবু মারিফাতিল ইমাম ওয়ার রাদ্দি ইলাইহি, হাদিস ৮, মুহাম্মাদ ইবনে মুসলিম, ইমাম বাকির (আলাইহিস্ সালাম) থেকে; পৃ. ১৮৩–১৮৪ (PAGE-CHECK)। পাঠ দেখা হয়েছে: https://forums.alkafeel.net/node/16377",YES,BOUND
REF-038,1634,1651,17,EXACT,1.000,2,০৬  আল্লাহর কাছে না পৌঁছানো নামাজ,PAGE-CHECK; বর্ণিত আছে,CANDIDATE — PAGE-CHECK (not live-verifiable here),CAND CANDIDATE,,"•  «من عرف نفسه فقد عرف ربه» (অংশ ১২০ঝ): আমিরুল মুমিনীন আলী (আলাইহিস্ সালাম)-এর বাণী হিসেবে আমিদির গুরারুল হিকাম ওয়া দুরারুল কালিম-এ, নং ৪৬৪১ (PAGE-CHECK; সূত্র-আলোচনা: https://ar.wikishia.net/view/حديث_من_عرف_نفسه)। সনদ নিয়ে মতভেদ আছে, তাই অধ্যায়ে «বর্ণিত আছে»।","•  «من عرف نفسه فقد عرف ربه» (অংশ ১২০ঝ): আমিরুল মুমিনীন আলী (আলাইহিস্ সালাম)-এর বাণী হিসেবে আমিদির গুরারুল হিকাম ওয়া দুরারুল কালিম-এ, নং ৪৬৪১ (PAGE-CHECK; সূত্র-আলোচনা: https://ar.wikishia.net/view/حديث_من_عرف_نفسه)। সনদ নিয়ে মতভেদ আছে, তাই অধ্যায়ে «বর্ণিত আছে»।",YES,BOUND
REF-039,1636,1653,17,EXACT,1.000,2,০৬  আল্লাহর কাছে না পৌঁছানো নামাজ,PAGE-CHECK,"VERIFIED (six-book number + text, 2026-10-03); grade/edition per control tables",VL VERIFIED-LIVE,,"•  শয়তান রক্তের পথে চলে (অংশ ১১৮): «إن الشيطان يجري من ابن آدم مجرى الدم», সহিহ বুখারী (সাফিয়্যার ঘটনা; যেমন হাদিস ৭১৭১) ও সহিহ মুসলিম, হাদিস ২১৭৫ (নম্বর PAGE-CHECK)। https://hadithprophet.com/hadith-37589.html","•  শয়তান রক্তের পথে চলে (অংশ ১১৮): «إن الشيطان يجري من ابن آدم مجرى الدم», সহিহ বুখারী (সাফিয়্যার ঘটনা; যেমন হাদিস ৭১৭১) ও সহিহ মুসলিম, হাদিস ২১৭৫ (নম্বর PAGE-CHECK)। https://hadithprophet.com/hadith-37589.html",YES,BOUND
REF-040,1637,1654,17,EXACT,1.000,2,০৬  আল্লাহর কাছে না পৌঁছানো নামাজ,PAGE-CHECK,PAGE-CHECK (Shia source; edition/page lock),SPC SHIA-PAGE-CHECK,,"•  নাহজুল বালাগা, প্রথম খুতবা (অংশ ১২৩): «أَوَّلُ الدِّينِ مَعْرِفَتُهُ، وَكَمَالُ مَعْرِفَتِهِ التَّصْدِيقُ بِهِ، وَكَمَالُ التَّصْدِيقِ بِهِ تَوْحِيدُهُ» ও «أَنْشَأَ الْخَلْقَ إِنْشَاءً، وَابْتَدَأَهُ ابْتِدَاءً، بِلَا رَوِيَّةٍ أَجَالَهَا، وَلَا تَجْرِبَةٍ اسْتَفَادَهَا»। অনলাইন পাঠ: https://forums.alkafeel.net/node/84002 (সেখানে «أحالها»; অন্য সংস্করণে «أجالها»; ছাপা সংস্করণে মেলানো PAGE-CHECK)।","•  নাহজুল বালাগা, প্রথম খুতবা (অংশ ১২৩): «أَوَّلُ الدِّينِ مَعْرِفَتُهُ، وَكَمَالُ مَعْرِفَتِهِ التَّصْدِيقُ بِهِ، وَكَمَالُ التَّصْدِيقِ بِهِ تَوْحِيدُهُ» ও «أَنْشَأَ الْخَلْقَ إِنْشَاءً، وَابْتَدَأَهُ ابْتِدَاءً، بِلَا رَوِيَّةٍ أَجَالَهَا، وَلَا تَجْرِبَةٍ اسْتَفَادَهَا»। অনলাইন পাঠ: https://forums.alkafeel.net/node/84002 (সেখানে «أحالها»; অন্য সংস্করণে «أجالها»; ছাপা সংস্করণে মেলানো PAGE-CHECK)।",YES,BOUND
REF-041,1638,1655,17,EXACT,1.000,2,০৬  আল্লাহর কাছে না পৌঁছানো নামাজ,বর্ণিত আছে,PLAUSIBLE_SOURCE_ONLY — KEEP-ATTRIBUTION-ONLY «বর্ণিত আছে»,UNID UNIDENTIFIED,HAD-NUR-AWWAL,•  নূরের প্রথম সৃষ্টি (অংশ ১২৬): «বর্ণিত আছে»; সনদসহ উৎস এই অধ্যায়ে দেওয়া হয়নি।,•  নূরের প্রথম সৃষ্টি (অংশ ১২৬): «বর্ণিত আছে»; সনদসহ উৎস এই অধ্যায়ে দেওয়া হয়নি।,YES,BOUND
REF-042,1640,1657,17,EXACT,1.000,2,০৬  আল্লাহর কাছে না পৌঁছানো নামাজ,PAGE-CHECK,PAGE-CHECK (Shia source; edition/page lock),SPC SHIA-PAGE-CHECK,,"•  আয়াতুন নূরের ব্যাখ্যা (অংশ ১৩৫–১৩৭): আল-কাফি, খণ্ড ১, কিতাবুল হুজ্জাহ, বাবু আন্নাল আইম্মাতা নূরুল্লাহ, হাদিস ৫, সালিহ ইবনে সাহল, ইমাম সাদিক (আলাইহিস্ সালাম) থেকে: «كَمِشْكاةٍ فَاطِمَةُ… فَاطِمَةُ كَوْكَبٌ دُرِّيٌّ بَيْنَ نِسَاءِ أَهْلِ الدُّنْيَا… نُورٌ عَلى نُورٍ إِمَامٌ مِنْهَا بَعْدَ إِمَامٍ»। https://thaqalayn.net/hadith/1/4/13/5 (পৃ. ১/১৯৫ PAGE-CHECK; সনদে সাহল ইবনে যিয়াদ)।","•  আয়াতুন নূরের ব্যাখ্যা (অংশ ১৩৫–১৩৭): আল-কাফি, খণ্ড ১, কিতাবুল হুজ্জাহ, বাবু আন্নাল আইম্মাতা নূরুল্লাহ, হাদিস ৫, সালিহ ইবনে সাহল, ইমাম সাদিক (আলাইহিস্ সালাম) থেকে: «كَمِشْكاةٍ فَاطِمَةُ… فَاطِمَةُ كَوْكَبٌ دُرِّيٌّ بَيْنَ نِسَاءِ أَهْلِ الدُّنْيَا… نُورٌ عَلى نُورٍ إِمَامٌ مِنْهَا بَعْدَ إِمَامٍ»। https://thaqalayn.net/hadith/1/4/13/5 (পৃ. ১/১৯৫ PAGE-CHECK; সনদে সাহল ইবনে যিয়াদ)।",YES,BOUND
REF-043,1642,1659,17,EXACT,1.000,2,০৬  আল্লাহর কাছে না পৌঁছানো নামাজ,PAGE-CHECK,"VERIFIED (six-book number + text, 2026-10-03); grade/edition per control tables",VL VERIFIED-LIVE,HAD-THAQALAYN,"•  সাকালাইনের (কিতাবুল্লাহ ও আহলে বাইত) সুন্নি পাঠ: জামে তিরমিযি, হাদিস ৩৭৮৬ (জাবির ইবনে আবদিল্লাহ, আরাফার খুতবা): «تركت فيكم ما إن أخذتم به لن تضلوا كتاب الله وعترتي أهل بيتي»; তিরমিযি: হাসান গরিব; মান নিয়ে মতভেদ আছে (আলবানী সহিহ, শুআইব/বাশশার হাসান, যুবাইর আলী যাঈ দাঈফ)। পাঠ খোলা হয়েছে আরবি পাঠ-সংস্করণে (hadith-api, jsDelivr; sunnah.com ৪০৩); ছাপা পাতা PAGE-CHECK। সহিহ মুসলিম ২৪০৮a-তে শব্দ «وأهل بيتي», «عترتي» নয়। দেখুন SOURCE_REGISTER.md (CL-HAD-001/002)।","•  সাকালাইনের (কিতাবুল্লাহ ও আহলে বাইত) সুন্নি পাঠ: জামে তিরমিযি, হাদিস ৩৭৮৬ (জাবির ইবনে আবদিল্লাহ, আরাফার খুতবা): «تركت فيكم ما إن أخذتم به لن تضلوا كتاب الله وعترتي أهل بيتي»; তিরমিযি: হাসান গরিব; মান নিয়ে মতভেদ আছে (আলবানী সহিহ, শুআইব/বাশশার হাসান, যুবাইর আলী যাঈ দাঈফ)। পাঠ খোলা হয়েছে আরবি পাঠ-সংস্করণে (hadith-api, jsDelivr; sunnah.com ৪০৩); ছাপা পাতা PAGE-CHECK। সহিহ মুসলিম ২৪০৮a-তে শব্দ «وأهل بيتي», «عترتي» নয়। দেখুন SOURCE_REGISTER.md (CL-HAD-001/002)।",YES,BOUND
REF-044,1643,1660,17,EXACT,1.000,2,০৬  আল্লাহর কাছে না পৌঁছানো নামাজ,PAGE-CHECK,"VERIFIED (six-book number + text, 2026-10-03); grade/edition per control tables",VL VERIFIED-LIVE,,"•  ঈদের খুতবা নামাজের পরে: সহিহ বুখারী ৯৫৬ (আবু সাঈদ খুদরি; মারওয়ান আগে খুতবা দিলেন, «غيرتم والله») ও ৯৫৭ (ইবনে উমর: «يصلي في الأضحى والفطر ثم يخطب بعد الصلاة»)। অবস্থা: পাঠ খোলা ও মেলানো (আরবি পাঠ-সংস্করণে, sunnah.com ৪০৩); ছাপা পাতা PAGE-CHECK। দেখুন SOURCE_REGISTER.md (CL-HAD-005/006)।","•  ঈদের খুতবা নামাজের পরে: সহিহ বুখারী ৯৫৬ (আবু সাঈদ খুদরি; মারওয়ান আগে খুতবা দিলেন, «غيرتم والله») ও ৯৫৭ (ইবনে উমর: «يصلي في الأضحى والفطر ثم يخطب بعد الصلاة»)। অবস্থা: পাঠ খোলা ও মেলানো (আরবি পাঠ-সংস্করণে, sunnah.com ৪০৩); ছাপা পাতা PAGE-CHECK। দেখুন SOURCE_REGISTER.md (CL-HAD-005/006)।",YES,BOUND
REF-045,1644,1661,17,EXACT,1.000,2,০৬  আল্লাহর কাছে না পৌঁছানো নামাজ,PAGE-CHECK,"VERIFIED (six-book number + text, 2026-10-03); grade/edition per control tables",VL VERIFIED-LIVE,,"•  ৬২:১১ ও বারোজন (অংশ ১৪৮): সহিহ বুখারী, হাদিস ৯৩৬ (জাবির): «…حَتَّى مَا بَقِيَ مَعَ النَّبِيِّ ﷺ إِلاَّ اثْنَا عَشَرَ رَجُلاً»; সহিহ মুসলিম (আবদুল বাকি ৮৬৩): খুতবার সময় (নম্বর PAGE-CHECK)।","•  ৬২:১১ ও বারোজন (অংশ ১৪৮): সহিহ বুখারী, হাদিস ৯৩৬ (জাবির): «…حَتَّى مَا بَقِيَ مَعَ النَّبِيِّ ﷺ إِلاَّ اثْنَا عَشَرَ رَجُلاً»; সহিহ মুসলিম (আবদুল বাকি ৮৬৩): খুতবার সময় (নম্বর PAGE-CHECK)।",YES,BOUND
REF-046,1648,1665,17,EXACT,1.000,2,০৬  আল্লাহর কাছে না পৌঁছানো নামাজ,PAGE-CHECK,PAGE-CHECK (Shia source; edition/page lock),SPC SHIA-PAGE-CHECK,HAD-WILAYA-KAFI,"•  রুকন ও মাকামের মাঝে ইবাদত, বেলায়াত ছাড়া (অংশ ১৭ঢ): ইমাম যাইনুল আবেদীন (আ.) থেকে আবু হামযা সুমালির বর্ণনা। পাঠ নেওয়া হয়েছে বিহারুল আনওয়ার, খণ্ড ২৭ (মুয়াসসাসাতুল ওয়াফা, বৈরুত), বাব ৭ «أنه لا تقبل الأعمال إلا بالولاية», হাদিস ১৬, পৃ. ১৭২–১৭৩ থেকে (https://lib.eshia.ir/11008/27/173), যার মূল উৎস আমালি আত-তুসি। একই বর্ণনা সাওয়াবুল আমাল (পৃ. ১৯৭; শব্দভেদ «لم ينتفع بذلك شيئا») ও আল-মাহাসিন (পৃ. ৯১)-এ আছে; এই দুটি পৃষ্ঠা বিহারের পাদটীকা থেকে নেওয়া (PAGE-CHECK)। সনদের মান কোথাও লেখা নেই।","•  রুকন ও মাকামের মাঝে ইবাদত, বেলায়াত ছাড়া (অংশ ১৭ঢ): ইমাম যাইনুল আবেদীন (আ.) থেকে আবু হামযা সুমালির বর্ণনা। পাঠ নেওয়া হয়েছে বিহারুল আনওয়ার, খণ্ড ২৭ (মুয়াসসাসাতুল ওয়াফা, বৈরুত), বাব ৭ «أنه لا تقبل الأعمال إلا بالولاية», হাদিস ১৬, পৃ. ১৭২–১৭৩ থেকে (https://lib.eshia.ir/11008/27/173), যার মূল উৎস আমালি আত-তুসি। একই বর্ণনা সাওয়াবুল আমাল (পৃ. ১৯৭; শব্দভেদ «لم ينتفع بذلك شيئا») ও আল-মাহাসিন (পৃ. ৯১)-এ আছে; এই দুটি পৃষ্ঠা বিহারের পাদটীকা থেকে নেওয়া (PAGE-CHECK)। সনদের মান কোথাও লেখা নেই।",YES,BOUND
REF-047,1650,1667,17,EXACT,1.000,2,০৬  আল্লাহর কাছে না পৌঁছানো নামাজ,PAGE-CHECK,NON-HADITH — PAGE-CHECK,HIST NON-HADITH,,"•  ইবনে মুলজিম (অংশ ১৭ণ): ৪০ হিজরির ১৯ রমজান ভোরে কুফার মসজিদে আমিরুল মুমিনীন আলী (আলাইহিস্ সালাম)-কে আঘাত, সুপরিচিত ইতিহাস (যেমন শেখ মুফিদ, আল-ইরশাদ)। বাইয়াত, দুই-তিনবার ফিরিয়ে দেওয়া ও «أريد حياته ويريد قتلي»: আবুল ফারাজ ইসফাহানি, মাকাতিলুত তালিবিয়্যিন, পৃ. ৪৫ (শামেলা); ইবনে সাদ, আত-তাবাকাতুল কুবরা ৩/২৪ (দারুল কুতুবিল ইলমিয়্যা)। চল্লিশ দিন তলোয়ার শান দেওয়া («شحذته أربعين صباحا») তার নিজের উক্তি হিসেবে বর্ণিত। মুখে সিজদার দাগ: ইবনে কাসির, আল-বিদায়া ওয়ান নিহায়া, খণ্ড ৭ (PAGE-CHECK)। «৪০ বছর ইবাদত» কোনো উৎসে পাওয়া যায়নি, তাই ব্যবহৃত হয়নি।","•  ইবনে মুলজিম (অংশ ১৭ণ): ৪০ হিজরির ১৯ রমজান ভোরে কুফার মসজিদে আমিরুল মুমিনীন আলী (আলাইহিস্ সালাম)-কে আঘাত, সুপরিচিত ইতিহাস (যেমন শেখ মুফিদ, আল-ইরশাদ)। বাইয়াত, দুই-তিনবার ফিরিয়ে দেওয়া ও «أريد حياته ويريد قتلي»: আবুল ফারাজ ইসফাহানি, মাকাতিলুত তালিবিয়্যিন, পৃ. ৪৫ (শামেলা); ইবনে সাদ, আত-তাবাকাতুল কুবরা ৩/২৪ (দারুল কুতুবিল ইলমিয়্যা)। চল্লিশ দিন তলোয়ার শান দেওয়া («شحذته أربعين صباحا») তার নিজের উক্তি হিসেবে বর্ণিত। মুখে সিজদার দাগ: ইবনে কাসির, আল-বিদায়া ওয়ান নিহায়া, খণ্ড ৭ (PAGE-CHECK)। «৪০ বছর ইবাদত» কোনো উৎসে পাওয়া যায়নি, তাই ব্যবহৃত হয়নি।",YES,BOUND
REF-048,1808,1827,19,EXACT,1.000,2,০৭  রাত পর্যন্ত: কুরআনের আলোকে ইফতার,বর্ণিত আছে,PROSE — follows source-block row,PROSE PROSE-LINE,HAD-IFTAR-TAMR,"“না। বিসাল হলো রাতকেও রোযার নিয়তে টেনে নেওয়া। এখানে রাত এসেছে, রোযা শেষ হয়ে গেছে। শুধু খাওয়া হয়নি। দুটো এক জিনিস নয়।” সে একটু হাসল। “আর বর্ণিত আছে, রাসূলুল্লাহ ﷺ পানি কিংবা খেজুর দিয়ে রোযা খুলতে বলেছেন। এক চুমুক পানি। একটা খেজুর।”","“না। বিসাল হলো রাতকেও রোযার নিয়তে টেনে নেওয়া। এখানে রাত এসেছে, রোযা শেষ হয়ে গেছে। শুধু খাওয়া হয়নি। দুটো এক জিনিস নয়।” সে একটু হাসল। “আর বর্ণিত আছে, রাসূলুল্লাহ ﷺ পানি কিংবা খেজুর দিয়ে রোযা খুলতে বলেছেন। এক চুমুক পানি। একটা খেজুর।”",YES,BOUND
REF-049,1885,1904,19,EXACT,1.000,2,০৭  রাত পর্যন্ত: কুরআনের আলোকে ইফতার,বর্ণিত আছে,EDITION-NUMBER MAP PENDING (use standard numbering),EDN EDITION-NUMBER,HAD-IFTAR-TAMR,"•  উমর ও উসমানের ইফতার: মুয়াত্তা ইমাম মালিক, কিতাবুস সিয়াম (লেখকের ব্যবহৃত বাংলা সংস্করণে ১ম খণ্ড, পৃ. ২৩৯, হাদীস ৬৯৪)। «যখন পূর্ব দিক থেকে অন্ধকার আসে…»: সহীহ বুখারী, কিতাবুস সাওম, উমর ইবনুল খাত্তাবের সূত্রে (লেখকের ব্যবহৃত আধুনিক প্রকাশনী সংস্করণে হাদীস ১৮১৫)। আনাসের দুধের ঘটনা: মূল আরবি, মাকারিমুল আখলাক (তাবরিসি), রাসূলুল্লাহ ﷺ-এর পানীয় অধ্যায়, আনাসের নিজের ভাষায়; অধ্যায়ে ঘটনাটি শুধু এই আরবি পাঠ অনুযায়ী বলা হয়েছে (আনাস রাতভর আশঙ্কা করেছিলেন রাসূলুল্লাহ ﷺ হয়তো না খেয়ে রাত কাটাবেন; তিনি কখনো এ বিষয়ে জিজ্ঞেস বা উল্লেখ করেননি)। এছাড়া: সত্য কাহিনী সম্ভার (শহীদ মুতাহহারির দাস্তানে রাস্তান-এর বাংলা অনুবাদ), ‘ইফতারি’; মূল: মাকারিমুল আখলাক (তাবরিসি), রাসূলুল্লাহ ﷺ-এর পানীয় অধ্যায়; কুহলুল বাসার পৃ. ৬৭। পানি বা খেজুর দিয়ে রোযা খোলার কথা (অংশ ১১৭গ) «বর্ণিত আছে» বলে রাখা হয়েছে; মূল কিতাবের সূত্র এখনো মেলানো হয়নি।","•  উমর ও উসমানের ইফতার: মুয়াত্তা ইমাম মালিক, কিতাবুস সিয়াম (লেখকের ব্যবহৃত বাংলা সংস্করণে ১ম খণ্ড, পৃ. ২৩৯, হাদীস ৬৯৪)। «যখন পূর্ব দিক থেকে অন্ধকার আসে…»: সহীহ বুখারী, কিতাবুস সাওম, উমর ইবনুল খাত্তাবের সূত্রে (লেখকের ব্যবহৃত আধুনিক প্রকাশনী সংস্করণে হাদীস ১৮১৫)। আনাসের দুধের ঘটনা: মূল আরবি, মাকারিমুল আখলাক (তাবরিসি), রাসূলুল্লাহ ﷺ-এর পানীয় অধ্যায়, আনাসের নিজের ভাষায়; অধ্যায়ে ঘটনাটি শুধু এই আরবি পাঠ অনুযায়ী বলা হয়েছে (আনাস রাতভর আশঙ্কা করেছিলেন রাসূলুল্লাহ ﷺ হয়তো না খেয়ে রাত কাটাবেন; তিনি কখনো এ বিষয়ে জিজ্ঞেস বা উল্লেখ করেননি)। এছাড়া: সত্য কাহিনী সম্ভার (শহীদ মুতাহহারির দাস্তানে রাস্তান-এর বাংলা অনুবাদ), ‘ইফতারি’; মূল: মাকারিমুল আখলাক (তাবরিসি), রাসূলুল্লাহ ﷺ-এর পানীয় অধ্যায়; কুহলুল বাসার পৃ. ৬৭। পানি বা খেজুর দিয়ে রোযা খোলার কথা (অংশ ১১৭গ) «বর্ণিত আছে» বলে রাখা হয়েছে; মূল কিতাবের সূত্র এখনো মেলানো হয়নি।",YES,BOUND
REF-050,1946,1966,20,EXACT,1.000,2,০৮  দানবাক্সের তিনশো বিশ টাকা,বর্ণিত আছে,PROSE — follows source-block row,PROSE PROSE-LINE,HAD-MAHR-KHUMS,"আমি উৎসাহিত হয়ে বললাম, “ঠিক বলেছ, ফয়সাল। বর্ণিত আছে, ইমাম রেজা (আলাইহিস্ সালাম) বলেছেন: ‘আল্লাহ মহিমান্বিত ও পরাক্রমশালী, সাইয়্যিদা ফাতিমাতুয্ যাহরা (আলাইহাস্ সালাম)-এর মোহরানা (মাহর) হিসেবে পৃথিবীর এক-পঞ্চমাংশ নির্ধারণ করেছেন।’”","আমি উৎসাহিত হয়ে বললাম, “ঠিক বলেছ, ফয়সাল। বর্ণিত আছে, ইমাম রেজা (আলাইহিস্ সালাম) বলেছেন: ‘আল্লাহ মহিমান্বিত ও পরাক্রমশালী, সাইয়্যিদা ফাতিমাতুয্ যাহরা (আলাইহাস্ সালাম)-এর মোহরানা (মাহর) হিসেবে পৃথিবীর এক-পঞ্চমাংশ নির্ধারণ করেছেন।’”",YES,BOUND
REF-051,2064,2084,20,EXACT,1.000,2,০৮  দানবাক্সের তিনশো বিশ টাকা,বর্ণিত আছে,PROSE — follows source-block row,PROSE PROSE-LINE,HAD-KHATAM-RUKU,"তারপর তিনি ঘটনাটা বললেন। বর্ণিত আছে, রাসূলুল্লাহ ﷺ-এর একজন সাহাবি, হযরত আবু যার আল-গিফারী বলেন: “আমি একদিন রাসূলুল্লাহ ﷺ-এর সঙ্গে যোহরের সালাত আদায় করছিলাম। হঠাৎ একজন ভিক্ষুক মসজিদে প্রবেশ করল, কিন্তু কেউ তাকে সাহায্য করল না। সে দু’হাত তুলে আল্লাহর কাছে ফরিয়াদ করল— ‘ইয়া আল্লাহ, আমি সাহায্য চাইলাম, কিন্তু কেউ কিছু দিল না।’ সেই সময় হযরত আলী ইবনে আবু তালিব (আলাইহিস্ সালাম) রুকু অবস্থায় ছিলেন। তিনি ভিক্ষুকের দিকে ইশারা করলেন, এবং ভিক্ষুক তাঁর আঙুলের আংটি নিয়ে নিল। এই দৃশ্য রাসূলুল্লাহ ﷺ-এর চোখের সামনে ঘটল।”","তারপর তিনি ঘটনাটা বললেন। বর্ণিত আছে, রাসূলুল্লাহ ﷺ-এর একজন সাহাবি, হযরত আবু যার আল-গিফারী বলেন: “আমি একদিন রাসূলুল্লাহ ﷺ-এর সঙ্গে যোহরের সালাত আদায় করছিলাম। হঠাৎ একজন ভিক্ষুক মসজিদে প্রবেশ করল, কিন্তু কেউ তাকে সাহায্য করল না। সে দু’হাত তুলে আল্লাহর কাছে ফরিয়াদ করল— ‘ইয়া আল্লাহ, আমি সাহায্য চাইলাম, কিন্তু কেউ কিছু দিল না।’ সেই সময় হযরত আলী ইবনে আবু তালিব (আলাইহিস্ সালাম) রুকু অবস্থায় ছিলেন। তিনি ভিক্ষুকের দিকে ইশারা করলেন, এবং ভিক্ষুক তাঁর আঙুলের আংটি নিয়ে নিল। এই দৃশ্য রাসূলুল্লাহ ﷺ-এর চোখের সামনে ঘটল।”",YES,BOUND
REF-052,2170,2190,20,EXACT,1.000,2,০৮  দানবাক্সের তিনশো বিশ টাকা,PAGE-CHECK,NON-HADITH — PAGE-CHECK,HIST NON-HADITH,,•  তারাবি/তারবিহা = বিশ্রাম (ر-و-ح) — লিসানুল আরব — PAGE-CHECK।,•  তারাবি/তারবিহা = বিশ্রাম (ر-و-ح) — লিসানুল আরব — PAGE-CHECK।,YES,BOUND
REF-053,2171,2191,20,EXACT,1.000,2,০৮  দানবাক্সের তিনশো বিশ টাকা,PAGE-CHECK,"VERIFIED (six-book number + text, 2026-10-03); grade/edition per control tables",VL VERIFIED-LIVE,,"•  রাসূলুল্লাহ ﷺ রমজানের রাতে মসজিদে কয়েক রাত নামাজ, তারপর বন্ধ («خشيت أن تفرض عليكم») — বুখারি ১১২৯ / মুসলিম ৭৬১ (আয়েশা) — PAGE-CHECK (sunnah.com 403; বাহ্যিক যাচাই তালিকায়)।","•  রাসূলুল্লাহ ﷺ রমজানের রাতে মসজিদে কয়েক রাত নামাজ, তারপর বন্ধ («خشيت أن تفرض عليكم») — বুখারি ১১২৯ / মুসলিম ৭৬১ (আয়েশা) — PAGE-CHECK (sunnah.com 403; বাহ্যিক যাচাই তালিকায়)।",YES,BOUND
REF-054,2172,2192,20,EXACT,1.000,2,০৮  দানবাক্সের তিনশো বিশ টাকা,PAGE-CHECK,"VERIFIED (six-book number + text, 2026-10-03); grade/edition per control tables",VL VERIFIED-LIVE,,•  উমর: «نعمت البدعة هذه» — বুখারি ২০১০ — PAGE-CHECK।,•  উমর: «نعمت البدعة هذه» — বুখারি ২০১০ — PAGE-CHECK।,YES,BOUND
REF-055,2173,2193,20,EXACT,1.000,2,০৮  দানবাক্সের তিনশো বিশ টাকা,PAGE-CHECK,PAGE-CHECK (Shia source; edition/page lock),SPC SHIA-PAGE-CHECK,,"•  ইমাম আলী (আলাইহিস্ সালাম): «আমি যদি ফাদাক ফিরিয়ে দিই… তারাবির বিদআত মুছে দিই…» — জনির খাতা ¶২৩২৭৮–২৩২৮৭ (JONY-VERBATIM); মূল: আল-কাফি, রাওদা (খ.৮, খুতবা «لو استوت قدماي») — PAGE-CHECK; ছাপার আগে খণ্ড-পৃষ্ঠা মেলাতে হবে।","•  ইমাম আলী (আলাইহিস্ সালাম): «আমি যদি ফাদাক ফিরিয়ে দিই… তারাবির বিদআত মুছে দিই…» — জনির খাতা ¶২৩২৭৮–২৩২৮৭ (JONY-VERBATIM); মূল: আল-কাফি, রাওদা (খ.৮, খুতবা «لو استوت قدماي») — PAGE-CHECK; ছাপার আগে খণ্ড-পৃষ্ঠা মেলাতে হবে।",YES,BOUND
REF-056,2182,2202,20,EXACT,1.000,2,০৮  দানবাক্সের তিনশো বিশ টাকা,বর্ণিত আছে,PAGE-CHECK (Shia source; edition/page lock),SPC SHIA-PAGE-CHECK,HAD-KHATAM-RUKU,"•  রুকুতে দান (অংশ ১৫৪–১৫৭): আংটির বর্ণনা তাবারি, জামিউল বায়ান, ৫:৫৫ (আস-সুদ্দি, উতবা ইবনে আবি হাকিম, মুজাহিদ থেকে)। https://quran.ksu.edu.sa/tafseer/tabary/sura5-aya55.html । চাদরের (হুল্লা) বর্ণনা এবং «প্রত্যেক ইমাম এই গুণের» কথা আল-কাফি, খণ্ড ১, কিতাবুল হুজ্জাহ, বাব «ما نص الله عز وجل ورسوله على الأئمة», হাদিস ৩। https://thaqalayn.net/chapter/1/4/64 । আবু যার আল-গিফারীর বর্ণনার পাঠ লেখকের খাতা থেকে, মূল কিতাবে মেলানো হয়নি, তাই «বর্ণিত আছে»।","•  রুকুতে দান (অংশ ১৫৪–১৫৭): আংটির বর্ণনা তাবারি, জামিউল বায়ান, ৫:৫৫ (আস-সুদ্দি, উতবা ইবনে আবি হাকিম, মুজাহিদ থেকে)। https://quran.ksu.edu.sa/tafseer/tabary/sura5-aya55.html । চাদরের (হুল্লা) বর্ণনা এবং «প্রত্যেক ইমাম এই গুণের» কথা আল-কাফি, খণ্ড ১, কিতাবুল হুজ্জাহ, বাব «ما نص الله عز وجل ورسوله على الأئمة», হাদিস ৩। https://thaqalayn.net/chapter/1/4/64 । আবু যার আল-গিফারীর বর্ণনার পাঠ লেখকের খাতা থেকে, মূল কিতাবে মেলানো হয়নি, তাই «বর্ণিত আছে»।",YES,BOUND
REF-057,2183,2203,20,EXACT,1.000,2,০৮  দানবাক্সের তিনশো বিশ টাকা,বর্ণিত আছে,PAGE-CHECK (Shia source; edition/page lock),SPC SHIA-PAGE-CHECK,HAD-MAHR-KHUMS,"•  ফাতিমা (আলাইহাস্ সালাম)-এর মোহর হিসেবে পৃথিবীর এক-পঞ্চমাংশ (অংশ ৫১) ও দর্জির সূঁচের খুমস (অংশ ৫৯): লেখকের খাতায় ফিকহুর রেজা গ্রন্থের নামে আছে; মূল পাতা মেলানো হয়নি, তাই «বর্ণিত আছে» / «এক হাদিসে বর্ণিত হয়েছে»।","•  ফাতিমা (আলাইহাস্ সালাম)-এর মোহর হিসেবে পৃথিবীর এক-পঞ্চমাংশ (অংশ ৫১) ও দর্জির সূঁচের খুমস (অংশ ৫৯): লেখকের খাতায় ফিকহুর রেজা গ্রন্থের নামে আছে; মূল পাতা মেলানো হয়নি, তাই «বর্ণিত আছে» / «এক হাদিসে বর্ণিত হয়েছে»।",YES,BOUND
REF-058,2240,2261,21,EXACT,1.000,2,০৯  কার ব্যাখ্যা মেনে আমল করব?,বর্ণিত আছে,PROSE — follows source-block row,PROSE PROSE-LINE,HAD-ARROW-SALAT,"বুরুল্লাহ মাথা নাড়ল, যেন এটাই প্রত্যাশিত। “বর্ণিত আছে, ইমাম আলী (আলাইহিস্ সালাম)-এর নামাজে তীর বের করা হয়েছিল, আর তিনি টেরও পাননি— এমন আত্মস্থতা, এমন ঈমানের গভীরতা কেবল ইমামিয় দৃষ্টিভঙ্গিতে সম্ভব।”","বুরুল্লাহ মাথা নাড়ল, যেন এটাই প্রত্যাশিত। “বর্ণিত আছে, ইমাম আলী (আলাইহিস্ সালাম)-এর নামাজে তীর বের করা হয়েছিল, আর তিনি টেরও পাননি— এমন আত্মস্থতা, এমন ঈমানের গভীরতা কেবল ইমামিয় দৃষ্টিভঙ্গিতে সম্ভব।”",YES,BOUND
REF-059,2273,2294,21,EXACT,1.000,2,০৯  কার ব্যাখ্যা মেনে আমল করব?,PAGE-CHECK,PAGE-CHECK (Shia source; edition/page lock),SPC SHIA-PAGE-CHECK,HAD-IMAM-JAHILIYYA,"•  «من مات ولم يعرف إمام زمانه مات ميتة جاهلية» — শিয়া সূত্রে কামালুদ্দীন (শেখ সাদুক) প্রভৃতি; অনুরূপ পাঠ আল-কাফি ১, কিতাবুল হুজ্জাহ (অধ্যায় ৬-এর নমুনার সূত্র দেখুন) — PAGE-CHECK।","•  «من مات ولم يعرف إمام زمانه مات ميتة جاهلية» — শিয়া সূত্রে কামালুদ্দীন (শেখ সাদুক) প্রভৃতি; অনুরূপ পাঠ আল-কাফি ১, কিতাবুল হুজ্জাহ (অধ্যায় ৬-এর নমুনার সূত্র দেখুন) — PAGE-CHECK।",YES,BOUND
REF-060,2274,2295,21,EXACT,1.000,2,০৯  কার ব্যাখ্যা মেনে আমল করব?,বর্ণিত আছে,CANDIDATE — PAGE-CHECK (not live-verifiable here),CAND CANDIDATE,HAD-ARROW-SALAT,•  ইমাম আলী (আলাইহিস্ সালাম)-এর নামাজে তীর বের করা — প্রসিদ্ধ বর্ণনা; মূল কিতাবের পৃষ্ঠা মেলানো হয়নি — «বর্ণিত আছে»।,•  ইমাম আলী (আলাইহিস্ সালাম)-এর নামাজে তীর বের করা — প্রসিদ্ধ বর্ণনা; মূল কিতাবের পৃষ্ঠা মেলানো হয়নি — «বর্ণিত আছে»।,YES,BOUND
REF-061,2275,2296,21,EXACT,1.000,2,০৯  কার ব্যাখ্যা মেনে আমল করব?,PAGE-CHECK; মেলানো বাকি,NON-HADITH — PAGE-CHECK,HIST NON-HADITH,,•  ইমাম হুসাইন (আলাইহিস্ সালাম)-এর ৮ জিলহজ মক্কা ত্যাগ — ইতিহাস; পৃষ্ঠা মেলানো বাকি — PAGE-CHECK।,•  ইমাম হুসাইন (আলাইহিস্ সালাম)-এর ৮ জিলহজ মক্কা ত্যাগ — ইতিহাস; পৃষ্ঠা মেলানো বাকি — PAGE-CHECK।,YES,BOUND
REF-062,2304,2326,22,EXACT,1.000,2,১০  মা সাইয়্যিদা যেভাবে ইবাদত করতেন,বর্ণিত আছে,PROSE — follows source-block row,PROSE PROSE-LINE,HAD-JAR-DAR,"“বর্ণিত আছে, ইমাম হাসান (আলাইহিস্ সালাম) ছোটবেলায় এক জুমার রাতে দেখেছিলেন, তাঁর আম্মা মা সাইয়্যিদা ফাতিমাতুয্ যাহরা (আলাইহাস্ সালাম) সারা রাত মেহরাবে দাঁড়িয়ে আছেন। রুকু, সিজদা, তারপর দোয়া। ভোর পর্যন্ত। আর পুরো রাত তিনি দোয়া করলেন প্রতিবেশীদের জন্য, মুমিন নারী-পুরুষদের জন্য, নাম ধরে ধরে। নিজের জন্য একটি দোয়াও না। ইমাম হাসান (আলাইহিস্ সালাম) সকালে জিজ্ঞেস করলেন, আম্মা, আপনি নিজের জন্য দোয়া করলেন না কেন? তিনি বললেন, ‘বাবা, আগে প্রতিবেশী, তারপর ঘর।’”","“বর্ণিত আছে, ইমাম হাসান (আলাইহিস্ সালাম) ছোটবেলায় এক জুমার রাতে দেখেছিলেন, তাঁর আম্মা মা সাইয়্যিদা ফাতিমাতুয্ যাহরা (আলাইহাস্ সালাম) সারা রাত মেহরাবে দাঁড়িয়ে আছেন। রুকু, সিজদা, তারপর দোয়া। ভোর পর্যন্ত। আর পুরো রাত তিনি দোয়া করলেন প্রতিবেশীদের জন্য, মুমিন নারী-পুরুষদের জন্য, নাম ধরে ধরে। নিজের জন্য একটি দোয়াও না। ইমাম হাসান (আলাইহিস্ সালাম) সকালে জিজ্ঞেস করলেন, আম্মা, আপনি নিজের জন্য দোয়া করলেন না কেন? তিনি বললেন, ‘বাবা, আগে প্রতিবেশী, তারপর ঘর।’”",YES,BOUND
REF-063,2355,2377,22,EXACT,1.000,2,১০  মা সাইয়্যিদা যেভাবে ইবাদত করতেন,PAGE-CHECK,PAGE-CHECK (Shia source; edition/page lock),SPC SHIA-PAGE-CHECK,HAD-JAR-DAR,"•  মা সাইয়্যিদা ফাতিমাতুয্ যাহরা (আলাইহাস্ সালাম)-এর জুমার রাতের দোয়া, «الجار ثم الدار» — ইলালুশ শারায়ে (শেখ সাদুক) ও বিহারুল আনওয়ার ৪৩ — PAGE-CHECK।","•  মা সাইয়্যিদা ফাতিমাতুয্ যাহরা (আলাইহাস্ সালাম)-এর জুমার রাতের দোয়া, «الجار ثم الدار» — ইলালুশ শারায়ে (শেখ সাদুক) ও বিহারুল আনওয়ার ৪৩ — PAGE-CHECK।",YES,BOUND
REF-064,2356,2378,22,EXACT,1.000,2,১০  মা সাইয়্যিদা যেভাবে ইবাদত করতেন,PAGE-CHECK,PAGE-CHECK (Shia source; edition/page lock),SPC SHIA-PAGE-CHECK,HAD-TASBIH,"•  তাসবিহে যাহরা ও খাদেমের ঘটনা — শিয়া সূত্রে (মান লা ইয়াহদুরুহুল ফাকিহ ১; আল-কাফি ৩) ও সুন্নি সূত্রে (সহিহ বুখারী, খাদেম চাওয়ার হাদীস) — PAGE-CHECK; ক্রম (৩৪-৩৩-৩৩) শিয়া পাঠ অনুযায়ী।","•  তাসবিহে যাহরা ও খাদেমের ঘটনা — শিয়া সূত্রে (মান লা ইয়াহদুরুহুল ফাকিহ ১; আল-কাফি ৩) ও সুন্নি সূত্রে (সহিহ বুখারী, খাদেম চাওয়ার হাদীস) — PAGE-CHECK; ক্রম (৩৪-৩৩-৩৩) শিয়া পাঠ অনুযায়ী।",YES,BOUND
REF-065,2509,2533,24,EXACT,1.000,3,"০২  জন্মসূত্রে মুসলমান, নাকি বেছে নেওয়া?",PAGE-CHECK; মেলানো বাকি,"VERIFIED (six-book number + text, 2026-10-03); grade/edition per control tables",VL VERIFIED-LIVE,HAD-FITRA,"•  «প্রত্যেক নবজাতক ফিতরাতের ওপর জন্মায়…» — সহীহ বুখারি, কিতাবুল জানায়িয, হাদীস ১৩৮৫ — PAGE-CHECK (নম্বর নকশা থেকে; মূল পাতায় মেলানো বাকি)।","•  «প্রত্যেক নবজাতক ফিতরাতের ওপর জন্মায়…» — সহীহ বুখারি, কিতাবুল জানায়িয, হাদীস ১৩৮৫ — PAGE-CHECK (নম্বর নকশা থেকে; মূল পাতায় মেলানো বাকি)।",YES,BOUND
REF-066,2528,2553,25,EXACT,1.000,3,০৩  ইবাদত কি আমাকে বদলাচ্ছে?,বর্ণিত আছে,PROSE — follows source-block row,PROSE PROSE-LINE,HAD-TASBIH,"""এই তসবিহ যার, সে আমার মা। বুরুল্লাহর দাদি। প্রতি নামাজের পর তিনি তিনটি বাক্য পড়তেন। চৌত্রিশবার আল্লাহু আকবার। তেত্রিশবার আলহামদুলিল্লাহ। তেত্রিশবার সুবহানাল্লাহ। একে বলে তাসবিহে যাহরা। বর্ণিত আছে, রাসূলুল্লাহ ﷺ নিজের মেয়েকে এটি শিখিয়েছিলেন, যখন ঘরের কাজে তাঁর হাতে ফোসকা পড়েছিল।""","""এই তসবিহ যার, সে আমার মা। বুরুল্লাহর দাদি। প্রতি নামাজের পর তিনি তিনটি বাক্য পড়তেন। চৌত্রিশবার আল্লাহু আকবার। তেত্রিশবার আলহামদুলিল্লাহ। তেত্রিশবার সুবহানাল্লাহ। একে বলে তাসবিহে যাহরা। বর্ণিত আছে, রাসূলুল্লাহ ﷺ নিজের মেয়েকে এটি শিখিয়েছিলেন, যখন ঘরের কাজে তাঁর হাতে ফোসকা পড়েছিল।""",YES,BOUND
REF-067,2570,2595,25,EXACT,1.000,3,০৩  ইবাদত কি আমাকে বদলাচ্ছে?,PAGE-CHECK,"VERIFIED (six-book number + text, 2026-10-03); grade/edition per control tables",VL VERIFIED-LIVE,HAD-TASBIH,"•  তাসবিহে যাহরা (৩৪ আল্লাহু আকবার, ৩৩ আলহামদুলিল্লাহ, ৩৩ সুবহানাল্লাহ) — আল-কাফি, খণ্ড ৩, কিতাবুস সালাত, «বাবুত তা'কীব» — PAGE-CHECK। জাঁতা ও সাহায্যকারী চাওয়ার ঘটনা: সহীহ বুখারি, কিতাবু ফাদাইলি আসহাবিন নাবী, হাদীস ৩৭০৫ (আলী আলাইহিস্ সালাম-এর বর্ণনা) — PAGE-CHECK।","•  তাসবিহে যাহরা (৩৪ আল্লাহু আকবার, ৩৩ আলহামদুলিল্লাহ, ৩৩ সুবহানাল্লাহ) — আল-কাফি, খণ্ড ৩, কিতাবুস সালাত, «বাবুত তা'কীব» — PAGE-CHECK। জাঁতা ও সাহায্যকারী চাওয়ার ঘটনা: সহীহ বুখারি, কিতাবু ফাদাইলি আসহাবিন নাবী, হাদীস ৩৭০৫ (আলী আলাইহিস্ সালাম-এর বর্ণনা) — PAGE-CHECK।",YES,BOUND
REF-068,2571,2596,25,EXACT,1.000,3,০৩  ইবাদত কি আমাকে বদলাচ্ছে?,PAGE-CHECK,"VERIFIED (six-book number + text, 2026-10-03); grade/edition per control tables",VL VERIFIED-LIVE,HAD-QIYAM-FATIMA,"•  «রাসূলুল্লাহ ﷺ তাঁর সম্মানে দাঁড়িয়ে যেতেন» — সুনানে আবু দাউদ, কিতাবুল আদাব, হাদীস ৫২১৭; সুনানে তিরমিযি, হাদীস ৩৮৭২ — PAGE-CHECK।","•  «রাসূলুল্লাহ ﷺ তাঁর সম্মানে দাঁড়িয়ে যেতেন» — সুনানে আবু দাউদ, কিতাবুল আদাব, হাদীস ৫২১৭; সুনানে তিরমিযি, হাদীস ৩৮৭২ — PAGE-CHECK।",YES,BOUND
REF-069,2572,2597,25,EXACT,1.000,3,০৩  ইবাদত কি আমাকে বদলাচ্ছে?,বর্ণিত আছে,CANDIDATE — PAGE-CHECK (not live-verifiable here),CAND CANDIDATE,HAD-UMM-ABIHA,•  «উম্মে আবিহা» উপাধি — বর্ণিত আছে।,•  «উম্মে আবিহা» উপাধি — বর্ণিত আছে।,YES,BOUND
REF-070,2646,2672,26,EXACT,1.000,3,০৪  ঘরের ভেতরে ইসার আর ভালোবাসা,PAGE-CHECK; বর্ণিত আছে,PAGE-CHECK (Shia source; edition/page lock),SPC SHIA-PAGE-CHECK,,"•  কুরআন ২৫:৭৪ (وَٱلَّذِينَ يَقُولُونَ رَبَّنَا هَبْ لَنَا مِنْ أَزْوَٰجِنَا وَذُرِّيَّٰتِنَا قُرَّةَ أَعْيُنٍ وَٱجْعَلْنَا لِلْمُتَّقِينَ إِمَامًا) — api.alquran.cloud, CONFIRMED। «স্ত্রী = খাদিজা, বংশধর = ফাতিমা, চোখের আনন্দ = হাসান-হুসাইন» ব্যাখ্যা — আহলুল বাইতের বর্ণনা হিসেবে «বর্ণিত আছে» (তাফসীরে কুম্মি, ২৫:৭৪ — PAGE-CHECK)।","•  কুরআন ২৫:৭৪ (وَٱلَّذِينَ يَقُولُونَ رَبَّنَا هَبْ لَنَا مِنْ أَزْوَٰجِنَا وَذُرِّيَّٰتِنَا قُرَّةَ أَعْيُنٍ وَٱجْعَلْنَا لِلْمُتَّقِينَ إِمَامًا) — api.alquran.cloud, CONFIRMED। «স্ত্রী = খাদিজা, বংশধর = ফাতিমা, চোখের আনন্দ = হাসান-হুসাইন» ব্যাখ্যা — আহলুল বাইতের বর্ণনা হিসেবে «বর্ণিত আছে» (তাফসীরে কুম্মি, ২৫:৭৪ — PAGE-CHECK)।",YES,BOUND
REF-071,2648,2674,26,EXACT,1.000,3,০৪  ঘরের ভেতরে ইসার আর ভালোবাসা,PAGE-CHECK; বর্ণিত আছে,"VERIFIED (six-book number + text, 2026-10-03); grade/edition per control tables",VL VERIFIED-LIVE,,"•  «فداك أبي وأمي» ও সফরের শুরু-শেষ ফাতিমার কাছে (ইবনে উমর; সাওবান) — সাওবানের বর্ণনা: সুনানে আবু দাউদ, কিতাবুত তারাজ্জুল, হাদীস ৪২১৩ — PAGE-CHECK; ইবনে উমরের বর্ণনা ও «ফাদাকি আবি ওয়া উম্মি» — হাকিম, আল-মুস্তাদরাক — PAGE-CHECK। ইবনে আব্বাসের চুমুর বর্ণনা — বর্ণিত আছে।","•  «فداك أبي وأمي» ও সফরের শুরু-শেষ ফাতিমার কাছে (ইবনে উমর; সাওবান) — সাওবানের বর্ণনা: সুনানে আবু দাউদ, কিতাবুত তারাজ্জুল, হাদীস ৪২১৩ — PAGE-CHECK; ইবনে উমরের বর্ণনা ও «ফাদাকি আবি ওয়া উম্মি» — হাকিম, আল-মুস্তাদরাক — PAGE-CHECK। ইবনে আব্বাসের চুমুর বর্ণনা — বর্ণিত আছে।",YES,BOUND
REF-072,2649,2675,26,EXACT,1.000,3,০৪  ঘরের ভেতরে ইসার আর ভালোবাসা,বর্ণিত আছে,"VERIFIED (six-book number + text, 2026-10-03); grade/edition per control tables",VL VERIFIED-LIVE,HAD-BIDAA-MINNI,"•  «ফাতিমা আমার অংশ» (فاطمة بضعة مني) — সহীহ বুখারি ৩৭১৪, CONFIRMED (বাইবেল §৪)। «ফাতিমা আমার অন্তরের ধন» — বর্ণিত আছে।","•  «ফাতিমা আমার অংশ» (فاطمة بضعة مني) — সহীহ বুখারি ৩৭১৪, CONFIRMED (বাইবেল §৪)। «ফাতিমা আমার অন্তরের ধন» — বর্ণিত আছে।",YES,BOUND
REF-073,2650,2676,26,EXACT,1.000,3,০৪  ঘরের ভেতরে ইসার আর ভালোবাসা,PAGE-CHECK; বর্ণিত আছে,"VERIFIED (six-book number + text, 2026-10-03); grade/edition per control tables",VL VERIFIED-LIVE,HAD-AHABB-FATIMA,"•  জুমাই ইবনে উমায়রের বর্ণনা (আয়েশা: ফাতিমা, পুরুষে তাঁর স্বামী) — সুনানে তিরমিযি, কিতাবুল মানাকিব, হাদীস ৩৮৭৪ — PAGE-CHECK। বুরাইদার বর্ণনা — তিরমিযি ৩৮৬৮ — PAGE-CHECK। উসামার বর্ণনা («ফাতিমা বিনতে মুহাম্মদ») — তিরমিযি ৩৮১৯ — PAGE-CHECK। আবু হুরাইরা ও কুফার মিম্বরের বর্ণনা («সে তোমার চেয়ে প্রিয়, তুমি তার চেয়ে স্নেহশীল») — বর্ণিত আছে (তাবারানি, আল-মু'জামুল আওসাত — PAGE-CHECK)।","•  জুমাই ইবনে উমায়রের বর্ণনা (আয়েশা: ফাতিমা, পুরুষে তাঁর স্বামী) — সুনানে তিরমিযি, কিতাবুল মানাকিব, হাদীস ৩৮৭৪ — PAGE-CHECK। বুরাইদার বর্ণনা — তিরমিযি ৩৮৬৮ — PAGE-CHECK। উসামার বর্ণনা («ফাতিমা বিনতে মুহাম্মদ») — তিরমিযি ৩৮১৯ — PAGE-CHECK। আবু হুরাইরা ও কুফার মিম্বরের বর্ণনা («সে তোমার চেয়ে প্রিয়, তুমি তার চেয়ে স্নেহশীল») — বর্ণিত আছে (তাবারানি, আল-মু'জামুল আওসাত — PAGE-CHECK)।",YES,BOUND
REF-074,2651,2677,26,EXACT,1.000,3,০৪  ঘরের ভেতরে ইসার আর ভালোবাসা,PAGE-CHECK,NON-HADITH — PAGE-CHECK,HIST NON-HADITH,LIT-IQBAL,"•  ফারসি কবিতা (খাতা ¶5003–5004): «مادی آن مرکز پرکار عشق / مادری آن کاروان سالار عشق» — খাতার বানান হুবহু; প্রথম শব্দ সম্ভবত «مادر» (ইকবাল, রুমুযে বেখুদি — PAGE-CHECK)।","•  ফারসি কবিতা (খাতা ¶5003–5004): «مادی آن مرکز پرکار عشق / مادری آن کاروان سالار عشق» — খাতার বানান হুবহু; প্রথম শব্দ সম্ভবত «مادر» (ইকবাল, রুমুযে বেখুদি — PAGE-CHECK)।",YES,BOUND
REF-075,2730,2757,27,EXACT,1.000,3,"০৫  “রাদিয়াল্লাহু আনহা”, নাকি “আলাইহাস্ সালাম”?",PAGE-CHECK,EDITION-NUMBER MAP PENDING (use standard numbering),EDN EDITION-NUMBER,,"•  প্রমাণ ০১–০৪: সহীহ বুখারির আরবিতে «فَاطِمَةَ عَلَيْهَا السَّلاَمُ» — খাতার বাংলা-সংস্করণ নম্বর ২৮৭৪, ৩৪৪৬, ৬২৭০, ৪৯৬ — PAGE-CHECK (ছাপা ও ক্রমিক অনুযায়ী নম্বর বদলায়; sunnah.com নম্বর মেলাতে হবে)। প্রমাণ-০৪-এর আরবি অংশ: «…عَلَيْهَا السَّلاَمُ ـ وَهْىَ جُوَيْرِيَةٌ، فَأَقْبَلَتْ تَسْعَى…»।","•  প্রমাণ ০১–০৪: সহীহ বুখারির আরবিতে «فَاطِمَةَ عَلَيْهَا السَّلاَمُ» — খাতার বাংলা-সংস্করণ নম্বর ২৮৭৪, ৩৪৪৬, ৬২৭০, ৪৯৬ — PAGE-CHECK (ছাপা ও ক্রমিক অনুযায়ী নম্বর বদলায়; sunnah.com নম্বর মেলাতে হবে)। প্রমাণ-০৪-এর আরবি অংশ: «…عَلَيْهَا السَّلاَمُ ـ وَهْىَ جُوَيْرِيَةٌ، فَأَقْبَلَتْ تَسْعَى…»।",YES,BOUND
REF-076,2731,2758,27,EXACT,1.000,3,"০৫  “রাদিয়াল্লাহু আনহা”, নাকি “আলাইহাস্ সালাম”?",বর্ণিত আছে,"VERIFIED (six-book number + text, 2026-10-03); grade/edition per control tables",VL VERIFIED-LIVE,HAD-BIDAA-MINNI,"•  «ফাতিমা আমার অংশ, যে তাকে কষ্ট দেয়…» — বুখারি ৩৭১৪ (فمن أغضبها أغضبني), CONFIRMED; «যার প্রতি সে সন্তুষ্ট…» অংশ — বর্ণিত আছে।","•  «ফাতিমা আমার অংশ, যে তাকে কষ্ট দেয়…» — বুখারি ৩৭১৪ (فمن أغضبها أغضبني), CONFIRMED; «যার প্রতি সে সন্তুষ্ট…» অংশ — বর্ণিত আছে।",YES,BOUND
REF-077,2732,2759,27,EXACT,1.000,3,"০৫  “রাদিয়াল্লাহু আনহা”, নাকি “আলাইহাস্ সালাম”?",PAGE-CHECK,NON-HADITH — PAGE-CHECK,HIST NON-HADITH,,"•  আহলুস সুন্নাহর লেখকদের তালিকা (বুখারি আদাবুল মুফরাদ, নাসায়ি সুনানুল কুবরা, ইবনে হাজার আল-ইসাবা, তাহেরুল কাদরি, ওয়াহিদুজ্জামান, দেহলভি, তাফসীরে নূরুল কুরআন) — খাতা ও শ্রোতা ০৪ L667; প্রতিটির পৃষ্ঠা PAGE-CHECK।","•  আহলুস সুন্নাহর লেখকদের তালিকা (বুখারি আদাবুল মুফরাদ, নাসায়ি সুনানুল কুবরা, ইবনে হাজার আল-ইসাবা, তাহেরুল কাদরি, ওয়াহিদুজ্জামান, দেহলভি, তাফসীরে নূরুল কুরআন) — খাতা ও শ্রোতা ০৪ L667; প্রতিটির পৃষ্ঠা PAGE-CHECK।",YES,BOUND
REF-078,2762,2790,28,EXACT,1.000,3,"০৬  ফাদাক, আর চুপ না থাকার সাহস",বর্ণিত আছে,S-181: VERIFIED-S181-URL / EDITION-LOCK PENDING,S181 RESOLVED-S181,HAD-FADAK-TESTIMONY,"ভাঙা কাপটা তিনি নিজের হাতে রাখলেন। এক চুমুক দিলেন। তারপর বললেন, ""এক নম্বর কথা। রাসূলুল্লাহ ﷺ নিজে মেয়েকে ফাদাক দিয়ে গেছেন। বর্ণিত আছে, লিখেও দিয়ে গেছেন। যাঁর কথা কুরআনের পরেই চূড়ান্ত, তাঁর দেওয়া জিনিসের জন্য আবার সাক্ষী লাগবে? এটা মেয়ের জন্য অপমান না?""","ভাঙা কাপটা তিনি নিজের হাতে রাখলেন। এক চুমুক দিলেন। তারপর বললেন, ""এক নম্বর কথা। রাসূলুল্লাহ ﷺ নিজে মেয়েকে ফাদাক দিয়ে গেছেন। বর্ণিত আছে, লিখেও দিয়ে গেছেন। যাঁর কথা কুরআনের পরেই চূড়ান্ত, তাঁর দেওয়া জিনিসের জন্য আবার সাক্ষী লাগবে? এটা মেয়ের জন্য অপমান না?""",YES,BOUND
REF-079,2814,2842,28,EXACT,1.000,3,"০৬  ফাদাক, আর চুপ না থাকার সাহস",PAGE-CHECK,S-181: VERIFIED-S181-URL / EDITION-LOCK PENDING,S181 RESOLVED-S181,HAD-BUKHARI-4240,"•  প্রমাণ ০৫–০৭ (খাতা ¶1870–1886): সহীহ বুখারি ৪২৪০–৪২৪১ (ফাতিমা আলাইহাস সালাম মদিনা, ফাদাক ও খাইবারের খুমুসের অবশিষ্ট থেকে মিরাস চাইলেন; «فَأَبَى أَبُو بَكْرٍ أَنْ يَدْفَعَ إِلَى فَاطِمَةَ…») — বাইবেল §৪-এ ৪২৪০ উল্লিখিত, CONFIRMED (একবচন «فهجرته»)। সুনানে আবু দাউদ ২৯৬৮ (একই ঘটনা, «فَاطِمَةَ عَلَيْهَا السَّلَام») ও ২৯৭২ (উমর ইবনে আব্দুল আযীযের ফাদাক ফেরত; আবু দাউদের মতে «ضعيف») — PAGE-CHECK।","•  প্রমাণ ০৫–০৭ (খাতা ¶1870–1886): সহীহ বুখারি ৪২৪০–৪২৪১ (ফাতিমা আলাইহাস সালাম মদিনা, ফাদাক ও খাইবারের খুমুসের অবশিষ্ট থেকে মিরাস চাইলেন; «فَأَبَى أَبُو بَكْرٍ أَنْ يَدْفَعَ إِلَى فَاطِمَةَ…») — বাইবেল §৪-এ ৪২৪০ উল্লিখিত, CONFIRMED (একবচন «فهجرته»)। সুনানে আবু দাউদ ২৯৬৮ (একই ঘটনা, «فَاطِمَةَ عَلَيْهَا السَّلَام») ও ২৯৭২ (উমর ইবনে আব্দুল আযীযের ফাদাক ফেরত; আবু দাউদের মতে «ضعيف») — PAGE-CHECK।",YES,BOUND
REF-080,2815,2843,28,EXACT,1.000,3,"০৬  ফাদাক, আর চুপ না থাকার সাহস",PAGE-CHECK,"VERIFIED (six-book number + text, 2026-10-03); grade/edition per control tables",VL VERIFIED-LIVE,HAD-MUBAHALA,"•  কুরআন ৩৩:৩৩ (আয়াতুত তাতহীর) — CONFIRMED। মুবাহালা ৩:৬১ — CONFIRMED; মুবাহালায় আলী, ফাতিমা, হাসান, হুসাইন — সহীহ মুসলিম ২৪০৪ — PAGE-CHECK।","•  কুরআন ৩৩:৩৩ (আয়াতুত তাতহীর) — CONFIRMED। মুবাহালা ৩:৬১ — CONFIRMED; মুবাহালায় আলী, ফাতিমা, হাসান, হুসাইন — সহীহ মুসলিম ২৪০৪ — PAGE-CHECK।",YES,BOUND
REF-081,2816,2844,28,EXACT,1.000,3,"০৬  ফাদাক, আর চুপ না থাকার সাহস",PAGE-CHECK; বর্ণিত আছে,S-181: VERIFIED-S181-URL / EDITION-LOCK PENDING,S181 RESOLVED-S181,HAD-FADAK-TESTIMONY,"•  উম্মে আইমানের সাক্ষ্য, আলী (আলাইহিস্ সালাম)-এর সাক্ষ্য, মসজিদে আবু বকরের সাথে বিতর্ক, আউস ইবনুল হাদাসান — কিতাবু সুলাইম ইবনে কায়স; আত-তাবারসি, আল-ইহতিজাজ, খণ্ড ১ — PAGE-CHECK; খাতার নিজের নোট অনুযায়ী আউসের বিবরণ আলাদাভাবে মেলানো যায়নি, তাই ছাপার আগে পর্যন্ত «বর্ণিত আছে»।","•  উম্মে আইমানের সাক্ষ্য, আলী (আলাইহিস্ সালাম)-এর সাক্ষ্য, মসজিদে আবু বকরের সাথে বিতর্ক, আউস ইবনুল হাদাসান — কিতাবু সুলাইম ইবনে কায়স; আত-তাবারসি, আল-ইহতিজাজ, খণ্ড ১ — PAGE-CHECK; খাতার নিজের নোট অনুযায়ী আউসের বিবরণ আলাদাভাবে মেলানো যায়নি, তাই ছাপার আগে পর্যন্ত «বর্ণিত আছে»।",YES,BOUND
REF-082,2817,2845,28,EXACT,1.000,3,"০৬  ফাদাক, আর চুপ না থাকার সাহস",PAGE-CHECK,S-181: VERIFIED-S181-URL / EDITION-LOCK PENDING,S181 RESOLVED-S181,HAD-UMM-AYMAN-JANNA,"•  «উম্মে আইমান জান্নাতি» — ইবনে সা'দ, আত-তাবাকাত — PAGE-CHECK।","•  «উম্মে আইমান জান্নাতি» — ইবনে সা'দ, আত-তাবাকাত — PAGE-CHECK।",YES,BOUND
REF-083,2879,2908,29,EXACT,1.000,3,০৭  আমার যুগের ইমাম কে?,PAGE-CHECK,"VERIFIED (six-book number + text, 2026-10-03); grade/edition per control tables",VL VERIFIED-LIVE,HAD-IMAM-JAHILIYYA,"•  «যে ইমামকে না চিনে মারা যায়, তার মৃত্যু জাহিলিয়াতের মৃত্যু»: খাতায় সূত্র «সহীহ মুসলিম, খণ্ড ৩, পৃ. ১৪৭৮»। মুসলিমের কিতাবুল ইমারাহ (হাদীস ১৮৫১)-এ শব্দ «مَنْ مَاتَ وَلَيْسَ فِي عُنُقِهِ بَيْعَةٌ مَاتَ مِيتَةً جَاهِلِيَّةً» (গলায় বাইয়াত না থাকা) — PAGE-CHECK। «ইমামকে না চিনে» শব্দে: আল-কাফি, খণ্ড ১, কিতাবুল হুজ্জাহ («مَنْ مَاتَ لَا يَعْرِفُ إِمَامَهُ مَاتَ مِيتَةً جَاهِلِيَّةً») — PAGE-CHECK। দুই উৎসের শব্দ ও নম্বর এক করা হয়নি।","•  «যে ইমামকে না চিনে মারা যায়, তার মৃত্যু জাহিলিয়াতের মৃত্যু»: খাতায় সূত্র «সহীহ মুসলিম, খণ্ড ৩, পৃ. ১৪৭৮»। মুসলিমের কিতাবুল ইমারাহ (হাদীস ১৮৫১)-এ শব্দ «مَنْ مَاتَ وَلَيْسَ فِي عُنُقِهِ بَيْعَةٌ مَاتَ مِيتَةً جَاهِلِيَّةً» (গলায় বাইয়াত না থাকা) — PAGE-CHECK। «ইমামকে না চিনে» শব্দে: আল-কাফি, খণ্ড ১, কিতাবুল হুজ্জাহ («مَنْ مَاتَ لَا يَعْرِفُ إِمَامَهُ مَاتَ مِيتَةً جَاهِلِيَّةً») — PAGE-CHECK। দুই উৎসের শব্দ ও নম্বর এক করা হয়নি।",YES,BOUND
REF-084,2880,2909,29,EXACT,1.000,3,০৭  আমার যুগের ইমাম কে?,মেলানো বাকি; বর্ণিত আছে,NO_SOURCE_LOCATED — KEEP-ATTRIBUTION-ONLY «বর্ণিত আছে»,UNID UNIDENTIFIED,,•  সালমানের প্রশ্ন ও «মুশরিক/জাহিল» ভাগ — বর্ণিত আছে (মূল কিতাব মেলানো বাকি)।,•  সালমানের প্রশ্ন ও «মুশরিক/জাহিল» ভাগ — বর্ণিত আছে (মূল কিতাব মেলানো বাকি)।,YES,BOUND
REF-085,2988,3019,31,EXACT,1.000,3,০৯  শাফায়াত কি আমলের বদলি?,PAGE-CHECK,"VERIFIED (six-book number + text, 2026-10-03); grade/edition per control tables",VL VERIFIED-LIVE,HAD-SAYYIDA-NISA; HAD-SHABAB-JANNA,"•  «ফাতিমা জান্নাতি নারীদের সর্দার» (سَيِّدَةُ نِسَاءِ أَهْلِ الْجَنَّةِ) — সহীহ বুখারি, কিতাবুল মানাকিব, হাদীস ৩৬২৪ — PAGE-CHECK। «হাসান ও হুসাইন জান্নাতের যুবকদের সর্দার» — সুনানে তিরমিযি ৩৭৬৮ — PAGE-CHECK।","•  «ফাতিমা জান্নাতি নারীদের সর্দার» (سَيِّدَةُ نِسَاءِ أَهْلِ الْجَنَّةِ) — সহীহ বুখারি, কিতাবুল মানাকিব, হাদীস ৩৬২৪ — PAGE-CHECK। «হাসান ও হুসাইন জান্নাতের যুবকদের সর্দার» — সুনানে তিরমিযি ৩৭৬৮ — PAGE-CHECK।",YES,BOUND
REF-086,3494,3531,37,EXACT,1.000,4,০৫  ইবাদত কীভাবে ভেতরটা বদলায়,PAGE-CHECK,EDITION-NUMBER MAP PENDING (use standard numbering),EDN EDITION-NUMBER,HAD-FATIMA-NAR,"•  «إن الله فطم ابنتي فاطمة…» — খাতায় কানযুল উম্মাল, খণ্ড ৬, পৃ. ২১৯; খণ্ড/পৃষ্ঠা মেলানো হয়নি — PAGE-CHECK।","•  «إن الله فطم ابنتي فاطمة…» — খাতায় কানযুল উম্মাল, খণ্ড ৬, পৃ. ২১৯; খণ্ড/পৃষ্ঠা মেলানো হয়নি — PAGE-CHECK।",YES,BOUND
REF-087,3495,3532,37,EXACT,1.000,4,০৫  ইবাদত কীভাবে ভেতরটা বদলায়,বর্ণিত আছে,CORRECTED — manuscript patch pending,MM MISMATCH,,•  «অন্তরে সরিষা দানা পরিমাণ অহংকার» — এই শব্দে সূত্র খাতায় নেই — «বর্ণিত আছে»।,•  «অন্তরে সরিষা দানা পরিমাণ অহংকার» — এই শব্দে সূত্র খাতায় নেই — «বর্ণিত আছে»।,YES,BOUND
REF-088,3597,3635,38,EXACT,1.000,4,০৬  প্রকৃত মুমিনকে চেনা যায় কীভাবে?,PAGE-CHECK,PAGE-CHECK (Shia source; edition/page lock),SPC SHIA-PAGE-CHECK,,"•  ইমাম জাফর আস-সাদিক (আলাইহিস্ সালাম)-এর «মুমিনের বৈশিষ্ট্য» (দীর্ঘ তালিকা) — আল-কাফি, কিতাবুল ঈমান ওয়াল কুফর (সিফাতুল মুমিন) অধ্যায়ের সাথে মিল; শব্দে মেলানো হয়নি — PAGE-CHECK।","•  ইমাম জাফর আস-সাদিক (আলাইহিস্ সালাম)-এর «মুমিনের বৈশিষ্ট্য» (দীর্ঘ তালিকা) — আল-কাফি, কিতাবুল ঈমান ওয়াল কুফর (সিফাতুল মুমিন) অধ্যায়ের সাথে মিল; শব্দে মেলানো হয়নি — PAGE-CHECK।",YES,BOUND
REF-089,3598,3636,38,EXACT,1.000,4,০৬  প্রকৃত মুমিনকে চেনা যায় কীভাবে?,PAGE-CHECK,PAGE-CHECK (Shia source; edition/page lock),SPC SHIA-PAGE-CHECK,HAD-RIDA-3SUNAN,"•  ইমাম রেযা (আলাইহিস্ সালাম): «মুমিন হবে না যতক্ষণ না তিন সুন্নাত — রবের, নবীর, ওলীর» — আল-কাফি খণ্ড ২ ও উয়ুন আখবারির রিদা-য় বর্ণিত বলে জানা; পৃষ্ঠা মেলানো হয়নি — PAGE-CHECK।","•  ইমাম রেযা (আলাইহিস্ সালাম): «মুমিন হবে না যতক্ষণ না তিন সুন্নাত — রবের, নবীর, ওলীর» — আল-কাফি খণ্ড ২ ও উয়ুন আখবারির রিদা-য় বর্ণিত বলে জানা; পৃষ্ঠা মেলানো হয়নি — PAGE-CHECK।",YES,BOUND
REF-090,3599,3637,38,EXACT,1.000,4,০৬  প্রকৃত মুমিনকে চেনা যায় কীভাবে?,বর্ণিত আছে,PLAUSIBLE_SOURCE_ONLY — FLAG-FOR-AUTHOR-DECISION,UNID UNIDENTIFIED,,"•  «তিনটি গুণ… ঈমান পূর্ণ হবে», «আমানতদার… প্রাচুর্যকে বিপদ», «সবকিছুই তাকে ভয় করে», «ফেরেশতারা মুমিনদের নূর দেখে» — খাতায় সূত্রহীন — «বর্ণিত আছে»।","•  «তিনটি গুণ… ঈমান পূর্ণ হবে», «আমানতদার… প্রাচুর্যকে বিপদ», «সবকিছুই তাকে ভয় করে», «ফেরেশতারা মুমিনদের নূর দেখে» — খাতায় সূত্রহীন — «বর্ণিত আছে»।",YES,BOUND
REF-091,3600,3638,38,EXACT,1.000,4,০৬  প্রকৃত মুমিনকে চেনা যায় কীভাবে?,বর্ণিত আছে,PLAUSIBLE_SOURCE_ONLY — KEEP-ATTRIBUTION-ONLY «বর্ণিত আছে»,UNID UNIDENTIFIED,,•  «আল্লাহ মুমিনকে দুনিয়ার বিপদ থেকে মুক্ত রাখেননি…» — খাতায় সূত্রহীন — «বর্ণিত আছে»।,•  «আল্লাহ মুমিনকে দুনিয়ার বিপদ থেকে মুক্ত রাখেননি…» — খাতায় সূত্রহীন — «বর্ণিত আছে»।,YES,BOUND
REF-092,3706,3745,39,EXACT,1.000,4,০৭  মুত্তাকীর পরিচয়,বর্ণিত আছে,PAGE-CHECK (Shia source; edition/page lock),SPC SHIA-PAGE-CHECK,,•  ২:৩-এর «অদৃশ্য» = ইমাম মাহদী (আলাইহিস্ সালাম)-এর গায়বত — শিয়া রেওয়ায়েতে বর্ণিত (কামালুদ্দীন ধাঁচের); নির্দিষ্ট খণ্ড-পৃষ্ঠা মেলানো হয়নি — «বর্ণিত আছে»।,•  ২:৩-এর «অদৃশ্য» = ইমাম মাহদী (আলাইহিস্ সালাম)-এর গায়বত — শিয়া রেওয়ায়েতে বর্ণিত (কামালুদ্দীন ধাঁচের); নির্দিষ্ট খণ্ড-পৃষ্ঠা মেলানো হয়নি — «বর্ণিত আছে»।,YES,BOUND
REF-093,3707,3746,39,EXACT,1.000,4,০৭  মুত্তাকীর পরিচয়,PAGE-CHECK,CANDIDATE — PAGE-CHECK (not live-verifiable here),CAND CANDIDATE,,"•  সাফা পাহাড়ের বাণী — খাতায় সনদ: মুহাম্মাদ ইবনে মুসা ইবনুল মুতাওয়াক্কিল ← মুহাম্মাদ ইবনে জাফর আল-হিমইয়ারী ← আহমাদ ইবনে মুহাম্মাদ ইবনে আলী ← হাসান ইবনে মাহবুব ← আলী ইবনে রিয়াব ← আবু উবাইদা আল-হাজ্জা ← ইমাম জাফর আস-সাদিক (আলাইহিস্ সালাম); শায়খ সাদুকের সনদ-ধারা, কিতাবের নাম-পৃষ্ঠা মেলানো হয়নি — PAGE-CHECK।","•  সাফা পাহাড়ের বাণী — খাতায় সনদ: মুহাম্মাদ ইবনে মুসা ইবনুল মুতাওয়াক্কিল ← মুহাম্মাদ ইবনে জাফর আল-হিমইয়ারী ← আহমাদ ইবনে মুহাম্মাদ ইবনে আলী ← হাসান ইবনে মাহবুব ← আলী ইবনে রিয়াব ← আবু উবাইদা আল-হাজ্জা ← ইমাম জাফর আস-সাদিক (আলাইহিস্ সালাম); শায়খ সাদুকের সনদ-ধারা, কিতাবের নাম-পৃষ্ঠা মেলানো হয়নি — PAGE-CHECK।",YES,BOUND
REF-094,3828,3868,40,EXACT,1.000,4,০৮  ইবনে রাজ্জাক কীভাবে বদলে গেলেন,PAGE-CHECK,CANDIDATE — PAGE-CHECK (not live-verifiable here),CAND CANDIDATE,,"•  «নিজের নফসের বিরুদ্ধে জিহাদই সর্বশ্রেষ্ঠ জিহাদ» — খাতায়: আল-বায়হাকী, আল-যুহদ আল-কাবীর, হাদীস ৩৭৩ (জাবির থেকে); মেলানো হয়নি — PAGE-CHECK।","•  «নিজের নফসের বিরুদ্ধে জিহাদই সর্বশ্রেষ্ঠ জিহাদ» — খাতায়: আল-বায়হাকী, আল-যুহদ আল-কাবীর, হাদীস ৩৭৩ (জাবির থেকে); মেলানো হয়নি — PAGE-CHECK।",YES,BOUND
REF-095,3829,3869,40,EXACT,1.000,4,০৮  ইবনে রাজ্জাক কীভাবে বদলে গেলেন,বর্ণিত আছে,CANDIDATE — PAGE-CHECK (not live-verifiable here),CAND CANDIDATE,,•  «তোমার সবচেয়ে বড় শত্রু… তোমার নফস» — ইমাম আলী (আলাইহিস্ সালাম)-এর নামে প্রচলিত; সূত্র খাতায় নেই — «বর্ণিত আছে»।,•  «তোমার সবচেয়ে বড় শত্রু… তোমার নফস» — ইমাম আলী (আলাইহিস্ সালাম)-এর নামে প্রচলিত; সূত্র খাতায় নেই — «বর্ণিত আছে»।,YES,BOUND
REF-096,4017,4059,42,EXACT,1.000,5,০২  চাদরের নিচে কারা ছিলেন?,PAGE-CHECK; বর্ণিত আছে,"VERIFIED (six-book number + text, 2026-10-03); grade/edition per control tables",VL VERIFIED-LIVE,HAD-KISA,"•  চাদরের হাদীস (হাদীসে কিসা, জাবির ইবনে আব্দুল্লাহ আনসারীর বর্ণনা) — শ্রোতা ০৪ L478; জনির নোটে আহলে সুন্নাহর একাধিক উৎসের তালিকা (সহীহ মুসলিম, তিরমিযি…) — এই দীর্ঘ পাঠের শব্দে মেলানো হয়নি — «বর্ণিত আছে»; সংক্ষিপ্ত চাদর-রেওয়ায়েত সহীহ মুসলিমে (ফাযায়েলুস সাহাবা) — PAGE-CHECK।","•  চাদরের হাদীস (হাদীসে কিসা, জাবির ইবনে আব্দুল্লাহ আনসারীর বর্ণনা) — শ্রোতা ০৪ L478; জনির নোটে আহলে সুন্নাহর একাধিক উৎসের তালিকা (সহীহ মুসলিম, তিরমিযি…) — এই দীর্ঘ পাঠের শব্দে মেলানো হয়নি — «বর্ণিত আছে»; সংক্ষিপ্ত চাদর-রেওয়ায়েত সহীহ মুসলিমে (ফাযায়েলুস সাহাবা) — PAGE-CHECK।",YES,BOUND
REF-097,4018,4060,42,EXACT,1.000,5,০২  চাদরের নিচে কারা ছিলেন?,বর্ণিত আছে,PLAUSIBLE_SOURCE_ONLY — KEEP-ATTRIBUTION-ONLY «বর্ণিত আছে»,UNID UNIDENTIFIED,,"•  তাসনিম-সংক্রান্ত হাদীসগুলো (ক্ষুধার্তকে খাওয়ানো, মাদক পরিত্যাগ, «আমি প্রথম ব্যক্তি হব», আবু জাফর ও ইমাম সাদিক (আলাইহিমাস্ সালাম)-এর ব্যাখ্যা) — খাতায় সূত্রহীন — «বর্ণিত আছে»।","•  তাসনিম-সংক্রান্ত হাদীসগুলো (ক্ষুধার্তকে খাওয়ানো, মাদক পরিত্যাগ, «আমি প্রথম ব্যক্তি হব», আবু জাফর ও ইমাম সাদিক (আলাইহিমাস্ সালাম)-এর ব্যাখ্যা) — খাতায় সূত্রহীন — «বর্ণিত আছে»।",YES,BOUND
REF-098,4091,4134,43,EXACT,1.000,5,০৩  ভালোবাসা কি শুধু অনুভূতি?,PAGE-CHECK,CANDIDATE — PAGE-CHECK (not live-verifiable here),CAND CANDIDATE,,"•  «আলে মুহাম্মাদের ভালবাসার ওপর মৃত্যু… শহীদের মৃত্যু» — জনির নোটে তাফসীরে কাশ্শাফ, রুহুল বায়ান, তাফসীরে কাবীর, দুররে মানসূর-এর নাম; খণ্ড-পৃষ্ঠা মেলানো হয়নি — PAGE-CHECK।","•  «আলে মুহাম্মাদের ভালবাসার ওপর মৃত্যু… শহীদের মৃত্যু» — জনির নোটে তাফসীরে কাশ্শাফ, রুহুল বায়ান, তাফসীরে কাবীর, দুররে মানসূর-এর নাম; খণ্ড-পৃষ্ঠা মেলানো হয়নি — PAGE-CHECK।",YES,BOUND
REF-099,4092,4135,43,EXACT,1.000,5,০৩  ভালোবাসা কি শুধু অনুভূতি?,PAGE-CHECK,CANDIDATE — PAGE-CHECK (not live-verifiable here),CAND CANDIDATE,,•  ৯৮:৭ ও «খাইরুল বারিয়্যাহ» — জাবির (রা.)-এর বর্ণনা; সুয়ুতির দুররে মানসূর-এ ৯৮:৭-এর অধীনে বর্ণিত বলে প্রচলিত — PAGE-CHECK।,•  ৯৮:৭ ও «খাইরুল বারিয়্যাহ» — জাবির (রা.)-এর বর্ণনা; সুয়ুতির দুররে মানসূর-এ ৯৮:৭-এর অধীনে বর্ণিত বলে প্রচলিত — PAGE-CHECK।,YES,BOUND
REF-100,4093,4136,43,EXACT,1.000,5,০৩  ভালোবাসা কি শুধু অনুভূতি?,সূত্র নেই; বর্ণিত আছে,NO_SOURCE_LOCATED — FLAG-FOR-AUTHOR-DECISION,UNID UNIDENTIFIED,,"•  «সর্বপ্রথম জান্নাতে… আশেকরা পশ্চাতে», «আশেকরা একই স্থানে… পানাহার একত্রে» — খাতায় আরবি পাঠ আছে, সূত্র নেই — «বর্ণিত আছে»।","•  «সর্বপ্রথম জান্নাতে… আশেকরা পশ্চাতে», «আশেকরা একই স্থানে… পানাহার একত্রে» — খাতায় আরবি পাঠ আছে, সূত্র নেই — «বর্ণিত আছে»।",YES,BOUND
REF-101,4178,4222,44,EXACT,1.000,5,০৪  সূরা কাওসার নতুন করে পড়া,বর্ণিত আছে,CORRECTED — manuscript patch pending,MM MISMATCH,,"•  বিদ্রূপকারী আমর ইবনুল আস («হে আবুল আবতার»), মসজিদে, হাকাম ইবনুল আসের সাথে — তাফসীরে হুব্বে আলী, সূরা আল-কাউসার, হা. ১০ (ইবনে বাবুওয়াইহ; হুবেআলী.কম হা. ৯৪৯৯) — VERIFIED (স্থানীয় কপি: [LOCAL-PATH-REDACTED] Fatima Zahra SA Nobuwat & Imamat Bondhon\__REWRITTEN\Tafseer e Hubbe Ali en to Bn\hubbe_ali_ch108_আল-কাউসার_bangla.md ল. ২৪৬–২৪৯); পিতা আস ইবনে ওয়াইল — একই তাফসীর হা. ১১ (আল-ইহতিজাজ)। «পুত্র ইব্রাহিম» প্রসঙ্গ — খাতা; «বর্ণিত আছে»।","•  বিদ্রূপকারী আমর ইবনুল আস («হে আবুল আবতার»), মসজিদে, হাকাম ইবনুল আসের সাথে — তাফসীরে হুব্বে আলী, সূরা আল-কাউসার, হা. ১০ (ইবনে বাবুওয়াইহ; হুবেআলী.কম হা. ৯৪৯৯) — VERIFIED (স্থানীয় কপি: [LOCAL-PATH-REDACTED] Fatima Zahra SA Nobuwat & Imamat Bondhon\__REWRITTEN\Tafseer e Hubbe Ali en to Bn\hubbe_ali_ch108_আল-কাউসার_bangla.md ল. ২৪৬–২৪৯); পিতা আস ইবনে ওয়াইল — একই তাফসীর হা. ১১ (আল-ইহতিজাজ)। «পুত্র ইব্রাহিম» প্রসঙ্গ — খাতা; «বর্ণিত আছে»।",YES,BOUND
REF-102,4179,4223,44,EXACT,1.000,5,০৪  সূরা কাওসার নতুন করে পড়া,PAGE-CHECK,NON-HADITH — PAGE-CHECK,HIST NON-HADITH,,"•  তিন ভবিষ্যদ্বাণী ও বংশহীন শত্রু — খাতায়: আলোকিত তাফসীর (An Enlightening Commentary into the Light of the Holy Quran), খণ্ড ২০, সূরা কাওসার — PAGE-CHECK।","•  তিন ভবিষ্যদ্বাণী ও বংশহীন শত্রু — খাতায়: আলোকিত তাফসীর (An Enlightening Commentary into the Light of the Holy Quran), খণ্ড ২০, সূরা কাওসার — PAGE-CHECK।",YES,BOUND
REF-103,4180,4224,44,EXACT,1.000,5,০৪  সূরা কাওসার নতুন করে পড়া,সূত্র নেই; বর্ণিত আছে,CANDIDATE — PAGE-CHECK (not live-verifiable here),CAND CANDIDATE,,•  «আল্লাহ সকল নবির বংশ তাঁদের ঔরসে… আমার বংশ আলীর ঔরসে» — আহলুস সুন্নাহর কিতাবে (তাবারানী ধাঁচের) বর্ণিত বলে খাতায়; নির্দিষ্ট সূত্র নেই — «বর্ণিত আছে»।,•  «আল্লাহ সকল নবির বংশ তাঁদের ঔরসে… আমার বংশ আলীর ঔরসে» — আহলুস সুন্নাহর কিতাবে (তাবারানী ধাঁচের) বর্ণিত বলে খাতায়; নির্দিষ্ট সূত্র নেই — «বর্ণিত আছে»।,YES,BOUND
REF-104,4181,4225,44,EXACT,1.000,5,০৪  সূরা কাওসার নতুন করে পড়া,বর্ণিত আছে,CANDIDATE — PAGE-CHECK (not live-verifiable here),CAND CANDIDATE,,•  আবু আবদুল্লাহ (আলাইহিস্ সালাম): নামাজে কাওসার পাঠের ফজিলত; «আত্মার সন্তান» — খাতায় সূত্রহীন — «বর্ণিত আছে»।,•  আবু আবদুল্লাহ (আলাইহিস্ সালাম): নামাজে কাওসার পাঠের ফজিলত; «আত্মার সন্তান» — খাতায় সূত্রহীন — «বর্ণিত আছে»।,YES,BOUND
REF-105,4182,4226,44,EXACT,1.000,5,০৪  সূরা কাওসার নতুন করে পড়া,বর্ণিত আছে,CORRECTED — manuscript patch pending,MM MISMATCH,,•  ইবনে আব্বাস: «আল কাওসার কী?» — খাতায় সূত্রহীন — «বর্ণিত আছে»।,•  ইবনে আব্বাস: «আল কাওসার কী?» — খাতায় সূত্রহীন — «বর্ণিত আছে»।,YES,BOUND
REF-106,4271,4316,45,EXACT,1.000,5,০৫  মুবাহালার দিন রাসূলুল্লাহ ﷺ কাদের ডাকলেন,PAGE-CHECK,CANDIDATE — PAGE-CHECK (not live-verifiable here),CAND CANDIDATE,HAD-MUBAHALA,"•  মুবাহালার ঘটনা (হুসাইন কোলে, হাসান হাত ধরে, পেছনে ফাতিমা ও আলী (আলাইহিমুস্ সালাম), খ্রিস্টান যাজকের উক্তি, «বানর-শূকর») — জনির নোটে: তাফসিরে জালালাইন ১/৬০, বায়দ্বাভী ১/১১৮, দুররুল মানসুর ২/৩৯ (মিশর মুদ্রণ) — PAGE-CHECK।","•  মুবাহালার ঘটনা (হুসাইন কোলে, হাসান হাত ধরে, পেছনে ফাতিমা ও আলী (আলাইহিমুস্ সালাম), খ্রিস্টান যাজকের উক্তি, «বানর-শূকর») — জনির নোটে: তাফসিরে জালালাইন ১/৬০, বায়দ্বাভী ১/১১৮, দুররুল মানসুর ২/৩৯ (মিশর মুদ্রণ) — PAGE-CHECK।",YES,BOUND
REF-107,4272,4317,45,EXACT,1.000,5,০৫  মুবাহালার দিন রাসূলুল্লাহ ﷺ কাদের ডাকলেন,PAGE-CHECK,EDITION-NUMBER MAP PENDING (use standard numbering),EDN EDITION-NUMBER,HAD-MUBAHALA,"•  সা’দ ইবনে আবি ওয়াক্কাসের হাদীস (তিন কথা; মুবাহালার আয়াতে আলী, ফাতিমা, হাসান, হুসাইনকে ডাকা — «এরাই আমার পরিবার») — সহীহ মুসলিম, ফাযায়েলুস সাহাবা (আন্তর্জাতিক নম্বর ২৪০৪); জনির নোটে বাংলা সংস্করণ পৃ. ৯১৭, হাদীস ৬০৬২ — PAGE-CHECK।","•  সা’দ ইবনে আবি ওয়াক্কাসের হাদীস (তিন কথা; মুবাহালার আয়াতে আলী, ফাতিমা, হাসান, হুসাইনকে ডাকা — «এরাই আমার পরিবার») — সহীহ মুসলিম, ফাযায়েলুস সাহাবা (আন্তর্জাতিক নম্বর ২৪০৪); জনির নোটে বাংলা সংস্করণ পৃ. ৯১৭, হাদীস ৬০৬২ — PAGE-CHECK।",YES,BOUND
REF-108,4351,4397,46,EXACT,1.000,5,০৬  নিজে ক্ষুধার্ত থেকেও অন্যকে খাওয়ানো,বর্ণিত আছে,CANDIDATE — PAGE-CHECK (not live-verifiable here),CAND CANDIDATE,,"•  «আমি ইলমের পাল্লা, আলী তার বাটখারা… ফাতেমা দস্তা…» — খাতা ১ ¶4809–4811 (ইবনে আব্বাস থেকে); কিতাবের নাম খাতায় নেই — «বর্ণিত আছে»।","•  «আমি ইলমের পাল্লা, আলী তার বাটখারা… ফাতেমা দস্তা…» — খাতা ১ ¶4809–4811 (ইবনে আব্বাস থেকে); কিতাবের নাম খাতায় নেই — «বর্ণিত আছে»।",YES,BOUND
REF-109,4352,4398,46,EXACT,1.000,5,০৬  নিজে ক্ষুধার্ত থেকেও অন্যকে খাওয়ানো,বর্ণিত আছে,CANDIDATE — PAGE-CHECK (not live-verifiable here),CAND CANDIDATE,,•  ৭৬:৮–৯-এর নাজিল আহলে বাইতের তিন দিনের রোজা ও দানের প্রসঙ্গে — শিয়া ও সুন্নি তাফসিরে বর্ণিত; এখানে শুধু ইঙ্গিত — «বর্ণিত আছে»।,•  ৭৬:৮–৯-এর নাজিল আহলে বাইতের তিন দিনের রোজা ও দানের প্রসঙ্গে — শিয়া ও সুন্নি তাফসিরে বর্ণিত; এখানে শুধু ইঙ্গিত — «বর্ণিত আছে»।,YES,BOUND
REF-110,4353,4399,46,EXACT,1.000,5,০৬  নিজে ক্ষুধার্ত থেকেও অন্যকে খাওয়ানো,বর্ণিত আছে,NORMALISE via register key,DUP DUPLICATE,,•  «ক্ষুধার্তকে আহার করানো → জান্নাতের ফল» ও «আশেকদের পানাহার একত্রে» — অধ্যায় ২ ও ৩-এর সূত্র দেখো («বর্ণিত আছে»)।,•  «ক্ষুধার্তকে আহার করানো → জান্নাতের ফল» ও «আশেকদের পানাহার একত্রে» — অধ্যায় ২ ও ৩-এর সূত্র দেখো («বর্ণিত আছে»)।,YES,BOUND
REF-111,4620,4669,49,EXACT,1.000,6,০১  ইতিহাসে আমরা কী খুঁজতে যাচ্ছি?,বর্ণিত আছে,NON-HADITH — PAGE-CHECK,HIST NON-HADITH,,"•  মসজিদে নববীর গা-ঘেঁষা মা সাইয়্যিদা (আলাইহাস্ সালাম)-এর ঘরের দরজা ও বাকির কিনারের ছোট ঘর — বর্ণিত আছে; মানচিত্রটি গল্পের ভেতরে বোঝার জন্য আঁকা, মাপজোখ নয়।","•  মসজিদে নববীর গা-ঘেঁষা মা সাইয়্যিদা (আলাইহাস্ সালাম)-এর ঘরের দরজা ও বাকির কিনারের ছোট ঘর — বর্ণিত আছে; মানচিত্রটি গল্পের ভেতরে বোঝার জন্য আঁকা, মাপজোখ নয়।",YES,BOUND
REF-112,4711,4761,50,EXACT,1.000,6,০২  যেদিন মদিনা দুই ভাগ হলো,বর্ণিত আছে,PROSE — follows source-block row,PROSE PROSE-LINE,,"“আমিরুল মুমিনীন (আলাইহিস্ সালাম) প্রথম জনের হাত ধরে দেখালেন, এমন বর্ণিত আছে।” বুরুল্লাহ বোর্ডের দিকে পিঠ দিয়ে দাঁড়াল। “তুই হাফেজ, ফয়সাল। একশো উনসত্তর তো তোর মুখস্থ। আল্লাহর পথে যারা নিহত, তাদের মৃত বলো না, তারা জীবিত। শহীদ জীবিত, আর যিনি সব শহীদের নেতা, তিনি?”","“আমিরুল মুমিনীন (আলাইহিস্ সালাম) প্রথম জনের হাত ধরে দেখালেন, এমন বর্ণিত আছে।” বুরুল্লাহ বোর্ডের দিকে পিঠ দিয়ে দাঁড়াল। “তুই হাফেজ, ফয়সাল। একশো উনসত্তর তো তোর মুখস্থ। আল্লাহর পথে যারা নিহত, তাদের মৃত বলো না, তারা জীবিত। শহীদ জীবিত, আর যিনি সব শহীদের নেতা, তিনি?”",YES,BOUND
REF-113,4749,4799,50,EXACT,1.000,6,০২  যেদিন মদিনা দুই ভাগ হলো,PAGE-CHECK; মেলানো বাকি,PAGE-CHECK (Shia source; edition/page lock),SPC SHIA-PAGE-CHECK,,•  রাসূলুল্লাহ ﷺ-কে বিষ দেওয়ার রেওয়ায়েত (ইমাম জাফর সাদিক (আলাইহিস্ সালাম) থেকে) — খাতায়: তাফসীরে কুম্মী (সূরা তাহরীম প্রসঙ্গে); বিহারুল আনওয়ার খণ্ড ২২ — PAGE-CHECK (খণ্ড-পৃষ্ঠা ও শব্দ মেলানো বাকি)।,•  রাসূলুল্লাহ ﷺ-কে বিষ দেওয়ার রেওয়ায়েত (ইমাম জাফর সাদিক (আলাইহিস্ সালাম) থেকে) — খাতায়: তাফসীরে কুম্মী (সূরা তাহরীম প্রসঙ্গে); বিহারুল আনওয়ার খণ্ড ২২ — PAGE-CHECK (খণ্ড-পৃষ্ঠা ও শব্দ মেলানো বাকি)।,YES,BOUND
REF-114,4750,4800,50,EXACT,1.000,6,০২  যেদিন মদিনা দুই ভাগ হলো,PAGE-CHECK; বর্ণিত আছে,PAGE-CHECK (Shia source; edition/page lock),SPC SHIA-PAGE-CHECK,,"•  দশজন দশজন করে জানাজার নামাজ, দাফনের স্থান (ইমাম বাকির (আলাইহিস্ সালাম)) — বর্ণিত আছে; আল-কাফি খণ্ড ১ (রাসূলুল্লাহ ﷺ-এর জন্ম-অধ্যায়) — PAGE-CHECK।","•  দশজন দশজন করে জানাজার নামাজ, দাফনের স্থান (ইমাম বাকির (আলাইহিস্ সালাম)) — বর্ণিত আছে; আল-কাফি খণ্ড ১ (রাসূলুল্লাহ ﷺ-এর জন্ম-অধ্যায়) — PAGE-CHECK।",YES,BOUND
REF-115,4751,4801,50,EXACT,1.000,6,০২  যেদিন মদিনা দুই ভাগ হলো,PAGE-CHECK; সূত্র নেই; খাতায় সূত্র নেই; বর্ণিত আছে,PLAUSIBLE_SOURCE_ONLY — KEEP-ATTRIBUTION-ONLY «বর্ণিত আছে»,UNID UNIDENTIFIED,,•  আমিরুল মুমিনীন (আলাইহিস্ সালাম) আবু বকরের হাত ধরে দেখান — বর্ণিত আছে; PAGE-CHECK (খাতায় সূত্র নেই)।,•  আমিরুল মুমিনীন (আলাইহিস্ সালাম) আবু বকরের হাত ধরে দেখান — বর্ণিত আছে; PAGE-CHECK (খাতায় সূত্র নেই)।,YES,BOUND
REF-116,4900,4951,51,EXACT,1.000,6,"০৩  দুই খাতা, এক জমি",PAGE-CHECK; বর্ণিত আছে,NON-HADITH — PAGE-CHECK,HIST NON-HADITH,,"•  ফাদাকের খেজুরবাগান মুসা (আলাইহিস্ সালাম)-এর অনুসারীদের রোপণ, মদিনা থেকে «প্রায় ১৫৩ কিলোমিটার», নূহ (আলাইহিস্ সালাম)-এর পুত্র হামের উত্তরাধিকার — বর্ণিত আছে; PAGE-CHECK।","•  ফাদাকের খেজুরবাগান মুসা (আলাইহিস্ সালাম)-এর অনুসারীদের রোপণ, মদিনা থেকে «প্রায় ১৫৩ কিলোমিটার», নূহ (আলাইহিস্ সালাম)-এর পুত্র হামের উত্তরাধিকার — বর্ণিত আছে; PAGE-CHECK।",YES,BOUND
REF-117,5160,5212,52,EXACT,1.000,6,০৪  পর্দার আড়াল থেকে খুতবা,PAGE-CHECK; মেলানো বাকি,PAGE-CHECK (Shia source; edition/page lock),SPC SHIA-PAGE-CHECK,HAD-FADAK-KHUTBA,"•  ফাদাকের খুতবা — আল-ইহতিজাজ (তাবারসি), খণ্ড ১, মা সাইয়্যিদা (আলাইহাস্ সালাম)-এর ইহতিজাজ-অধ্যায়; বালাগাতুন নিসা (ইবনে তাইফুর)-তেও আছে — PAGE-CHECK (খণ্ড-পৃষ্ঠা ও বাংলা অনুবাদের উৎস মেলানো বাকি)।","•  ফাদাকের খুতবা — আল-ইহতিজাজ (তাবারসি), খণ্ড ১, মা সাইয়্যিদা (আলাইহাস্ সালাম)-এর ইহতিজাজ-অধ্যায়; বালাগাতুন নিসা (ইবনে তাইফুর)-তেও আছে — PAGE-CHECK (খণ্ড-পৃষ্ঠা ও বাংলা অনুবাদের উৎস মেলানো বাকি)।",YES,BOUND
REF-118,5162,5214,52,EXACT,1.000,6,০৪  পর্দার আড়াল থেকে খুতবা,PAGE-CHECK,PAGE-CHECK (Shia source; edition/page lock),SPC SHIA-PAGE-CHECK,HAD-FADAK-KHUTBA,•  আবদুল্লাহ ইবনে হাসান থেকে «পর্দা গ্রহণ করে মসজিদে আসা» — আল-ইহতিজাজ খণ্ড ১ — PAGE-CHECK।,•  আবদুল্লাহ ইবনে হাসান থেকে «পর্দা গ্রহণ করে মসজিদে আসা» — আল-ইহতিজাজ খণ্ড ১ — PAGE-CHECK।,YES,BOUND
REF-119,5163,5215,52,EXACT,1.000,6,০৪  পর্দার আড়াল থেকে খুতবা,PAGE-CHECK,PAGE-CHECK (Shia source; edition/page lock),SPC SHIA-PAGE-CHECK,,•  ক্রন্দনের ঘর (বাইতুল আহযান) — বিহারুল আনওয়ার খণ্ড ৪৩ (শোক-অধ্যায়) — PAGE-CHECK।,•  ক্রন্দনের ঘর (বাইতুল আহযান) — বিহারুল আনওয়ার খণ্ড ৪৩ (শোক-অধ্যায়) — PAGE-CHECK।,YES,BOUND
REF-120,5164,5216,52,EXACT,1.000,6,০৪  পর্দার আড়াল থেকে খুতবা,PAGE-CHECK; বর্ণিত আছে,CANDIDATE — PAGE-CHECK (not live-verifiable here),CAND CANDIDATE,,"•  মুসা (আলাইহিস্ সালাম)-কে «যে জবান কখনো অবাধ্য হয়নি» — বর্ণিত আছে (উদ্দাতুদ দাঈ, ইবনে ফাহদ হিল্লি) — PAGE-CHECK; শেখ আবদুল করিম হামেদ ও তলবে ইলমের স্বপ্ন — বুজুর্গদের মুখে শোনা, বর্ণিত আছে।","•  মুসা (আলাইহিস্ সালাম)-কে «যে জবান কখনো অবাধ্য হয়নি» — বর্ণিত আছে (উদ্দাতুদ দাঈ, ইবনে ফাহদ হিল্লি) — PAGE-CHECK; শেখ আবদুল করিম হামেদ ও তলবে ইলমের স্বপ্ন — বুজুর্গদের মুখে শোনা, বর্ণিত আছে।",YES,BOUND
REF-121,5290,5343,53,EXACT,1.000,6,"০৫  উত্তরাধিকার, উপহার, নাকি ব্যবস্থাপনা?",PAGE-CHECK,CANDIDATE — PAGE-CHECK (not live-verifiable here),CAND CANDIDATE,HAD-FADAK-1726,"•  খাইবারের পরে ফাদাক দান (১৭:২৬ প্রসঙ্গে) — খাতায়: তাবারানী, আল-মু‘জামুল কাবীর; সুয়ূতী, আদ-দুররুল মানসূর — PAGE-CHECK।","•  খাইবারের পরে ফাদাক দান (১৭:২৬ প্রসঙ্গে) — খাতায়: তাবারানী, আল-মু‘জামুল কাবীর; সুয়ূতী, আদ-দুররুল মানসূর — PAGE-CHECK।",YES,BOUND
REF-122,5291,5344,53,EXACT,1.000,6,"০৫  উত্তরাধিকার, উপহার, নাকি ব্যবস্থাপনা?",PAGE-CHECK,S-181: VERIFIED-S181-URL / EDITION-LOCK PENDING,S181 RESOLVED-S181,HAD-FADAK-TESTIMONY,"•  আবু বকরের রাষ্ট্রীয় সম্পত্তি ঘোষণা — খাতায়: বালাযুরী, ফুতুহুল বুলদান; তাবারী — PAGE-CHECK। দলিল ছিঁড়ে ফেলা — খাতায়: সুয়ূতী, তারিখুল খুলাফা; ইবনে আবিল হাদীদ, শারহু নাহজিল বালাগা খণ্ড ১৬ — PAGE-CHECK।","•  আবু বকরের রাষ্ট্রীয় সম্পত্তি ঘোষণা — খাতায়: বালাযুরী, ফুতুহুল বুলদান; তাবারী — PAGE-CHECK। দলিল ছিঁড়ে ফেলা — খাতায়: সুয়ূতী, তারিখুল খুলাফা; ইবনে আবিল হাদীদ, শারহু নাহজিল বালাগা খণ্ড ১৬ — PAGE-CHECK।",YES,BOUND
REF-123,5292,5345,53,EXACT,1.000,6,"০৫  উত্তরাধিকার, উপহার, নাকি ব্যবস্থাপনা?",PAGE-CHECK,"VERIFIED (six-book number + text, 2026-10-03); grade/edition per control tables",VL VERIFIED-LIVE,HAD-LA-NURITH,"•  «আমরা নবীগণ উত্তরাধিকার রেখে যাই না» — খাতায়: বুখারি (খুমুস/ফারায়িদ), মুসলিম ১৭৫৯ — PAGE-CHECK।","•  «আমরা নবীগণ উত্তরাধিকার রেখে যাই না» — খাতায়: বুখারি (খুমুস/ফারায়িদ), মুসলিম ১৭৫৯ — PAGE-CHECK।",YES,BOUND
REF-124,5293,5346,53,EXACT,1.000,6,"০৫  উত্তরাধিকার, উপহার, নাকি ব্যবস্থাপনা?",PAGE-CHECK,PAGE-CHECK (Shia source; edition/page lock),SPC SHIA-PAGE-CHECK,,"•  সন্দেহ ও কুফরের হাদীস (মানসুর ইবনে হাযিম; মুহাম্মাদ ইবনে মুসলিম, যুরারা, আবু বাসির) — আল-কাফি খণ্ড ২, বাবুশ শাক্ক — PAGE-CHECK।","•  সন্দেহ ও কুফরের হাদীস (মানসুর ইবনে হাযিম; মুহাম্মাদ ইবনে মুসলিম, যুরারা, আবু বাসির) — আল-কাফি খণ্ড ২, বাবুশ শাক্ক — PAGE-CHECK।",YES,BOUND
REF-125,5294,5347,53,EXACT,1.000,6,"০৫  উত্তরাধিকার, উপহার, নাকি ব্যবস্থাপনা?",বর্ণিত আছে,NO_SOURCE_LOCATED — FLAG-FOR-AUTHOR-DECISION,UNID UNIDENTIFIED,,•  ফাদাক সাইয়্যেদা খাদিজা (আলাইহাস্ সালাম)-এর মোহরানা — বর্ণিত আছে; সূত্র খোলা।,•  ফাদাক সাইয়্যেদা খাদিজা (আলাইহাস্ সালাম)-এর মোহরানা — বর্ণিত আছে; সূত্র খোলা।,YES,BOUND
REF-126,5369,5423,54,EXACT,1.000,6,০৬  বারবার ফাদাকে ফেরা কেন?,PAGE-CHECK,"VERIFIED (six-book number + text, 2026-10-03); grade/edition per control tables",VL VERIFIED-LIVE,HAD-BUKHARI-4240,"•  সহীহ বুখারি ৪২৪০ (কিতাবুল মাগাযি, খায়বার অধ্যায়, আয়িশা থেকে): «فَوَجَدَتْ فَاطِمَةُ عَلَى أَبِي بَكْرٍ فِي ذَلِكَ فَهَجَرَتْهُ فَلَمْ تُكَلِّمْهُ حَتَّى تُوُفِّيَتْ، وَعَاشَتْ بَعْدَ النَّبِيِّ صلى الله عليه وسلم سِتَّةَ أَشْهُرٍ» — CONFIRMED (SECOND_NOTEBOOK/CITATION_RISK #১৩; একবচন «فهجرته»); বাংলা অর্থ এখানে Claude-এর অর্থানুবাদ; বাংলা সংস্করণের নম্বর PAGE-CHECK।","•  সহীহ বুখারি ৪২৪০ (কিতাবুল মাগাযি, খায়বার অধ্যায়, আয়িশা থেকে): «فَوَجَدَتْ فَاطِمَةُ عَلَى أَبِي بَكْرٍ فِي ذَلِكَ فَهَجَرَتْهُ فَلَمْ تُكَلِّمْهُ حَتَّى تُوُفِّيَتْ، وَعَاشَتْ بَعْدَ النَّبِيِّ صلى الله عليه وسلم سِتَّةَ أَشْهُرٍ» — CONFIRMED (SECOND_NOTEBOOK/CITATION_RISK #১৩; একবচন «فهجرته»); বাংলা অর্থ এখানে Claude-এর অর্থানুবাদ; বাংলা সংস্করণের নম্বর PAGE-CHECK।",YES,BOUND
REF-127,5447,5502,55,EXACT,1.000,6,০৭  তাঁর শেষ ইচ্ছা,PAGE-CHECK,QURAN TEXT CHECK,Q QURAN-TEXT,,"•  কুরআন ৩০:৩৮ — api.alquran.cloud-এ মেলানো, CONFIRMED (খাতায় «وَآتِ»; মুসহাফে ৩০:৩৮ «فَآتِ», ১৭:২৬ «وَآتِ» — দুটোর পার্থক্য PAGE-CHECK)।","•  কুরআন ৩০:৩৮ — api.alquran.cloud-এ মেলানো, CONFIRMED (খাতায় «وَآتِ»; মুসহাফে ৩০:৩৮ «فَآتِ», ১৭:২৬ «وَآتِ» — দুটোর পার্থক্য PAGE-CHECK)।",YES,BOUND
REF-128,5448,5503,55,EXACT,1.000,6,০৭  তাঁর শেষ ইচ্ছা,PAGE-CHECK,PAGE-CHECK (Shia source; edition/page lock),SPC SHIA-PAGE-CHECK,,"•  ৩০:৩৮ নাযিলে ফাদাক দান (ইবনে আব্বাস) — হাকিম হাসকানী, শাওয়াহিদুত তানযীল — PAGE-CHECK।","•  ৩০:৩৮ নাযিলে ফাদাক দান (ইবনে আব্বাস) — হাকিম হাসকানী, শাওয়াহিদুত তানযীল — PAGE-CHECK।",YES,BOUND
REF-129,5449,5504,55,EXACT,1.000,6,০৭  তাঁর শেষ ইচ্ছা,PAGE-CHECK; বর্ণিত আছে,CANDIDATE — PAGE-CHECK (not live-verifiable here),CAND CANDIDATE,,•  «আমার উপর যে দুর্যোগ নেমে এসেছে…» — মা সাইয়্যিদা (আলাইহাস্ সালাম)-এর শোকগাথা হিসেবে বর্ণিত আছে; PAGE-CHECK।,•  «আমার উপর যে দুর্যোগ নেমে এসেছে…» — মা সাইয়্যিদা (আলাইহাস্ সালাম)-এর শোকগাথা হিসেবে বর্ণিত আছে; PAGE-CHECK।,YES,BOUND
REF-130,5450,5505,55,EXACT,1.000,6,০৭  তাঁর শেষ ইচ্ছা,PAGE-CHECK,PAGE-CHECK (Shia source; edition/page lock),SPC SHIA-PAGE-CHECK,HAD-BIHAR43-AGE,•  ওফাতের পরে সময়কাল ও বয়সে ভিন্ন বর্ণনা (৪০ দিন থেকে ৮ মাস; ১৮ থেকে ২৮) — খাতায়: বিহারুল আনওয়ার খণ্ড ৪৩ — PAGE-CHECK।,•  ওফাতের পরে সময়কাল ও বয়সে ভিন্ন বর্ণনা (৪০ দিন থেকে ৮ মাস; ১৮ থেকে ২৮) — খাতায়: বিহারুল আনওয়ার খণ্ড ৪৩ — PAGE-CHECK।,YES,BOUND
REF-131,5451,5506,55,EXACT,1.000,6,০৭  তাঁর শেষ ইচ্ছা,PAGE-CHECK; বর্ণিত আছে,CORRECTED — manuscript patch pending,MM MISMATCH,HAD-BUKHARI-4240,"•  ফুপুর না-পড়া লাইন — সহীহ বুখারি ৪২৪০-এর পরের অংশ (CITATION_RISK #১৩-এর একই হাদীস), CONFIRMED; রাতে গোসল-কাফন-দাফন ও কবর গোপন রাখার ওসিয়ত — বর্ণিত আছে, PAGE-CHECK (খাতায় বুখারি ৪২৪০ লেখা, কিন্তু সেখানে গোপনের ওসিয়তের শব্দ নেই)।","•  ফুপুর না-পড়া লাইন — সহীহ বুখারি ৪২৪০-এর পরের অংশ (CITATION_RISK #১৩-এর একই হাদীস), CONFIRMED; রাতে গোসল-কাফন-দাফন ও কবর গোপন রাখার ওসিয়ত — বর্ণিত আছে, PAGE-CHECK (খাতায় বুখারি ৪২৪০ লেখা, কিন্তু সেখানে গোপনের ওসিয়তের শব্দ নেই)।",YES,BOUND
REF-132,5619,5675,56,EXACT,1.000,6,০৯  ওলায়াত মানে আমানত,PAGE-CHECK; মেলানো বাকি,"VERIFIED (six-book number + text, 2026-10-03); grade/edition per control tables",VL VERIFIED-LIVE,,"•  গোপন কথা, কান্না ও হাসি (আয়িশা থেকে) — সহীহ বুখারি ৩৬২৩–৩৬২৪, সহীহ মুসলিম ২৪৫০ — PAGE-CHECK (শব্দ মেলানো বাকি)।","•  গোপন কথা, কান্না ও হাসি (আয়িশা থেকে) — সহীহ বুখারি ৩৬২৩–৩৬২৪, সহীহ মুসলিম ২৪৫০ — PAGE-CHECK (শব্দ মেলানো বাকি)।",YES,BOUND
REF-133,5620,5676,56,EXACT,1.000,6,০৯  ওলায়াত মানে আমানত,PAGE-CHECK; বর্ণিত আছে,CANDIDATE — PAGE-CHECK (not live-verifiable here),CAND CANDIDATE,,•  ইমাম মুসা কাজিম (আলাইহিস্ সালাম) ও হারুনের সামনে ফাদাকের সীমানা — বর্ণিত আছে; PAGE-CHECK।,•  ইমাম মুসা কাজিম (আলাইহিস্ সালাম) ও হারুনের সামনে ফাদাকের সীমানা — বর্ণিত আছে; PAGE-CHECK।,YES,BOUND
REF-134,5621,5677,56,EXACT,1.000,6,০৯  ওলায়াত মানে আমানত,PAGE-CHECK; বর্ণিত আছে,"VERIFIED (six-book number + text, 2026-10-03); grade/edition per control tables",VL VERIFIED-LIVE,HAD-QALAM,•  কাগজ-কলম ও «কোরআনই আমাদের জন্য যথেষ্ট» (বৃহস্পতিবারের ঘটনা) — সহীহ বুখারি (কিতাবুল ইলম ও মাগাযি) — PAGE-CHECK; «কাবা মানুষের কাছে যায় না» — বর্ণিত আছে।,•  কাগজ-কলম ও «কোরআনই আমাদের জন্য যথেষ্ট» (বৃহস্পতিবারের ঘটনা) — সহীহ বুখারি (কিতাবুল ইলম ও মাগাযি) — PAGE-CHECK; «কাবা মানুষের কাছে যায় না» — বর্ণিত আছে।,YES,BOUND
REF-135,5622,5678,56,EXACT,1.000,6,০৯  ওলায়াত মানে আমানত,PAGE-CHECK,NORMALISE via register key,DUP DUPLICATE,HAD-BIHAR43-AGE,•  বয়স ও সময়কালের ভিন্নতা — খাতায়: বিহারুল আনওয়ার খণ্ড ৪৩ — PAGE-CHECK।,•  বয়স ও সময়কালের ভিন্নতা — খাতায়: বিহারুল আনওয়ার খণ্ড ৪৩ — PAGE-CHECK।,YES,BOUND
REF-136,5755,5812,57,EXACT,1.000,6,১০  এবার নিজের ঘরে,PAGE-CHECK; বর্ণিত আছে,PAGE-CHECK (Shia source; edition/page lock),SPC SHIA-PAGE-CHECK,HAD-FADAK-1726,•  ইমাম সাদিক (আলাইহিস্ সালাম) থেকে ১৭:২৬ ও ফাদাক — বর্ণিত আছে; PAGE-CHECK।,•  ইমাম সাদিক (আলাইহিস্ সালাম) থেকে ১৭:২৬ ও ফাদাক — বর্ণিত আছে; PAGE-CHECK।,YES,BOUND
REF-137,5756,5813,57,EXACT,1.000,6,১০  এবার নিজের ঘরে,PAGE-CHECK,CANDIDATE — PAGE-CHECK (not live-verifiable here),CAND CANDIDATE,HAD-FADAK-1726,"•  ইমাম যায়নুল আবেদীন (আলাইহিস্ সালাম) ও শামদেশীয় লোক — খাতায়: ইবনে জারীর তাবারী; বাজ্জার, আবু ইয়ালা, ইবনে আবি হাতিম, ইবনে মারদুইয়্যা (আবু সাঈদ খুদরী ও ইবনে আব্বাস); মিরাজুন নাবুয়্যাত — PAGE-CHECK।","•  ইমাম যায়নুল আবেদীন (আলাইহিস্ সালাম) ও শামদেশীয় লোক — খাতায়: ইবনে জারীর তাবারী; বাজ্জার, আবু ইয়ালা, ইবনে আবি হাতিম, ইবনে মারদুইয়্যা (আবু সাঈদ খুদরী ও ইবনে আব্বাস); মিরাজুন নাবুয়্যাত — PAGE-CHECK।",YES,BOUND
REF-138,5757,5814,57,EXACT,1.000,6,১০  এবার নিজের ঘরে,PAGE-CHECK,CANDIDATE — PAGE-CHECK (not live-verifiable here),CAND CANDIDATE,HAD-FADAK-1726,•  আতিয়্যা আল-আউফির বর্ণনা ও আবু সাঈদ খুদরী পর্যন্ত সনদ — PAGE-CHECK; তাবারসী (মাজমাউল বায়ান) — PAGE-CHECK।,•  আতিয়্যা আল-আউফির বর্ণনা ও আবু সাঈদ খুদরী পর্যন্ত সনদ — PAGE-CHECK; তাবারসী (মাজমাউল বায়ান) — PAGE-CHECK।,YES,BOUND
REF-139,5758,5815,57,EXACT,1.000,6,১০  এবার নিজের ঘরে,PAGE-CHECK,PAGE-CHECK (Shia source; edition/page lock),SPC SHIA-PAGE-CHECK,,•  ইমাম রেযা (আলাইহিস্ সালাম)-এর «ইস্তিফা»-র হাদীস — উয়ূনু আখবারির রিদা (রাইয়ান ইবনে সালত থেকে) — PAGE-CHECK।,•  ইমাম রেযা (আলাইহিস্ সালাম)-এর «ইস্তিফা»-র হাদীস — উয়ূনু আখবারির রিদা (রাইয়ান ইবনে সালত থেকে) — PAGE-CHECK।,YES,BOUND
REF-140,5759,5816,57,EXACT,1.000,6,১০  এবার নিজের ঘরে,PAGE-CHECK,NO_SOURCE_LOCATED — FLAG-FOR-AUTHOR-DECISION,UNID UNIDENTIFIED,,•  আবান ইবনে তাগলিবের দুটি বর্ণনা — PAGE-CHECK (খাতায় কিতাবের নাম নেই)।,•  আবান ইবনে তাগলিবের দুটি বর্ণনা — PAGE-CHECK (খাতায় কিতাবের নাম নেই)।,YES,BOUND
REF-141,5760,5817,57,EXACT,1.000,6,১০  এবার নিজের ঘরে,PAGE-CHECK; মেলানো বাকি,CANDIDATE — PAGE-CHECK (not live-verifiable here),CAND CANDIDATE,HAD-FADAK-TESTIMONY,"•  উম্মে হানী ও আবু বকরের কথোপকথন — খাতায়: জাওহারী, আস-সাকিফা ওয়া ফাদাক, «খণ্ড ৪, পৃষ্ঠা ৮১» — PAGE-CHECK (এই খণ্ড-নম্বর সম্ভবত শারহু নাহজিল বালাগার; মেলানো বাকি)।","•  উম্মে হানী ও আবু বকরের কথোপকথন — খাতায়: জাওহারী, আস-সাকিফা ওয়া ফাদাক, «খণ্ড ৪, পৃষ্ঠা ৮১» — PAGE-CHECK (এই খণ্ড-নম্বর সম্ভবত শারহু নাহজিল বালাগার; মেলানো বাকি)।",YES,BOUND
REF-142,5947,6006,59,EXACT,1.000,7,"০২  যে লাইনটা পড়ে অস্বস্তি লাগবে, ওটাই তোমার",PAGE-CHECK,"VERIFIED (six-book number + text, 2026-10-03); grade/edition per control tables",VL VERIFIED-LIVE,HAD-BIDAA-MINNI,"•  «ফাতিমা আমার অংশ; যে তাকে রাগান্বিত করে সে আমাকে রাগান্বিত করে» — সহীহ বুখারি ৩৭১৪ («فمن أغضبها أغضبني») — CONFIRMED (STYLE §৪ ফাঁদ-তালিকা); «যে তাকে খুশি করে…» অংশ — অন্য বর্ণনায়, PAGE-CHECK।","•  «ফাতিমা আমার অংশ; যে তাকে রাগান্বিত করে সে আমাকে রাগান্বিত করে» — সহীহ বুখারি ৩৭১৪ («فمن أغضبها أغضبني») — CONFIRMED (STYLE §৪ ফাঁদ-তালিকা); «যে তাকে খুশি করে…» অংশ — অন্য বর্ণনায়, PAGE-CHECK।",YES,BOUND
REF-143,6047,6107,60,EXACT,1.000,7,০৩  কুরআনই কি যথেষ্ট নয়?,PAGE-CHECK; মেলানো বাকি,"VERIFIED (six-book number + text, 2026-10-03); grade/edition per control tables",VL VERIFIED-LIVE,HAD-12-KHALIFA,"•  বারো খলিফা — সহীহ মুসলিম (কিতাবুল ইমারাহ), বুখারি ৭২২২ — PAGE-CHECK (খাতার শব্দ ও নম্বর মেলানো বাকি)।","•  বারো খলিফা — সহীহ মুসলিম (কিতাবুল ইমারাহ), বুখারি ৭২২২ — PAGE-CHECK (খাতার শব্দ ও নম্বর মেলানো বাকি)।",YES,BOUND
REF-144,6048,6108,60,EXACT,1.000,7,০৩  কুরআনই কি যথেষ্ট নয়?,PAGE-CHECK,"VERIFIED (six-book number + text, 2026-10-03); grade/edition per control tables",VL VERIFIED-LIVE,HAD-BAB-FATIMA-SALAT,"•  ছয় মাস ফজরে দরজায় ৩৩:৩৩ পাঠ (আনাস) — জামে তিরমিযি — PAGE-CHECK; কুরআন ৩৩:৩৩ — api.alquran.cloud, CONFIRMED।","•  ছয় মাস ফজরে দরজায় ৩৩:৩৩ পাঠ (আনাস) — জামে তিরমিযি — PAGE-CHECK; কুরআন ৩৩:৩৩ — api.alquran.cloud, CONFIRMED।",YES,BOUND
REF-145,6117,6178,61,EXACT,1.000,7,০৪  এক বিয়ের ছয়টি বর্ণনা,PAGE-CHECK,CORRECTED — manuscript patch pending,MM MISMATCH,,"•  নিচের আরবি পাঠ খাতা থেকে (¶3852–3877; খাতার কয়েকটি মুদ্রণ-ত্রুটি এখানে ঠিক করে লেখা — ছাপার আগে মূল কিতাবে মেলাতে হবে), বইয়ের নাম খাতায় নেই — PAGE-CHECK:","•  নিচের আরবি পাঠ খাতা থেকে (¶3852–3877; খাতার কয়েকটি মুদ্রণ-ত্রুটি এখানে ঠিক করে লেখা — ছাপার আগে মূল কিতাবে মেলাতে হবে), বইয়ের নাম খাতায় নেই — PAGE-CHECK:",YES,BOUND
REF-146,6119,6180,61,EXACT,1.000,7,০৪  এক বিয়ের ছয়টি বর্ণনা,PAGE-CHECK,CANDIDATE — PAGE-CHECK (not live-verifiable here),CAND CANDIDATE,HAD-TAZWIJ,•  ৬৩ — ইবনে মাসউদ: «إِنَّ اللَّهَ أَمَرَنِي أَنْ أُزَوِّجَ فَاطِمَةَ مِنْ عَلِيٍّ» — PAGE-CHECK।,•  ৬৩ — ইবনে মাসউদ: «إِنَّ اللَّهَ أَمَرَنِي أَنْ أُزَوِّجَ فَاطِمَةَ مِنْ عَلِيٍّ» — PAGE-CHECK।,YES,BOUND
REF-147,6120,6181,61,EXACT,1.000,7,০৪  এক বিয়ের ছয়টি বর্ণনা,PAGE-CHECK,CANDIDATE — PAGE-CHECK (not live-verifiable here),CAND CANDIDATE,HAD-TAZWIJ,•  ৬৪ — আনাস: «يَا أَنَسُ! أَتَدْرِي مَا جَاءَنِي بِهِ جِبْرِيلُ مِنْ عِنْدِ صَاحِبِ الْعَرْشِ؟ قَالَ: إِنَّ اللَّهَ أَمَرَنِي أَنْ أُزَوِّجَ فَاطِمَةَ مِنْ عَلِيٍّ» — PAGE-CHECK।,•  ৬৪ — আনাস: «يَا أَنَسُ! أَتَدْرِي مَا جَاءَنِي بِهِ جِبْرِيلُ مِنْ عِنْدِ صَاحِبِ الْعَرْشِ؟ قَالَ: إِنَّ اللَّهَ أَمَرَنِي أَنْ أُزَوِّجَ فَاطِمَةَ مِنْ عَلِيٍّ» — PAGE-CHECK।,YES,BOUND
REF-148,6121,6182,61,EXACT,1.000,7,০৪  এক বিয়ের ছয়টি বর্ণনা,PAGE-CHECK,CANDIDATE — PAGE-CHECK (not live-verifiable here),CAND CANDIDATE,HAD-TAZWIJ,"•  ৬৫ — আনাস: চল্লিশ হাজার ফেরেশতা সাক্ষী, তুবা বৃক্ষ («…وَأَشْهَدُ عَلَى تَزْوِيجِكَ أَرْبَعِينَ أَلْفَ مَلَكٍ…») — PAGE-CHECK।","•  ৬৫ — আনাস: চল্লিশ হাজার ফেরেশতা সাক্ষী, তুবা বৃক্ষ («…وَأَشْهَدُ عَلَى تَزْوِيجِكَ أَرْبَعِينَ أَلْفَ مَلَكٍ…») — PAGE-CHECK।",YES,BOUND
REF-149,6122,6183,61,EXACT,1.000,7,০৪  এক বিয়ের ছয়টি বর্ণনা,PAGE-CHECK,CANDIDATE — PAGE-CHECK (not live-verifiable here),CAND CANDIDATE,HAD-TAZWIJ,•  ৬৬ — আলী (আলাইহিস্ সালাম): «إِنِّي قَدْ زَوَّجْتُ فَاطِمَةَ ابْنَتَكَ مِنْ عَلِيِّ بْنِ أَبِي طَالِبٍ فِي الْمَلَأِ الْأَعْلَى فَزَوِّجْهَا مِنْهُ فِي الْأَرْضِ» — PAGE-CHECK।,•  ৬৬ — আলী (আলাইহিস্ সালাম): «إِنِّي قَدْ زَوَّجْتُ فَاطِمَةَ ابْنَتَكَ مِنْ عَلِيِّ بْنِ أَبِي طَالِبٍ فِي الْمَلَأِ الْأَعْلَى فَزَوِّجْهَا مِنْهُ فِي الْأَرْضِ» — PAGE-CHECK।,YES,BOUND
REF-150,6123,6184,61,EXACT,1.000,7,০৪  এক বিয়ের ছয়টি বর্ণনা,PAGE-CHECK,CANDIDATE — PAGE-CHECK (not live-verifiable here),CAND CANDIDATE,HAD-TAZWIJ,•  ৬৭ — আনাস: «اللَّهُمَّ إِنِّي أُعِيذُهَا بِكَ وَذُرِّيَّتَهَا مِنَ الشَّيْطَانِ الرَّجِيمِ» — PAGE-CHECK।,•  ৬৭ — আনাস: «اللَّهُمَّ إِنِّي أُعِيذُهَا بِكَ وَذُرِّيَّتَهَا مِنَ الشَّيْطَانِ الرَّجِيمِ» — PAGE-CHECK।,YES,BOUND
REF-151,6124,6185,61,EXACT,1.000,7,০৪  এক বিয়ের ছয়টি বর্ণনা,PAGE-CHECK,CANDIDATE — PAGE-CHECK (not live-verifiable here),CAND CANDIDATE,HAD-TAZWIJ,•  ৬৮ — ইবনে বুরাইদা: «اللَّهُمَّ بَارِكْ فِيهِمَا، وَبَارِكْ عَلَيْهِمَا، وَبَارِكْ لَهُمَا فِي شِبْلِهِمَا» (অন্য বর্ণনায় «فِي نَسْلِهِمَا») — PAGE-CHECK।,•  ৬৮ — ইবনে বুরাইদা: «اللَّهُمَّ بَارِكْ فِيهِمَا، وَبَارِكْ عَلَيْهِمَا، وَبَارِكْ لَهُمَا فِي شِبْلِهِمَا» (অন্য বর্ণনায় «فِي نَسْلِهِمَا») — PAGE-CHECK।,YES,BOUND
REF-152,6243,6305,62,EXACT,1.000,7,"০৫  বারোজন কারা, নূরের তাক কে?",PAGE-CHECK,NORMALISE via register key,DUP DUPLICATE,HAD-12-KHALIFA,"•  বারো খলিফা — সহীহ মুসলিম (কিতাবুল ইমারাহ), বুখারি ৭২২২ — PAGE-CHECK।","•  বারো খলিফা — সহীহ মুসলিম (কিতাবুল ইমারাহ), বুখারি ৭২২২ — PAGE-CHECK।",YES,BOUND
REF-153,6244,6306,62,EXACT,1.000,7,"০৫  বারোজন কারা, নূরের তাক কে?",PAGE-CHECK,NORMALISE via register key,DUP DUPLICATE,HAD-BIDAA-MINNI,"•  «ফাতিমা আমার অংশ…» — বুখারি ৩৭১৪ (শুধু «فمن أغضبها أغضبني»), বাকি অংশ — PAGE-CHECK।","•  «ফাতিমা আমার অংশ…» — বুখারি ৩৭১৪ (শুধু «فمن أغضبها أغضبني»), বাকি অংশ — PAGE-CHECK।",YES,BOUND
REF-154,6245,6307,62,EXACT,1.000,7,"০৫  বারোজন কারা, নূরের তাক কে?",PAGE-CHECK; বর্ণিত আছে,CANDIDATE — PAGE-CHECK (not live-verifiable here),CAND CANDIDATE,HAD-NUR-AWWAL,•  «সর্বপ্রথম আল্লাহ নূরকে সৃষ্টি করেছেন… সকল বস্তু আমার নূর থেকে» — বর্ণিত আছে (জাবির থেকে); PAGE-CHECK।,•  «সর্বপ্রথম আল্লাহ নূরকে সৃষ্টি করেছেন… সকল বস্তু আমার নূর থেকে» — বর্ণিত আছে (জাবির থেকে); PAGE-CHECK।,YES,BOUND
REF-155,6246,6308,62,EXACT,1.000,7,"০৫  বারোজন কারা, নূরের তাক কে?",PAGE-CHECK; বর্ণিত আছে,NORMALISE via register key,DUP DUPLICATE,HAD-UMM-ABIHA,•  উম্মে আবিহা — বর্ণিত আছে; PAGE-CHECK।,•  উম্মে আবিহা — বর্ণিত আছে; PAGE-CHECK।,YES,BOUND
REF-156,6392,6455,63,EXACT,1.000,7,০৬  মসজিদে বুরুল্লাহর আব্বুর সেই সকাল,PAGE-CHECK,CANDIDATE — PAGE-CHECK (not live-verifiable here),CAND CANDIDATE,HAD-KITAB-SUNNA,"•  «কিতাবুল্লাহ ও সুন্নাতি» — মুয়াত্তা মালিক (বালাগ), হাকিম, মুস্তাদরাক ৩১৮/৩১৯ — PAGE-CHECK (STYLE §৪ ফাঁদ-তালিকা)।","•  «কিতাবুল্লাহ ও সুন্নাতি» — মুয়াত্তা মালিক (বালাগ), হাকিম, মুস্তাদরাক ৩১৮/৩১৯ — PAGE-CHECK (STYLE §৪ ফাঁদ-তালিকা)।",YES,BOUND
REF-157,6393,6456,63,EXACT,1.000,7,০৬  মসজিদে বুরুল্লাহর আব্বুর সেই সকাল,PAGE-CHECK,"VERIFIED (six-book number + text, 2026-10-03); grade/edition per control tables",VL VERIFIED-LIVE,HAD-THAQALAYN,"•  সাকালাইন («কিতাবুল্লাহ ও আমার ইতরাত, আহলুল বাইত») — মুসলিম ২৪০৮ (যায়েদ ইবনে আরকাম), তিরমিযি ৩৭৮৬ (জাবির), ৩৭৮৮ — CONFIRMED (S-173); আবু সাঈদ ও যায়েদ ইবনে সাবিতের বর্ণনা — PAGE-CHECK।","•  সাকালাইন («কিতাবুল্লাহ ও আমার ইতরাত, আহলুল বাইত») — মুসলিম ২৪০৮ (যায়েদ ইবনে আরকাম), তিরমিযি ৩৭৮৬ (জাবির), ৩৭৮৮ — CONFIRMED (S-173); আবু সাঈদ ও যায়েদ ইবনে সাবিতের বর্ণনা — PAGE-CHECK।",YES,BOUND
REF-158,6395,6458,63,EXACT,1.000,7,০৬  মসজিদে বুরুল্লাহর আব্বুর সেই সকাল,PAGE-CHECK,"VERIFIED (six-book number + text, 2026-10-03); grade/edition per control tables",VL VERIFIED-LIVE,HAD-QALAM,"•  কাগজ-কলমের ঘটনা — সহীহ বুখারি (কিতাবুল ইলম, মাগাযি, মারাদুন নবী), মুসলিম; মুসনাদে আহমাদ ৩/৩৬৪; বিহারুল আনওয়ার ২২/৪৬৯; শেখ মুফিদ, আল-ইরশাদ — শ্রোতা ০৪-এর তালিকা, PAGE-CHECK।","•  কাগজ-কলমের ঘটনা — সহীহ বুখারি (কিতাবুল ইলম, মাগাযি, মারাদুন নবী), মুসলিম; মুসনাদে আহমাদ ৩/৩৬৪; বিহারুল আনওয়ার ২২/৪৬৯; শেখ মুফিদ, আল-ইরশাদ — শ্রোতা ০৪-এর তালিকা, PAGE-CHECK।",YES,BOUND
REF-159,6396,6459,63,EXACT,1.000,7,০৬  মসজিদে বুরুল্লাহর আব্বুর সেই সকাল,PAGE-CHECK; বর্ণিত আছে,CANONICAL_SOURCE_FOUND — FLAG-FOR-AUTHOR-DECISION,UNID UNIDENTIFIED,,"•  হুজরাত ১–১০ ও প্রথম দুই খলিফা — শ্রোতা ০৪ (আব্বুর মুখে), বর্ণিত আছে; PAGE-CHECK।","•  হুজরাত ১–১০ ও প্রথম দুই খলিফা — শ্রোতা ০৪ (আব্বুর মুখে), বর্ণিত আছে; PAGE-CHECK।",YES,BOUND
REF-160,6495,6559,64,EXACT,1.000,7,০৭  সূরা ফুরকানের দোয়ায় বংশধর ও ইমাম,PAGE-CHECK; মেলানো বাকি,CANDIDATE — PAGE-CHECK (not live-verifiable here),CAND CANDIDATE,,•  মিসওয়ারের বর্ণনা («ফাতেমা আমার ফলবান বৃক্ষের শাখা…») — PAGE-CHECK (মুস্তাদরাক হাকিম/মুসনাদে আহমাদে মেলানো বাকি)।,•  মিসওয়ারের বর্ণনা («ফাতেমা আমার ফলবান বৃক্ষের শাখা…») — PAGE-CHECK (মুস্তাদরাক হাকিম/মুসনাদে আহমাদে মেলানো বাকি)।,YES,BOUND
REF-161,6496,6560,64,EXACT,1.000,7,০৭  সূরা ফুরকানের দোয়ায় বংশধর ও ইমাম,PAGE-CHECK,CANDIDATE — PAGE-CHECK (not live-verifiable here),CAND CANDIDATE,HAD-AHABB-FATIMA,•  ইবনে আবী নুজাইহ — কুফার মিম্বরে আলী (আলাইহিস্ সালাম): «আমি অধিক প্রিয় নাকি ফাতেমা?» — PAGE-CHECK।,•  ইবনে আবী নুজাইহ — কুফার মিম্বরে আলী (আলাইহিস্ সালাম): «আমি অধিক প্রিয় নাকি ফাতেমা?» — PAGE-CHECK।,YES,BOUND
REF-162,6511,6576,65,EXACT,1.000,7,০৮  কিতাবের জ্ঞান আছে কার কাছে?,বর্ণিত আছে,PROSE — follows source-block row,PROSE PROSE-LINE,,"“সা’লাবীর তাফসিরে বর্ণিত আছে, আবদুল্লাহ ইবনে আতা বলেন—আবদুল্লাহ বিন সালাম ঘোষণা দিতেন, ‘যার কাছে কিতাবের পূর্ণ জ্ঞান আছে’—এটি ইমাম আলী (আলাইহিস্ সালাম)। তাই তো তিনি বলতেন, ‘আমার মৃত্যুর পূর্বে যা চাও, জিজ্ঞেস করো।’ তাঁর জ্ঞানের গভীরতা ছিল এক সাগরের মতো, যেখানে প্রতিটি বিন্দুই মহাবিশ্বের একেকটি রহস্য।”","“সা’লাবীর তাফসিরে বর্ণিত আছে, আবদুল্লাহ ইবনে আতা বলেন—আবদুল্লাহ বিন সালাম ঘোষণা দিতেন, ‘যার কাছে কিতাবের পূর্ণ জ্ঞান আছে’—এটি ইমাম আলী (আলাইহিস্ সালাম)। তাই তো তিনি বলতেন, ‘আমার মৃত্যুর পূর্বে যা চাও, জিজ্ঞেস করো।’ তাঁর জ্ঞানের গভীরতা ছিল এক সাগরের মতো, যেখানে প্রতিটি বিন্দুই মহাবিশ্বের একেকটি রহস্য।”",YES,BOUND
REF-163,6581,6646,65,EXACT,1.000,7,০৮  কিতাবের জ্ঞান আছে কার কাছে?,PAGE-CHECK,CANDIDATE — PAGE-CHECK (not live-verifiable here),CAND CANDIDATE,,"•  সা’লাবীর তাফসির (আল-কাশফ ওয়াল-বায়ান), ১৩:৪৩ — আবদুল্লাহ ইবনে আতার বর্ণনা — PAGE-CHECK।","•  সা’লাবীর তাফসির (আল-কাশফ ওয়াল-বায়ান), ১৩:৪৩ — আবদুল্লাহ ইবনে আতার বর্ণনা — PAGE-CHECK।",YES,BOUND
REF-164,6582,6647,65,EXACT,1.000,7,০৮  কিতাবের জ্ঞান আছে কার কাছে?,PAGE-CHECK; মেলানো বাকি,CANDIDATE — PAGE-CHECK (not live-verifiable here),CAND CANDIDATE,HAD-MADINAT-ILM,"•  «আমি জ্ঞানের শহর, আলী তার দরজা» — PAGE-CHECK (তিরমিযি/হাকিম; নম্বর মেলানো বাকি)।","•  «আমি জ্ঞানের শহর, আলী তার দরজা» — PAGE-CHECK (তিরমিযি/হাকিম; নম্বর মেলানো বাকি)।",YES,BOUND
REF-165,6583,6648,65,EXACT,1.000,7,০৮  কিতাবের জ্ঞান আছে কার কাছে?,PAGE-CHECK; বর্ণিত আছে,PAGE-CHECK (Shia source; edition/page lock),SPC SHIA-PAGE-CHECK,,"•  ইবনে আব্বাস ও যাবের — আহলুয যিকর = আহলুল বাইত; ইমাম জাফর সাদিক ও ইমাম রেযা (আলাইহিমাস্ সালাম)-এর বাণী — বর্ণিত আছে, PAGE-CHECK।","•  ইবনে আব্বাস ও যাবের — আহলুয যিকর = আহলুল বাইত; ইমাম জাফর সাদিক ও ইমাম রেযা (আলাইহিমাস্ সালাম)-এর বাণী — বর্ণিত আছে, PAGE-CHECK।",YES,BOUND
REF-166,6584,6649,65,EXACT,1.000,7,০৮  কিতাবের জ্ঞান আছে কার কাছে?,PAGE-CHECK,PAGE-CHECK (Shia source; edition/page lock),SPC SHIA-PAGE-CHECK,,•  এক মহিলার প্রশ্ন ও মুক্তার প্রতিদান — ইমাম হাসান আসকারি (আলাইহিস্ সালাম)-এর তাফসির (বিহারুল আনওয়ার ২-এ উদ্ধৃত) — PAGE-CHECK।,•  এক মহিলার প্রশ্ন ও মুক্তার প্রতিদান — ইমাম হাসান আসকারি (আলাইহিস্ সালাম)-এর তাফসির (বিহারুল আনওয়ার ২-এ উদ্ধৃত) — PAGE-CHECK।,YES,BOUND
REF-167,6655,6721,66,EXACT,1.000,7,০৯  “ঈমানেরও কি দাম দিতে হয়?”,বর্ণিত আছে,PROSE — follows source-block row,PROSE PROSE-LINE,HAD-UMM-TAWAF,"হাদিসে বর্ণিত আছে—একজন ব্যক্তি তার মাকে কাঁধে করে কাবার চারপাশে তাওয়াফ করালেন। তিনি ভাবলেন, হয়তো এভাবে তিনি তার মায়ের ঋণ শোধ করতে পারলেন। কিন্তু রাসূলুল্লাহ ﷺ বললেন, “না, এমনকি মায়ের এক মুহূর্তের কষ্টের প্রতিদানও হয়নি।” এটি এক মহাসত্য—সন্তান চাইলেও মায়ের ঋণ পরিশোধ করতে পারবে না।","হাদিসে বর্ণিত আছে—একজন ব্যক্তি তার মাকে কাঁধে করে কাবার চারপাশে তাওয়াফ করালেন। তিনি ভাবলেন, হয়তো এভাবে তিনি তার মায়ের ঋণ শোধ করতে পারলেন। কিন্তু রাসূলুল্লাহ ﷺ বললেন, “না, এমনকি মায়ের এক মুহূর্তের কষ্টের প্রতিদানও হয়নি।” এটি এক মহাসত্য—সন্তান চাইলেও মায়ের ঋণ পরিশোধ করতে পারবে না।",YES,BOUND
REF-168,6673,6739,66,EXACT,1.000,7,০৯  “ঈমানেরও কি দাম দিতে হয়?”,PAGE-CHECK,NORMALISE via register key,DUP DUPLICATE,HAD-MAHR-KHUMS,•  মা সাইয়্যিদার মোহর পৃথিবীর এক-পঞ্চমাংশ; জিবরাঈলের পায়ের আঘাতে পাঁচ নদী — ফিকহুর রেজা (খাতার উল্লেখ) — PAGE-CHECK।,•  মা সাইয়্যিদার মোহর পৃথিবীর এক-পঞ্চমাংশ; জিবরাঈলের পায়ের আঘাতে পাঁচ নদী — ফিকহুর রেজা (খাতার উল্লেখ) — PAGE-CHECK।,YES,BOUND
REF-169,6674,6740,66,EXACT,1.000,7,০৯  “ঈমানেরও কি দাম দিতে হয়?”,PAGE-CHECK; বর্ণিত আছে,PAGE-CHECK (Shia source; edition/page lock),SPC SHIA-PAGE-CHECK,HAD-DIRHAM-YATIM,"•  «এতিমের এক দিরহাম… আমরাই সেই এতিম» — ইমাম রেজা (আলাইহিস্ সালাম) — বর্ণিত আছে, PAGE-CHECK।","•  «এতিমের এক দিরহাম… আমরাই সেই এতিম» — ইমাম রেজা (আলাইহিস্ সালাম) — বর্ণিত আছে, PAGE-CHECK।",YES,BOUND
REF-170,6675,6741,66,EXACT,1.000,7,০৯  “ঈমানেরও কি দাম দিতে হয়?”,PAGE-CHECK,PAGE-CHECK (Shia source; edition/page lock),SPC SHIA-PAGE-CHECK,HAD-DIRHAM-YATIM,"•  ৫৭:১১-এর ব্যাখ্যায় ইমাম কাযিম, ইমাম সাদিক (আলাইহিমাস্ সালাম)-এর হাদিস; «এক দিরহাম ওহুদের চেয়ে ভারী» (মায়াহ); «তোমাদের পবিত্র করার জন্য গ্রহণ করি» — আল-কাফি, কিতাবুল হুজ্জা (বাবু সিলাতিল ইমাম) — PAGE-CHECK।","•  ৫৭:১১-এর ব্যাখ্যায় ইমাম কাযিম, ইমাম সাদিক (আলাইহিমাস্ সালাম)-এর হাদিস; «এক দিরহাম ওহুদের চেয়ে ভারী» (মায়াহ); «তোমাদের পবিত্র করার জন্য গ্রহণ করি» — আল-কাফি, কিতাবুল হুজ্জা (বাবু সিলাতিল ইমাম) — PAGE-CHECK।",YES,BOUND
REF-171,6676,6742,66,EXACT,1.000,7,০৯  “ঈমানেরও কি দাম দিতে হয়?”,PAGE-CHECK; বর্ণিত আছে,CANDIDATE — PAGE-CHECK (not live-verifiable here),CAND CANDIDATE,HAD-UMM-TAWAF,"•  মাকে কাঁধে নিয়ে তাওয়াফ — বর্ণিত আছে, PAGE-CHECK।","•  মাকে কাঁধে নিয়ে তাওয়াফ — বর্ণিত আছে, PAGE-CHECK।",YES,BOUND
REF-172,6724,6791,67,EXACT,1.000,7,১০  রোজ নামাজে কেন সরল পথ চাই,বর্ণিত আছে,PROSE — follows source-block row,PROSE PROSE-LINE,HAD-SIRAT-ALI,"বুরুল্লাহ আস্তে যোগ করল, “বর্ণিত আছে, কিয়ামতের দিন রাসূলুল্লাহ ﷺ এবং ইমাম আলী (আলাইহিস্ সালাম) সেই সেতুর উপর থাকবেন এবং কেবল তাঁদের ওয়ালিয়াতের উপর দৃঢ়পদে বহাল থাকা ব্যক্তিদেরই পার হতে দেবেন।","বুরুল্লাহ আস্তে যোগ করল, “বর্ণিত আছে, কিয়ামতের দিন রাসূলুল্লাহ ﷺ এবং ইমাম আলী (আলাইহিস্ সালাম) সেই সেতুর উপর থাকবেন এবং কেবল তাঁদের ওয়ালিয়াতের উপর দৃঢ়পদে বহাল থাকা ব্যক্তিদেরই পার হতে দেবেন।",YES,BOUND
REF-173,6737,6804,67,EXACT,1.000,7,১০  রোজ নামাজে কেন সরল পথ চাই,PAGE-CHECK,PAGE-CHECK (Shia source; edition/page lock),SPC SHIA-PAGE-CHECK,HAD-SIRAT-ALI,"•  হাসকানী, শাওয়াহিদুত তানযীল (১:৬) — PAGE-CHECK। সা’লাবী, ইবনে বুরাইদা ও ইবনে আব্বাসের বর্ণনা — PAGE-CHECK।","•  হাসকানী, শাওয়াহিদুত তানযীল (১:৬) — PAGE-CHECK। সা’লাবী, ইবনে বুরাইদা ও ইবনে আব্বাসের বর্ণনা — PAGE-CHECK।",YES,BOUND
REF-174,6738,6805,67,EXACT,1.000,7,১০  রোজ নামাজে কেন সরল পথ চাই,PAGE-CHECK,PAGE-CHECK (Shia source; edition/page lock),SPC SHIA-PAGE-CHECK,HAD-SIRAT-ALI,"•  ইমাম বাকির (আ.): «আমরা স্পষ্ট পথ…»; ইমাম সাদিক (আ.): সেতু চুলের চেয়ে সূক্ষ্ম; ইমাম কাযিম (আ.) — ৬৭:২২-এর ব্যাখ্যা — তাফসীরে কুম্মী/আইয়াশী, মাআনিল আখবার (খাতার উল্লেখ) — PAGE-CHECK।","•  ইমাম বাকির (আ.): «আমরা স্পষ্ট পথ…»; ইমাম সাদিক (আ.): সেতু চুলের চেয়ে সূক্ষ্ম; ইমাম কাযিম (আ.) — ৬৭:২২-এর ব্যাখ্যা — তাফসীরে কুম্মী/আইয়াশী, মাআনিল আখবার (খাতার উল্লেখ) — PAGE-CHECK।",YES,BOUND
REF-175,6739,6806,67,EXACT,1.000,7,১০  রোজ নামাজে কেন সরল পথ চাই,PAGE-CHECK; বর্ণিত আছে,PLAUSIBLE_SOURCE_ONLY — KEEP-ATTRIBUTION-ONLY «বর্ণিত আছে»,UNID UNIDENTIFIED,,"•  «সূর্য, চাঁদ, শুক্রতারা, দুই তারকা» — বর্ণিত আছে, PAGE-CHECK।","•  «সূর্য, চাঁদ, শুক্রতারা, দুই তারকা» — বর্ণিত আছে, PAGE-CHECK।",YES,BOUND
REF-176,6758,6826,68,EXACT,1.000,7,১১  আল্লাহর সরল পথ কোনটি?,বর্ণিত আছে,PROSE — follows source-block row,PROSE PROSE-LINE,HAD-SIRAT-ALI,"বুরুল্লাহ বলল, “বর্ণিত আছে, আবু আবদুল্লাহ (আলাইহিস্ সালাম)-কে আয়াতের এই অংশটি, “এবং নিশ্চয়ই এটি আমার সরল পথ, সুতরাং এ পথ অনুসরণ করো, ” সম্পর্কে জিজ্ঞাসা করা হলে, তিনি বললেন: “আল্লাহর কসম, এটি আলী (আলাইহিস্ সালাম)-কে বোঝায়। আল্লাহর কসম, তিনিই সরল পথ এবং মিজান (মানদণ্ড)।”","বুরুল্লাহ বলল, “বর্ণিত আছে, আবু আবদুল্লাহ (আলাইহিস্ সালাম)-কে আয়াতের এই অংশটি, “এবং নিশ্চয়ই এটি আমার সরল পথ, সুতরাং এ পথ অনুসরণ করো, ” সম্পর্কে জিজ্ঞাসা করা হলে, তিনি বললেন: “আল্লাহর কসম, এটি আলী (আলাইহিস্ সালাম)-কে বোঝায়। আল্লাহর কসম, তিনিই সরল পথ এবং মিজান (মানদণ্ড)।”",YES,BOUND
REF-177,6787,6855,68,EXACT,1.000,7,১১  আল্লাহর সরল পথ কোনটি?,PAGE-CHECK,CANDIDATE — PAGE-CHECK (not live-verifiable here),CAND CANDIDATE,HAD-SIRAT-ALI,"•  কান্দুযী, ইয়ানাবিউল মাওয়াদ্দা (আল-মানাকিব থেকে) — ইমাম বাকির ও ইমাম সাদিক (আলাইহিমাস্ সালাম) — PAGE-CHECK।","•  কান্দুযী, ইয়ানাবিউল মাওয়াদ্দা (আল-মানাকিব থেকে) — ইমাম বাকির ও ইমাম সাদিক (আলাইহিমাস্ সালাম) — PAGE-CHECK।",YES,BOUND
REF-178,6788,6856,68,EXACT,1.000,7,১১  আল্লাহর সরল পথ কোনটি?,PAGE-CHECK,PAGE-CHECK (Shia source; edition/page lock),SPC SHIA-PAGE-CHECK,HAD-SIRAT-ALI,"•  আবু আবদুল্লাহ (আ.): «আল্লাহর কসম, তিনিই সরল পথ ও মিজান»; বুরাইদ আল-আজালির সূত্রে আবু জাফর (আ.) — তাফসীরে আইয়াশী — PAGE-CHECK।","•  আবু আবদুল্লাহ (আ.): «আল্লাহর কসম, তিনিই সরল পথ ও মিজান»; বুরাইদ আল-আজালির সূত্রে আবু জাফর (আ.) — তাফসীরে আইয়াশী — PAGE-CHECK।",YES,BOUND
REF-179,6907,6976,69,EXACT,1.000,8,০১  প্রত্যেক যুগের পথপ্রদর্শক কে?,PAGE-CHECK,CANDIDATE — PAGE-CHECK (not live-verifiable here),CAND CANDIDATE,HAD-ANA-MUNDHIR,"•  «আমিই সতর্ককারী… হে আলী, তুমিই পথপ্রদর্শক» — ইবনে মারদুইয়া, ইবনে জারীর (তাবারী), আবু নুআইম, ইবনে আসাকির, দাইলামী, ইবনুন নাজ্জার (খাতার উল্লেখ) — PAGE-CHECK।","•  «আমিই সতর্ককারী… হে আলী, তুমিই পথপ্রদর্শক» — ইবনে মারদুইয়া, ইবনে জারীর (তাবারী), আবু নুআইম, ইবনে আসাকির, দাইলামী, ইবনুন নাজ্জার (খাতার উল্লেখ) — PAGE-CHECK।",YES,BOUND
REF-180,6908,6977,69,EXACT,1.000,8,০১  প্রত্যেক যুগের পথপ্রদর্শক কে?,PAGE-CHECK,CANDIDATE — PAGE-CHECK (not live-verifiable here),CAND CANDIDATE,HAD-ANA-MUNDHIR,•  ১৩:৭-এর তিন মত (আল্লাহ / প্রত্যেক নবী / আলী) — তাফসীরে তাবারীতে একত্রে — PAGE-CHECK।,•  ১৩:৭-এর তিন মত (আল্লাহ / প্রত্যেক নবী / আলী) — তাফসীরে তাবারীতে একত্রে — PAGE-CHECK।,YES,BOUND
REF-181,6975,7045,70,EXACT,1.000,8,"০২  সায়েম কাকা জানতে চাইলেন, সত্যবাদী কারা",PAGE-CHECK,CANDIDATE — PAGE-CHECK (not live-verifiable here),CAND CANDIDATE,,"•  আবু বকর হাযরামী শাফেয়ী, রাশফাতুস সাদী — আবুল আলিয়ার বর্ণনা — PAGE-CHECK। মাআনিল আখবার — ইমাম সাদিক (আ.) — PAGE-CHECK।","•  আবু বকর হাযরামী শাফেয়ী, রাশফাতুস সাদী — আবুল আলিয়ার বর্ণনা — PAGE-CHECK। মাআনিল আখবার — ইমাম সাদিক (আ.) — PAGE-CHECK।",YES,BOUND
REF-182,6976,7046,70,EXACT,1.000,8,"০২  সায়েম কাকা জানতে চাইলেন, সত্যবাদী কারা",PAGE-CHECK,PAGE-CHECK (Shia source; edition/page lock),SPC SHIA-PAGE-CHECK,,"•  ইমাম বাকির (আ.): সত্যবাদীরা আলী, ফাতিমা, হাসান, হুসাইন (আলাইহিমুস সালাম) ও তাঁদের বংশধর — PAGE-CHECK।","•  ইমাম বাকির (আ.): সত্যবাদীরা আলী, ফাতিমা, হাসান, হুসাইন (আলাইহিমুস সালাম) ও তাঁদের বংশধর — PAGE-CHECK।",YES,BOUND
REF-183,6977,7047,70,EXACT,1.000,8,"০২  সায়েম কাকা জানতে চাইলেন, সত্যবাদী কারা",PAGE-CHECK,PAGE-CHECK (Shia source; edition/page lock),SPC SHIA-PAGE-CHECK,,"•  «ঈমান হলো লাভের মিথ্যার ওপর ক্ষতির সত্যকে প্রাধান্য দেওয়া» — নাহজুল বালাগা, হিকমত ৪৫৫ (খাতার উল্লেখ; সংস্করণভেদে ৪৫৮) — PAGE-CHECK।","•  «ঈমান হলো লাভের মিথ্যার ওপর ক্ষতির সত্যকে প্রাধান্য দেওয়া» — নাহজুল বালাগা, হিকমত ৪৫৫ (খাতার উল্লেখ; সংস্করণভেদে ৪৫৮) — PAGE-CHECK।",YES,BOUND
REF-184,6978,7048,70,EXACT,1.000,8,"০২  সায়েম কাকা জানতে চাইলেন, সত্যবাদী কারা",PAGE-CHECK,PAGE-CHECK (Shia source; edition/page lock),SPC SHIA-PAGE-CHECK,,•  «লা তানযুরু ইলা কাসরাতি সালাতিহিম… সিদকিল হাদিস ওয়া আদায়িল আমানাহ» — খাতার উল্লেখ: উয়ূনু আখবারির রিদা খ. ২ পৃ. ৫১ হা. ১৯৭; মিশকাতুল আনওয়ার (তাবারসী) খ. ১ পৃ. ১১৬ — PAGE-CHECK।,•  «লা তানযুরু ইলা কাসরাতি সালাতিহিম… সিদকিল হাদিস ওয়া আদায়িল আমানাহ» — খাতার উল্লেখ: উয়ূনু আখবারির রিদা খ. ২ পৃ. ৫১ হা. ১৯৭; মিশকাতুল আনওয়ার (তাবারসী) খ. ১ পৃ. ১১৬ — PAGE-CHECK।,YES,BOUND
REF-185,6979,7049,70,EXACT,1.000,8,"০২  সায়েম কাকা জানতে চাইলেন, সত্যবাদী কারা",PAGE-CHECK,NON-HADITH — PAGE-CHECK,HIST NON-HADITH,,•  ঢাকা আলিয়া মাদ্রাসার প্রথম অধ্যক্ষরা (১৮৫০–১৯২৭) — মাদ্রাসা-ই-আলিয়ার ইতিহাস (ইসলামিক ফাউন্ডেশন) — PAGE-CHECK।,•  ঢাকা আলিয়া মাদ্রাসার প্রথম অধ্যক্ষরা (১৮৫০–১৯২৭) — মাদ্রাসা-ই-আলিয়ার ইতিহাস (ইসলামিক ফাউন্ডেশন) — PAGE-CHECK।,YES,BOUND
REF-186,7045,7116,71,EXACT,1.000,8,"০৩  আহলুল বাইত কারা, রাসূলুল্লাহ ﷺ নিজেই দেখালেন",PAGE-CHECK; মেলানো বাকি,"VERIFIED (six-book number + text, 2026-10-03); grade/edition per control tables",VL VERIFIED-LIVE,HAD-KISA,"•  উম্মে সালামার ঘরে চাদর; «তুমি স্বস্থানে, কল্যাণের মধ্যে» — উমর ইবনে আবি সালামার সূত্রে জামে তিরমিযি — PAGE-CHECK (নম্বর মেলানো বাকি)।","•  উম্মে সালামার ঘরে চাদর; «তুমি স্বস্থানে, কল্যাণের মধ্যে» — উমর ইবনে আবি সালামার সূত্রে জামে তিরমিযি — PAGE-CHECK (নম্বর মেলানো বাকি)।",YES,BOUND
REF-187,7046,7117,71,EXACT,1.000,8,"০৩  আহলুল বাইত কারা, রাসূলুল্লাহ ﷺ নিজেই দেখালেন",PAGE-CHECK,CANDIDATE — PAGE-CHECK (not live-verifiable here),CAND CANDIDATE,HAD-BAB-FATIMA-SALAT,"•  ইবনে আব্বাস: নয় মাস প্রতি নামাজে আলীর ঘরের দরজায় সালাম — PAGE-CHECK; আনাস, আবু বারযা, আবুল হামরা, আবু সাঈদের অনুরূপ বর্ণনা — PAGE-CHECK।","•  ইবনে আব্বাস: নয় মাস প্রতি নামাজে আলীর ঘরের দরজায় সালাম — PAGE-CHECK; আনাস, আবু বারযা, আবুল হামরা, আবু সাঈদের অনুরূপ বর্ণনা — PAGE-CHECK।",YES,BOUND
REF-188,7109,7181,72,EXACT,1.000,8,০৪  মা সাইয়্যিদা ফাতিমাতুয্ যাহরা (আলাইহাস্ সালাম)-এর মুখে চাদরের ঘটনা,PAGE-CHECK,"VERIFIED (six-book number + text, 2026-10-03); grade/edition per control tables",VL VERIFIED-LIVE,HAD-KISA,"•  কিসার সংক্ষিপ্ত রূপ (উম্মে সালামা ও আয়িশার সূত্রে) — সহীহ মুসলিম ২৪২৪ — CONFIRMED (SECOND_NOTEBOOK/CITATION_RISK; D-017); তিরমিযি, মুস্তাদরাক, বায়হাকী, দুররে মানসুর, শাওয়াহিদুত তানযীল, মুসনাদে আহমাদ (খাতার তালিকা) — PAGE-CHECK।","•  কিসার সংক্ষিপ্ত রূপ (উম্মে সালামা ও আয়িশার সূত্রে) — সহীহ মুসলিম ২৪২৪ — CONFIRMED (SECOND_NOTEBOOK/CITATION_RISK; D-017); তিরমিযি, মুস্তাদরাক, বায়হাকী, দুররে মানসুর, শাওয়াহিদুত তানযীল, মুসনাদে আহমাদ (খাতার তালিকা) — PAGE-CHECK।",YES,BOUND
REF-189,7110,7182,72,EXACT,1.000,8,০৪  মা সাইয়্যিদা ফাতিমাতুয্ যাহরা (আলাইহাস্ সালাম)-এর মুখে চাদরের ঘটনা,PAGE-CHECK,CANDIDATE — PAGE-CHECK (not live-verifiable here),CAND CANDIDATE,HAD-BAB-FATIMA-SALAT,"•  আনাস: ফজরের আগে আলী ও ফাতিমার দরজায় «আস-সালাত, ইয়া আহলাল বাইত» — শাওয়াহিদুত তানযীল — PAGE-CHECK।","•  আনাস: ফজরের আগে আলী ও ফাতিমার দরজায় «আস-সালাত, ইয়া আহলাল বাইত» — শাওয়াহিদুত তানযীল — PAGE-CHECK।",YES,BOUND
REF-190,7111,7183,72,EXACT,1.000,8,০৪  মা সাইয়্যিদা ফাতিমাতুয্ যাহরা (আলাইহাস্ সালাম)-এর মুখে চাদরের ঘটনা,PAGE-CHECK,PAGE-CHECK (Shia source; edition/page lock),SPC SHIA-PAGE-CHECK,HAD-KISA,•  জাবিরের সূত্রে মা সাইয়্যিদার জবানিতে হাদিসে কিসা (দীর্ঘ রূপ) — আওয়ালিমুল উলুম / মাফাতিহুল জিনান-এ সংকলিত — PAGE-CHECK।,•  জাবিরের সূত্রে মা সাইয়্যিদার জবানিতে হাদিসে কিসা (দীর্ঘ রূপ) — আওয়ালিমুল উলুম / মাফাতিহুল জিনান-এ সংকলিত — PAGE-CHECK।,YES,BOUND
REF-191,7112,7184,72,EXACT,1.000,8,০৪  মা সাইয়্যিদা ফাতিমাতুয্ যাহরা (আলাইহাস্ সালাম)-এর মুখে চাদরের ঘটনা,PAGE-CHECK; বর্ণিত আছে,CANDIDATE — PAGE-CHECK (not live-verifiable here),CAND CANDIDATE,HAD-SAFINA,"•  আবু যারের কাবার দরজায় বাণী: «আমার আহলুল বাইত নূহের কিস্তির মতো» — বর্ণিত আছে, PAGE-CHECK (মুস্তাদরাক হাকিম)।","•  আবু যারের কাবার দরজায় বাণী: «আমার আহলুল বাইত নূহের কিস্তির মতো» — বর্ণিত আছে, PAGE-CHECK (মুস্তাদরাক হাকিম)।",YES,BOUND
REF-192,7222,7295,73,EXACT,1.000,8,০৬  “দ্বীনের খুঁটি কয়টা?”,PAGE-CHECK; বর্ণিত আছে,PAGE-CHECK (Shia source; edition/page lock),SPC SHIA-PAGE-CHECK,HAD-98-5,"•  ৯৮:৫-এর ব্যাখ্যায় ইমাম বাকির (আ.): নামাজ = আমিরুল মুমিনীন, দ্বীনুল কাইয়্যিমা = মা সাইয়্যিদা — বর্ণিত আছে, PAGE-CHECK (তাফসীরে কুম্মী/তাবিলুল আয়াত)।","•  ৯৮:৫-এর ব্যাখ্যায় ইমাম বাকির (আ.): নামাজ = আমিরুল মুমিনীন, দ্বীনুল কাইয়্যিমা = মা সাইয়্যিদা — বর্ণিত আছে, PAGE-CHECK (তাফসীরে কুম্মী/তাবিলুল আয়াত)।",YES,BOUND
REF-193,7348,7423,75,EXACT,1.000,8,"০৮  কেউ কাছে আসে, কেউ দূরে সরে",PAGE-CHECK; বর্ণিত আছে,CANDIDATE — PAGE-CHECK (not live-verifiable here),CAND CANDIDATE,,"•  আমিরুল মুমিনীন (আ.): «لَا خَیْرَ فِی مَنْ لَا یَتَحَبَّبُ وَ لَا یَتَبَغَّضُ» — বর্ণিত আছে, PAGE-CHECK (গুরারুল হিকাম?)।","•  আমিরুল মুমিনীন (আ.): «لَا خَیْرَ فِی مَنْ لَا یَتَحَبَّبُ وَ لَا یَتَبَغَّضُ» — বর্ণিত আছে, PAGE-CHECK (গুরারুল হিকাম?)।",YES,BOUND
REF-194,7349,7424,75,EXACT,1.000,8,"০৮  কেউ কাছে আসে, কেউ দূরে সরে",PAGE-CHECK,PAGE-CHECK (Shia source; edition/page lock),SPC SHIA-PAGE-CHECK,HAD-NAHJ-179,"•  «আমি এমন আল্লাহর ইবাদত করি না যাঁকে দেখি না» — নাহজুল বালাগা, খুতবা ১৭৯ (জি'লিব আল-ইয়ামানির প্রশ্ন) — PAGE-CHECK (অধ্যায় ৯-এ বিস্তারিত)।","•  «আমি এমন আল্লাহর ইবাদত করি না যাঁকে দেখি না» — নাহজুল বালাগা, খুতবা ১৭৯ (জি'লিব আল-ইয়ামানির প্রশ্ন) — PAGE-CHECK (অধ্যায় ৯-এ বিস্তারিত)।",YES,BOUND
REF-195,7420,7496,76,EXACT,1.000,8,"০৯  “আমি কি এমন কারও ইবাদত করব, যাঁকে দেখিনি?”",PAGE-CHECK,PAGE-CHECK (Shia source; edition/page lock),SPC SHIA-PAGE-CHECK,HAD-NAHJ-179,"•  «যাঁকে দেখিনি, তাঁর ইবাদত করি না… চোখ নয়, অন্তর ঈমানের বাস্তবতায় তাঁকে দেখে» — নাহজুল বালাগা, খুতবা ১৭৯ (যি’লিব আল-ইয়ামানির প্রশ্ন) — PAGE-CHECK (সংস্করণভেদে নম্বর)।","•  «যাঁকে দেখিনি, তাঁর ইবাদত করি না… চোখ নয়, অন্তর ঈমানের বাস্তবতায় তাঁকে দেখে» — নাহজুল বালাগা, খুতবা ১৭৯ (যি’লিব আল-ইয়ামানির প্রশ্ন) — PAGE-CHECK (সংস্করণভেদে নম্বর)।",YES,BOUND
REF-196,7421,7497,76,EXACT,1.000,8,"০৯  “আমি কি এমন কারও ইবাদত করব, যাঁকে দেখিনি?”",PAGE-CHECK; বর্ণিত আছে,PLAUSIBLE_SOURCE_ONLY — KEEP-ATTRIBUTION-ONLY «বর্ণিত আছে»,UNID UNIDENTIFIED,,"•  «সাত আসমানের আড়ালে লুক্কায়িত» শপথকারীকে তিরস্কার — বর্ণিত আছে, PAGE-CHECK।","•  «সাত আসমানের আড়ালে লুক্কায়িত» শপথকারীকে তিরস্কার — বর্ণিত আছে, PAGE-CHECK।",YES,BOUND
REF-197,7422,7498,76,EXACT,1.000,8,"০৯  “আমি কি এমন কারও ইবাদত করব, যাঁকে দেখিনি?”",PAGE-CHECK; বর্ণিত আছে,PAGE-CHECK (Shia source; edition/page lock),SPC SHIA-PAGE-CHECK,,"•  ইহুদি আলেমের প্রশ্ন «আল্লাহ কখন থেকে আছেন?» — বর্ণিত আছে (আল-কাফি, কিতাবুত তাওহিদ?) — PAGE-CHECK।","•  ইহুদি আলেমের প্রশ্ন «আল্লাহ কখন থেকে আছেন?» — বর্ণিত আছে (আল-কাফি, কিতাবুত তাওহিদ?) — PAGE-CHECK।",YES,BOUND
REF-198,7477,7554,77,EXACT,1.000,8,১০  রাসূলুল্লাহ ﷺ-এর বিছানায় ইমাম আলী (আলাইহিস্ সালাম),PAGE-CHECK,NON-HADITH — PAGE-CHECK,HIST NON-HADITH,,"•  লাইলাতুল মাবিত — ইবনে হিশাম, আস-সিরাতুন নাবাবিয়্যা, ১ম খণ্ড (খাতার উল্লেখ) — PAGE-CHECK।","•  লাইলাতুল মাবিত — ইবনে হিশাম, আস-সিরাতুন নাবাবিয়্যা, ১ম খণ্ড (খাতার উল্লেখ) — PAGE-CHECK।",YES,BOUND
REF-199,7478,7555,77,EXACT,1.000,8,১০  রাসূলুল্লাহ ﷺ-এর বিছানায় ইমাম আলী (আলাইহিস্ সালাম),PAGE-CHECK,NO_SOURCE_LOCATED — FLAG-FOR-AUTHOR-DECISION,UNID UNIDENTIFIED,,"•  কুরাইশদের ভুলের কারণ «একই নূর» — বিহারুল আনওয়ার, ৫ম খণ্ড (খাতার উল্লেখ) — PAGE-CHECK।","•  কুরাইশদের ভুলের কারণ «একই নূর» — বিহারুল আনওয়ার, ৫ম খণ্ড (খাতার উল্লেখ) — PAGE-CHECK।",YES,BOUND
REF-200,7479,7556,77,EXACT,1.000,8,১০  রাসূলুল্লাহ ﷺ-এর বিছানায় ইমাম আলী (আলাইহিস্ সালাম),PAGE-CHECK; বর্ণিত আছে,CANDIDATE — PAGE-CHECK (not live-verifiable here),CAND CANDIDATE,,"•  ৩:১৯৫ «পুরুষটি তুমি, হে আলী; নারীটি ফাতিমা»; ৩:১৯৮ «হে আলী, তুমিই সেই পুরস্কার» — বর্ণিত আছে, PAGE-CHECK।","•  ৩:১৯৫ «পুরুষটি তুমি, হে আলী; নারীটি ফাতিমা»; ৩:১৯৮ «হে আলী, তুমিই সেই পুরস্কার» — বর্ণিত আছে, PAGE-CHECK।",YES,BOUND
REF-201,7522,7600,78,EXACT,1.000,8,১১  স্বপ্নে রাসূলুল্লাহ ﷺ-কে দেখলে কী হয়?,PAGE-CHECK; মেলানো বাকি; বর্ণিত আছে,"VERIFIED (six-book number + text, 2026-10-03); grade/edition per control tables",VL VERIFIED-LIVE,HAD-RUYA,"•  «যে স্বপ্নে আমাকে দেখল, সে সত্যিই আমাকে দেখল» — বর্ণিত আছে, PAGE-CHECK (বুখারি/মুসলিম; নম্বর মেলানো বাকি)।","•  «যে স্বপ্নে আমাকে দেখল, সে সত্যিই আমাকে দেখল» — বর্ণিত আছে, PAGE-CHECK (বুখারি/মুসলিম; নম্বর মেলানো বাকি)।",YES,BOUND
REF-202,7523,7601,78,EXACT,1.000,8,১১  স্বপ্নে রাসূলুল্লাহ ﷺ-কে দেখলে কী হয়?,PAGE-CHECK,"VERIFIED (six-book number + text, 2026-10-03); grade/edition per control tables",VL VERIFIED-LIVE,,"•  আবদুল্লাহ ইবনে উবাইকে জামা দান ও জানাজা — সহীহ বুখারি, কিতাবুল জানাইয (খাতার উল্লেখ ১৩৫০) — PAGE-CHECK; «এক হাজার খাযরাজি» — PAGE-CHECK।","•  আবদুল্লাহ ইবনে উবাইকে জামা দান ও জানাজা — সহীহ বুখারি, কিতাবুল জানাইয (খাতার উল্লেখ ১৩৫০) — PAGE-CHECK; «এক হাজার খাযরাজি» — PAGE-CHECK।",YES,BOUND
REF-203,7524,7602,78,EXACT,1.000,8,১১  স্বপ্নে রাসূলুল্লাহ ﷺ-কে দেখলে কী হয়?,PAGE-CHECK,NON-HADITH — PAGE-CHECK,HIST NON-HADITH,,"•  রাসূলুল্লাহ ﷺ-কে হত্যার জন্য গোত্রগুলোর একত্র হওয়া — ইবনে হিশাম, আস-সিরাতুন নাবাবিয়্যা (খাতার উল্লেখ) — PAGE-CHECK।","•  রাসূলুল্লাহ ﷺ-কে হত্যার জন্য গোত্রগুলোর একত্র হওয়া — ইবনে হিশাম, আস-সিরাতুন নাবাবিয়্যা (খাতার উল্লেখ) — PAGE-CHECK।",YES,BOUND
REF-204,7581,7660,79,EXACT,1.000,8,১২  আল্লাহ কি দেখতে মানুষের মতো?,PAGE-CHECK,PAGE-CHECK (Shia source; edition/page lock),SPC SHIA-PAGE-CHECK,,"•  ইউনুস ইবনে যিবইয়ানের রেওয়ায়েত (আল্লাহর ‘চেহারা’ ও ‘হাত’; বারো ইমাম; «প্রতিটি সময়ের জন্য একটি হাদিস») — শাইখ সাদুক, কামালুদ্দীন ওয়া তামামুন নি'মা; খাযযায কুম্মী, কিফায়াতুল আসার (খাতার উল্লেখ) — PAGE-CHECK (নকশার নির্দেশ: যাচাই)।","•  ইউনুস ইবনে যিবইয়ানের রেওয়ায়েত (আল্লাহর ‘চেহারা’ ও ‘হাত’; বারো ইমাম; «প্রতিটি সময়ের জন্য একটি হাদিস») — শাইখ সাদুক, কামালুদ্দীন ওয়া তামামুন নি'মা; খাযযায কুম্মী, কিফায়াতুল আসার (খাতার উল্লেখ) — PAGE-CHECK (নকশার নির্দেশ: যাচাই)।",YES,BOUND
REF-205,7687,7768,81,EXACT,1.000,9,০১  হেদায়াত দেখতে কেমন?,বর্ণিত আছে,PROSE — follows source-block row,PROSE PROSE-LINE,,"“বর্ণিত আছে, আল্লাহ বলেছেন— আমাকে ভালোবাসো, তার আগে আমার রাসূলকে ভালোবাসো, আর রাসূলকে ভালোবাসো, তার আগে আমার ওলিকে ভালোবাসো।”","“বর্ণিত আছে, আল্লাহ বলেছেন— আমাকে ভালোবাসো, তার আগে আমার রাসূলকে ভালোবাসো, আর রাসূলকে ভালোবাসো, তার আগে আমার ওলিকে ভালোবাসো।”",YES,BOUND
REF-206,7731,7812,81,EXACT,1.000,9,০১  হেদায়াত দেখতে কেমন?,PAGE-CHECK,"VERIFIED (six-book number + text, 2026-10-03); grade/edition per control tables",VL VERIFIED-LIVE,HAD-THAQALAYN,"•  সাকালাইনের হাদীস: «কিতাবুল্লাহ ও আহলুল বাইত» সহীহ মুসলিম ২৪০৮ (শব্দ «أهل بيتي»; CONFIRMED, সংস্করণ-পাঠ); «যদি আঁকড়ে ধরো, কখনো বিভ্রান্ত হবে না» অংশটি জামে তিরমিযি ৩৭৮৬ («كتاب الله وعترتي أهل بيتي», হাসান গরিব; CONFIRMED, সংস্করণ-পাঠ; মান নিয়ে মতভেদ আছে)। খাতার «তিরমিযি ৩৭৮৮» PAGE-CHECK।","•  সাকালাইনের হাদীস: «কিতাবুল্লাহ ও আহলুল বাইত» সহীহ মুসলিম ২৪০৮ (শব্দ «أهل بيتي»; CONFIRMED, সংস্করণ-পাঠ); «যদি আঁকড়ে ধরো, কখনো বিভ্রান্ত হবে না» অংশটি জামে তিরমিযি ৩৭৮৬ («كتاب الله وعترتي أهل بيتي», হাসান গরিব; CONFIRMED, সংস্করণ-পাঠ; মান নিয়ে মতভেদ আছে)। খাতার «তিরমিযি ৩৭৮৮» PAGE-CHECK।",YES,BOUND
REF-207,7732,7813,81,EXACT,1.000,9,০১  হেদায়াত দেখতে কেমন?,PAGE-CHECK; বর্ণিত আছে,NORMALISE via register key,DUP DUPLICATE,HAD-MADINAT-ILM,"•  «আমি জ্ঞানের শহর, আলী তার দরজা» — বর্ণিত আছে; PAGE-CHECK (কিতাব-খণ্ড-পৃষ্ঠা লাগবে)।","•  «আমি জ্ঞানের শহর, আলী তার দরজা» — বর্ণিত আছে; PAGE-CHECK (কিতাব-খণ্ড-পৃষ্ঠা লাগবে)।",YES,BOUND
REF-208,7733,7814,81,EXACT,1.000,9,০১  হেদায়াত দেখতে কেমন?,PAGE-CHECK; বর্ণিত আছে,NORMALISE via register key,DUP DUPLICATE,HAD-SAFINA,"•  কিশতীর হাদীস («যে চড়বে, সে নাজাত পাবে») — বর্ণিত আছে; PAGE-CHECK।","•  কিশতীর হাদীস («যে চড়বে, সে নাজাত পাবে») — বর্ণিত আছে; PAGE-CHECK।",YES,BOUND
REF-209,7735,7816,81,EXACT,1.000,9,০১  হেদায়াত দেখতে কেমন?,PAGE-CHECK; বর্ণিত আছে,PLAUSIBLE_SOURCE_ONLY — FLAG-FOR-AUTHOR-DECISION,UNID UNIDENTIFIED,,"•  «আমাকে ভালোবাসো, তার আগে আমার রাসূলকে… ওলিকে» — বর্ণিত আছে; উৎস পাওয়া যায়নি, PAGE-CHECK।","•  «আমাকে ভালোবাসো, তার আগে আমার রাসূলকে… ওলিকে» — বর্ণিত আছে; উৎস পাওয়া যায়নি, PAGE-CHECK।",YES,BOUND
REF-210,7736,7817,81,EXACT,1.000,9,০১  হেদায়াত দেখতে কেমন?,PAGE-CHECK,QURAN TEXT CHECK,Q QURAN-TEXT,,•  কুরআন ৪২:২৩ (REV1-এ যোগ) — PAGE-CHECK: api.alquran.cloud-এ বাংলা পাঠ মেলাতে হবে।,•  কুরআন ৪২:২৩ (REV1-এ যোগ) — PAGE-CHECK: api.alquran.cloud-এ বাংলা পাঠ মেলাতে হবে।,YES,BOUND
REF-211,7789,7871,82,EXACT,1.000,9,০২  চোখের সামনের জিনিসও আমরা দেখি না কেন?,বর্ণিত আছে,PROSE — follows source-block row,PROSE PROSE-LINE,,"বুরুল্লাহ সোজা হয়ে বসল। হাত বাড়িয়ে আমার খাতাটা নিল; এই আয়াতের নিচে আমি একটি বর্ণনা টুকে রেখেছিলাম, সে জানত। মোবাইলের আলো পাতায় ফেলে পড়ল, “এই আয়াতের তাফসিরে ইমাম সাদিক (আলাইহিস্ সালাম) বলেছেন বলে বর্ণিত আছে— যেহেতু উল্লেখিত ‘গভীর অন্ধকার’ বলতে প্রথমজনকে এবং তার সঙ্গীদেরকে বোঝানো হয়েছে, ‘যাকে আচ্ছন্ন করে রেখেছে ঢেউয়ের উপরে ঢেউ’ বলতে তৃতীয়জনকে— ‘তার উপরে মেঘ, একের পর এক অন্ধকারের স্তর’ বলতে মোয়াবিয়াকে (আল্লাহর লানত তার উপর) এবং বনী উমাইয়াদের ফিতনাকে বোঝানো হয়েছে। ফিতনার অন্ধকার থেকে বিশ্বাসী ব্যক্তি যখন তার হাত বাড়িয়ে দেয়, তখন সে তা একেবারেই দেখতে পায় না।","বুরুল্লাহ সোজা হয়ে বসল। হাত বাড়িয়ে আমার খাতাটা নিল; এই আয়াতের নিচে আমি একটি বর্ণনা টুকে রেখেছিলাম, সে জানত। মোবাইলের আলো পাতায় ফেলে পড়ল, “এই আয়াতের তাফসিরে ইমাম সাদিক (আলাইহিস্ সালাম) বলেছেন বলে বর্ণিত আছে— যেহেতু উল্লেখিত ‘গভীর অন্ধকার’ বলতে প্রথমজনকে এবং তার সঙ্গীদেরকে বোঝানো হয়েছে, ‘যাকে আচ্ছন্ন করে রেখেছে ঢেউয়ের উপরে ঢেউ’ বলতে তৃতীয়জনকে— ‘তার উপরে মেঘ, একের পর এক অন্ধকারের স্তর’ বলতে মোয়াবিয়াকে (আল্লাহর লানত তার উপর) এবং বনী উমাইয়াদের ফিতনাকে বোঝানো হয়েছে। ফিতনার অন্ধকার থেকে বিশ্বাসী ব্যক্তি যখন তার হাত বাড়িয়ে দেয়, তখন সে তা একেবারেই দেখতে পায় না।",YES,BOUND
REF-212,7877,7959,82,EXACT,1.000,9,০২  চোখের সামনের জিনিসও আমরা দেখি না কেন?,PAGE-CHECK; বর্ণিত আছে,PAGE-CHECK (Shia source; edition/page lock),SPC SHIA-PAGE-CHECK,,"•  ২৪:৪০-এর তাফসিরে ইমাম জাফর আস-সাদিক (আলাইহিস্ সালাম)-এর ব্যাখ্যা — বর্ণিত আছে; PAGE-CHECK (তাফসিরে কুম্মি বলে অনুমান, খোলা হয়নি)।","•  ২৪:৪০-এর তাফসিরে ইমাম জাফর আস-সাদিক (আলাইহিস্ সালাম)-এর ব্যাখ্যা — বর্ণিত আছে; PAGE-CHECK (তাফসিরে কুম্মি বলে অনুমান, খোলা হয়নি)।",YES,BOUND
REF-213,7878,7960,82,EXACT,1.000,9,০২  চোখের সামনের জিনিসও আমরা দেখি না কেন?,PAGE-CHECK,PAGE-CHECK (Shia source; edition/page lock),SPC SHIA-PAGE-CHECK,,"•  «ফিতনা শুরু হয় খেয়াল-খুশির অনুসরণ ও নতুন বিধান উদ্ভাবনে… মিশ্রিত সত্য-মিথ্যায় শয়তান বেঁধে ফেলে» — আমিরুল মুমিনিন (আলাইহিস্ সালাম)-এর বাণী, নাহজুল বালাগা খুতবা ৫০-এর ভাব; PAGE-CHECK।","•  «ফিতনা শুরু হয় খেয়াল-খুশির অনুসরণ ও নতুন বিধান উদ্ভাবনে… মিশ্রিত সত্য-মিথ্যায় শয়তান বেঁধে ফেলে» — আমিরুল মুমিনিন (আলাইহিস্ সালাম)-এর বাণী, নাহজুল বালাগা খুতবা ৫০-এর ভাব; PAGE-CHECK।",YES,BOUND
REF-214,7879,7961,82,EXACT,1.000,9,০২  চোখের সামনের জিনিসও আমরা দেখি না কেন?,PAGE-CHECK,PAGE-CHECK (Shia source; edition/page lock),SPC SHIA-PAGE-CHECK,,"•  নাহরাওয়ানের পর «আমি ফিতনার চোখ অন্ধ করেছি… আহলুল বাইতের দিকে তাকিয়ে থাকো… তাদের আগে এগিয়ো না» — নাহজুল বালাগা খুতবা ৯৩-এর অংশবিশেষের ভাব; খাতার বর্ণনা নাটকীয় পুনর্কথন, PAGE-CHECK (খুতবা নম্বর সংস্করণভেদে ভিন্ন)।","•  নাহরাওয়ানের পর «আমি ফিতনার চোখ অন্ধ করেছি… আহলুল বাইতের দিকে তাকিয়ে থাকো… তাদের আগে এগিয়ো না» — নাহজুল বালাগা খুতবা ৯৩-এর অংশবিশেষের ভাব; খাতার বর্ণনা নাটকীয় পুনর্কথন, PAGE-CHECK (খুতবা নম্বর সংস্করণভেদে ভিন্ন)।",YES,BOUND
REF-215,7917,8000,83,EXACT,1.000,9,০৩  জন্মদিনের কেক কি বিদআত?,বর্ণিত আছে,PLAUSIBLE_SOURCE_ONLY — KEEP-ATTRIBUTION-ONLY «বর্ণিত আছে»,UNID UNIDENTIFIED,,"“বর্ণিত আছে, একবার অতীতের যুগে এক ব্যক্তি হালাল উপায়ে দুনিয়া অর্জনের চেষ্টা করল, কিন্তু তাতে সফল হতে পারল না। সে হারাম উপায়েও চেষ্টা করল, কিন্তু তাতেও সফল হলো না।","“বর্ণিত আছে, একবার অতীতের যুগে এক ব্যক্তি হালাল উপায়ে দুনিয়া অর্জনের চেষ্টা করল, কিন্তু তাতে সফল হতে পারল না। সে হারাম উপায়েও চেষ্টা করল, কিন্তু তাতেও সফল হলো না।",YES,BOUND
REF-216,7936,8019,83,EXACT,1.000,9,০৩  জন্মদিনের কেক কি বিদআত?,বর্ণিত আছে,PROSE — follows source-block row,PROSE PROSE-LINE,HAD-RIDA-3SUNAN,"“বর্ণিত আছে, ইমাম আল-রেযা (আলাইহিস্ সালাম)-এর সেবা করতেন এমন একজন বর্ণনা করেছেন, ইমাম বলেছেন— ‘একজন মুমিন কখনোই পরিপূর্ণ মুমিন হতে পারে না, যতক্ষণ না তার মধ্যে তিনটি গুণাবলি থাকে— তার প্রতিপালকের (আল্লাহ) একটি সুন্নাহ, তার নবীর একটি সুন্নাহ, তার ইমামের (আলাইহিস্ সালাম) একটি সুন্নাহ।’”","“বর্ণিত আছে, ইমাম আল-রেযা (আলাইহিস্ সালাম)-এর সেবা করতেন এমন একজন বর্ণনা করেছেন, ইমাম বলেছেন— ‘একজন মুমিন কখনোই পরিপূর্ণ মুমিন হতে পারে না, যতক্ষণ না তার মধ্যে তিনটি গুণাবলি থাকে— তার প্রতিপালকের (আল্লাহ) একটি সুন্নাহ, তার নবীর একটি সুন্নাহ, তার ইমামের (আলাইহিস্ সালাম) একটি সুন্নাহ।’”",YES,BOUND
REF-217,8008,8091,83,EXACT,1.000,9,০৩  জন্মদিনের কেক কি বিদআত?,PAGE-CHECK,PAGE-CHECK (Shia source; edition/page lock),SPC SHIA-PAGE-CHECK,HAD-BIDAA-KAFI,"•  «প্রত্যেক বিদআত পথভ্রষ্টতা, প্রত্যেক পথভ্রষ্টতা আগুনে» — আল-কাফি, খণ্ড ১, কিতাবু ফাদলিল ইলম, বাব: বিদআত, নিজস্ব মত ও কিয়াস, হাদীস ৮; «আল্লাহ বিদআতির তওবা গ্রহণে অস্বীকার করেন» — একই বাব, হাদীস ৪; «বিদআতকারীকে সম্মান দেখানো ইসলাম ধ্বংসের চেষ্টা» — একই বাব, হাদীস ৩; «প্রতিটি বিদআতের সামনে আমার আহলুল বাইত থেকে একজন অভিভাবক» — একই বাব, হাদীস ৫। আগের পাসে মেলানো (BOOK_1_The_Door/PART_09 লগ B3); পৃষ্ঠা-নম্বর PAGE-CHECK।","•  «প্রত্যেক বিদআত পথভ্রষ্টতা, প্রত্যেক পথভ্রষ্টতা আগুনে» — আল-কাফি, খণ্ড ১, কিতাবু ফাদলিল ইলম, বাব: বিদআত, নিজস্ব মত ও কিয়াস, হাদীস ৮; «আল্লাহ বিদআতির তওবা গ্রহণে অস্বীকার করেন» — একই বাব, হাদীস ৪; «বিদআতকারীকে সম্মান দেখানো ইসলাম ধ্বংসের চেষ্টা» — একই বাব, হাদীস ৩; «প্রতিটি বিদআতের সামনে আমার আহলুল বাইত থেকে একজন অভিভাবক» — একই বাব, হাদীস ৫। আগের পাসে মেলানো (BOOK_1_The_Door/PART_09 লগ B3); পৃষ্ঠা-নম্বর PAGE-CHECK।",YES,BOUND
REF-218,8009,8092,83,EXACT,1.000,9,০৩  জন্মদিনের কেক কি বিদআত?,PAGE-CHECK; বর্ণিত আছে,PAGE-CHECK (Shia source; edition/page lock),SPC SHIA-PAGE-CHECK,,•  «বান্দার কাফের হওয়ার ন্যূনতম কারণ» — বর্ণিত আছে; PAGE-CHECK (আল-কাফি খণ্ড ২-এ খুঁজতে হবে)।,•  «বান্দার কাফের হওয়ার ন্যূনতম কারণ» — বর্ণিত আছে; PAGE-CHECK (আল-কাফি খণ্ড ২-এ খুঁজতে হবে)।,YES,BOUND
REF-219,8010,8093,83,EXACT,1.000,9,০৩  জন্মদিনের কেক কি বিদআত?,PAGE-CHECK; বর্ণিত আছে,PLAUSIBLE_SOURCE_ONLY — KEEP-ATTRIBUTION-ONLY «বর্ণিত আছে»,UNID UNIDENTIFIED,,"•  শিকল-পরা লোকের ঘটনা — বর্ণিত আছে; আল-কাফিতে পাওয়া যায়নি (লগ B3), উৎস PAGE-CHECK।","•  শিকল-পরা লোকের ঘটনা — বর্ণিত আছে; আল-কাফিতে পাওয়া যায়নি (লগ B3), উৎস PAGE-CHECK।",YES,BOUND
REF-220,8011,8094,83,EXACT,1.000,9,০৩  জন্মদিনের কেক কি বিদআত?,PAGE-CHECK; বর্ণিত আছে,NORMALISE via register key,DUP DUPLICATE,HAD-RIDA-3SUNAN,•  ইমাম আল-রেযা (আলাইহিস্ সালাম)-এর «তিন সুন্নাহ» — বর্ণিত আছে; PAGE-CHECK।,•  ইমাম আল-রেযা (আলাইহিস্ সালাম)-এর «তিন সুন্নাহ» — বর্ণিত আছে; PAGE-CHECK।,YES,BOUND
REF-221,8012,8095,83,EXACT,1.000,9,০৩  জন্মদিনের কেক কি বিদআত?,PAGE-CHECK; বর্ণিত আছে,PAGE-CHECK (Shia source; edition/page lock),SPC SHIA-PAGE-CHECK,,•  «মুহাম্মাদের হালাল কিয়ামত পর্যন্ত হালাল…» — বর্ণিত আছে; PAGE-CHECK।,•  «মুহাম্মাদের হালাল কিয়ামত পর্যন্ত হালাল…» — বর্ণিত আছে; PAGE-CHECK।,YES,BOUND
REF-222,8050,8134,84,EXACT,1.000,9,"০৪  যা বলি, তা কি নিজে করি?",বর্ণিত আছে,PROSE — follows source-block row,PROSE PROSE-LINE,,"ইবনু আব্বাস হতে বর্ণিত আছে, রাসূলুল্লাহ ﷺ বলেন: নিশ্চিতভাবে যা তোমাদের জানা আছে তা ব্যতীত আমার নিকট হতে হাদীস বর্ণনা করা থেকে তোমরা নিবৃত্ত থাকবে। কারণ যে ব্যক্তি ইচ্ছাকৃতভাবে আমার প্রতি মিথ্যা আরোপ করে সে যেন জাহান্নামকে নিজের আবাস বানিয়ে নিল। আর যে ব্যক্তি নিজের খেয়াল মর্জিমত কুরআন প্রসঙ্গে কথা বলে সেও যেন জাহান্নামকে নিজের গৃহ বানিয়ে নিল।","ইবনু আব্বাস হতে বর্ণিত আছে, রাসূলুল্লাহ ﷺ বলেন: নিশ্চিতভাবে যা তোমাদের জানা আছে তা ব্যতীত আমার নিকট হতে হাদীস বর্ণনা করা থেকে তোমরা নিবৃত্ত থাকবে। কারণ যে ব্যক্তি ইচ্ছাকৃতভাবে আমার প্রতি মিথ্যা আরোপ করে সে যেন জাহান্নামকে নিজের আবাস বানিয়ে নিল। আর যে ব্যক্তি নিজের খেয়াল মর্জিমত কুরআন প্রসঙ্গে কথা বলে সেও যেন জাহান্নামকে নিজের গৃহ বানিয়ে নিল।",YES,BOUND
REF-223,8109,8193,84,EXACT,1.000,9,"০৪  যা বলি, তা কি নিজে করি?",PAGE-CHECK,"VERIFIED (six-book number + text, 2026-10-03); grade/edition per control tables",VL VERIFIED-LIVE,,"•  ইবনে আব্বাসের হাদীস («যা জানা আছে তা ছাড়া হাদীস বর্ণনা থেকে বিরত থাকো… খেয়াল মর্জিমত কুরআন প্রসঙ্গে কথা বলে») — জামে তিরমিযি, তাফসির অধ্যায় (২৯৫০/২৯৫১, সংস্করণভেদে); PAGE-CHECK।","•  ইবনে আব্বাসের হাদীস («যা জানা আছে তা ছাড়া হাদীস বর্ণনা থেকে বিরত থাকো… খেয়াল মর্জিমত কুরআন প্রসঙ্গে কথা বলে») — জামে তিরমিযি, তাফসির অধ্যায় (২৯৫০/২৯৫১, সংস্করণভেদে); PAGE-CHECK।",YES,BOUND
REF-224,8110,8194,84,EXACT,1.000,9,"০৪  যা বলি, তা কি নিজে করি?",PAGE-CHECK; বর্ণিত আছে,NORMALISE via register key,DUP DUPLICATE,,"•  «যে ব্যক্তি সঠিক ইলম ব্যতীত কুরআন প্রসঙ্গে কোন কথা বলে…» (REV1-এ ফেরানো, ¶12200) — বর্ণিত আছে; PAGE-CHECK (তিরমিযি তাফসির অধ্যায় হতে পারে)।","•  «যে ব্যক্তি সঠিক ইলম ব্যতীত কুরআন প্রসঙ্গে কোন কথা বলে…» (REV1-এ ফেরানো, ¶12200) — বর্ণিত আছে; PAGE-CHECK (তিরমিযি তাফসির অধ্যায় হতে পারে)।",YES,BOUND
REF-225,8111,8195,84,EXACT,1.000,9,"০৪  যা বলি, তা কি নিজে করি?",PAGE-CHECK,"VERIFIED (six-book number + text, 2026-10-03); grade/edition per control tables",VL VERIFIED-LIVE,,•  যুনদুবের হাদীস («মনগড়া ব্যাখ্যা সঠিক হলেও ভুল») — সুনান আবু দাউদ ৩৬৫২ (খাতামতো) ও তিরমিযি; PAGE-CHECK।,•  যুনদুবের হাদীস («মনগড়া ব্যাখ্যা সঠিক হলেও ভুল») — সুনান আবু দাউদ ৩৬৫২ (খাতামতো) ও তিরমিযি; PAGE-CHECK।,YES,BOUND
REF-226,8112,8196,84,EXACT,1.000,9,"০৪  যা বলি, তা কি নিজে করি?",PAGE-CHECK,PAGE-CHECK (Shia source; edition/page lock),SPC SHIA-PAGE-CHECK,HAD-BIDAA-KAFI,"•  «আল্লাহর কাছে সবচেয়ে ঘৃণিত… জ্ঞানের নামে মূর্খতা বিক্রি করে» — আমিরুল মুমিনিন (আলাইহিস্ সালাম)-এর বাণী, নাহজুল বালাগা খুতবা ১৭-এর ভাব; আল-কাফি খণ্ড ১, বাব: বিদআত…, হাদীস ৬ (আগের পাসের যাচাই, PART_09 লগ B5); PAGE-CHECK।","•  «আল্লাহর কাছে সবচেয়ে ঘৃণিত… জ্ঞানের নামে মূর্খতা বিক্রি করে» — আমিরুল মুমিনিন (আলাইহিস্ সালাম)-এর বাণী, নাহজুল বালাগা খুতবা ১৭-এর ভাব; আল-কাফি খণ্ড ১, বাব: বিদআত…, হাদীস ৬ (আগের পাসের যাচাই, PART_09 লগ B5); PAGE-CHECK।",YES,BOUND
REF-227,8206,8291,85,EXACT,1.000,9,০৫  এক গ্রামের দুই আলেম,PAGE-CHECK,PAGE-CHECK (Shia source; edition/page lock),SPC SHIA-PAGE-CHECK,,•  ৫:১৫-এর «আলো» = আলী (আলাইহিস্ সালাম)-এর ওসিয়ত — তাফসীর নূরুস সাকালাইন (খাতামতো); «আলো ও সরল পথ দুটোই আলী» — তাফসির আল-আয়্যাশী (খাতামতো); দুটোই PAGE-CHECK।,•  ৫:১৫-এর «আলো» = আলী (আলাইহিস্ সালাম)-এর ওসিয়ত — তাফসীর নূরুস সাকালাইন (খাতামতো); «আলো ও সরল পথ দুটোই আলী» — তাফসির আল-আয়্যাশী (খাতামতো); দুটোই PAGE-CHECK।,YES,BOUND
REF-228,8207,8292,85,EXACT,1.000,9,০৫  এক গ্রামের দুই আলেম,PAGE-CHECK; বর্ণিত আছে,PLAUSIBLE_SOURCE_ONLY — KEEP-ATTRIBUTION-ONLY «বর্ণিত আছে»,UNID UNIDENTIFIED,,"•  «রাসূলুল্লাহ ﷺ জাবিরকে বলেছিলেন… জ্ঞান-দ্বার» (REV1-এ ফেরানো, ¶12313–12315) — বর্ণিত আছে; PAGE-CHECK।","•  «রাসূলুল্লাহ ﷺ জাবিরকে বলেছিলেন… জ্ঞান-দ্বার» (REV1-এ ফেরানো, ¶12313–12315) — বর্ণিত আছে; PAGE-CHECK।",YES,BOUND
REF-229,8208,8293,85,EXACT,1.000,9,০৫  এক গ্রামের দুই আলেম,PAGE-CHECK; বর্ণিত আছে,CANDIDATE — PAGE-CHECK (not live-verifiable here),CAND CANDIDATE,,"•  «তুমি স্পষ্ট পথ, সরল পথ, মুমিনদের ইয়াকুব» — বর্ণিত আছে; PAGE-CHECK।","•  «তুমি স্পষ্ট পথ, সরল পথ, মুমিনদের ইয়াকুব» — বর্ণিত আছে; PAGE-CHECK।",YES,BOUND
REF-230,8209,8294,85,EXACT,1.000,9,০৫  এক গ্রামের দুই আলেম,PAGE-CHECK; বর্ণিত আছে,CANDIDATE — PAGE-CHECK (not live-verifiable here),CAND CANDIDATE,HAD-SIRAT-ALI,"•  «আমরাই আল্লাহর সরল পথ, আমরাই তাঁর রহমত» (ইমাম আল-বাকির (আলাইহিস্ সালাম)) — বর্ণিত আছে; PAGE-CHECK।","•  «আমরাই আল্লাহর সরল পথ, আমরাই তাঁর রহমত» (ইমাম আল-বাকির (আলাইহিস্ সালাম)) — বর্ণিত আছে; PAGE-CHECK।",YES,BOUND
REF-231,8210,8295,85,EXACT,1.000,9,০৫  এক গ্রামের দুই আলেম,PAGE-CHECK,NORMALISE via register key,DUP DUPLICATE,HAD-BIDAA-KAFI,"•  «আল্লাহর কাছে সবচেয়ে ঘৃণিত দুই মানুষ» — আল-কাফি খণ্ড ১, বাব: বিদআত…, হাদীস ৬ = নাহজুল বালাগা খুতবা ১৭ (আগের পাসের যাচাই, PART_09 লগ B5); PAGE-CHECK।","•  «আল্লাহর কাছে সবচেয়ে ঘৃণিত দুই মানুষ» — আল-কাফি খণ্ড ১, বাব: বিদআত…, হাদীস ৬ = নাহজুল বালাগা খুতবা ১৭ (আগের পাসের যাচাই, PART_09 লগ B5); PAGE-CHECK।",YES,BOUND
REF-232,8211,8296,85,EXACT,1.000,9,০৫  এক গ্রামের দুই আলেম,PAGE-CHECK,CANDIDATE — PAGE-CHECK (not live-verifiable here),CAND CANDIDATE,,•  ইমাম হুসাইন (আলাইহিস্ সালাম)-এর «সৎকাজের আদেশ দিতে বের হয়েছি» — মুহাম্মাদ ইবনুল হানাফিয়্যাকে লেখা অসিয়তের অংশ বলে প্রসিদ্ধ; PAGE-CHECK।,•  ইমাম হুসাইন (আলাইহিস্ সালাম)-এর «সৎকাজের আদেশ দিতে বের হয়েছি» — মুহাম্মাদ ইবনুল হানাফিয়্যাকে লেখা অসিয়তের অংশ বলে প্রসিদ্ধ; PAGE-CHECK।,YES,BOUND
REF-233,8262,8348,86,EXACT,1.000,9,০৬  কুরআনে খলিফা কাকে বলা হয়েছে?,বর্ণিত আছে,PROSE — follows source-block row,PROSE PROSE-LINE,HAD-MAWLA,"“আর তুমি গাদিরের কথা তো শুনেছ।” চাচা ডান হাতের তর্জনী বাঁ হাতের কড়ে আঙুলে রাখলেন। “যার মাওলা আমি, আলী তার মাওলা। রাসূলুল্লাহ ﷺ বিদায় হজ থেকে ফেরার পথে, রোদের মধ্যে থেমে, আলী (আলাইহিস্ সালাম)-এর হাত তুলে এই কথা বলেছিলেন। বর্ণিত আছে, এরপর সাহাবিরা ইমাম আলী (আলাইহিস্ সালাম)-কে অভিনন্দন জানিয়েছিলেন— অভিনন্দন হোক হে আবু তালিবের পুত্র! তুমি আমার এবং প্রতিটি মুমিন নরনারীর মাওলা হয়ে গেছো।”","“আর তুমি গাদিরের কথা তো শুনেছ।” চাচা ডান হাতের তর্জনী বাঁ হাতের কড়ে আঙুলে রাখলেন। “যার মাওলা আমি, আলী তার মাওলা। রাসূলুল্লাহ ﷺ বিদায় হজ থেকে ফেরার পথে, রোদের মধ্যে থেমে, আলী (আলাইহিস্ সালাম)-এর হাত তুলে এই কথা বলেছিলেন। বর্ণিত আছে, এরপর সাহাবিরা ইমাম আলী (আলাইহিস্ সালাম)-কে অভিনন্দন জানিয়েছিলেন— অভিনন্দন হোক হে আবু তালিবের পুত্র! তুমি আমার এবং প্রতিটি মুমিন নরনারীর মাওলা হয়ে গেছো।”",YES,BOUND
REF-234,8268,8354,86,EXACT,1.000,9,০৬  কুরআনে খলিফা কাকে বলা হয়েছে?,বর্ণিত আছে,PROSE — follows source-block row,PROSE PROSE-LINE,,"“একটা কথা আছে,” চাচা বললেন, স্লেটের দিকে পিঠ রেখে। “বর্ণিত আছে, কেউ কেউ বলত, যে আমাকে চতুর্থ খলিফা স্বীকার করবে না, তার ওপর আল্লাহর লানত। মানুষ ভাবে, চতুর্থ মানে কারও পরে তিন জন শাসক। কিন্তু…”","“একটা কথা আছে,” চাচা বললেন, স্লেটের দিকে পিঠ রেখে। “বর্ণিত আছে, কেউ কেউ বলত, যে আমাকে চতুর্থ খলিফা স্বীকার করবে না, তার ওপর আল্লাহর লানত। মানুষ ভাবে, চতুর্থ মানে কারও পরে তিন জন শাসক। কিন্তু…”",YES,BOUND
REF-235,8348,8434,86,EXACT,1.000,9,০৬  কুরআনে খলিফা কাকে বলা হয়েছে?,PAGE-CHECK; বর্ণিত আছে,PAGE-CHECK (Shia source; edition/page lock),SPC SHIA-PAGE-CHECK,,•  ৩২:২৪ মা সাইয়্যিদা (আলাইহাস্ সালাম)-এর সন্তানদের সম্পর্কে (ইমাম আল-বাকির (আলাইহিস্ সালাম)) — বর্ণিত আছে; PAGE-CHECK।,•  ৩২:২৪ মা সাইয়্যিদা (আলাইহাস্ সালাম)-এর সন্তানদের সম্পর্কে (ইমাম আল-বাকির (আলাইহিস্ সালাম)) — বর্ণিত আছে; PAGE-CHECK।,YES,BOUND
REF-236,8349,8435,86,EXACT,1.000,9,০৬  কুরআনে খলিফা কাকে বলা হয়েছে?,PAGE-CHECK,"VERIFIED (six-book number + text, 2026-10-03); grade/edition per control tables",VL VERIFIED-LIVE,HAD-MANZILA,"•  মানযিলাতের হাদীস («হারুন মূসার কাছে যে মর্যাদায়…») — সহীহ বুখারি ৩৭০৬, সহীহ মুসলিম ২৪০৪ (খাতামতো); PAGE-CHECK।","•  মানযিলাতের হাদীস («হারুন মূসার কাছে যে মর্যাদায়…») — সহীহ বুখারি ৩৭০৬, সহীহ মুসলিম ২৪০৪ (খাতামতো); PAGE-CHECK।",YES,BOUND
REF-237,8350,8436,86,EXACT,1.000,9,০৬  কুরআনে খলিফা কাকে বলা হয়েছে?,PAGE-CHECK,"VERIFIED (six-book number + text, 2026-10-03); grade/edition per control tables",VL VERIFIED-LIVE,HAD-MAWLA,"•  «যার মাওলা আমি, আলী তার মাওলা» — জামে তিরমিযি ৩৭১৩ (CONFIRMED, সংস্করণ-পাঠ; SOURCE_REGISTER CL-HAD-003); গাদিরের অভিনন্দন-বাক্য — মুসনাদে আহমাদ (খাতামতো), PAGE-CHECK।","•  «যার মাওলা আমি, আলী তার মাওলা» — জামে তিরমিযি ৩৭১৩ (CONFIRMED, সংস্করণ-পাঠ; SOURCE_REGISTER CL-HAD-003); গাদিরের অভিনন্দন-বাক্য — মুসনাদে আহমাদ (খাতামতো), PAGE-CHECK।",YES,BOUND
REF-238,8351,8437,86,EXACT,1.000,9,০৬  কুরআনে খলিফা কাকে বলা হয়েছে?,PAGE-CHECK,PAGE-CHECK (Shia source; edition/page lock),SPC SHIA-PAGE-CHECK,,"•  আদম (আলাইহিস্ সালাম)-এর খিলাফত = ইলম ও হেদায়াতের প্রতিনিধিত্ব — তাফসিরে কুম্মি ও নূরুস সাকালাইন (খাতামতো); হারুনের স্থলাভিষিক্তি আধ্যাত্মিক — আল-কাফি খণ্ড ১, কিতাবুল হুজ্জাহ (খাতামতো); দুটোই PAGE-CHECK।","•  আদম (আলাইহিস্ সালাম)-এর খিলাফত = ইলম ও হেদায়াতের প্রতিনিধিত্ব — তাফসিরে কুম্মি ও নূরুস সাকালাইন (খাতামতো); হারুনের স্থলাভিষিক্তি আধ্যাত্মিক — আল-কাফি খণ্ড ১, কিতাবুল হুজ্জাহ (খাতামতো); দুটোই PAGE-CHECK।",YES,BOUND
REF-239,8352,8438,86,EXACT,1.000,9,০৬  কুরআনে খলিফা কাকে বলা হয়েছে?,বর্ণিত আছে,NO_SOURCE_LOCATED — KEEP-ATTRIBUTION-ONLY «বর্ণিত আছে»,UNID UNIDENTIFIED,,•  «চতুর্থ খলিফা» উক্তি — বর্ণিত আছে; উৎস পাওয়া যায়নি।,•  «চতুর্থ খলিফা» উক্তি — বর্ণিত আছে; উৎস পাওয়া যায়নি।,YES,BOUND
REF-240,8353,8439,86,EXACT,1.000,9,০৬  কুরআনে খলিফা কাকে বলা হয়েছে?,PAGE-CHECK; বর্ণিত আছে,"VERIFIED (six-book number + text, 2026-10-03); grade/edition per control tables",VL VERIFIED-LIVE,HAD-12-KHALIFA; HAD-MADINAT-ILM,"•  «আমার পর বারো জন খলিফা, সবাই কুরাইশ» — সহীহ বুখারি ও মুসলিমে প্রসিদ্ধ; «খিলাফত ৩০ বছর» — সুনান আবু দাউদ/তিরমিযি; «তুমি আমার ওসী ও খলিফা», «প্রত্যেক নবীর ওসী আছে, আমার ওসী আলী», «আমি জ্ঞানের নগরী, আলী তার দরজা» — সবগুলো বর্ণিত আছে; নম্বর-পৃষ্ঠা PAGE-CHECK (তাকাভির তালিকা)।","•  «আমার পর বারো জন খলিফা, সবাই কুরাইশ» — সহীহ বুখারি ও মুসলিমে প্রসিদ্ধ; «খিলাফত ৩০ বছর» — সুনান আবু দাউদ/তিরমিযি; «তুমি আমার ওসী ও খলিফা», «প্রত্যেক নবীর ওসী আছে, আমার ওসী আলী», «আমি জ্ঞানের নগরী, আলী তার দরজা» — সবগুলো বর্ণিত আছে; নম্বর-পৃষ্ঠা PAGE-CHECK (তাকাভির তালিকা)।",YES,BOUND
REF-241,8354,8440,86,EXACT,1.000,9,০৬  কুরআনে খলিফা কাকে বলা হয়েছে?,PAGE-CHECK,CANDIDATE — PAGE-CHECK (not live-verifiable here),CAND CANDIDATE,,•  জামাখশারীর কাশশাফ (৩২:২৩–২৪-এর তাফসির) — খাতামতো; PAGE-CHECK।,•  জামাখশারীর কাশশাফ (৩২:২৩–২৪-এর তাফসির) — খাতামতো; PAGE-CHECK।,YES,BOUND
REF-242,8557,8646,89,EXACT,1.000,9,০৮  সূরা দুখানের বরকতময় রাত কোনটি?,PAGE-CHECK,"VERIFIED (six-book number + text, 2026-10-03); grade/edition per control tables",VL VERIFIED-LIVE,HAD-THAQALAYN,"•  সাকালাইন — সহীহ মুসলিম ২৪০৮ («أهل بيتي», CONFIRMED, সংস্করণ-পাঠ); «কখনো পথভ্রষ্ট হবে না» — জামে তিরমিযি ৩৭৮৬ (CONFIRMED, সংস্করণ-পাঠ; মান নিয়ে মতভেদ)। খাতার «তিরমিযি ৩৭৮৮» PAGE-CHECK।","•  সাকালাইন — সহীহ মুসলিম ২৪০৮ («أهل بيتي», CONFIRMED, সংস্করণ-পাঠ); «কখনো পথভ্রষ্ট হবে না» — জামে তিরমিযি ৩৭৮৬ (CONFIRMED, সংস্করণ-পাঠ; মান নিয়ে মতভেদ)। খাতার «তিরমিযি ৩৭৮৮» PAGE-CHECK।",YES,BOUND
REF-243,8558,8647,89,EXACT,1.000,9,০৮  সূরা দুখানের বরকতময় রাত কোনটি?,PAGE-CHECK,PAGE-CHECK (Shia source; edition/page lock),SPC SHIA-PAGE-CHECK,,"•  «হা-মীম = মুহাম্মাদ ﷺ, সুস্পষ্ট কিতাব = আলী, বরকতময় রাত = ফাতিমা (আলাইহাস্ সালাম)» — খ্রিস্টান আলেমের ঘটনা, আল-কাফি খণ্ড ১, কিতাবুল হুজ্জাহ, বাব: আবুল হাসান মুসা ইবনে জাফর (আলাইহিস্ সালাম)-এর জন্ম, হাদীস ৪ (আগের পাসের পাঠ); PAGE-CHECK।","•  «হা-মীম = মুহাম্মাদ ﷺ, সুস্পষ্ট কিতাব = আলী, বরকতময় রাত = ফাতিমা (আলাইহাস্ সালাম)» — খ্রিস্টান আলেমের ঘটনা, আল-কাফি খণ্ড ১, কিতাবুল হুজ্জাহ, বাব: আবুল হাসান মুসা ইবনে জাফর (আলাইহিস্ সালাম)-এর জন্ম, হাদীস ৪ (আগের পাসের পাঠ); PAGE-CHECK।",YES,BOUND
REF-244,8559,8648,89,EXACT,1.000,9,০৮  সূরা দুখানের বরকতময় রাত কোনটি?,PAGE-CHECK; বর্ণিত আছে,PLAUSIBLE_SOURCE_ONLY — KEEP-ATTRIBUTION-ONLY «বর্ণিত আছে»,UNID UNIDENTIFIED,HAD-NUR-AWWAL,"•  «আমি, আলী, ফাতিমা, হাসান, হুসাইন আরশের কাছে ছিলাম… আদমের এক হাজার বছর আগে» — বর্ণিত আছে; PAGE-CHECK।","•  «আমি, আলী, ফাতিমা, হাসান, হুসাইন আরশের কাছে ছিলাম… আদমের এক হাজার বছর আগে» — বর্ণিত আছে; PAGE-CHECK।",YES,BOUND
REF-245,8560,8649,89,EXACT,1.000,9,০৮  সূরা দুখানের বরকতময় রাত কোনটি?,PAGE-CHECK; বর্ণিত আছে,NORMALISE via register key,DUP DUPLICATE,HAD-MADINAT-ILM,"•  «আমি জ্ঞানের শহর, আলী তার দরজা» — বর্ণিত আছে; PAGE-CHECK।","•  «আমি জ্ঞানের শহর, আলী তার দরজা» — বর্ণিত আছে; PAGE-CHECK।",YES,BOUND
REF-246,8643,8733,90,EXACT,1.000,9,০৯  ফুঁ দিয়ে কি আল্লাহর আলো নেভানো যায়?,বর্ণিত আছে,PROSE — follows source-block row,PROSE PROSE-LINE,HAD-ZAHRA-NAME,"“বর্ণিত আছে,” আমি বললাম, “তাঁকে যাহরা বলা হতো, কারণ তিনি যখন মেহরাবে ইবাদতে দাঁড়াতেন, তাঁর নূর আসমানের অধিবাসীদের কাছে ঝলমল করে উঠত, যেমন পৃথিবীর মানুষের কাছে আকাশের তারা ঝলমল করে।”","“বর্ণিত আছে,” আমি বললাম, “তাঁকে যাহরা বলা হতো, কারণ তিনি যখন মেহরাবে ইবাদতে দাঁড়াতেন, তাঁর নূর আসমানের অধিবাসীদের কাছে ঝলমল করে উঠত, যেমন পৃথিবীর মানুষের কাছে আকাশের তারা ঝলমল করে।”",YES,BOUND
REF-247,8676,8766,90,EXACT,1.000,9,০৯  ফুঁ দিয়ে কি আল্লাহর আলো নেভানো যায়?,PAGE-CHECK,PAGE-CHECK (Shia source; edition/page lock),SPC SHIA-PAGE-CHECK,,"•  «আরশের ছাউনিতে তসবিহ… সিজদার উদ্দেশ্য আমাদের সম্মান» — শায়খ সাদুক, ইলালুশ শারায়ি; বিহারুল আনওয়ার খণ্ড ১৫ (খাতামতো); PAGE-CHECK।","•  «আরশের ছাউনিতে তসবিহ… সিজদার উদ্দেশ্য আমাদের সম্মান» — শায়খ সাদুক, ইলালুশ শারায়ি; বিহারুল আনওয়ার খণ্ড ১৫ (খাতামতো); PAGE-CHECK।",YES,BOUND
REF-248,8677,8767,90,EXACT,1.000,9,০৯  ফুঁ দিয়ে কি আল্লাহর আলো নেভানো যায়?,PAGE-CHECK; বর্ণিত আছে,NO_SOURCE_LOCATED — KEEP-ATTRIBUTION-ONLY «বর্ণিত আছে»,UNID UNIDENTIFIED,,•  ফেরেশতাদের ইবলিসকে ঘিরে ফেলা ও সমুদ্রে নিক্ষেপ — বর্ণিত আছে; PAGE-CHECK।,•  ফেরেশতাদের ইবলিসকে ঘিরে ফেলা ও সমুদ্রে নিক্ষেপ — বর্ণিত আছে; PAGE-CHECK।,YES,BOUND
REF-249,8678,8768,90,EXACT,1.000,9,০৯  ফুঁ দিয়ে কি আল্লাহর আলো নেভানো যায়?,PAGE-CHECK; বর্ণিত আছে,PAGE-CHECK (Shia source; edition/page lock),SPC SHIA-PAGE-CHECK,HAD-ZAHRA-NAME,"•  «যাহরা» নামের কারণ (মেহরাবে নূর) — বর্ণিত আছে; শায়খ সাদুকের ইলালুশ শারায়ি/মাআনিল আখবারে থাকার কথা, PAGE-CHECK।","•  «যাহরা» নামের কারণ (মেহরাবে নূর) — বর্ণিত আছে; শায়খ সাদুকের ইলালুশ শারায়ি/মাআনিল আখবারে থাকার কথা, PAGE-CHECK।",YES,BOUND
REF-250,8814,8905,91,EXACT,1.000,9,১০  রাসূলুল্লাহ ﷺ তাঁর মেয়েকে কোন চোখে দেখতেন,PAGE-CHECK,"VERIFIED (six-book number + text, 2026-10-03); grade/edition per control tables",VL VERIFIED-LIVE,HAD-BIDAA-MINNI,"•  «ফাতিমা আমার অংশ, যে তাকে রাগান্বিত করে সে আমাকে রাগান্বিত করে» — সহীহ বুখারি ৩৭১৪ (শব্দ «فمن أغضبها أغضبني»; SOURCE_REGISTER CL-HAD-008); PAGE-CHECK।","•  «ফাতিমা আমার অংশ, যে তাকে রাগান্বিত করে সে আমাকে রাগান্বিত করে» — সহীহ বুখারি ৩৭১৪ (শব্দ «فمن أغضبها أغضبني»; SOURCE_REGISTER CL-HAD-008); PAGE-CHECK।",YES,BOUND
REF-251,8815,8906,91,EXACT,1.000,9,১০  রাসূলুল্লাহ ﷺ তাঁর মেয়েকে কোন চোখে দেখতেন,PAGE-CHECK,CANDIDATE — PAGE-CHECK (not live-verifiable here),CAND CANDIDATE,,"•  «আল্লাহ তোমার ক্রোধে ক্রোধান্বিত হন» — আল-মুস্তাদরাক, হাকিম ৪৭৩০ (বুখারি/মুসলিমে নয়; CL-HAD-008); PAGE-CHECK।","•  «আল্লাহ তোমার ক্রোধে ক্রোধান্বিত হন» — আল-মুস্তাদরাক, হাকিম ৪৭৩০ (বুখারি/মুসলিমে নয়; CL-HAD-008); PAGE-CHECK।",YES,BOUND
REF-252,8816,8907,91,EXACT,1.000,9,১০  রাসূলুল্লাহ ﷺ তাঁর মেয়েকে কোন চোখে দেখতেন,PAGE-CHECK; বর্ণিত আছে,"VERIFIED (six-book number + text, 2026-10-03); grade/edition per control tables",VL VERIFIED-LIVE,HAD-QIYAM-FATIMA,"•  আয়িশার বর্ণনা (দাঁড়িয়ে যাওয়া, চুমু, আসনে বসানো) — সুনান আবু দাউদ ও তিরমিযিতে বর্ণিত; PAGE-CHECK। চাদর বিছানো — বর্ণিত আছে; PAGE-CHECK।","•  আয়িশার বর্ণনা (দাঁড়িয়ে যাওয়া, চুমু, আসনে বসানো) — সুনান আবু দাউদ ও তিরমিযিতে বর্ণিত; PAGE-CHECK। চাদর বিছানো — বর্ণিত আছে; PAGE-CHECK।",YES,BOUND
REF-253,8817,8908,91,EXACT,1.000,9,১০  রাসূলুল্লাহ ﷺ তাঁর মেয়েকে কোন চোখে দেখতেন,PAGE-CHECK,CANDIDATE — PAGE-CHECK (not live-verifiable here),CAND CANDIDATE,,•  মিরাজের রাতে জান্নাতের দরজার লেখা — খতিব বাগদাদী (খাতামতো); PAGE-CHECK।,•  মিরাজের রাতে জান্নাতের দরজার লেখা — খতিব বাগদাদী (খাতামতো); PAGE-CHECK।,YES,BOUND
REF-254,8818,8909,91,EXACT,1.000,9,১০  রাসূলুল্লাহ ﷺ তাঁর মেয়েকে কোন চোখে দেখতেন,PAGE-CHECK,PAGE-CHECK (Shia source; edition/page lock),SPC SHIA-PAGE-CHECK,,•  ফুরাত ইবনে ইব্রাহিমের তাফসিরের বর্ণনা — খাতামতো; PAGE-CHECK।,•  ফুরাত ইবনে ইব্রাহিমের তাফসিরের বর্ণনা — খাতামতো; PAGE-CHECK।,YES,BOUND
REF-255,8819,8910,91,EXACT,1.000,9,১০  রাসূলুল্লাহ ﷺ তাঁর মেয়েকে কোন চোখে দেখতেন,PAGE-CHECK,NORMALISE via register key,DUP DUPLICATE,HAD-UMM-ABIHA,"•  «উম্মু আবিহা» — বিহারুল আনওয়ার খণ্ড ৪৩, অধ্যায় ২ (মাকাতিলুত তালিবিয়্যিন থেকে, ইমাম জাফর আস-সাদিক (আলাইহিস্ সালাম)-এর সূত্রে), আগের পাসের পাঠ; PAGE-CHECK।","•  «উম্মু আবিহা» — বিহারুল আনওয়ার খণ্ড ৪৩, অধ্যায় ২ (মাকাতিলুত তালিবিয়্যিন থেকে, ইমাম জাফর আস-সাদিক (আলাইহিস্ সালাম)-এর সূত্রে), আগের পাসের পাঠ; PAGE-CHECK।",YES,BOUND
REF-256,8874,8966,92,EXACT,1.000,9,১১  আহলুল বাইত কি জাহান্নামে যেতে পারেন?,বর্ণিত আছে,PROSE — follows source-block row,PROSE PROSE-LINE,HAD-FATIMA-NAR,"বর্ণিত আছে, রাসূলুল্লাহ ﷺ বলেছেন: “নিশ্চয়ই আল্লাহ তোমাকে (হে ফাতেমা) এবং তোমার সন্তানদের জাহান্নামের আগুনে শাস্তি দিবেন না।”","বর্ণিত আছে, রাসূলুল্লাহ ﷺ বলেছেন: “নিশ্চয়ই আল্লাহ তোমাকে (হে ফাতেমা) এবং তোমার সন্তানদের জাহান্নামের আগুনে শাস্তি দিবেন না।”",YES,BOUND
REF-257,8903,8995,92,EXACT,1.000,9,১১  আহলুল বাইত কি জাহান্নামে যেতে পারেন?,বর্ণিত আছে,PROSE — follows source-block row,PROSE PROSE-LINE,,"«আহলুল বাইতের প্রতি ভালোবাসা শুধু আবেগ নয়, এটাই ইমানের ভিত্তি। আর তাঁদের বিরোধিতা মানেই— শয়তানী ফাঁদে পা দেওয়া। রাসূলুল্লাহ ﷺ বলেছেন বলে বর্ণিত আছে— ""আহলুল বাইত আমার, আর তাঁদের ভালোবাসা মানেই নাজাত।”»","«আহলুল বাইতের প্রতি ভালোবাসা শুধু আবেগ নয়, এটাই ইমানের ভিত্তি। আর তাঁদের বিরোধিতা মানেই— শয়তানী ফাঁদে পা দেওয়া। রাসূলুল্লাহ ﷺ বলেছেন বলে বর্ণিত আছে— ""আহলুল বাইত আমার, আর তাঁদের ভালোবাসা মানেই নাজাত।”»",YES,BOUND
REF-258,8968,9060,92,EXACT,1.000,9,১১  আহলুল বাইত কি জাহান্নামে যেতে পারেন?,PAGE-CHECK,"VERIFIED (six-book number + text, 2026-10-03); grade/edition per control tables",VL VERIFIED-LIVE,HAD-THAQALAYN,"•  সাকালাইন: সহীহ মুসলিম ২৪০৮ (মূল অংশ, CONFIRMED, সংস্করণ-পাঠ); «কখনো পথভ্রষ্ট হবে না» — তিরমিযি ৩৭৮৬ (CONFIRMED, সংস্করণ-পাঠ); «কিয়ামত পর্যন্ত একসাথে থাকবে» — তিরমিযি ৩৭৮৮ (PAGE-CHECK)। খাতায় পুরোটা «সহিহ মুসলিম» বলা — সংশোধিত।","•  সাকালাইন: সহীহ মুসলিম ২৪০৮ (মূল অংশ, CONFIRMED, সংস্করণ-পাঠ); «কখনো পথভ্রষ্ট হবে না» — তিরমিযি ৩৭৮৬ (CONFIRMED, সংস্করণ-পাঠ); «কিয়ামত পর্যন্ত একসাথে থাকবে» — তিরমিযি ৩৭৮৮ (PAGE-CHECK)। খাতায় পুরোটা «সহিহ মুসলিম» বলা — সংশোধিত।",YES,BOUND
REF-259,8969,9061,92,EXACT,1.000,9,১১  আহলুল বাইত কি জাহান্নামে যেতে পারেন?,PAGE-CHECK; বর্ণিত আছে,CANDIDATE — PAGE-CHECK (not live-verifiable here),CAND CANDIDATE,HAD-FATIMA-NAR,"•  «আল্লাহ তোমাকে ও তোমার সন্তানদের আগুনে শাস্তি দেবেন না»; «ফাতিমা সতীত্ব রক্ষা করেছেন, তাই আল্লাহ তাঁর সন্তানদের আগুন থেকে রক্ষা করেছেন»; «فطمها الله وفطم محبيها عن النار» — সবগুলো বর্ণিত আছে; PAGE-CHECK।","•  «আল্লাহ তোমাকে ও তোমার সন্তানদের আগুনে শাস্তি দেবেন না»; «ফাতিমা সতীত্ব রক্ষা করেছেন, তাই আল্লাহ তাঁর সন্তানদের আগুন থেকে রক্ষা করেছেন»; «فطمها الله وفطم محبيها عن النار» — সবগুলো বর্ণিত আছে; PAGE-CHECK।",YES,BOUND
REF-260,8970,9062,92,EXACT,1.000,9,১১  আহলুল বাইত কি জাহান্নামে যেতে পারেন?,PAGE-CHECK; বর্ণিত আছে,CANDIDATE — PAGE-CHECK (not live-verifiable here),CAND CANDIDATE,,"•  «আহলুল বাইত আমার, আর তাঁদের ভালোবাসা মানেই নাজাত» (REV1-এ ফেরানো, ¶13894) — খাতায় আত-তাবারানী, আল-মু'জামুল কাবীর, ইবনে আব্বাস সূত্র, «সনদ দুর্বল» লেখা; গল্পে «বর্ণিত আছে»; PAGE-CHECK।","•  «আহলুল বাইত আমার, আর তাঁদের ভালোবাসা মানেই নাজাত» (REV1-এ ফেরানো, ¶13894) — খাতায় আত-তাবারানী, আল-মু'জামুল কাবীর, ইবনে আব্বাস সূত্র, «সনদ দুর্বল» লেখা; গল্পে «বর্ণিত আছে»; PAGE-CHECK।",YES,BOUND
REF-261,8971,9063,92,EXACT,1.000,9,১১  আহলুল বাইত কি জাহান্নামে যেতে পারেন?,PAGE-CHECK,"VERIFIED (six-book number + text, 2026-10-03); grade/edition per control tables",VL VERIFIED-LIVE,,•  হাদীসে কুদসি «হে আদম সন্তান… আকাশমণ্ডলের মতো গুনাহ» — জামে তিরমিযিতে বর্ণিত; PAGE-CHECK।,•  হাদীসে কুদসি «হে আদম সন্তান… আকাশমণ্ডলের মতো গুনাহ» — জামে তিরমিযিতে বর্ণিত; PAGE-CHECK।,YES,BOUND
REF-262,8973,9065,92,EXACT,1.000,9,১১  আহলুল বাইত কি জাহান্নামে যেতে পারেন?,PAGE-CHECK,"VERIFIED (six-book number + text, 2026-10-03); grade/edition per control tables",VL VERIFIED-LIVE,HAD-QIYAM-FATIMA,"•  আয়িশার বর্ণনা (চাল-চলনে সাদৃশ্য; স্ত্রীদের মজলিসে আগমন, «স্বাগতম, হে আমার কন্যা») — সহীহ বুখারি/মুসলিম ও সুনান গ্রন্থে বর্ণিত; আনাসের বর্ণনা (হাসান ও ফাতিমার সাদৃশ্য) — PAGE-CHECK।","•  আয়িশার বর্ণনা (চাল-চলনে সাদৃশ্য; স্ত্রীদের মজলিসে আগমন, «স্বাগতম, হে আমার কন্যা») — সহীহ বুখারি/মুসলিম ও সুনান গ্রন্থে বর্ণিত; আনাসের বর্ণনা (হাসান ও ফাতিমার সাদৃশ্য) — PAGE-CHECK।",YES,BOUND
REF-263,9003,9096,93,EXACT,1.000,10,০১  নামাজে আল্লাহর সঙ্গে কথা বলা,বর্ণিত আছে,PROSE — follows source-block row,PROSE PROSE-LINE,,"যখন তুমি কুরআন তিলাওয়াত করো, তখন শুনছো আল্লাহর বাণী। দোয়া হলো তোমার বক্তব্য, আর কুরআন হলো তাঁর উত্তর। বর্ণিত আছে: ‘তুমি যদি চাও আল্লাহ তোমার সঙ্গে কথা বলুন, তবে কুরআন পড়ো। আর তুমি যদি আল্লাহর সঙ্গে কথা বলতে চাও, তবে তাঁর কাছে দোয়া করো।’”","যখন তুমি কুরআন তিলাওয়াত করো, তখন শুনছো আল্লাহর বাণী। দোয়া হলো তোমার বক্তব্য, আর কুরআন হলো তাঁর উত্তর। বর্ণিত আছে: ‘তুমি যদি চাও আল্লাহ তোমার সঙ্গে কথা বলুন, তবে কুরআন পড়ো। আর তুমি যদি আল্লাহর সঙ্গে কথা বলতে চাও, তবে তাঁর কাছে দোয়া করো।’”",YES,BOUND
REF-264,9049,9142,93,EXACT,1.000,10,০১  নামাজে আল্লাহর সঙ্গে কথা বলা,PAGE-CHECK,"VERIFIED (six-book number + text, 2026-10-03); grade/edition per control tables",VL VERIFIED-LIVE,,•  ফাতিহার দুই ভাগের হাদীসে কুদসি («আমার বান্দা আমার প্রশংসা করেছে…») — সহীহ মুসলিম ৩৯৫ (খাতামতো); PAGE-CHECK।,•  ফাতিহার দুই ভাগের হাদীসে কুদসি («আমার বান্দা আমার প্রশংসা করেছে…») — সহীহ মুসলিম ৩৯৫ (খাতামতো); PAGE-CHECK।,YES,BOUND
REF-265,9050,9143,93,EXACT,1.000,10,০১  নামাজে আল্লাহর সঙ্গে কথা বলা,PAGE-CHECK; বর্ণিত আছে,SECONDARY_SOURCE_ONLY — KEEP-«বলা হয়»,UNID UNIDENTIFIED,,"•  «কুরআন পড়ো, আল্লাহ কথা বলবেন; দোয়া করো, তুমি কথা বলবে» — বর্ণিত আছে; PAGE-CHECK।","•  «কুরআন পড়ো, আল্লাহ কথা বলবেন; দোয়া করো, তুমি কথা বলবে» — বর্ণিত আছে; PAGE-CHECK।",YES,BOUND
REF-266,9051,9144,93,EXACT,1.000,10,০১  নামাজে আল্লাহর সঙ্গে কথা বলা,PAGE-CHECK; সূত্র খোঁজা বাকি,SECONDARY_SOURCE_ONLY — KEEP-«বলা হয়»,UNID UNIDENTIFIED,,"•  «নামাজ মুমিনের মেরাজ» — বহুল প্রচলিত উক্তি; হাদীস-গ্রন্থে সূত্র খোঁজা বাকি, তাই «বলা হয়»; PAGE-CHECK।","•  «নামাজ মুমিনের মেরাজ» — বহুল প্রচলিত উক্তি; হাদীস-গ্রন্থে সূত্র খোঁজা বাকি, তাই «বলা হয়»; PAGE-CHECK।",YES,BOUND
REF-267,9097,9191,94,EXACT,1.000,10,০২  নয় মাস ধরে মেয়ের দরজায় রাসূলুল্লাহ ﷺ,বর্ণিত আছে,PROSE — follows source-block row,PROSE PROSE-LINE,,"চাচা একটু ঝুঁকে বললেন— “আমাদের মাওলা আলী (আলাইহিস্ সালাম)-এর কথা বলে বর্ণিত আছে— ‘নামাজ যেদিকে, আমি সেদিকে। আর আমি যেদিকে, নামাজ সেদিকে।’ তাঁর রুকু যেদিকে, আমাদের রুকুও সেদিকে হওয়া উচিত। যদি আনুগত্য ও কায়েম ছাড়া কেবল খালি আদায় করি, তবে জান্নাতের চাবি হাতে থেকেও দরজা খোলা যাবে না।”","চাচা একটু ঝুঁকে বললেন— “আমাদের মাওলা আলী (আলাইহিস্ সালাম)-এর কথা বলে বর্ণিত আছে— ‘নামাজ যেদিকে, আমি সেদিকে। আর আমি যেদিকে, নামাজ সেদিকে।’ তাঁর রুকু যেদিকে, আমাদের রুকুও সেদিকে হওয়া উচিত। যদি আনুগত্য ও কায়েম ছাড়া কেবল খালি আদায় করি, তবে জান্নাতের চাবি হাতে থেকেও দরজা খোলা যাবে না।”",YES,BOUND
REF-268,9105,9199,94,EXACT,1.000,10,০২  নয় মাস ধরে মেয়ের দরজায় রাসূলুল্লাহ ﷺ,বর্ণিত আছে,PROSE — follows source-block row,PROSE PROSE-LINE,,"বর্ণিত আছে, ঠিক তখনই সালমান ফারসী শুনলেন। তিনি তাকে ডেকে বললেন— ‘ভাই, নবীর ব্যাপারে এভাবে বলো না। তুমি বিষয়টা ভুল বুঝেছো। এসো, আমি তোমাকে দেখাই কিভাবে করতে হয়।’","বর্ণিত আছে, ঠিক তখনই সালমান ফারসী শুনলেন। তিনি তাকে ডেকে বললেন— ‘ভাই, নবীর ব্যাপারে এভাবে বলো না। তুমি বিষয়টা ভুল বুঝেছো। এসো, আমি তোমাকে দেখাই কিভাবে করতে হয়।’",YES,BOUND
REF-269,9124,9218,94,EXACT,1.000,10,০২  নয় মাস ধরে মেয়ের দরজায় রাসূলুল্লাহ ﷺ,বর্ণিত আছে,PROSE — follows source-block row,PROSE PROSE-LINE,HAD-BAB-FATIMA-SALAT,"“এই আয়াত নামার পর,” চাচা বললেন, খুব ধীরে, “বর্ণিত আছে, রাসূলুল্লাহ ﷺ প্রতিদিন ফজরের সময় মসজিদে যাওয়ার পথে মা সাইয়্যিদা ফাতিমাতুয্ যাহরা (আলাইহাস্ সালাম)-এর ঘরের দরজায় থামতেন। দরজায় দাঁড়িয়ে বলতেন, আস-সালাত, হে আহলুল বাইত। তারপর পড়তেন তাতহীরের আয়াত: আল্লাহ তো শুধু চান তোমাদের থেকে অপবিত্রতা দূর করতে, হে আহলুল বাইত, আর তোমাদের পূর্ণ পবিত্র করতে।”","“এই আয়াত নামার পর,” চাচা বললেন, খুব ধীরে, “বর্ণিত আছে, রাসূলুল্লাহ ﷺ প্রতিদিন ফজরের সময় মসজিদে যাওয়ার পথে মা সাইয়্যিদা ফাতিমাতুয্ যাহরা (আলাইহাস্ সালাম)-এর ঘরের দরজায় থামতেন। দরজায় দাঁড়িয়ে বলতেন, আস-সালাত, হে আহলুল বাইত। তারপর পড়তেন তাতহীরের আয়াত: আল্লাহ তো শুধু চান তোমাদের থেকে অপবিত্রতা দূর করতে, হে আহলুল বাইত, আর তোমাদের পূর্ণ পবিত্র করতে।”",YES,BOUND
REF-270,9158,9252,94,EXACT,1.000,10,০২  নয় মাস ধরে মেয়ের দরজায় রাসূলুল্লাহ ﷺ,PAGE-CHECK,PAGE-CHECK (Shia source; edition/page lock),SPC SHIA-PAGE-CHECK,HAD-98-5,"•  ৯৮:৫-এর ব্যাখ্যা (সালাত = আলী, সঠিক দীন = ফাতিমা (আলাইহাস্ সালাম)) — ইমাম আল-বাকির (আলাইহিস্ সালাম) থেকে বর্ণিত; PAGE-CHECK।","•  ৯৮:৫-এর ব্যাখ্যা (সালাত = আলী, সঠিক দীন = ফাতিমা (আলাইহাস্ সালাম)) — ইমাম আল-বাকির (আলাইহিস্ সালাম) থেকে বর্ণিত; PAGE-CHECK।",YES,BOUND
REF-271,9159,9253,94,EXACT,1.000,10,০২  নয় মাস ধরে মেয়ের দরজায় রাসূলুল্লাহ ﷺ,PAGE-CHECK; বর্ণিত আছে,"VERIFIED (six-book number + text, 2026-10-03); grade/edition per control tables",VL VERIFIED-LIVE,,"•  «নামাজ জান্নাতের চাবি», «জান্নাতের চাবি নামাজ, নামাজের চাবি ওজু» (জাবির) — বর্ণিত আছে (মুসনাদে আহমাদ/তিরমিযিতে প্রসিদ্ধ); PAGE-CHECK।","•  «নামাজ জান্নাতের চাবি», «জান্নাতের চাবি নামাজ, নামাজের চাবি ওজু» (জাবির) — বর্ণিত আছে (মুসনাদে আহমাদ/তিরমিযিতে প্রসিদ্ধ); PAGE-CHECK।",YES,BOUND
REF-272,9160,9254,94,EXACT,1.000,10,০২  নয় মাস ধরে মেয়ের দরজায় রাসূলুল্লাহ ﷺ,PAGE-CHECK; বর্ণিত আছে,PLAUSIBLE_SOURCE_ONLY — KEEP-ATTRIBUTION-ONLY «বর্ণিত আছে»,UNID UNIDENTIFIED,,"•  আলী (আলাইহিস্ সালাম)-এর বাজার-পরিদর্শন — বর্ণিত আছে; PAGE-CHECK। «নামাজ যেদিকে, আমি সেদিকে» — বর্ণিত আছে; উৎস পাওয়া যায়নি।","•  আলী (আলাইহিস্ সালাম)-এর বাজার-পরিদর্শন — বর্ণিত আছে; PAGE-CHECK। «নামাজ যেদিকে, আমি সেদিকে» — বর্ণিত আছে; উৎস পাওয়া যায়নি।",YES,BOUND
REF-273,9161,9255,94,EXACT,1.000,10,০২  নয় মাস ধরে মেয়ের দরজায় রাসূলুল্লাহ ﷺ,PAGE-CHECK; বর্ণিত আছে,"VERIFIED (six-book number + text, 2026-10-03); grade/edition per control tables",VL VERIFIED-LIVE,,"•  নবীর ডাকে সাড়া না দেওয়া সাহাবি — সহীহ বুখারিতে আবু সাঈদ ইবনুল মুআল্লার বর্ণনা (৮:২৪ প্রসঙ্গে), খাতামতো; PAGE-CHECK। সালমানের দেখানোর অংশ — বর্ণিত আছে; উৎস পাওয়া যায়নি।","•  নবীর ডাকে সাড়া না দেওয়া সাহাবি — সহীহ বুখারিতে আবু সাঈদ ইবনুল মুআল্লার বর্ণনা (৮:২৪ প্রসঙ্গে), খাতামতো; PAGE-CHECK। সালমানের দেখানোর অংশ — বর্ণিত আছে; উৎস পাওয়া যায়নি।",YES,BOUND
REF-274,9162,9256,94,EXACT,1.000,10,০২  নয় মাস ধরে মেয়ের দরজায় রাসূলুল্লাহ ﷺ,PAGE-CHECK,"VERIFIED (six-book number + text, 2026-10-03); grade/edition per control tables",VL VERIFIED-LIVE,HAD-BAB-FATIMA-SALAT,"•  ফজরে মা সাইয়্যিদা (আলাইহাস্ সালাম)-এর দরজায় «আস-সালাত, হে আহলুল বাইত» — জামে তিরমিযিতে আনাস থেকে (ছয় মাস); অন্য বর্ণনায় আট/নয় মাস; PAGE-CHECK।","•  ফজরে মা সাইয়্যিদা (আলাইহাস্ সালাম)-এর দরজায় «আস-সালাত, হে আহলুল বাইত» — জামে তিরমিযিতে আনাস থেকে (ছয় মাস); অন্য বর্ণনায় আট/নয় মাস; PAGE-CHECK।",YES,BOUND
REF-275,9251,9346,95,EXACT,1.000,10,০৩  যোহর-আসর কি একসাথে পড়া যায়?,PAGE-CHECK,"VERIFIED (six-book number + text, 2026-10-03); grade/edition per control tables",VL VERIFIED-LIVE,,•  ইবনে আব্বাস: ভয় বা সফর ছাড়া মদীনায় যোহর-আসর ও মাগরিব-এশা একত্রে — সহীহ মুসলিম ৭০৫ (খাতামতো); PAGE-CHECK।,•  ইবনে আব্বাস: ভয় বা সফর ছাড়া মদীনায় যোহর-আসর ও মাগরিব-এশা একত্রে — সহীহ মুসলিম ৭০৫ (খাতামতো); PAGE-CHECK।,YES,BOUND
REF-276,9288,9384,96,EXACT,1.000,10,০৪  আঠারো হাজার ওয়াক্তের পরও হারিয়ে গেল?,বর্ণিত আছে,PROSE — follows source-block row,PROSE PROSE-LINE,HAD-BASRA-SALAT,"“এমনকি,” বুরুল্লাহ বলল, “বর্ণিত আছে, সাহাবারা কুফার মসজিদে আলাপ করতেন, ‘এতদিন পর আমরা আলীর ইমামতে রাসূলের নামাজের রূপ ফিরে পেলাম।’”","“এমনকি,” বুরুল্লাহ বলল, “বর্ণিত আছে, সাহাবারা কুফার মসজিদে আলাপ করতেন, ‘এতদিন পর আমরা আলীর ইমামতে রাসূলের নামাজের রূপ ফিরে পেলাম।’”",YES,BOUND
REF-277,9322,9418,96,EXACT,1.000,10,০৪  আঠারো হাজার ওয়াক্তের পরও হারিয়ে গেল?,PAGE-CHECK,"VERIFIED (six-book number + text, 2026-10-03); grade/edition per control tables",VL VERIFIED-LIVE,,•  «তোমরা আমাকে যেভাবে নামাজ আদায় করতে দেখেছ…» — সহীহ বুখারী (মালিক ইবনুল হুওয়াইরিস); খণ্ড/নম্বর PAGE-CHECK।,•  «তোমরা আমাকে যেভাবে নামাজ আদায় করতে দেখেছ…» — সহীহ বুখারী (মালিক ইবনুল হুওয়াইরিস); খণ্ড/নম্বর PAGE-CHECK।,YES,BOUND
REF-278,9324,9420,96,EXACT,1.000,10,০৪  আঠারো হাজার ওয়াক্তের পরও হারিয়ে গেল?,PAGE-CHECK,"VERIFIED (six-book number + text, 2026-10-03); grade/edition per control tables",VL VERIFIED-LIVE,,"•  আনাস ইবনে মালিকের উক্তি ও দামেশকে কান্না (যুহরীর বর্ণনা) — সহীহ বুখারী, «নামাজের ওয়াক্ত» অধ্যায় (খাতামতো); নম্বর PAGE-CHECK।","•  আনাস ইবনে মালিকের উক্তি ও দামেশকে কান্না (যুহরীর বর্ণনা) — সহীহ বুখারী, «নামাজের ওয়াক্ত» অধ্যায় (খাতামতো); নম্বর PAGE-CHECK।",YES,BOUND
REF-279,9325,9421,96,EXACT,1.000,10,০৪  আঠারো হাজার ওয়াক্তের পরও হারিয়ে গেল?,PAGE-CHECK; বর্ণিত আছে,CORRECTED — manuscript patch pending,MM MISMATCH,HAD-BASRA-SALAT,"•  ইমরান ইবনে হুসাইন, আলী (আলাইহিস্ সালাম)-এর পেছনে নামাজ — সহীহ বুখারী (খাতামতো); নম্বর PAGE-CHECK। কুফার মসজিদের আলাপ — খাতায় «মেশকাতুল মাসাবিহ, তাজরীদুল বুখারী»; PAGE-CHECK, তাই দৃশ্যে «বর্ণিত আছে»।","•  ইমরান ইবনে হুসাইন, আলী (আলাইহিস্ সালাম)-এর পেছনে নামাজ — সহীহ বুখারী (খাতামতো); নম্বর PAGE-CHECK। কুফার মসজিদের আলাপ — খাতায় «মেশকাতুল মাসাবিহ, তাজরীদুল বুখারী»; PAGE-CHECK, তাই দৃশ্যে «বর্ণিত আছে»।",YES,BOUND
REF-280,9326,9422,96,EXACT,1.000,10,০৪  আঠারো হাজার ওয়াক্তের পরও হারিয়ে গেল?,PAGE-CHECK,CORRECTED — manuscript patch pending,MM MISMATCH,HAD-HAQQ-ALI,"•  «আলী হকের সাথে, হক আলীর সাথে» — আল-হাকিম, আল-মুসতাদরাক (হাকিমের মতে সহীহ, যাহাবীর আপত্তি); PAGE-CHECK।","•  «আলী হকের সাথে, হক আলীর সাথে» — আল-হাকিম, আল-মুসতাদরাক (হাকিমের মতে সহীহ, যাহাবীর আপত্তি); PAGE-CHECK।",YES,BOUND
REF-281,9358,9455,97,EXACT,1.000,10,০৫  রুকু অবস্থায় যে দান করল,বর্ণিত আছে,PROSE — follows source-block row,PROSE PROSE-LINE,HAD-KHATAM-RUKU,"“আবু যার আল-গিফারী বলেন,” চাচা বললেন, “বর্ণিত আছে, সেদিন নামাজ শেষে রাসূলুল্লাহ ﷺ দুহাত তুলে আল্লাহর কাছে প্রার্থনা করলেন: ‘ইয়া প্রভু! যেমন তুমি মূসা (আলাইহিস্ সালাম)-এর জন্য তাঁর ভাই হারুনকে শক্তি ও পরামর্শদাতা হিসেবে নিয়োগ করেছিলে, তেমনি আমার জন্যও আলীকে এই ভূমিকা দাও। তার মাধ্যমে আমার দায়িত্বকে শক্তিশালী করো এবং আমার কাজ সহজ করো।’ মূসা (আলাইহিস্ সালাম)-এর সেই দোয়াটা এখানে।”","“আবু যার আল-গিফারী বলেন,” চাচা বললেন, “বর্ণিত আছে, সেদিন নামাজ শেষে রাসূলুল্লাহ ﷺ দুহাত তুলে আল্লাহর কাছে প্রার্থনা করলেন: ‘ইয়া প্রভু! যেমন তুমি মূসা (আলাইহিস্ সালাম)-এর জন্য তাঁর ভাই হারুনকে শক্তি ও পরামর্শদাতা হিসেবে নিয়োগ করেছিলে, তেমনি আমার জন্যও আলীকে এই ভূমিকা দাও। তার মাধ্যমে আমার দায়িত্বকে শক্তিশালী করো এবং আমার কাজ সহজ করো।’ মূসা (আলাইহিস্ সালাম)-এর সেই দোয়াটা এখানে।”",YES,BOUND
REF-282,9402,9499,97,EXACT,1.000,10,০৫  রুকু অবস্থায় যে দান করল,PAGE-CHECK; বর্ণিত আছে,CANDIDATE — PAGE-CHECK (not live-verifiable here),CAND CANDIDATE,HAD-KHATAM-RUKU,"•  আবু যার আল-গিফারীর বর্ণনা ও নবীর দোয়া — খাতামতো; সূত্র উল্লেখ নেই, তাই «বর্ণিত আছে»; PAGE-CHECK।","•  আবু যার আল-গিফারীর বর্ণনা ও নবীর দোয়া — খাতামতো; সূত্র উল্লেখ নেই, তাই «বর্ণিত আছে»; PAGE-CHECK।",YES,BOUND
REF-283,9403,9500,97,EXACT,1.000,10,০৫  রুকু অবস্থায় যে দান করল,PAGE-CHECK,CANDIDATE — PAGE-CHECK (not live-verifiable here),CAND CANDIDATE,HAD-KHATAM-RUKU,"•  ইবনে মারদুইয়া, খাতীব বাগদাদী (ইবনে আব্বাস সূত্রে), তাবরানী (আম্মার ইবনে ইয়াসির সূত্রে) — খাতামতো; PAGE-CHECK।","•  ইবনে মারদুইয়া, খাতীব বাগদাদী (ইবনে আব্বাস সূত্রে), তাবরানী (আম্মার ইবনে ইয়াসির সূত্রে) — খাতামতো; PAGE-CHECK।",YES,BOUND
REF-284,9404,9501,97,EXACT,1.000,10,০৫  রুকু অবস্থায় যে দান করল,PAGE-CHECK,PAGE-CHECK (Shia source; edition/page lock),SPC SHIA-PAGE-CHECK,HAD-WILAYA-KAFI,"•  ইমাম জাফর সাদিক (আলাইহিস্ সালাম): «ওলায়াহকে জানার পর…» — আল-কাফী, কিতাবুল ঈমান ওয়াল কুফর, বাবুল ওয়ালায়াহ (খাতামতো); PAGE-CHECK।","•  ইমাম জাফর সাদিক (আলাইহিস্ সালাম): «ওলায়াহকে জানার পর…» — আল-কাফী, কিতাবুল ঈমান ওয়াল কুফর, বাবুল ওয়ালায়াহ (খাতামতো); PAGE-CHECK।",YES,BOUND
REF-285,9467,9565,98,EXACT,1.000,10,০৬  ঘরের দরজায় নদী,PAGE-CHECK,"VERIFIED (six-book number + text, 2026-10-03); grade/edition per control tables",VL VERIFIED-LIVE,,"•  নদীর উদাহরণ — সহীহ বুখারী ৫২৮, সহীহ মুসলিম ৬৬৭ (খাতামতো); PAGE-CHECK।","•  নদীর উদাহরণ — সহীহ বুখারী ৫২৮, সহীহ মুসলিম ৬৬৭ (খাতামতো); PAGE-CHECK।",YES,BOUND
REF-286,9509,9608,99,EXACT,1.000,10,০৮  নব্বই বছরের ইবাদত কেন হার মানল?,বর্ণিত আছে,PAGE-CHECK (Shia source; edition/page lock),SPC SHIA-PAGE-CHECK,,"“কারণ ওই পাঁচজনের ইবাদতে লেনদেন ছিল না,” বুরুল্লাহ বলল। “আলী (আলাইহিস্ সালাম) বলেছেন, বর্ণিত আছে, এক দল জান্নাতের লোভে ইবাদত করে, সেটা ব্যবসায়ীর ইবাদত। এক দল ভয়ে করে, সেটা দাসের ইবাদত। আর এক দল কৃতজ্ঞতায় করে, সেটা মুক্ত মানুষের ইবাদত।”","“কারণ ওই পাঁচজনের ইবাদতে লেনদেন ছিল না,” বুরুল্লাহ বলল। “আলী (আলাইহিস্ সালাম) বলেছেন, বর্ণিত আছে, এক দল জান্নাতের লোভে ইবাদত করে, সেটা ব্যবসায়ীর ইবাদত। এক দল ভয়ে করে, সেটা দাসের ইবাদত। আর এক দল কৃতজ্ঞতায় করে, সেটা মুক্ত মানুষের ইবাদত।”",YES,BOUND
REF-287,9518,9617,99,EXACT,1.000,10,০৮  নব্বই বছরের ইবাদত কেন হার মানল?,বর্ণিত আছে,PROSE — follows source-block row,PROSE PROSE-LINE,HAD-FATIMA-IBADA,"একটু থেমে সে বলল, “ইমাম হাসান (আলাইহিস্ সালাম) বলেছেন, বর্ণিত আছে, ‘আমি মায়ের মতো আর কোনো ইবাদতকারী দেখিনি।’ হাসান বসরী, যিনি নিজেও বিখ্যাত ইবাদতকারী, বলেছেন, ‘ফাতিমা এত বেশি নামাজে দাঁড়িয়ে থাকতেন যে, তাঁর পদযুগলে কড়া পড়ে যেত।’”","একটু থেমে সে বলল, “ইমাম হাসান (আলাইহিস্ সালাম) বলেছেন, বর্ণিত আছে, ‘আমি মায়ের মতো আর কোনো ইবাদতকারী দেখিনি।’ হাসান বসরী, যিনি নিজেও বিখ্যাত ইবাদতকারী, বলেছেন, ‘ফাতিমা এত বেশি নামাজে দাঁড়িয়ে থাকতেন যে, তাঁর পদযুগলে কড়া পড়ে যেত।’”",YES,BOUND
REF-288,9520,9619,99,EXACT,1.000,10,০৮  নব্বই বছরের ইবাদত কেন হার মানল?,বর্ণিত আছে,PROSE — follows source-block row,PROSE PROSE-LINE,HAD-FATIMA-IBADA,"“তিনি শুধু নিয়মরক্ষার জন্য ইবাদত করতেন না; বরং ইবাদতের সময় তাঁর হৃদয় ছিল আল্লাহর ভয়ে কম্পমান। বর্ণিত আছে, ‘ফাতিমা (আলাইহাস্ সালাম) নামাজের সময় এতটাই গভীর ধ্যানে থাকতেন যে, আল্লাহ ফেরেশতাদের ডাক দিয়ে বলতেন—তাকিয়ে দেখো, আমার বান্দি ফাতিমা কিভাবে ভয়ে কাঁপছে আর আমার ইবাদতে আত্মনিবেদিত হচ্ছে।’” বুরুল্লাহ বলল। “মা সাইয়্যিদা ফাতিমাতুয্ যাহরা (আলাইহাস্ সালাম)-এর জন্য নামাজ ছিল এক অপার প্রেম ও বিনয়ের প্রতীক। মহান আল্লাহর সামনে দণ্ডায়মান হওয়ার জন্য তাঁর একটি নির্দিষ্ট স্থান ছিল, যেখানে তিনি বিশেষ পোশাকে, বিশেষ জায়নামাজের ওপর দাঁড়িয়ে একাগ্রচিত্তে ইবাদতে মগ্ন হতেন। তাঁর এই ইবাদতের দৃশ্য স্বয়ং আকাশের ফেরেশতাদেরকেও অভিভূত করত। এ সময়ে তাঁর অবস্থা এমনই বিনম্র ও ভয়াভিভূত থাকত যেন ঈমানের নির্যাস তাঁর প্রতিটি শিরা-উপশিরায় প্রবাহিত হচ্ছে।”","“তিনি শুধু নিয়মরক্ষার জন্য ইবাদত করতেন না; বরং ইবাদতের সময় তাঁর হৃদয় ছিল আল্লাহর ভয়ে কম্পমান। বর্ণিত আছে, ‘ফাতিমা (আলাইহাস্ সালাম) নামাজের সময় এতটাই গভীর ধ্যানে থাকতেন যে, আল্লাহ ফেরেশতাদের ডাক দিয়ে বলতেন—তাকিয়ে দেখো, আমার বান্দি ফাতিমা কিভাবে ভয়ে কাঁপছে আর আমার ইবাদতে আত্মনিবেদিত হচ্ছে।’” বুরুল্লাহ বলল। “মা সাইয়্যিদা ফাতিমাতুয্ যাহরা (আলাইহাস্ সালাম)-এর জন্য নামাজ ছিল এক অপার প্রেম ও বিনয়ের প্রতীক। মহান আল্লাহর সামনে দণ্ডায়মান হওয়ার জন্য তাঁর একটি নির্দিষ্ট স্থান ছিল, যেখানে তিনি বিশেষ পোশাকে, বিশেষ জায়নামাজের ওপর দাঁড়িয়ে একাগ্রচিত্তে ইবাদতে মগ্ন হতেন। তাঁর এই ইবাদতের দৃশ্য স্বয়ং আকাশের ফেরেশতাদেরকেও অভিভূত করত। এ সময়ে তাঁর অবস্থা এমনই বিনম্র ও ভয়াভিভূত থাকত যেন ঈমানের নির্যাস তাঁর প্রতিটি শিরা-উপশিরায় প্রবাহিত হচ্ছে।”",YES,BOUND
REF-289,9527,9626,99,EXACT,1.000,10,০৮  নব্বই বছরের ইবাদত কেন হার মানল?,বর্ণিত আছে,PROSE — follows source-block row,PROSE PROSE-LINE,HAD-ZAHRA-NAME,"হারিকেনের কাচে একটি পোকা এসে বসল। বুরুল্লাহ সেদিকে তাকিয়ে বলল, “‘ইলালুশ শারায়ে’ গ্রন্থে বর্ণিত আছে, ‘তিনি যখন ইবাদতে দাঁড়াতেন, তখন আসমানের অধিবাসীদের জন্য এক উজ্জ্বল নক্ষত্রের মতো তাঁর পবিত্র দেহ থেকে আলো বিচ্ছুরিত হতো।’”","হারিকেনের কাচে একটি পোকা এসে বসল। বুরুল্লাহ সেদিকে তাকিয়ে বলল, “‘ইলালুশ শারায়ে’ গ্রন্থে বর্ণিত আছে, ‘তিনি যখন ইবাদতে দাঁড়াতেন, তখন আসমানের অধিবাসীদের জন্য এক উজ্জ্বল নক্ষত্রের মতো তাঁর পবিত্র দেহ থেকে আলো বিচ্ছুরিত হতো।’”",YES,BOUND
REF-290,9544,9643,99,EXACT,1.000,10,০৮  নব্বই বছরের ইবাদত কেন হার মানল?,PAGE-CHECK; বর্ণিত আছে,CANDIDATE — PAGE-CHECK (not live-verifiable here),CAND CANDIDATE,HAD-FATIMA-IBADA,•  নামাজে মা সাইয়্যিদার ভয়ে কাঁপা ও ফেরেশতাদের ডেকে দেখানো — বর্ণিত আছে; PAGE-CHECK (আমালি সাদুক সম্ভাব্য)।,•  নামাজে মা সাইয়্যিদার ভয়ে কাঁপা ও ফেরেশতাদের ডেকে দেখানো — বর্ণিত আছে; PAGE-CHECK (আমালি সাদুক সম্ভাব্য)।,YES,BOUND
REF-291,9545,9644,99,EXACT,1.000,10,০৮  নব্বই বছরের ইবাদত কেন হার মানল?,PAGE-CHECK,PAGE-CHECK (Shia source; edition/page lock),SPC SHIA-PAGE-CHECK,HAD-ZAHRA-NAME,•  «তিনি যখন ইবাদতে দাঁড়াতেন… আলো বিচ্ছুরিত হতো» — খাতায় «ইলালুশ শারায়ে»; PAGE-CHECK।,•  «তিনি যখন ইবাদতে দাঁড়াতেন… আলো বিচ্ছুরিত হতো» — খাতায় «ইলালুশ শারায়ে»; PAGE-CHECK।,YES,BOUND
REF-292,9547,9646,99,EXACT,1.000,10,০৮  নব্বই বছরের ইবাদত কেন হার মানল?,PAGE-CHECK,NO_SOURCE_LOCATED — KEEP-ATTRIBUTION-ONLY «বর্ণিত আছে»,UNID UNIDENTIFIED,,"•  মুবাহালা ও নাজরানের প্রতিনিধিদল — খাতামতো; পাদ্রির «নব্বই বছর» উক্তির সূত্র খাতায় নেই, PAGE-CHECK।","•  মুবাহালা ও নাজরানের প্রতিনিধিদল — খাতামতো; পাদ্রির «নব্বই বছর» উক্তির সূত্র খাতায় নেই, PAGE-CHECK।",YES,BOUND
REF-293,9548,9647,99,EXACT,1.000,10,০৮  নব্বই বছরের ইবাদত কেন হার মানল?,PAGE-CHECK,"VERIFIED (six-book number + text, 2026-10-03); grade/edition per control tables",VL VERIFIED-LIVE,,"•  «তোমাদের কাউকে তার আমল নাজাত দেবে না» — সহীহ বুখারী ৬৪৬৩, সহীহ মুসলিম ২৮১৮ (খাতামতো); PAGE-CHECK।","•  «তোমাদের কাউকে তার আমল নাজাত দেবে না» — সহীহ বুখারী ৬৪৬৩, সহীহ মুসলিম ২৮১৮ (খাতামতো); PAGE-CHECK।",YES,BOUND
REF-294,9549,9648,99,EXACT,1.000,10,০৮  নব্বই বছরের ইবাদত কেন হার মানল?,PAGE-CHECK,CANDIDATE — PAGE-CHECK (not live-verifiable here),CAND CANDIDATE,HAD-FATIMA-IBADA,•  ইমাম হাসান (আলাইহিস্ সালাম) ও হাসান বসরীর উক্তি — খাতায় «Fatima Zahra in the Words of the Infallibles»; PAGE-CHECK।,•  ইমাম হাসান (আলাইহিস্ সালাম) ও হাসান বসরীর উক্তি — খাতায় «Fatima Zahra in the Words of the Infallibles»; PAGE-CHECK।,YES,BOUND
REF-295,9550,9649,99,EXACT,1.000,10,০৮  নব্বই বছরের ইবাদত কেন হার মানল?,PAGE-CHECK; সূত্র নেই; বর্ণিত আছে,NO_SOURCE_LOCATED — KEEP-ATTRIBUTION-ONLY «বর্ণিত আছে»,UNID UNIDENTIFIED,,"•  রাসূলুল্লাহ ﷺ ও মা সাইয়্যিদার কথোপকথন (ইবাদতের তৌফিক) — খাতামতো; সূত্র নেই, «বর্ণিত আছে» ধাঁচে; PAGE-CHECK।","•  রাসূলুল্লাহ ﷺ ও মা সাইয়্যিদার কথোপকথন (ইবাদতের তৌফিক) — খাতামতো; সূত্র নেই, «বর্ণিত আছে» ধাঁচে; PAGE-CHECK।",YES,BOUND
REF-296,9551,9650,99,EXACT,1.000,10,০৮  নব্বই বছরের ইবাদত কেন হার মানল?,PAGE-CHECK,CANDIDATE — PAGE-CHECK (not live-verifiable here),CAND CANDIDATE,,"•  মা সাইয়্যিদার দুই রাকাত নামাজ — ইমাম জাফর সাদিক (আলাইহিস্ সালাম) থেকে, খাতায় al-islam.org; PAGE-CHECK।","•  মা সাইয়্যিদার দুই রাকাত নামাজ — ইমাম জাফর সাদিক (আলাইহিস্ সালাম) থেকে, খাতায় al-islam.org; PAGE-CHECK।",YES,BOUND
REF-297,9628,9728,100,EXACT,1.000,10,০৯  ইবাদতকে ভালোবাসা যায় কীভাবে?,PAGE-CHECK,NON-HADITH — PAGE-CHECK,HIST NON-HADITH,,"•  এই অধ্যায়ের হাদীস ও উক্তিগুলো খাতায় মিজানুল হিকমা, «ইবাদত» অধ্যায় (২৬১), পৃ. ৬৭৬-এর বরাতে; প্রতিটির মূল উৎস PAGE-CHECK।","•  এই অধ্যায়ের হাদীস ও উক্তিগুলো খাতায় মিজানুল হিকমা, «ইবাদত» অধ্যায় (২৬১), পৃ. ৬৭৬-এর বরাতে; প্রতিটির মূল উৎস PAGE-CHECK।",YES,BOUND
REF-298,9629,9729,100,EXACT,1.000,10,০৯  ইবাদতকে ভালোবাসা যায় কীভাবে?,PAGE-CHECK,"VERIFIED (six-book number + text, 2026-10-03); grade/edition per control tables",VL VERIFIED-LIVE,,"•  ইহসানের হাদীস («যেন তুমি তাঁকে দেখছ») — সহীহ মুসলিম, কিতাবুল ঈমান (জিবরাইলের হাদীস); নম্বর PAGE-CHECK।","•  ইহসানের হাদীস («যেন তুমি তাঁকে দেখছ») — সহীহ মুসলিম, কিতাবুল ঈমান (জিবরাইলের হাদীস); নম্বর PAGE-CHECK।",YES,BOUND
REF-299,9630,9730,100,EXACT,1.000,10,০৯  ইবাদতকে ভালোবাসা যায় কীভাবে?,PAGE-CHECK,CANDIDATE — PAGE-CHECK (not live-verifiable here),CAND CANDIDATE,,"•  «দাসত্ব পাঁচটি জিনিস দিয়ে গঠিত» — ইমাম আলী (আলাইহিস্ সালাম), মিজানুল হিকমার বরাতে; PAGE-CHECK।","•  «দাসত্ব পাঁচটি জিনিস দিয়ে গঠিত» — ইমাম আলী (আলাইহিস্ সালাম), মিজানুল হিকমার বরাতে; PAGE-CHECK।",YES,BOUND
REF-300,9665,9766,101,EXACT,1.000,10,"১০  ভয়ের ইবাদত, না ভালোবাসার?",বর্ণিত আছে,PROSE — follows source-block row,PROSE PROSE-LINE,HAD-MUNAJAT-ALI,"“আলী (আলাইহিস্ সালাম)-এর মুনাজাত,” সে বলল। “বর্ণিত আছে। ‘হে আমার ইলাহ, আমি তোমার আগুনের ভয়ে তোমার ইবাদত করিনি, তোমার জান্নাতের লোভেও না। বরং আমি তোমাকে ইবাদতের যোগ্য পেয়েছি, তাই ইবাদত করেছি।’”","“আলী (আলাইহিস্ সালাম)-এর মুনাজাত,” সে বলল। “বর্ণিত আছে। ‘হে আমার ইলাহ, আমি তোমার আগুনের ভয়ে তোমার ইবাদত করিনি, তোমার জান্নাতের লোভেও না। বরং আমি তোমাকে ইবাদতের যোগ্য পেয়েছি, তাই ইবাদত করেছি।’”",YES,BOUND
REF-301,9696,9797,101,EXACT,1.000,10,"১০  ভয়ের ইবাদত, না ভালোবাসার?",PAGE-CHECK,CANDIDATE — PAGE-CHECK (not live-verifiable here),CAND CANDIDATE,HAD-MUNAJAT-ALI,"•  আলী (আলাইহিস্ সালাম)-এর মুনাজাত «ইলাহি মা আবাদতুকা খাওফান…» — প্রচলিত বর্ণনা (ইবনে আবিল হাদীদ, শারহু নাহজিল বালাগা; আল্লামা মাজলিসী, বিহারুল আনওয়ার ৪১/১৪ হিসেবে উদ্ধৃত হয়); PAGE-CHECK।","•  আলী (আলাইহিস্ সালাম)-এর মুনাজাত «ইলাহি মা আবাদতুকা খাওফান…» — প্রচলিত বর্ণনা (ইবনে আবিল হাদীদ, শারহু নাহজিল বালাগা; আল্লামা মাজলিসী, বিহারুল আনওয়ার ৪১/১৪ হিসেবে উদ্ধৃত হয়); PAGE-CHECK।",YES,BOUND
REF-302,9825,9928,103,EXACT,1.000,11,"০১  তুমি কাকে খুঁজছ, বাবা?",বর্ণিত আছে,PROSE — follows source-block row,PROSE PROSE-LINE,HAD-SALAT-BATRA,"“উস্তাদ আরেকটা জিনিস ঠিক করে দিয়েছিলেন,” বুরুল্লাহ বলল। “আমাদের দেশে অনেকে দরুদের শেষে আলে মুহাম্মাদ বাদ দিয়ে দেন। শুধু ‘সাল্লাল্লাহু আলাইহি ওয়া সাল্লাম’। পরিবারের নাম নেই। উস্তাদ এটাকে বলতেন লেজকাটা দরুদ। বর্ণিত আছে, রাসূলুল্লাহ ﷺ নিজেই এমন দরুদ পড়তে নিষেধ করেছেন, যেখানে তাঁর পরিবারকে বাদ দেওয়া হয়।”","“উস্তাদ আরেকটা জিনিস ঠিক করে দিয়েছিলেন,” বুরুল্লাহ বলল। “আমাদের দেশে অনেকে দরুদের শেষে আলে মুহাম্মাদ বাদ দিয়ে দেন। শুধু ‘সাল্লাল্লাহু আলাইহি ওয়া সাল্লাম’। পরিবারের নাম নেই। উস্তাদ এটাকে বলতেন লেজকাটা দরুদ। বর্ণিত আছে, রাসূলুল্লাহ ﷺ নিজেই এমন দরুদ পড়তে নিষেধ করেছেন, যেখানে তাঁর পরিবারকে বাদ দেওয়া হয়।”",YES,BOUND
REF-303,9856,9959,103,EXACT,1.000,11,"০১  তুমি কাকে খুঁজছ, বাবা?",PAGE-CHECK; বর্ণিত আছে,CANDIDATE — PAGE-CHECK (not live-verifiable here),CAND CANDIDATE,HAD-SALAT-BATRA,•  «লেজকাটা দরুদ» নিষেধের বর্ণনা — খাতামতো «বর্ণিত আছে»; PAGE-CHECK।,•  «লেজকাটা দরুদ» নিষেধের বর্ণনা — খাতামতো «বর্ণিত আছে»; PAGE-CHECK।,YES,BOUND
REF-304,9904,10008,104,EXACT,1.000,11,০২  স্বভাব চেনার চার উপাদান,বর্ণিত আছে,PROSE — follows source-block row,PROSE PROSE-LINE,HAD-GHADAB-WUDU,"রাহাত পড়ল, আঙুল লাইনে রেখে: “বর্ণিত আছে, রাসূলুল্লাহ ﷺ বলেছেন, রাগ শয়তান থেকে, শয়তান আগুনের তৈরি, আর আগুন নেভে পানিতে। তাই রাগ উঠলে ওজু করো। দাঁড়িয়ে থাকলে বসে পড়ো, বসে থাকলে শুয়ে পড়ো।”","রাহাত পড়ল, আঙুল লাইনে রেখে: “বর্ণিত আছে, রাসূলুল্লাহ ﷺ বলেছেন, রাগ শয়তান থেকে, শয়তান আগুনের তৈরি, আর আগুন নেভে পানিতে। তাই রাগ উঠলে ওজু করো। দাঁড়িয়ে থাকলে বসে পড়ো, বসে থাকলে শুয়ে পড়ো।”",YES,BOUND
REF-305,9957,10061,104,EXACT,1.000,11,০২  স্বভাব চেনার চার উপাদান,PAGE-CHECK,"VERIFIED (six-book number + text, 2026-10-03); grade/edition per control tables",VL VERIFIED-LIVE,HAD-GHADAB-WUDU,"•  রাগ ও ওজু: সুনানে আবু দাউদ (কিতাবুল আদব, রাগের সময় যা বলতে হয়); বসা/শোয়া: একই কিতাব — নম্বর PAGE-CHECK।","•  রাগ ও ওজু: সুনানে আবু দাউদ (কিতাবুল আদব, রাগের সময় যা বলতে হয়); বসা/শোয়া: একই কিতাব — নম্বর PAGE-CHECK।",YES,BOUND
REF-306,10069,10175,106,EXACT,1.000,11,০৪  নিদর্শন দেখেও মানুষ মুখ ফেরায় কেন?,বর্ণিত আছে,PROSE — follows source-block row,PROSE PROSE-LINE,,"খাতা আমার হাত থেকে ফেরত নিয়ে বুরুল্লাহ পরের পাতা খুলল। “ঘটনাটা উস্তাদ যেভাবে বলেছিলেন, সেভাবেই লিখে রেখেছিলাম। বর্ণিত আছে,” সে বলল, তারপর পড়ল:","খাতা আমার হাত থেকে ফেরত নিয়ে বুরুল্লাহ পরের পাতা খুলল। “ঘটনাটা উস্তাদ যেভাবে বলেছিলেন, সেভাবেই লিখে রেখেছিলাম। বর্ণিত আছে,” সে বলল, তারপর পড়ল:",YES,BOUND
REF-307,10127,10233,106,EXACT,1.000,11,০৪  নিদর্শন দেখেও মানুষ মুখ ফেরায় কেন?,PAGE-CHECK,"VERIFIED (six-book number + text, 2026-10-03); grade/edition per control tables",VL VERIFIED-LIVE,,"•  চাঁদ দ্বিখণ্ডনের ঘটনা — সহীহ বুখারী (কিতাবুল মানাকিব, ইনশিকাকুল কামার) ও সহীহ মুসলিম (সিফাতুল মুনাফিকীন); খাতার বিবরণ (আকাবা, ১৪ জন) PAGE-CHECK।","•  চাঁদ দ্বিখণ্ডনের ঘটনা — সহীহ বুখারী (কিতাবুল মানাকিব, ইনশিকাকুল কামার) ও সহীহ মুসলিম (সিফাতুল মুনাফিকীন); খাতার বিবরণ (আকাবা, ১৪ জন) PAGE-CHECK।",YES,BOUND
REF-308,10267,10375,108,EXACT,1.000,11,০৬  প্রশান্ত আত্মার দিকে পথ,বর্ণিত আছে,PROSE — follows source-block row,PROSE PROSE-LINE,HAD-MADINAT-ILM,"রাহাত পড়ল: “বর্ণিত আছে, রাসূলুল্লাহ ﷺ বলেছেন, ‘আমি জ্ঞানের নগরী, আর আলী তার দরজা।’ যে নগরে ঢুকতে চায়, তাকে দরজা দিয়েই আসতে হবে।”","রাহাত পড়ল: “বর্ণিত আছে, রাসূলুল্লাহ ﷺ বলেছেন, ‘আমি জ্ঞানের নগরী, আর আলী তার দরজা।’ যে নগরে ঢুকতে চায়, তাকে দরজা দিয়েই আসতে হবে।”",YES,BOUND
REF-309,10290,10398,108,EXACT,1.000,11,০৬  প্রশান্ত আত্মার দিকে পথ,PAGE-CHECK,CORRECTED — manuscript patch pending,MM MISMATCH,HAD-MADINAT-ILM,"•  «আমি জ্ঞানের নগরী, আলী তার দরজা» — আল-হাকিম, আল-মুসতাদরাক (কিতাবু মারিফাতিস সাহাবা); জামে তিরমিযী (মানাকিব, «আমি হিকমতের ঘর»); নম্বর PAGE-CHECK।","•  «আমি জ্ঞানের নগরী, আলী তার দরজা» — আল-হাকিম, আল-মুসতাদরাক (কিতাবু মারিফাতিস সাহাবা); জামে তিরমিযী (মানাকিব, «আমি হিকমতের ঘর»); নম্বর PAGE-CHECK।",YES,BOUND
REF-310,10311,10420,109,EXACT,1.000,11,০৭  মানুষের হক কি নামাজে মাফ হয়?,বর্ণিত আছে,PROSE — follows source-block row,PROSE PROSE-LINE,,"“বর্ণিত আছে, একবার রাসূলুল্লাহ ﷺ সাহাবাদের বললেন, ‘তোমরা কি জানো, প্রকৃত নিঃস্ব কে?’ সাহাবিরা বললেন, ‘আমাদের মধ্যে নিঃস্ব সেই ব্যক্তি, যার কাছে কোনো ধন-সম্পদ নেই, কোনো অর্থকড়ি নেই।’”","“বর্ণিত আছে, একবার রাসূলুল্লাহ ﷺ সাহাবাদের বললেন, ‘তোমরা কি জানো, প্রকৃত নিঃস্ব কে?’ সাহাবিরা বললেন, ‘আমাদের মধ্যে নিঃস্ব সেই ব্যক্তি, যার কাছে কোনো ধন-সম্পদ নেই, কোনো অর্থকড়ি নেই।’”",YES,BOUND
REF-311,10331,10440,109,EXACT,1.000,11,০৭  মানুষের হক কি নামাজে মাফ হয়?,বর্ণিত আছে,PROSE — follows source-block row,PROSE PROSE-LINE,,"“এর চেয়েও কঠিন কথা আছে,” চাচা বললেন। খাতার পাতা উল্টে পড়লেন: “বর্ণিত আছে, রাসূলুল্লাহ ﷺ বলেছেন, ‘যখন দু’জন মুসলমান তরবারি হাতে একে অপরের বিরুদ্ধে লড়াই করে, তখন হত্যাকারী ও নিহত—দু’জনই দোযখের অধিকারী।’ বর্ণনাকারী সাহাবি বলেন, ‘আমি বললাম, ‘হে আল্লাহর রাসূল! হত্যাকারীর দোযখে যাওয়া তো স্বাভাবিক, কিন্তু নিহত ব্যক্তির কী অপরাধ?’’ তিনি বললেন, ‘সে-ও তার সঙ্গীকে হত্যা করতে উদগ্রীব ছিল।’”","“এর চেয়েও কঠিন কথা আছে,” চাচা বললেন। খাতার পাতা উল্টে পড়লেন: “বর্ণিত আছে, রাসূলুল্লাহ ﷺ বলেছেন, ‘যখন দু’জন মুসলমান তরবারি হাতে একে অপরের বিরুদ্ধে লড়াই করে, তখন হত্যাকারী ও নিহত—দু’জনই দোযখের অধিকারী।’ বর্ণনাকারী সাহাবি বলেন, ‘আমি বললাম, ‘হে আল্লাহর রাসূল! হত্যাকারীর দোযখে যাওয়া তো স্বাভাবিক, কিন্তু নিহত ব্যক্তির কী অপরাধ?’’ তিনি বললেন, ‘সে-ও তার সঙ্গীকে হত্যা করতে উদগ্রীব ছিল।’”",YES,BOUND
REF-312,10371,10480,109,EXACT,1.000,11,০৭  মানুষের হক কি নামাজে মাফ হয়?,PAGE-CHECK,"VERIFIED (six-book number + text, 2026-10-03); grade/edition per control tables",VL VERIFIED-LIVE,,•  «প্রকৃত নিঃস্ব কে» — সহীহ মুসলিম ২৫৮১ (খাতামতো); PAGE-CHECK।,•  «প্রকৃত নিঃস্ব কে» — সহীহ মুসলিম ২৫৮১ (খাতামতো); PAGE-CHECK।,YES,BOUND
REF-313,10372,10481,109,EXACT,1.000,11,০৭  মানুষের হক কি নামাজে মাফ হয়?,PAGE-CHECK,"VERIFIED (six-book number + text, 2026-10-03); grade/edition per control tables",VL VERIFIED-LIVE,,"•  «হত্যাকারী ও নিহত দুজনই আগুনে» — সহীহ বুখারী ৭০৮৩, সহীহ মুসলিম ২৮৮৮ (খাতামতো); PAGE-CHECK।","•  «হত্যাকারী ও নিহত দুজনই আগুনে» — সহীহ বুখারী ৭০৮৩, সহীহ মুসলিম ২৮৮৮ (খাতামতো); PAGE-CHECK।",YES,BOUND
REF-314,10393,10503,110,EXACT,1.000,11,০৮  যে আলেম জানে কিন্তু করে না,বর্ণিত আছে,PROSE — follows source-block row,PROSE PROSE-LINE,,"রাহাত পকেট থেকে নিজের টিক-খাতা বের করল। এক সপ্তাহ ধরে যা শুনেছে, টুকে রেখেছে। একটি পাতা খুলে পড়ল, প্রায় নিজেকে শুনিয়ে: “বর্ণিত আছে, রাসূলুল্লাহ ﷺ তো স্বপ্নে এমন কিছু লোককে দেখেছিলেন, যাদের মুখ আগুনের কাঁচি দিয়ে কাটা হচ্ছিল! কারণ? তারা অন্যকে সৎকাজের উপদেশ দিত, অথচ নিজেরা তা করত না!”","রাহাত পকেট থেকে নিজের টিক-খাতা বের করল। এক সপ্তাহ ধরে যা শুনেছে, টুকে রেখেছে। একটি পাতা খুলে পড়ল, প্রায় নিজেকে শুনিয়ে: “বর্ণিত আছে, রাসূলুল্লাহ ﷺ তো স্বপ্নে এমন কিছু লোককে দেখেছিলেন, যাদের মুখ আগুনের কাঁচি দিয়ে কাটা হচ্ছিল! কারণ? তারা অন্যকে সৎকাজের উপদেশ দিত, অথচ নিজেরা তা করত না!”",YES,BOUND
REF-315,10401,10511,110,EXACT,1.000,11,০৮  যে আলেম জানে কিন্তু করে না,বর্ণিত আছে,PROSE — follows source-block row,PROSE PROSE-LINE,,"“আর তিনজনের কথা,” বুরুল্লাহ বলল। “বর্ণিত আছে, রাসূলুল্লাহ ﷺ বলেছেন, ‘কিয়ামতের দিন তিন শ্রেণির মানুষকে বিচারকের কাঠগড়ায় দাঁড় করানো হবে এবং তাদের পরিণতি হবে ভয়াবহ। প্রথম জন—যে শহীদ হয়েছে, কিন্তু তার উদ্দেশ্য ছিল খ্যাতি। দ্বিতীয় জন—যে আলেম, কিন্তু তার ইলম শুধুই লোক দেখানোর জন্য ছিল।’”","“আর তিনজনের কথা,” বুরুল্লাহ বলল। “বর্ণিত আছে, রাসূলুল্লাহ ﷺ বলেছেন, ‘কিয়ামতের দিন তিন শ্রেণির মানুষকে বিচারকের কাঠগড়ায় দাঁড় করানো হবে এবং তাদের পরিণতি হবে ভয়াবহ। প্রথম জন—যে শহীদ হয়েছে, কিন্তু তার উদ্দেশ্য ছিল খ্যাতি। দ্বিতীয় জন—যে আলেম, কিন্তু তার ইলম শুধুই লোক দেখানোর জন্য ছিল।’”",YES,BOUND
REF-316,10442,10552,110,EXACT,1.000,11,০৮  যে আলেম জানে কিন্তু করে না,PAGE-CHECK,"VERIFIED (six-book number + text, 2026-10-03); grade/edition per control tables",VL VERIFIED-LIVE,,"•  তিন শ্রেণি (শহীদ, আলেম, দাতা) — সহীহ মুসলিম ১৯০৫ (খাতামতো); PAGE-CHECK।","•  তিন শ্রেণি (শহীদ, আলেম, দাতা) — সহীহ মুসলিম ১৯০৫ (খাতামতো); PAGE-CHECK।",YES,BOUND
REF-317,10443,10553,110,EXACT,1.000,11,০৮  যে আলেম জানে কিন্তু করে না,PAGE-CHECK,"VERIFIED (six-book number + text, 2026-10-03); grade/edition per control tables",VL VERIFIED-LIVE,,"•  জাঁতার গাধা — সহীহ বুখারী ৩২৬৭, সহীহ মুসলিম ২৯৮৯; PAGE-CHECK।","•  জাঁতার গাধা — সহীহ বুখারী ৩২৬৭, সহীহ মুসলিম ২৯৮৯; PAGE-CHECK।",YES,BOUND
REF-318,10444,10554,110,EXACT,1.000,11,০৮  যে আলেম জানে কিন্তু করে না,PAGE-CHECK,CANDIDATE — PAGE-CHECK (not live-verifiable here),CAND CANDIDATE,,"•  আগুনের কাঁচি — মুসনাদে আহমাদ (আনাস থেকে, মিরাজ প্রসঙ্গে); PAGE-CHECK।","•  আগুনের কাঁচি — মুসনাদে আহমাদ (আনাস থেকে, মিরাজ প্রসঙ্গে); PAGE-CHECK।",YES,BOUND
REF-319,10598,10710,112,EXACT,1.000,11,"১৮ মাকামে তিন ধাপেতে নফসের আত্মশুদ্ধি হয়,",বর্ণিত আছে,PROSE — follows source-block row,PROSE PROSE-LINE,,"“গোপন শিরক,” বুরুল্লাহ বলল। “রাসূলুল্লাহ ﷺ বলেছেন, বর্ণিত আছে, আমার উম্মতের জন্য আমি সবচেয়ে বেশি ভয় পাই ছোট শিরককে। সাহাবিরা জানতে চাইলেন, ছোট শিরক কী? বললেন, রিয়া। লোক দেখানো।”","“গোপন শিরক,” বুরুল্লাহ বলল। “রাসূলুল্লাহ ﷺ বলেছেন, বর্ণিত আছে, আমার উম্মতের জন্য আমি সবচেয়ে বেশি ভয় পাই ছোট শিরককে। সাহাবিরা জানতে চাইলেন, ছোট শিরক কী? বললেন, রিয়া। লোক দেখানো।”",YES,BOUND
REF-320,10655,10767,112,EXACT,1.000,11,"১৮ মাকামে তিন ধাপেতে নফসের আত্মশুদ্ধি হয়,",PAGE-CHECK,CANDIDATE — PAGE-CHECK (not live-verifiable here),CAND CANDIDATE,,•  ছোট শিরক = রিয়া — মুসনাদে আহমাদ (মাহমূদ ইবনে লাবীদ থেকে); PAGE-CHECK।,•  ছোট শিরক = রিয়া — মুসনাদে আহমাদ (মাহমূদ ইবনে লাবীদ থেকে); PAGE-CHECK।,YES,BOUND
REF-321,10656,10768,112,EXACT,1.000,11,"১৮ মাকামে তিন ধাপেতে নফসের আত্মশুদ্ধি হয়,",PAGE-CHECK,SECONDARY_SOURCE_ONLY — KEEP-«বলা হয়»,UNID UNIDENTIFIED,HAD-NUQTA,"•  «আমি বিসমিল্লাহর বা-এর নিচের বিন্দু» — আলী (আলাইহিস্ সালাম)-এর নামে প্রচলিত; নির্ভরযোগ্য সূত্র পাওয়া যায়নি, PAGE-CHECK।","•  «আমি বিসমিল্লাহর বা-এর নিচের বিন্দু» — আলী (আলাইহিস্ সালাম)-এর নামে প্রচলিত; নির্ভরযোগ্য সূত্র পাওয়া যায়নি, PAGE-CHECK।",YES,BOUND
REF-322,10657,10769,112,EXACT,1.000,11,"১৮ মাকামে তিন ধাপেতে নফসের আত্মশুদ্ধি হয়,",PAGE-CHECK,NON-HADITH — PAGE-CHECK,HIST NON-HADITH,LIT-CHISHTI,•  চিশতীর উক্তি — খাতামতো; উৎস (দিওয়ান) PAGE-CHECK।,•  চিশতীর উক্তি — খাতামতো; উৎস (দিওয়ান) PAGE-CHECK।,YES,BOUND
REF-323,10658,10770,112,EXACT,1.000,11,"১৮ মাকামে তিন ধাপেতে নফসের আত্মশুদ্ধি হয়,",PAGE-CHECK,NON-HADITH — PAGE-CHECK,HIST NON-HADITH,,•  কারবালায় দাস/প্রাক্তন দাস শহীদ (যেমন জওন) ও খ্রিস্টান থেকে আসা ওয়াহাব — খাতার টীকামতো; PAGE-CHECK।,•  কারবালায় দাস/প্রাক্তন দাস শহীদ (যেমন জওন) ও খ্রিস্টান থেকে আসা ওয়াহাব — খাতার টীকামতো; PAGE-CHECK।,YES,BOUND
REF-324,10707,10820,113,EXACT,1.000,11,১১  কাজের চেয়ে নিয়ত বড়,বর্ণিত আছে,PROSE — follows source-block row,PROSE PROSE-LINE,,"“বর্ণিত আছে, রাসূলুল্লাহ ﷺ বলেছেন,” বুরুল্লাহ বলল, “‘ইন্নামাল আ‘মালু বিন্নিয়্যাত।’ আমলসমূহ নিয়তের ওপর নির্ভরশীল। প্রতিটি ব্যক্তি তার নিয়তের ফল পাবে। সুতরাং, নিয়ত শুদ্ধ না হলে কাজও আল্লাহর কাছে গ্রহণযোগ্য হবে না। নিয়তই কর্মকে সার্থক বা ব্যর্থ করে।”","“বর্ণিত আছে, রাসূলুল্লাহ ﷺ বলেছেন,” বুরুল্লাহ বলল, “‘ইন্নামাল আ‘মালু বিন্নিয়্যাত।’ আমলসমূহ নিয়তের ওপর নির্ভরশীল। প্রতিটি ব্যক্তি তার নিয়তের ফল পাবে। সুতরাং, নিয়ত শুদ্ধ না হলে কাজও আল্লাহর কাছে গ্রহণযোগ্য হবে না। নিয়তই কর্মকে সার্থক বা ব্যর্থ করে।”",YES,BOUND
REF-325,10711,10824,113,EXACT,1.000,11,১১  কাজের চেয়ে নিয়ত বড়,বর্ণিত আছে,PROSE — follows source-block row,PROSE PROSE-LINE,HAD-NIYYA-KAZIM,"বুরুল্লাহ বুকপকেট থেকে সেই ছেঁড়া-মলাটের খাতা বের করল। শেষের দিকের একটি পাতা খুলে পড়ল: “এটাই আত্মসমালোচনার জায়গা। আর দেখো, বর্ণিত আছে, ইমাম মূসা কাযিম (আলাইহিস্ সালাম) এক হাদীসে ব্যাখ্যা করেছেন, ফেরেশতারাও মানুষের নিয়তের গন্ধ উপলব্ধি করেন। তিনি (আলাইহিস্ সালাম) বলেছেন, ‘যখন বান্দা নেক কাজের নিয়ত করে, তখন তার নিঃশ্বাস সুগন্ধিময় হয়। ডান দিকের ফেরেশতা বাম দিকের ফেরেশতাকে বলে: ‘থামো, সে নেক কাজের ইচ্ছা করেছে।’ যখন সে তা করে, তার জিহ্বা কলম হয়, তার লালা কালি হয় এবং তারা তা লিপিবদ্ধ করে। আর যখন সে গুনাহর ইচ্ছা করে, তখন তার নিঃশ্বাস দুর্গন্ধযুক্ত হয়। তখন বাম দিকের ফেরেশতা ডান দিকের ফেরেশতাকে বলে: ‘অপেক্ষা করো, সে গুনাহের ইচ্ছা করেছে।’ আর যখন সে তা করে, তখন তার জিহ্বা কলম হয়, তার লালা কালি হয় এবং তারা তা তার নামে লিখে ফেলে।’”","বুরুল্লাহ বুকপকেট থেকে সেই ছেঁড়া-মলাটের খাতা বের করল। শেষের দিকের একটি পাতা খুলে পড়ল: “এটাই আত্মসমালোচনার জায়গা। আর দেখো, বর্ণিত আছে, ইমাম মূসা কাযিম (আলাইহিস্ সালাম) এক হাদীসে ব্যাখ্যা করেছেন, ফেরেশতারাও মানুষের নিয়তের গন্ধ উপলব্ধি করেন। তিনি (আলাইহিস্ সালাম) বলেছেন, ‘যখন বান্দা নেক কাজের নিয়ত করে, তখন তার নিঃশ্বাস সুগন্ধিময় হয়। ডান দিকের ফেরেশতা বাম দিকের ফেরেশতাকে বলে: ‘থামো, সে নেক কাজের ইচ্ছা করেছে।’ যখন সে তা করে, তার জিহ্বা কলম হয়, তার লালা কালি হয় এবং তারা তা লিপিবদ্ধ করে। আর যখন সে গুনাহর ইচ্ছা করে, তখন তার নিঃশ্বাস দুর্গন্ধযুক্ত হয়। তখন বাম দিকের ফেরেশতা ডান দিকের ফেরেশতাকে বলে: ‘অপেক্ষা করো, সে গুনাহের ইচ্ছা করেছে।’ আর যখন সে তা করে, তখন তার জিহ্বা কলম হয়, তার লালা কালি হয় এবং তারা তা তার নামে লিখে ফেলে।’”",YES,BOUND
REF-326,10740,10853,113,EXACT,1.000,11,১১  কাজের চেয়ে নিয়ত বড়,PAGE-CHECK,"VERIFIED (six-book number + text, 2026-10-03); grade/edition per control tables",VL VERIFIED-LIVE,,"•  «ইন্নামাল আ‘মালু বিন্নিয়্যাত» — সহীহ বুখারী ১, সহীহ মুসলিম ১৯০৭ (খাতামতো); PAGE-CHECK।","•  «ইন্নামাল আ‘মালু বিন্নিয়্যাত» — সহীহ বুখারী ১, সহীহ মুসলিম ১৯০৭ (খাতামতো); PAGE-CHECK।",YES,BOUND
REF-327,10741,10854,113,EXACT,1.000,11,১১  কাজের চেয়ে নিয়ত বড়,PAGE-CHECK,CANDIDATE — PAGE-CHECK (not live-verifiable here),CAND CANDIDATE,,"•  মোহর ও ঋণের নিয়ত — মুসনাদে আহমাদ; তাবারানী, আল-মু‘জামুল আওসাত ১৮৫১ (খাতামতো); PAGE-CHECK।","•  মোহর ও ঋণের নিয়ত — মুসনাদে আহমাদ; তাবারানী, আল-মু‘জামুল আওসাত ১৮৫১ (খাতামতো); PAGE-CHECK।",YES,BOUND
REF-328,10742,10855,113,EXACT,1.000,11,১১  কাজের চেয়ে নিয়ত বড়,PAGE-CHECK,PAGE-CHECK (Shia source; edition/page lock),SPC SHIA-PAGE-CHECK,HAD-NIYYA-KAZIM,"•  ইমাম মূসা কাযিম (আলাইহিস্ সালাম): নিয়তের সুগন্ধ ও ফেরেশতা — আল-কাফী (কিতাবুল ঈমান ওয়াল কুফর, বাব «যে নেক কাজের ইচ্ছা করে») হিসেবে প্রচলিত; PAGE-CHECK।","•  ইমাম মূসা কাযিম (আলাইহিস্ সালাম): নিয়তের সুগন্ধ ও ফেরেশতা — আল-কাফী (কিতাবুল ঈমান ওয়াল কুফর, বাব «যে নেক কাজের ইচ্ছা করে») হিসেবে প্রচলিত; PAGE-CHECK।",YES,BOUND
