Claim_ID,Para_Index,Part_Guess,Chapter_Guess,Claim_Family,Tradition,Support_Class,Extraction_Precision,Books_Named,Hadith_Numbers_Guess,Quran_Refs,Flags,Ledger_Row_IDs,Is_Source_Bullet,Text,Verification_Status,Human_Decision
B1-C00001,92,,,QURAN,QURAN,QURAN_REF,HIGH,,,2:255,CITATION_BULLET|QURAN_MARKER|HADITH_WORD,,YES,•  এই অধ্যায়ে কোনো আয়াত বা হাদীস উদ্ধৃত হয়নি। আয়াতুল কুরসি (২:২৫৫) শুধু নামে।,VERIFIED,
B1-C00002,144,,০২  ওয়াশরুমের দরজা আর নামাজের কোণ,FADAK,UNSPECIFIED,NARRATIVE_ONLY,HIGH,,,,FADAK,,NO,"“খালা তো ওয়েটিং রুমে বসে ছিল, সাদিক ভাই। আমরা কেউ জানতাম না। সে নিজেও জানত না।” রাহাত একটু থামল। “খালা মা ফাতিমার শোক পালন করত। ফাদাকের শোক। রাসূলুল্লাহর শোক। সেই শোকের দিনেই দুই ডেক খাবার রান্না করল, সবাইকে ডেকে বসাল, দোয়া পড়ল, বলল, ‘খাও তোমরা।’ তারপর নিজে উঠে গেল।” গলাটা ভেঙে এল তার। “ট্রেন এসেছিল। ডাক দিয়েছিল। খালা সাড়া দিল। আল্লাহ তাকে জান্নাত নসিব করুন।”",PAGE-CHECK,
B1-C00003,157,,০২  ওয়াশরুমের দরজা আর নামাজের কোণ,QURAN,QURAN,QURAN_REF,HIGH,,,33:33,CITATION_BULLET|QURAN_MARKER,,YES,"•  কুরআন ৩৩:৩৩ (আয়াতে তাতহীর) — api.alquran.cloud-এ মেলানো, CONFIRMED। আহলুল বাইতের সাথে যুক্ত ব্যাখ্যা তাফসীরের; আয়াতে নাম নেই।",VERIFIED,
B1-C00004,199,,০৩  আমার ভেতরেও একটি বন্ধ কুঠুরি,ATTRIBUTION_ONLY,UNSPECIFIED,ATTRIBUTION_FORMULA,MEDIUM,,,,BARNITA_MARKER,REF-001,NO,"“শোন রাহাত।” গলাটা এবার নিচু, যেন কাউকে পড়ে শোনাচ্ছে। “ইমাম সাদিক (আলাইহিস্ সালাম) থেকে বর্ণিত আছে: ‘কিয়ামতের দিন হযরত মা সাইয়্যিদা ফাতিমাতুয্ যাহরা (আলাইহাস্ সালাম) ও আলী (আলাইহিস্ সালাম) এবং তাঁর অনুসারীদের আহ্বান করা হবে। তাঁরা কোনো হিসাব ছাড়াই সর্ব প্রথম জান্নাতে প্রবেশ করবে।’”",PAGE-CHECK,
B1-C00005,233,,০৩  আমার ভেতরেও একটি বন্ধ কুঠুরি,SOURCE_BLOCK_NOTE,UNSPECIFIED,NARRATIVE_ONLY,HIGH,,,,CITATION_BULLET|SUTRA_MARKER|QURAN_MARKER|HADITH_WORD,,YES,•  এই অধ্যায়ের দেখা ও শোনা রাহাতের নিজের অভিজ্ঞতা; আয়াত ও হাদীসের সূত্র নিচে।,PAGE-CHECK,
B1-C00006,234,,০৩  আমার ভেতরেও একটি বন্ধ কুঠুরি,QURAN,QURAN,QURAN_REF,HIGH,,,3:185,CITATION_BULLET|QURAN_MARKER,,YES,"•  কুরআন ৩:১৮৫ — api.alquran.cloud-এ মেলানো, CONFIRMED।",VERIFIED,
B1-C00007,235,,০৩  আমার ভেতরেও একটি বন্ধ কুঠুরি,ATTRIBUTION_ONLY,UNSPECIFIED,NO_SOURCE_STATED,MEDIUM,,,,CITATION_BULLET|PAGE_CHECK_MARKER|SUTRA_MARKER|BARNITA_MARKER,REF-002,YES,"•  ইমাম সাদিক (আলাইহিস্ সালাম) থেকে «বিনা হিসাবে প্রথম জান্নাতে» — খাতায় সূত্র নেই; «বর্ণিত আছে», PAGE-CHECK (উৎস খোঁজা বাকি; ছাপার আগে বই-খণ্ড-পৃষ্ঠা লাগবে)।",NOT_FOUND,YES
B1-C00008,323,,,SHIA_NARRATION,SHIA,NAMED_SOURCE,HIGH,al-Kafi,al-Kafi:2|al-Kafi:2,,CITATION_BULLET|PAGE_CHECK_MARKER|SHIA_BOOK|HADITH_WORD,REF-003,YES,"•  তসবিহে মা সাইয়্যিদা ফাতিমাতুয্ যাহরা (আলাইহাস্ সালাম) ৩৪-৩৩-৩৩: আল-কাফি, খণ্ড ২, কিতাবুদ দোয়া, ঘুমের আগের দোয়ার বাব (ইমাম সাদিক (আলাইহিস্ সালাম) থেকে হিশাম ইবনে সালিমের বর্ণনা) — PAGE-CHECK (হাদীস নম্বর মেলানো বাকি)।",CONFLICT,YES
B1-C00009,324,,,SOURCE_BLOCK_NOTE,UNSPECIFIED,NARRATIVE_ONLY,HIGH,,,,CITATION_BULLET,,YES,"•  দরুদ দিনে ৩৬০ বার: উস্তাদ আল-মালিকের অভিজ্ঞতা (S-148, S-149) — রুহানি শিক্ষা, কোনো কিতাবি দাবি নয়।",PAGE-CHECK,
B1-C00010,399,,"০৫  ধন-সম্পদ, অভাব আর দানের পরীক্ষা",QURAN,QURAN,QURAN_REF,HIGH,,,8:28,CITATION_BULLET|QURAN_MARKER,,YES,•  কুরআন ৮:২৮ (ধন-সম্পদ ও সন্তান পরীক্ষা) — CONFIRMED (api.alquran.cloud)।,VERIFIED,
B1-C00011,400,,"০৫  ধন-সম্পদ, অভাব আর দানের পরীক্ষা",QURAN,QURAN,QURAN_REF,HIGH,,,2:261,CITATION_BULLET|QURAN_MARKER,,YES,"•  কুরআন ২:২৬১ (সাত শীষ, একশত দানা) — CONFIRMED (api.alquran.cloud)।",VERIFIED,
B1-C00012,401,,"০৫  ধন-সম্পদ, অভাব আর দানের পরীক্ষা",SUNNI_NARRATION,SUNNI,NAMED_SOURCE,HIGH,Jami_al-Tirmidhi,,,CITATION_BULLET|PAGE_CHECK_MARKER|SUNNI_BOOK,REF-004,YES,"•  «সাদাকাহ গুনাহ নিভিয়ে দেয়, যেমন পানি আগুন» — তিরমিযিতে বর্ণিত বলে প্রচলিত; PAGE-CHECK (নম্বর মেলানো বাকি, ছাপায় নম্বর ছাড়া)।",CONFLICT,YES
B1-C00013,434,,০৬  “জানি না” বলার সাহস,SHIA_NARRATION,SHIA,NAMED_SOURCE,HIGH,al-Kafi,,,SHIA_BOOK,,NO,‘সে অস্বীকার করলো ও অহংকার করলো এবং কাফিরদের অন্তর্ভুক্ত হলো।’,EDITION-LOCK,YES
B1-C00014,465,,০৬  “জানি না” বলার সাহস,PROSE_ATTRIBUTION,UNSPECIFIED,NARRATIVE_ONLY,LOW,,,,RASUL_SAID,,NO,"রাসূলুল্লাহ ﷺ বলেন— ‘কোনো আলেমকে ভালোবেসে তার চেহারার দিকে তাকানো ইবাদত।’ ইমাম আস-সাদিক (আলাইহিস্ সালাম)-এর কাছে যখন আলেমের চেহারায় তাকানো ইবাদতের ব্যাপারে প্রশ্ন করা হলো, তিনি বলেছেন— ‘একজন আলেম সেই ব্যক্তি, যার দিকে তাকালে সে তোমাকে পরকালের কথা স্মরণ করিয়ে দেয়। আর যদি সে ঐ রকম না হয়, তবে তার দিকে তাকানো একটি পরীক্ষা।’”",PAGE-CHECK,
B1-C00015,469,,০৬  “জানি না” বলার সাহস,SUNNI_NARRATION,SUNNI,NAMED_SOURCE,HIGH,Sahih_Muslim,,,SUNNI_BOOK|HADITH_WORD|RASUL_SAID,,NO,"বুরুল্লাহ উঠে দাঁড়াতে দাঁড়াতে বলল, “রাসূলুল্লাহ ﷺ বলেছেন— ‘জ্ঞান অর্জন করো, যদিও তা চীনের মতো দূর দেশেই হোক। প্রত্যেক মুসলমানের ওপর জ্ঞান অর্জন করা ফরজ।’ আরেক বর্ণনায়— ‘জ্ঞান অর্জন করা প্রত্যেক মুসলিম—পুরুষ ও নারীর—উপর ফরয।’ ঐ একই হাদীসে আরো আছে: ‘যে অপাত্রে জ্ঞান প্রদান করে, সে যেন শুকরের গলায় মণিমুক্তা ও সোনার হার পরিয়ে দেয়।’ তাই সেই জ্ঞান তখনই সুফল দেয়, যখন আত্মা হয় তওবার জলে শীতল, আর হৃদয় হয় বিনয়ের আলোয় উন্মুক্ত।”",PAGE-CHECK,
B1-C00016,501,,,QURAN,QURAN,QURAN_REF,HIGH,,,18:50|17:36|2:34|7:12|2:269,CITATION_BULLET|QURAN_MARKER,,YES,"•  কুরআন ১৮:৫০ (ইবলিস জিনদের একজন), ১৭:৩৬, ২:৩৪, ৭:১২, ২:২৬৯ — সব CONFIRMED (api.alquran.cloud)।",VERIFIED,
B1-C00017,502,,,SUNNI_NARRATION,SUNNI,NAMED_SOURCE,HIGH,Sunan_Ibn_Majah,Sunan_Ibn_Majah:2198|Sunan_Ibn_Majah:2198|HADITH:2198,,CITATION_BULLET|PAGE_CHECK_MARKER|SUTRA_MARKER|SUNNI_BOOK|HADITH_WORD,REF-005,YES,"•  কুঠার কিনে দেওয়ার ঘটনা: সুনানে ইবনে মাজাহ, কিতাবুত তিজারাত, হাদীস ২১৯৮ — খাতার সূত্র; PAGE-CHECK।",CONFLICT,YES
B1-C00018,503,,,ATTRIBUTION_ONLY,UNSPECIFIED,ATTRIBUTION_FORMULA,MEDIUM,,,,CITATION_BULLET|BARNITA_MARKER,REF-006,YES,"•  চারবার বিয়ের ঘটনা — «বর্ণিত আছে»; উৎস খোঁজা বাকি, ছাপায় বইয়ের নাম ছাড়া।",PAGE-CHECK,
B1-C00019,504,,,ATTRIBUTION_ONLY,UNSPECIFIED,ATTRIBUTION_FORMULA,MEDIUM,,,,CITATION_BULLET|PAGE_CHECK_MARKER|BARNITA_MARKER,REF-007,YES,"•  ইমাম আলী (আলাইহিস্ সালাম)-এর «তিন মিসকিন» ও «সমালোচনায় আনন্দ» বাণী — «বর্ণিত আছে», PAGE-CHECK।",PAGE-CHECK,
B1-C00020,505,,,SOURCE_BLOCK_NOTE,UNSPECIFIED,NARRATIVE_ONLY,HIGH,,,,CITATION_BULLET|PAGE_CHECK_MARKER,REF-008,YES,•  «আলেমের চেহারার দিকে তাকানো ইবাদত» ও ইমাম সাদিক (আলাইহিস্ সালাম)-এর ব্যাখ্যা — PAGE-CHECK।,PAGE-CHECK,
B1-C00021,506,,,SUNNI_NARRATION,SUNNI,NAMED_SOURCE,HIGH,Sunan_Ibn_Majah,,,CITATION_BULLET|PAGE_CHECK_MARKER|SUNNI_BOOK,REF-009,YES,•  «জ্ঞান অর্জন ফরজ… শুকরের গলায় মণিমুক্তা» — সুনানে ইবনে মাজাহ (মুকাদ্দিমা) বলে প্রচলিত; «চীন» অংশ দুর্বল সনদের বলে আলেমদের মত। PAGE-CHECK।,PAGE-CHECK,
B1-C00022,507,,,SOURCE_BLOCK_NOTE,UNSPECIFIED,NARRATIVE_ONLY,HIGH,,,,CITATION_BULLET,,YES,•  এই অধ্যায়ের স্বপ্নের ইশারা ও দরুদ দিনে ৩৬০ বার — উস্তাদের রুহানি শিক্ষা (S-148)।,PAGE-CHECK,
B1-C00023,542,,০৭  জুমার খুতবায় যা বলা হলো না,PROSE_ATTRIBUTION,UNSPECIFIED,NARRATIVE_ONLY,LOW,,,,RASUL_SAID,,NO,"রাহাত নিজেই খুতবাটি বয়ে আনল হৃদয় থেকে, বলল: “রাসূলুল্লাহ ﷺ বলেছেন: ‘আমি যাহার মাওলা, আলীও তাহার মাওলা।’ তিনি আরও ঘোষণা করেছেন: ‘হাসান ও হুসাইন (আলাইহিস্ সালাম) বেহেশতের যুবকদের নেতা।’ এবং সেই মহীয়সী নারী—নবীর প্রাণপ্রিয় অংশ, যাঁর জন্য রাসূলুল্লাহ ﷺ অশ্রু ফেলেছেন, যিনি জান্নাতের নারীদের নেত্রী—মা সাইয়্যিদা ফাতিমাতুয্ যাহরা (আলাইহাস্ সালাম)।”",PAGE-CHECK,
B1-C00024,576,,০৭  জুমার খুতবায় যা বলা হলো না,SUNNI_NARRATION,SUNNI,NAMED_SOURCE,HIGH,Jami_al-Tirmidhi,,,SUNNI_BOOK,,NO,"আমি এঁটো হাত ধুয়ে ফোনে নোট খুললাম। “তিরমিযিতে আছে। ‘আমি যার মাওলা, আলীও তার মাওলা’, ‘হাসান-হুসাইন জান্নাতের যুবকদের নেতা’, ‘হুসাইন আমার থেকে, আমি হুসাইন থেকে’। নম্বর তোমার খাতায় লিখে দেব।”",PAGE-CHECK,
B1-C00025,584,,০৭  জুমার খুতবায় যা বলা হলো না,SOURCE_BLOCK_NOTE,UNSPECIFIED,NARRATIVE_ONLY,HIGH,,,,CITATION_BULLET|QURAN_MARKER|HADITH_WORD,,YES,"•  খাতা ¶১৩১৭–১৩২৫-এর আয়াত-হাদীস অংশ (দৃশ্য থেকে সরানো, হুবহু):",PAGE-CHECK,
B1-C00026,585,,০৭  জুমার খুতবায় যা বলা হলো না,QURAN,QURAN,QURAN_REF,HIGH,,,33:33,CITATION_BULLET|QURAN_MARKER,,YES,"•  কুরআন ৩৩:৩৩ — «إِنَّمَا يُرِيدُ ٱللَّهُ لِيُذْهِبَ عَنكُمُ ٱلرِّجْسَ أَهْلَ ٱلْبَيْتِ وَيُطَهِّرَكُمْ تَطْهِيرًۭا» — “নিশ্চয়ই আল্লাহ চান, হে আহলুল বাইত, যেন তিনি তোমাদের থেকে অপবিত্রতা দূর করেন এবং তোমাদের সম্পূর্ণরূপে পবিত্র করে দেন।” CONFIRMED (api.alquran.cloud)।",VERIFIED,
B1-C00027,586,,০৭  জুমার খুতবায় যা বলা হলো না,SUNNI_NARRATION,SUNNI,NAMED_SOURCE,HIGH,Jami_al-Tirmidhi,Jami_al-Tirmidhi:3775|Jami_al-Tirmidhi:3775,,CITATION_BULLET|PAGE_CHECK_MARKER|SUTRA_MARKER|SUNNI_BOOK,REF-010,YES,"•  «হুসাইন আমার অংশ, আর আমি হুসাইনের অংশ। যে হুসাইনকে ভালোবাসে, আল্লাহ তাকে ভালোবাসেন।» — জামে তিরমিযি ৩৭৭৫ (খাতার সূত্র); PAGE-CHECK।",CONFLICT,YES
B1-C00028,587,,০৭  জুমার খুতবায় যা বলা হলো না,SUNNI_NARRATION,SUNNI,NAMED_SOURCE,HIGH,Jami_al-Tirmidhi|Musnad_Ahmad|Mustadrak_al-Hakim,Jami_al-Tirmidhi:3786|Jami_al-Tirmidhi:3786|Musnad_Ahmad:3786|Musnad_Ahmad:3786|Musnad_Ahmad:3786|Musnad_Ahmad:3786,,CITATION_BULLET|BARNITA_MARKER|SUNNI_BOOK|HADITH_WORD,REF-011,YES,"•  «আমার আহলুল বাইত হচ্ছে নূহ (আলাইহিস্ সালাম)-এর নৌকার মতো। যারা এতে চড়ে, তারা নাজাত পায়; যারা বিমুখ হয়, তারা ডুবে যায়।» — খাতায় «মুসনাদে আহমদ ৩৭৮৬»; এই নম্বর সন্দেহজনক (তিরমিযি ৩৭৮৬ সাকালাইনের হাদীস)। PRINT BLOCKED নম্বরটি; ছাপায় «বর্ণিত আছে» যতক্ষণ সঠিক উৎস (হাকিম/তাবারানি) মেলানো না হয়।",CONFLICT,YES
B1-C00029,588,,০৭  জুমার খুতবায় যা বলা হলো না,SUNNI_NARRATION,SUNNI,NAMED_SOURCE,HIGH,Jami_al-Tirmidhi,Jami_al-Tirmidhi:3713|Jami_al-Tirmidhi:3713|Jami_al-Tirmidhi:3768|Jami_al-Tirmidhi:3768,,CITATION_BULLET|PAGE_CHECK_MARKER|SUTRA_MARKER|SUNNI_BOOK,REF-012,YES,"•  «আমি যার মাওলা, আলীও তার মাওলা» — জামে তিরমিযি ৩৭১৩; «হাসান ও হুসাইন জান্নাতের যুবকদের নেতা» — জামে তিরমিযি ৩৭৬৮ (খাতার সূত্র); PAGE-CHECK।",CONFLICT,YES
B1-C00030,627,,০৮  রাসূলুল্লাহ ﷺ-এর পরে ইমামত কেন?,SUNNI_NARRATION,SUNNI,NAMED_SOURCE,HIGH,Sahih_Muslim,,,SUNNI_BOOK,,NO,"“যে হৃদয় নিঃশেষ আত্মসমর্পণে আল্লাহর প্রেমে নিজেকে বিলিয়ে দেয়, সে দেহের কারাগার ভেঙে মুক্ত বিহঙ্গের মতো উড়ে চলে অনন্ত আলোর রাজ্যে। তার আত্মা ভেসে চলে এক বিশুদ্ধ নিসর্গে— যেখানে কেবল প্রভুর দীপ্তি, ভালোবাসা আর অন্তহীন প্রশান্তি প্রবাহিত। সে হয়ে ওঠে মাটির সেই নিঃশব্দ প্রদীপ, যেখানে প্রভুর নূরের শিখা অনন্তকাল জ্বলতে থাকে— কখনও নিভে না, কখনও ম্লান হয় না। তাই এসো— আমরা বাহ্যিক পরিচয়ের খোলস ভেঙে, আত্মাকে সত্যের অনন্ত আলোকধারায় স্নান করাই— যাতে মৃত্যুর নিস্তব্ধ মুহূর্তেও, শুভ্র কাফনের মৌনতার মধ্যে থেকে আমাদের আত্মা বলে ওঠে: ‘আমরা মুসলিম ছিলাম—শুধু নামে নয়, বরং আত্মায়, বিশ্বাসে, প্রেমে এবং নিরবিচ্ছিন্ন সমর্পণে।’”",PAGE-CHECK,
B1-C00031,648,,০৮  রাসূলুল্লাহ ﷺ-এর পরে ইমামত কেন?,SOURCE_BLOCK_NOTE,UNSPECIFIED,NARRATIVE_ONLY,HIGH,,,,CITATION_BULLET|SUTRA_MARKER|QURAN_MARKER,,YES,•  এই অধ্যায়ের দেখা ও শোনা তাহারা সেন্টারের রুহানি অভিজ্ঞতা; আয়াতের সূত্র নিচে।,PAGE-CHECK,
B1-C00032,649,,০৮  রাসূলুল্লাহ ﷺ-এর পরে ইমামত কেন?,QURAN,QURAN,QURAN_REF,HIGH,,,2:124,CITATION_BULLET|QURAN_MARKER,,YES,•  কুরআন ২:১২৪ — CONFIRMED (api.alquran.cloud)।,VERIFIED,
B1-C00033,650,,০৮  রাসূলুল্লাহ ﷺ-এর পরে ইমামত কেন?,SOURCE_BLOCK_NOTE,UNSPECIFIED,NARRATIVE_ONLY,HIGH,,,,CITATION_BULLET,,YES,•  নাবুয়্যাত-ইমামত ও মা সাইয়্যিদা ফাতিমাতুয্ যাহরা (আলাইহাস্ সালাম)-এর মর্যাদা নিয়ে বুরুল্লাহর কথা জনির খাতার শিক্ষা; কোনো কিতাবি উদ্ধৃতি দাবি করা হয়নি।,PAGE-CHECK,
B1-C00034,700,,০৯  মা সাইয়্যিদা ফাতিমাতুয্ যাহরা (আলাইহাস্ সালাম)-কে কেন জানতে হবে,QURAN,QURAN,QURAN_REF,HIGH,,,35:19,CITATION_BULLET|QURAN_MARKER,,YES,"•  খাতার আরবি (দৃশ্য থেকে সরানো, হুবহু): «وَمَا یَسْتَوِی الْاَعْمٰی وَالْبَصِیْرُ، وَلَا الظُّلُمٰتُ وَلَا النُّوْرُ، وَلَا الظِّلُّ وَلَا الْحَرُوْرُ، وَمَا یَسْتَوِی الْاَحْیَآءُ وَلَا الْاَمْوَاتُ» — কুরআন ৩৫:১৯–২২, CONFIRMED (api.alquran.cloud)।",VERIFIED,
B1-C00035,701,,০৯  মা সাইয়্যিদা ফাতিমাতুয্ যাহরা (আলাইহাস্ সালাম)-কে কেন জানতে হবে,QURAN,QURAN,QURAN_REF,HIGH,,,22:46,CITATION_BULLET|QURAN_MARKER,,YES,"•  «فَاِنَّهَا لَا تَعْمَی الْاَبْصَارُ وَلٰكِنْ تَعْمَی الْقُلُوْبُ الَّتِیْ فِی الصُّدُوْرِ» — কুরআন ২২:৪৬, CONFIRMED (api.alquran.cloud)।",VERIFIED,
B1-C00036,702,,০৯  মা সাইয়্যিদা ফাতিমাতুয্ যাহরা (আলাইহাস্ সালাম)-কে কেন জানতে হবে,QURAN,QURAN,QURAN_REF,HIGH,,,35:19,CITATION_BULLET|QURAN_MARKER,,YES,•  ৩৫:১৯–২২ এখানে আলো-অন্ধকারের উপমা হিসেবে; আয়াতে মা সাইয়্যিদা (আলাইহাস্ সালাম)-এর নাম নেই।,VERIFIED,
B1-C00037,753,,১০  ফয়সালের ভোরের স্বপ্ন,SOURCE_BLOCK_NOTE,UNSPECIFIED,NARRATIVE_ONLY,HIGH,,,,CITATION_BULLET|SUTRA_MARKER|HADITH_WORD,,YES,"•  এই অধ্যায়ের স্বপ্ন ফয়সালের রুহানি অভিজ্ঞতা, স্বপ্ন-সাক্ষ্য; এতে কোনো হাদীস-সূত্র দাবি করা হয়নি।",PAGE-CHECK,
B1-C00038,825,,১১  শুনেছি মানেই কি জেনেছি?,SUNNI_NARRATION,SUNNI,NAMED_SOURCE,HIGH,Sunan_Abu_Dawud,Sunan_Abu_Dawud:5021|Sunan_Abu_Dawud:5021,,CITATION_BULLET|PAGE_CHECK_MARKER|SUNNI_BOOK|HADITH_WORD,REF-013,YES,"•  «যে স্বপ্নে আমাকে দেখল সে সত্যিই আমাকে দেখল» ও স্বপ্নের তিন প্রকার — শ্রোতা ০৪-এ «আবু দাউদ, হাদিস : ৫০২১»; PAGE-CHECK।",CONFLICT,YES
B1-C00039,826,,১১  শুনেছি মানেই কি জেনেছি?,QURAN,QURAN,QURAN_REF,HIGH,,,29:45|2:183|9:103,CITATION_BULLET|QURAN_MARKER,,YES,"•  কুরআন ২৯:৪৫, ২:১৮৩, ৯:১০৩ — CONFIRMED (api.alquran.cloud)।",VERIFIED,
B1-C00040,827,,১১  শুনেছি মানেই কি জেনেছি?,ATTRIBUTION_ONLY,UNSPECIFIED,ATTRIBUTION_FORMULA,MEDIUM,,,,CITATION_BULLET|PAGE_CHECK_MARKER|SUTRA_MARKER|BARNITA_MARKER,REF-014,YES,"•  চিট লিস্টের বাণীগুলো (চিন্তাহীন ইবাদত, জ্ঞানার্জন-শিক্ষাদান, চার ব্যক্তির পুরস্কার) — শ্রোতা ০৪-এ সূত্র ছাড়া; «বর্ণিত আছে», PAGE-CHECK।",PAGE-CHECK,
B1-C00041,828,,১১  শুনেছি মানেই কি জেনেছি?,SOURCE_BLOCK_NOTE,UNSPECIFIED,NARRATIVE_ONLY,HIGH,,,,CITATION_BULLET,REF-015,YES,•  খাঁজা মঈন উদ্দিন চিশতী (রহঃ)-এর কবিতা — শ্রোতা ০৪-এর উদ্ধৃতি; উৎস মেলানো বাকি।,PAGE-CHECK,
B1-C00042,903,,১২  জানা কি আমাকে বদলেছে?,SOURCE_BLOCK_NOTE,UNSPECIFIED,NARRATIVE_ONLY,HIGH,,,,CITATION_BULLET|SUTRA_MARKER|HADITH_WORD,,YES,"•  এই অধ্যায়ের স্বপ্ন ফয়সালের রুহানি অভিজ্ঞতা, স্বপ্ন-সাক্ষ্য; কোনো হাদীস-সূত্র দাবি করা হয়নি।",PAGE-CHECK,
B1-C00043,1029,,,QURAN,QURAN,QURAN_REF,HIGH,,,51:56,CITATION_BULLET|QURAN_MARKER,,YES,•  সূরা আয-যারিয়াত ৫১:৫৬ — api.alquran.cloud — CONFIRMED।,VERIFIED,
B1-C00044,1030,,,ATTRIBUTION_ONLY,UNSPECIFIED,ATTRIBUTION_FORMULA,MEDIUM,,,,CITATION_BULLET|PAGE_CHECK_MARKER|BARNITA_MARKER,REF-016,YES,•  «চিন্তাসহ দুই রাকাত সারা রাতের নফলের চেয়ে উত্তম» ও «দোয়া সর্বোচ্চ ইবাদত» — শ্রোতা ০৪-এ জনির নোট; মূল কিতাবের পৃষ্ঠা মেলানো হয়নি — «বর্ণিত আছে» / PAGE-CHECK।,CONFLICT,YES
B1-C00045,1031,,,SOURCE_BLOCK_NOTE,UNSPECIFIED,NARRATIVE_ONLY,HIGH,,,,CITATION_BULLET|SUTRA_MARKER|HADITH_WORD,,YES,•  «পাঁচ শর্ত» — বুরুল্লাহর মুখে «এক আলেমের» কথা হিসেবে; কোনো হাদীস-সূত্র দাবি করা হয়নি।,PAGE-CHECK,
B1-C00046,1052,,০২  আসলে ইবাদত বলতে কী বোঝায়?,SUNNI_NARRATION,SUNNI,NAMED_SOURCE,HIGH,Sahih_Muslim,,,QURAN_MARKER|SUNNI_BOOK,,NO,"ইসলাম অর্থ ‘আত্মসমর্পন।’ ইসলাম আরবী শব্দ যার অর্থ “আনুগত্য করা বা আত্মসমর্পন করা”। স্রষ্টার ইচ্ছার কাছে নিজেকে আত্মসমর্পন করা ও তার আনুগত্য করা। কুরআন ও সুন্নাহর পরিভাষায় নিজের ইচ্ছা, খায়েশ তথা নিজেকে, আল্লাহ ও তার পক্ষ থেকে প্রেরিত রাসূলুল্লাহ ﷺ-এর প্রতি প্রেরিত সকল বিধানের কাছে নিজেকে সমর্পন করার নামই ইসলাম। আর এরকম যে নিজেকে আল্লাহ ও তার সকল বিধানের কাছে সমর্পন করে তার নাম মুসলিম। মুসলিম অর্থ ‘আত্মসমর্পনকারী।’",PAGE-CHECK,
B1-C00047,1093,,০২  আসলে ইবাদত বলতে কী বোঝায়?,QURAN,QURAN,QURAN_REF,HIGH,,,21:105,CITATION_BULLET|QURAN_MARKER,,YES,•  সূরা আল-আম্বিয়া ২১:১০৫ — api.alquran.cloud — CONFIRMED (অনুবাদ জনির খাতার)।,VERIFIED,
B1-C00048,1094,,০২  আসলে ইবাদত বলতে কী বোঝায়?,SOURCE_BLOCK_NOTE,UNSPECIFIED,NARRATIVE_ONLY,HIGH,,,,CITATION_BULLET|PAGE_CHECK_MARKER,REF-017,YES,"•  ইমাম মাহদী (আলাইহিস্ সালাম)-এর আবির্ভাবে প্রতিশ্রুতির পূর্ণতা — জনির ব্যাখ্যা, তাফসীরের পৃষ্ঠা মেলানো হয়নি — PAGE-CHECK।",PAGE-CHECK,
B1-C00049,1095,,০২  আসলে ইবাদত বলতে কী বোঝায়?,SOURCE_BLOCK_NOTE,UNSPECIFIED,NARRATIVE_ONLY,HIGH,,,,CITATION_BULLET|HADITH_WORD,,YES,"•  «ইসলাম» শব্দের অর্থ (আত্মসমর্পণ) — শ্রোতা ০৪-এ জনির নোট; ভাষাগত ব্যাখ্যা, হাদীস-দাবি নয়।",PAGE-CHECK,
B1-C00050,1109,,০৩  ইবলিস চিনেও কেন সিজদা করল না,ATTRIBUTION_ONLY,UNSPECIFIED,ATTRIBUTION_FORMULA,MEDIUM,,,,BARNITA_MARKER,REF-018,NO,"“ইবাদতের সত্য পথে বাধা হয়ে দাঁড়ায় শয়তান, যে অহংকারের অন্ধকারে ডুবে গিয়ে সত্যকে অস্বীকার করেছে। বর্ণিত আছে, যখন আল্লাহ ইবলিসকে আদম (আলাইহিস্ সালাম)-কে সিজদা করতে আদেশ দিলেন, তখন সে অহংকারে ফেটে পড়ে বলল—",PAGE-CHECK,
B1-C00051,1148,,০৩  ইবলিস চিনেও কেন সিজদা করল না,SUNNI_NARRATION,SUNNI,NAMED_SOURCE,HIGH,Sahih_Muslim,,,SUNNI_BOOK,,NO,"“এখন যুদ্ধের ময়দান বইয়ের পাতায়, ইউটিউবের স্ক্রিপ্টে,” বুরুল্লাহ বলল, “বক্তৃতার শব্দে, ফেসবুকের স্ট্যাটাসে, পাঠ্যবইয়ের লাইনে, নাটকের সংলাপে। এখনকার শত্রু বললো না ‘মুসলিম হওয়া বাদ দাও’, বললো— ‘তোমার ধর্ম নিয়ে একটু আধুনিক হও!’ এই আধুনিকতার মুখোশের নিচে লুকানো থাকে শয়তানের পুরাতন ছোবল। শয়তান এখন ইউটিউব, ফেসবুকে।”",PAGE-CHECK,
B1-C00052,1172,,০৩  ইবলিস চিনেও কেন সিজদা করল না,QURAN,QURAN,QURAN_REF,HIGH,,,7:12,CITATION_BULLET|PAGE_CHECK_MARKER|BARNITA_MARKER|QURAN_MARKER,REF-019,YES,•  ইবলিসের সিজদা-অস্বীকার: সূরা আল-আ'রাফ ৭:১২ — api.alquran.cloud — CONFIRMED। «সর্বত্র সেজদার প্রস্তাব» — তাফসীরের বর্ণনা; মূল বই-পৃষ্ঠা মেলানো হয়নি — «বর্ণিত আছে» / PAGE-CHECK।,CONFLICT,YES
B1-C00053,1173,,০৩  ইবলিস চিনেও কেন সিজদা করল না,ATTRIBUTION_ONLY,UNSPECIFIED,ATTRIBUTION_FORMULA,MEDIUM,,,,CITATION_BULLET|BARNITA_MARKER,REF-020,YES,•  শো'বার কাহিনী — শ্রোতা ০৪-এ জনির নোট; মূল উৎস মেলানো হয়নি — «বর্ণিত আছে»।,PAGE-CHECK,
B1-C00054,1174,,০৩  ইবলিস চিনেও কেন সিজদা করল না,QURAN,QURAN,QURAN_REF,HIGH,,,18:50,CITATION_BULLET|QURAN_MARKER,,YES,•  শো'বার কাহিনীর «শয়তানের বংশধর»-এর আয়াত: সূরা আল-কাহফ ১৮:৫০ («أَفَتَتَّخِذُونَهُ وَذُرِّيَّتَهُ أَوْلِيَاءَ») — api.alquran.cloud — CONFIRMED (REV1)।,VERIFIED,
B1-C00055,1248,,০৪  ‘পরে করব’ বলার ফাঁদ,QURAN,QURAN,QURAN_REF,HIGH,,,14:22,CITATION_BULLET|QURAN_MARKER,,YES,"•  সূরা ইবরাহীম ১৪:২২ (শয়তানের ভাষণ, «فلا تلوموني ولوموا أنفسكم», «ما أنا بمصرخكم», «إن الظالمين لهم عذاب أليم») — api.alquran.cloud — CONFIRMED। দৃশ্যের মানুষগুলোর সংলাপ জনির কল্পনা-দৃশ্য, আয়াতের ব্যাখ্যা।",VERIFIED,
B1-C00056,1249,,০৪  ‘পরে করব’ বলার ফাঁদ,SOURCE_BLOCK_NOTE,UNSPECIFIED,NARRATIVE_ONLY,HIGH,,,,CITATION_BULLET|HADITH_WORD,,YES,•  «সিনেমার টিকিট/মসজিদের ডাক» — শ্রোতা ০৪-এ জনির নোট; হাদীস-দাবি নয়।,PAGE-CHECK,
B1-C00057,1333,,,QURAN,QURAN,QURAN_REF,HIGH,,,2:2|13:28|107:4,CITATION_BULLET|QURAN_MARKER,,YES,"•  সূরা আল-বাকারা ২:২, সূরা আর-রা'দ ১৩:২৮, সূরা আল-মাউন ১০৭:৪–৫ — api.alquran.cloud — CONFIRMED।",VERIFIED,
B1-C00058,1334,,,SHIA_NARRATION,SHIA,NAMED_SOURCE,HIGH,al-Kafi,,,CITATION_BULLET|PAGE_CHECK_MARKER|SHIA_BOOK,REF-021,YES,"•  ইমাম বাকির (আলাইহিস্ সালাম): «من كان لله مطيعا فهو لنا ولي… وما تنال ولايتنا إلا بالعمل والورع» — আল-কাফি, কিতাবুল ঈমান ওয়াল কুফর, বাবুত তাআ ওয়াত তাকওয়া — PAGE-CHECK (খণ্ড-পৃষ্ঠা মেলানো বাকি)।",EDITION-LOCK,YES
B1-C00059,1335,,,SUNNI_NARRATION,SUNNI,NAMED_SOURCE,HIGH,Sahih_Muslim,,,CITATION_BULLET|SUNNI_BOOK,REF-022,YES,•  «الجنة طيبة لا يدخلها إلا الطيب» — উৎস মেলেনি; «সহিহ মুসলিম» নাম PRINT BLOCKED।,PAGE-CHECK,
B1-C00060,1336,,,SOURCE_BLOCK_NOTE,UNSPECIFIED,NARRATIVE_ONLY,HIGH,,,,CITATION_BULLET,,YES,"•  ২০১৪-এর চাঁদ: ২৮ জুন সন্ধ্যায় দেখা, ১ রমজান = ২৯ জুন (STORY_LOCKS, S-173)।",PAGE-CHECK,
B1-C00061,1423,,,SUNNI_NARRATION,SUNNI,NAMED_SOURCE,HIGH,Sahih_Muslim,,,QURAN_MARKER|SUNNI_BOOK,,NO,"“ইমাম জাফর আস-সাদিক (আলাইহিস্ সালাম)-কে মুহাম্মাদ ইবনে মুসলিম জিজ্ঞেস করেছিলেন, ‘সাবআ মাসানি আর মহান কুরআন, এটা কি ফাতিহা?’ ইমাম বললেন, ‘হ্যাঁ।’ তিনি আবার জিজ্ঞেস করলেন, ‘বিসমিল্লাহির রাহমানির রাহিম কি এই সাতের একটি?’ ইমাম বললেন—”",PAGE-CHECK,
B1-C00062,1442,,,ATTRIBUTION_ONLY,UNSPECIFIED,ATTRIBUTION_FORMULA,MEDIUM,,,,BARNITA_MARKER|QURAN_MARKER,REF-023,NO,"“নিজেরাই। তাঁরা জানতেন, বিসমিল্লাহ ছাড়লে নামাজের একটা অংশ চুরি হয়ে যায়।” বুরুল্লাহ একটু থামল। “ইমাম মুহাম্মাদ আল-বাকির (আলাইহিস্ সালাম)-এর একটি কথা তাফসীরের কিতাবে বর্ণিত আছে: ‘তারা আল্লাহর কিতাবের সবচেয়ে সম্মানিত আয়াত চুরি করেছে, বিসমিল্লাহির রাহমানির রাহিম।’”",CONFLICT,YES
B1-C00063,1445,,,SHIA_NARRATION,SHIA,NAMED_SOURCE,HIGH,al-Kafi,,,BARNITA_MARKER|SHIA_BOOK|HADITH_WORD,REF-024,NO,"“আল-কাফিতে ইমাম সাদিক (আলাইহিস্ সালাম) থেকে আছে, বিসমিল্লাহর ‘বা’ হলো আল্লাহর ‘বাহা’, তাঁর সৌন্দর্য, তাঁর জ্যোতি। এটা হাদিস।” সে গলা নামাল। “আর আমাদের বুজুর্গদের মুখে শুনেছি, বর্ণিত আছে, সেই ‘বা’-এর নিচের বিন্দু হলেন আলী (আলাইহিস্ সালাম)। এটা হাদিসের কিতাবের কথা নয়, রাকিকা। এটা হৃদয়ের কথা। আমি যখন বিসমিল্লাহ পড়ি, ‘বা’-তে এসে আমার হৃদয় একটু থামে। মনে হয়, আল্লাহর সৌন্দর্যের দরজায় দাঁড়িয়ে আছি, আর দরজার চৌকাঠে কে দাঁড়িয়ে আছেন, আমি জানি।”",CONFLICT,YES
B1-C00064,1464,,,ATTRIBUTION_ONLY,UNSPECIFIED,ATTRIBUTION_FORMULA,MEDIUM,,,,BARNITA_MARKER|RASUL_SAID,REF-025,NO,"“হাসার মতোই শব্দ,” বুরুল্লাহও হাসল। “কিন্তু কথাটা কাঁদার মতো। বর্ণিত আছে, রাসূলুল্লাহ ﷺ বলেছেন: হে আমার উম্মতীরা তোমরা আমার উপর লেজ কাটা দরূদ পড়বে না। তখন সাহাবীরা বলল লেজকাটা দরূদ কি? তখন রাসূলুল্লাহ ﷺ বললেন, ‘আল্লাহুম্মা সাল্লে আলা মুহাম্মাদ’ বলে থেমে যাবে না। ‘আল্লাহুম্মা সাল্লে আলা মুহাম্মাদ ওয়া আলে মুহাম্মাদ’ পুরাটা বলবে। আমার সাথে আমার ‘আ’ল’ আহলুল বাইতকে সবসময় সংযুক্ত রাখবে। সাহাবারা জিজ্ঞেস করলেন, ইয়া রাসূলুল্লাহ ﷺ আপনার ‘আ’ল’ আহলুল বাইত, কারা? রাসূলুল্লাহ ﷺ বললেন, আলী, ফাতেমা, হাসান, ও হোসেইন, তিনি আরো বলেন, আল্লাহর কসম যার হস্তে আমার জীবন, যে ব্যক্তি আমার আহলুল বাইতকে শত্রু মনে করবে, সে জাহান্নামী।”",CONFLICT,YES
B1-C00065,1465,,,SHIA_NARRATION,SHIA,NAMED_SOURCE,HIGH,al-Kafi,,,SHIA_BOOK,,NO,"“আল-কাফিতেও আছে,” সে যোগ করল। “ইমাম সাদিক (আলাইহিস্ সালাম) বলেছেন, তাঁর আব্বা ইমাম বাকির (আলাইহিস্ সালাম) কাবার গিলাফ ধরে থাকা এক লোককে শুনলেন, সে বলছে শুধু ‘আল্লাহুম্মা সাল্লি আলা মুহাম্মাদ’। ইমাম তাকে বললেন, ‘হে আল্লাহর বান্দা, একে কেটে ফেলো না। আমাদের হক নষ্ট করো না। বলো: আল্লাহুম্মা সাল্লি আলা মুহাম্মাদিন ওয়া আহলি বাইতিহী।’”",EDITION-LOCK,YES
B1-C00066,1519,,,SHIA_NARRATION,SHIA,NAMED_SOURCE,HIGH,al-Kafi,,,SHIA_BOOK,,NO,"“আল-কাফিতে ইমাম বাকির (আলাইহিস্ সালাম)-এর একটা কথা আছে,” বুরুল্লাহ বলল, যেন রাহাতের মনের কথা শুনে ফেলেছে। “ইমাম বলেছেন, কেউ যদি সারা রাত নামাজে দাঁড়িয়ে থাকে, সারা দিন রোযা রাখে, সব সম্পদ দান করে দেয়, সারা জীবন হজ করে, কিন্তু আল্লাহর ওলীর বেলায়াত না চেনে, তাঁকে ভালোবেসে অনুসরণ না করে, তার সব আমল তাঁর দেখানো পথে না হয়, তাহলে আল্লাহর কাছে তার সওয়াবের কোনো হক থাকে না।”",EDITION-LOCK,YES
B1-C00067,1531,,,SHIA_NARRATION,SHIA,NAMED_SOURCE,HIGH,al-Kafi,,,QURAN_MARKER|SHIA_BOOK|RASUL_SAID,,NO,"“‘আর বলো, তোমরা আমল করো। আল্লাহ তোমাদের আমল দেখবেন, তাঁর রাসূল দেখবেন, আর মুমিনরা দেখবেন।’ আল-কাফিতে একটা পুরো অধ্যায় আছে, আমল রাসূলুল্লাহ ﷺ আর ইমামদের সামনে পেশ করা হয়। সেখানে ইমামগণ বলেছেন, এই আয়াতের ‘মুমিনরা’ হলাম আমরা। মানে, প্রতিদিন আমাদের নামাজ ইমামের সামনে যায়। আমি দেখি বা না দেখি, তিনি দেখেন।”",EDITION-LOCK,YES
B1-C00068,1543,,,SHIA_NARRATION,SHIA,NAMED_SOURCE,HIGH,al-Kafi,,,QURAN_MARKER|SHIA_BOOK|HADITH_WORD,,NO,"“না, রাকিকা। ওভাবে কোনো হাদিস আমি পাইনি। ওটা অন্য জায়গার কথা, পীরদের মুখে শোনা একটা বাক্যের ছাঁচে বানানো। আমি যা বললাম, সেটা আমার নিজের বোঝা, আর তার নিচে যে ভিত, সেগুলো তোমার সামনে রাখলাম: সূরা যুখরুফের আয়াত, সূরা তাওবার আয়াত আর আমল পেশ হওয়ার হাদিস, সূরা বনি ইসরাইলের আয়াত।” সে একটু থামল। “আর আল-কাফিতে ইমাম বাকির (আলাইহিস্ সালাম)-এর আরেকটি কথা। তিনি বলেছেন:",EDITION-LOCK,YES
B1-C00069,1553,,,PROSE_ATTRIBUTION,UNSPECIFIED,NARRATIVE_ONLY,LOW,,,,RASUL_SAID,,NO,"“ঘরের ভেতর না, রাকিকা। আরও ভেতরে।” বুরুল্লাহ কবজিটা আবার আলোয় ধরল। “রাসূলুল্লাহ ﷺ বলেছেন, শয়তান আদম সন্তানের ভেতরে চলে রক্ত চলার পথে। এই শিরায় শিরায়।” সে আঙুল দিয়ে একটা শিরা ছুঁল। “এখন বলো, ফয়সাল, আমি যদি শয়তানকে বের করতে এই শিরাগুলো ছিঁড়ে ফেলি, আমি কি বাঁচব?”",PAGE-CHECK,
B1-C00070,1570,,,ATTRIBUTION_ONLY,UNSPECIFIED,ATTRIBUTION_FORMULA,MEDIUM,,,,BARNITA_MARKER,REF-026,NO,“চেনা থেকে। আমিরুল মুমিনীন আলী (আলাইহিস্ সালাম) থেকে বর্ণিত আছে—,PAGE-CHECK,
B1-C00071,1581,,,SHIA_NARRATION,SHIA,NAMED_SOURCE,HIGH,Nahj_al-Balagha,,,,,NO,বুরুল্লাহ উঠে গিয়ে তাক থেকে নাহজুল বালাগা নামাল। পাতাগুলো বহু ব্যবহারে নরম। প্রথম খুতবা।,EDITION-LOCK,YES
B1-C00072,1589,,,ATTRIBUTION_ONLY,UNSPECIFIED,ATTRIBUTION_FORMULA,MEDIUM,,,,BARNITA_MARKER,REF-027,NO,"“বর্ণিত আছে, আল্লাহ সবার আগে সৃষ্টি করেছেন মুহাম্মাদ ও আলে মুহাম্মাদের নূর। বাকি সব সৃষ্টি তার পরে। যিনি আগে ছিলেন, তিনিই দেখেছেন পরে কী হলো। আল্লাহ সৃষ্টি করেছেন, তাঁরা সাক্ষী ছিলেন, আর তাঁরাই আমাদের শেখান।” বুরুল্লাহ বইটা বন্ধ করল। “তাই আল্লাহর পরিচয় আমাদের কাছে আনতে পারেন কেবল মুহাম্মাদ ও আলে মুহাম্মাদ। অন্য কেউ যা বলবে, সে শুনে বলবে। তাঁরা বলেন দেখে।”",CONFLICT,YES
B1-C00073,1592,,,SHIA_NARRATION,SHIA,NAMED_SOURCE,HIGH,al-Kafi,,,SHIA_BOOK,,NO,"“আরেকটা কথা না বললে আজকের কথা অপূর্ণ থাকে,” সে বলল। “আল-কাফিতে রাসূলুল্লাহ ﷺ থেকে আছে: যে মারা গেল আর তার ওপর কোনো ইমাম নেই, তার মৃত্যু জাহেলিয়াতের মৃত্যু। মীতাতান জাহিলিয়্যাহ। আরেক বর্ণনায় ইমামকে জিজ্ঞেস করা হলো, কোন জাহেলিয়াত? ইমাম বললেন: কুফর, নিফাক আর পথভ্রষ্টতার জাহেলিয়াত।”",EDITION-LOCK,YES
B1-C00074,1601,,,SHIA_NARRATION,SHIA,NAMED_SOURCE,HIGH,al-Kafi,,,QURAN_MARKER|SHIA_BOOK,,NO,"আল-কাফিতে ইমাম জাফর আস-সাদিক (আলাইহিস্ সালাম) এই আয়াতের ব্যাখ্যা দিয়েছেন। মিশকাত, যে দীপাধারে আলো রাখা থাকে, তিনি হলেন মা সাইয়্যিদা ফাতিমাতুয্ যাহরা (আলাইহাস্ সালাম)। প্রদীপ ইমাম হাসান (আলাইহিস্ সালাম)। কাচ ইমাম হুসাইন (আলাইহিস্ সালাম)। আর ‘যেন এক উজ্জ্বল নক্ষত্র’: ইমাম বলেছেন, ফাতিমা দুনিয়ার নারীদের মাঝে এক উজ্জ্বল নক্ষত্র। আর ‘নূরের ওপর নূর’?”",EDITION-LOCK,YES
B1-C00075,1636,,,PROSE_ATTRIBUTION,UNSPECIFIED,NARRATIVE_ONLY,LOW,,,,PAGE_CHECK_MARKER|SUTRA_MARKER|QURAN_MARKER|HADITH_WORD,REF-028,NO,"এই অধ্যায়ের দেখা ও শোনা তাহারা সেন্টারের রুহানি অভিজ্ঞতা; আয়াত ও হাদিসের সূত্র নিচে। যেখানে খণ্ড বা পৃষ্ঠার পাশে PAGE-CHECK লেখা, সেখানে পাঠ মিলেছে, কিন্তু ছাপা কপিতে পৃষ্ঠা মেলানো বাকি।",PAGE-CHECK,
B1-C00076,1637,,,QURAN,QURAN,QURAN_REF,HIGH,,,1:1|2:257|5:55|9:105|15:87|17:71|24:35|29:45|35:10|43:36|62:11,CITATION_BULLET|QURAN_MARKER,,YES,"•  কুরআনের আরবি পাঠ: api.alquran.cloud (quran-uthmani, হাফস/কুফি গণনা)। ব্যবহৃত আয়াত: ১:১, ২:২৫৭ (মর্ম), ৫:৫৫, ৯:১০৫, ১৫:৮৭, ১৭:৭১, ২৪:৩৫, ২৯:৪৫, ৩৫:১০, ৪৩:৩৬, ৬২:১১। কুফি গণনায় বিসমিল্লাহ ফাতিহার ১ নম্বর আয়াত, আর «সিরাতাল্লাযীনা… ওয়ালাদ্দাল্লীন» মিলে ৭ নম্বর আয়াত।",VERIFIED,
B1-C00077,1638,,,SUNNI_NARRATION,SUNNI,NAMED_SOURCE,HIGH,Kanz_al-Ummal,,,CITATION_BULLET|QURAN_MARKER|SUNNI_BOOK,,YES,"•  বাংলা ছাপা (অংশ ২৭): কানযুল ঈমান ও নূরুল ইরফান, বঙ্গানুবাদ মাওলানা মুহাম্মদ আবদুল মান্নান (ইমাম আহমদ রেযা রিসার্চ একাডেমি, চট্টগ্রাম), পারা ১, পৃ. ৪–৫: বিসমিল্লাহ নম্বরহীন শিরোনাম, ১ = «সমস্ত প্রশংসা আল্লাহর», শেষ আয়াত ৬ ও ৭-এ ভাগ। তুলনায় মারেফুল কোরআন (মুহিউদ্দীন খান) ও হাফেজ মুনির উদ্দীন আহমদের «কোরআন শরীফ: সহজ সরল বাংলা অনুবাদ»-এ বিসমিল্লাহ ১ নম্বর আয়াত।",EDITION-LOCK,YES
B1-C00078,1639,,,SUNNI_NARRATION,SUNNI,NAMED_SOURCE,HIGH,Sahih_Muslim,,,CITATION_BULLET|PAGE_CHECK_MARKER|SUNNI_BOOK|HADITH_WORD,REF-029,YES,"•  বিসমিল্লাহ সাতের একটি ও সর্বশ্রেষ্ঠ (অংশ ৩২–৩৩): মুহাম্মাদ ইবনে মুসলিম, ইমাম সাদিক (আলাইহিস্ সালাম) থেকে: «…بسم الله الرحمن الرحيم من السبع؟ قال: نعم، هي أفضلهنّ»। শেখ তূসী, তাহযীবুল আহকাম, খণ্ড ২, পৃ. ২৮৯, হাদিস ১১৫৭ (PAGE-CHECK); তাফসীরে আইয়াশি, খণ্ড ১, পৃ. ১৯ (PAGE-CHECK)। অনলাইন পাঠ: https://www.alhodacenter.com/article/46546",PAGE-CHECK,
B1-C00079,1640,,,SHIA_NARRATION,SHIA,NAMED_SOURCE,HIGH,al-Kafi,al-Kafi:3|al-Kafi:3,,CITATION_BULLET|PAGE_CHECK_MARKER|QURAN_MARKER|SHIA_BOOK|HADITH_WORD,REF-030,YES,"•  ফাতিহা ও সূরা দুটোর সঙ্গেই বিসমিল্লাহ (অংশ ৩৫): আল-কাফি, খণ্ড ৩, কিতাবুস সালাত, বাবু কিরাআতিল কুরআন, হাদিস ১, মুয়াবিয়া ইবনে আম্মার থেকে; মজলিসী: সহিহ। https://thaqalayn.net/hadith/3/4/21/1 (ছাপা পৃষ্ঠা PAGE-CHECK)।",EDITION-LOCK,YES
B1-C00080,1641,,,SUNNI_NARRATION,SUNNI,NAMED_SOURCE,HIGH,Mustadrak_al-Hakim|Sahih_Muslim,,,CITATION_BULLET|PAGE_CHECK_MARKER|QURAN_MARKER|SUNNI_BOOK|HADITH_WORD,REF-031,YES,"•  «أسرقتَ الصلاة أم نسيت؟» (অংশ ৪৩–৪৫): আল-হাকিম, আল-মুস্তাদরাক আলাস সহিহাইন, কিতাবুল ইমামা ওয়া সালাতিল জামাআ, খণ্ড ১ (হাকিম: মুসলিমের শর্তে সহিহ), আনাস ইবনে মালিক থেকে। পাঠ অনুযায়ী মুয়াবিয়া ফাতিহার আগে বিসমিল্লাহ পড়েছিলেন, পরের সূরার আগে পড়েননি। https://www.islamweb.net/ar/library/content/74/851/ (হাদিস নম্বর PAGE-CHECK)। একই ঘটনা ইমাম শাফেয়ির আল-উম্ম ও দারাকুতনির সুনানে উদ্ধৃত বলে জানা যায় (PAGE-CHECK)।",PAGE-CHECK,
B1-C00081,1642,,,SHIA_NARRATION,SHIA,NAMED_SOURCE,HIGH,Bihar_al-Anwar,Bihar_al-Anwar:85|Bihar_al-Anwar:20|Bihar_al-Anwar:85|Bihar_al-Anwar:20,,CITATION_BULLET|PAGE_CHECK_MARKER|QURAN_MARKER|SHIA_BOOK,REF-032,YES,"•  «তারা আল্লাহর কিতাবের সবচেয়ে সম্মানিত আয়াত চুরি করেছে» (অংশ ৪৭): আবু হামযা, ইমাম বাকির (আলাইহিস্ সালাম) থেকে: «سرقوا أكرم آية في كتاب الله: بسم الله الرحمن الرحيم»। তাফসীরে আইয়াশি (সনদবিহীন, মুরসাল), বিহারুল আনওয়ার (বৈরুত/ওয়াফা) খণ্ড ৮৫, পৃ. ২০-এ উদ্ধৃত। আইয়াশির মূল পৃষ্ঠা PAGE-CHECK।",CONFLICT,YES
B1-C00082,1643,,,SHIA_NARRATION,SHIA,NAMED_SOURCE,HIGH,al-Kafi,al-Kafi:1|al-Kafi:114|al-Kafi:1|al-Kafi:114,,CITATION_BULLET|PAGE_CHECK_MARKER|BARNITA_MARKER|SHIA_BOOK|HADITH_WORD,REF-033,YES,"•  «বা» (অংশ ৫০): «الباء بهاء الله، والسين سناء الله، والميم مجد الله», ইমাম সাদিক (আলাইহিস্ সালাম), আল-কাফি, খণ্ড ১, কিতাবুত তাওহীদ, পৃ. ১১৪, হাদিস ১ (PAGE-CHECK)। «আমি বা-এর নিচের বিন্দু» কথাটি পরবর্তী যুগের ইরফানি গ্রন্থে (রজব বুরসি, মাশারিকু আনওয়ারিল ইয়াকিন; কুন্দুযি, ইয়ানাবিউল মাওয়াদ্দা) পাওয়া যায়, সনদ নেই; তাই অধ্যায়ে হাদিস হিসেবে নয়, «বর্ণিত আছে» বলে।",CONFLICT,YES
B1-C00083,1644,,,SHIA_NARRATION,SHIA,NAMED_SOURCE,HIGH,al-Amali|al-Kafi,al-Kafi:2|al-Kafi:2|al-Amali:36|al-Amali:12|al-Amali:36|al-Amali:12,,CITATION_BULLET|BARNITA_MARKER|SHIA_BOOK|HADITH_WORD,REF-034,YES,"•  দরুদ কেটে না ফেলা (অংশ ৬৯): আল-কাফি, খণ্ড ২, কিতাবুদ দুআ, বাবুস সালাতি আলান নাবিয়্যি ওয়া আহলি বাইতিহি, হাদিস ২১: «يَا عَبْدَ الله لا تَبْتُرْهَا لا تَظْلِمْنَا حَقَّنَا قُلِ اللهمَّ صَلِّ عَلَى مُحَمَّدٍ وَأَهْلِ بَيْتِهِ»। https://thaqalayn.net/hadith/2/2/20/21 । আরও: শেখ সাদূক, আল-আমালী, মজলিস ৩৬, হাদিস ১২: «مَنْ صَلَّى عَلَيَّ وَلَمْ يُصَلِّ عَلَى آلِي لَمْ يَجِدْ رِيحَ الْجَنَّةِ», https://thaqalayn.net/hadith/29/1/36/12 । অংশ ৬৮-এর পূর্ণ বর্ণনাটি লেখকের পাণ্ডুলিপি থেকে, «বর্ণিত আছে» হিসেবে।",CONFLICT,YES
B1-C00084,1645,,,SOURCE_BLOCK_NOTE,UNSPECIFIED,NARRATIVE_ONLY,HIGH,,,,CITATION_BULLET,,YES,"•  «ওয়া আ-লি» আর «ওয়ালা» (অংশ ৬৪): আরবি ব্যাকরণ। «وَ» = এবং; «آلِ» (দীর্ঘ আ) = পরিবার, «على»-এর অধীনে «محمد»-এর সঙ্গে যুক্ত; টান কেটে «وَلا» হলে অর্থ «এবং না»।",PAGE-CHECK,
B1-C00085,1646,,,SHIA_NARRATION,SHIA,NAMED_SOURCE,HIGH,al-Kafi,al-Kafi:2|al-Kafi:2,,CITATION_BULLET|PAGE_CHECK_MARKER|SHIA_BOOK|HADITH_WORD,REF-035,YES,"•  আমলের সওয়াবে বেলায়াতের শর্ত (অংশ ৯৮): আল-কাফি, খণ্ড ২, কিতাবুল ঈমান ওয়াল কুফর, বাবু দাআইমিল ইসলাম, হাদিস ৫, যুরারা, ইমাম বাকির (আলাইহিস্ সালাম) থেকে; মজলিসী: সহিহ (মিরআতুল উকুল ৭/১০২): «…لَوْ أَنَّ رَجُلاً قَامَ لَيْلَهُ وَصَامَ نَهَارَهُ وَتَصَدَّقَ بِجَمِيعِ مَالِهِ وَحَجَّ جَمِيعَ دَهْرِهِ وَلَمْ يَعْرِفْ وَلايَةَ وَلِيِّ الله فَيُوَالِيَهُ وَيَكُونَ جَمِيعُ أَعْمَالِهِ بِدَلالَتِهِ إِلَيْهِ مَا كَانَ لَهُ عَلَى الله جَلَّ وَعَزَّ حَقٌّ فِي ثَوَابِهِ…»। https://thaqalayn.net/hadith/2/1/13/5 (ছাপা পৃষ্ঠা ২/১৮–১৯, PAGE-CHECK)।",CONFLICT,YES
B1-C00086,1647,,,QURAN,SHIA,QURAN_REF,HIGH,al-Kafi,al-Kafi:1|al-Kafi:1,9:105,CITATION_BULLET|PAGE_CHECK_MARKER|SHIA_BOOK,REF-036,YES,"•  আমল ইমামদের সামনে পেশ (অংশ ১০৭): আল-কাফি, খণ্ড ১, কিতাবুল হুজ্জাহ, বাবু আরদিল আমাল আলান নাবিয়্যি ওয়াল আইম্মা, ৯:১০৫-এর «والمؤمنون» = ইমামগণ; খণ্ড ১, পৃ. ২১৯–২২০ (PAGE-CHECK)।",VERIFIED,
B1-C00087,1648,,,MIXED_CITATION,SHIA|SUNNI,NAMED_SOURCE,HIGH,Sahih_Muslim|al-Kafi,al-Kafi:1|al-Kafi:1,,CITATION_BULLET|PAGE_CHECK_MARKER|SUNNI_BOOK|SHIA_BOOK|HADITH_WORD,REF-037,YES,"•  «من أصبح من هذه الأمة لا إمام له…» (অংশ ১১৫): আল-কাফি, খণ্ড ১, কিতাবুল হুজ্জাহ, বাবু মারিফাতিল ইমাম ওয়ার রাদ্দি ইলাইহি, হাদিস ৮, মুহাম্মাদ ইবনে মুসলিম, ইমাম বাকির (আলাইহিস্ সালাম) থেকে; পৃ. ১৮৩–১৮৪ (PAGE-CHECK)। পাঠ দেখা হয়েছে: https://forums.alkafeel.net/node/16377",CONFLICT,YES
B1-C00088,1649,,,SOURCE_BLOCK_NOTE,UNSPECIFIED,NARRATIVE_ONLY,HIGH,,,,CITATION_BULLET|HADITH_WORD,,YES,•  «যার ইমাম নেই শয়তান তার ইমাম» (অংশ ১১৪–১১৫): কোনো হাদিস-উৎস পাওয়া যায়নি; এটি «من لا شيخ له فشيخه الشيطان» বাক্যের ছাঁচ। অংশ ১১৩–১২০-এর শিক্ষা লেখকের নিজের উপলব্ধি।,PAGE-CHECK,
B1-C00089,1650,,,QURAN,QURAN,QURAN_REF,HIGH,,,7:16|4:119|17:62|17:64|12:53|91:9|79:40|45:23|25:43|89:27|2:34|7:11|38:71,CITATION_BULLET|QURAN_MARKER,,YES,"•  নফসের সিঁড়ির আয়াত (অংশ ১১৮–১২০ঢ), আরবি api.alquran.cloud থেকে: ৭:১৬–১৭, ৪:১১৯, ১৭:৬২, ১৭:৬৪, ১২:৫৩, ৯১:৯–১০, ৭৯:৪০–৪১, ৪৫:২৩, ২৫:৪৩, ৮৯:২৭–৩০; ইবলিসের সেজদা না করা: ২:৩৪, ৭:১১–১২, ৩৮:৭১–৭৬। আয়াতগুলো একসঙ্গে সাজানো লেখকের শিক্ষা; কোনো নির্দিষ্ট তাফসীরের পাতা এখানে উদ্ধৃত নয়।",VERIFIED,
B1-C00090,1651,,,ATTRIBUTION_ONLY,UNSPECIFIED,ATTRIBUTION_FORMULA,MEDIUM,,,,CITATION_BULLET|PAGE_CHECK_MARKER|SUTRA_MARKER|BARNITA_MARKER,REF-038,YES,"•  «من عرف نفسه فقد عرف ربه» (অংশ ১২০ঝ): আমিরুল মুমিনীন আলী (আলাইহিস্ সালাম)-এর বাণী হিসেবে আমিদির গুরারুল হিকাম ওয়া দুরারুল কালিম-এ, নং ৪৬৪১ (PAGE-CHECK; সূত্র-আলোচনা: https://ar.wikishia.net/view/حديث_من_عرف_نفسه)। সনদ নিয়ে মতভেদ আছে, তাই অধ্যায়ে «বর্ণিত আছে»।",PAGE-CHECK,
B1-C00091,1652,,,SUNNI_NARRATION,SUNNI,NAMED_SOURCE,HIGH,Sahih_Muslim,Sahih_Muslim:2985|Sahih_Muslim:2985,,CITATION_BULLET|SUNNI_BOOK|HADITH_WORD,,YES,"•  শরিকের আমল (অংশ ১১৩): সহিহ মুসলিম, হাদিস ২৯৮৫, আবু হুরায়রা থেকে, হাদিসে কুদসি। https://hadeethenc.com/en/browse/hadith/3342",PAGE-CHECK,
B1-C00092,1653,,,SUNNI_NARRATION,SUNNI,NAMED_SOURCE,HIGH,Sahih_Muslim,Sahih_Muslim:2175|Sahih_Muslim:2175,,CITATION_BULLET|PAGE_CHECK_MARKER|SUNNI_BOOK|HADITH_WORD,REF-039,YES,"•  শয়তান রক্তের পথে চলে (অংশ ১১৮): «إن الشيطان يجري من ابن آدم مجرى الدم», সহিহ বুখারী (সাফিয়্যার ঘটনা; যেমন হাদিস ৭১৭১) ও সহিহ মুসলিম, হাদিস ২১৭৫ (নম্বর PAGE-CHECK)। https://hadithprophet.com/hadith-37589.html",CONFLICT,YES
B1-C00093,1654,,,SHIA_NARRATION,SHIA,NAMED_SOURCE,HIGH,Nahj_al-Balagha,Nahj_al-Balagha:123|Nahj_al-Balagha:123,,CITATION_BULLET|PAGE_CHECK_MARKER,REF-040,YES,"•  নাহজুল বালাগা, প্রথম খুতবা (অংশ ১২৩): «أَوَّلُ الدِّينِ مَعْرِفَتُهُ، وَكَمَالُ مَعْرِفَتِهِ التَّصْدِيقُ بِهِ، وَكَمَالُ التَّصْدِيقِ بِهِ تَوْحِيدُهُ» ও «أَنْشَأَ الْخَلْقَ إِنْشَاءً، وَابْتَدَأَهُ ابْتِدَاءً، بِلَا رَوِيَّةٍ أَجَالَهَا، وَلَا تَجْرِبَةٍ اسْتَفَادَهَا»। অনলাইন পাঠ: https://forums.alkafeel.net/node/84002 (সেখানে «أحالها»; অন্য সংস্করণে «أجالها»; ছাপা সংস্করণে মেলানো PAGE-CHECK)।",EDITION-LOCK,YES
B1-C00094,1655,,,ATTRIBUTION_ONLY,UNSPECIFIED,ATTRIBUTION_FORMULA,MEDIUM,,,,CITATION_BULLET|BARNITA_MARKER,REF-041,YES,•  নূরের প্রথম সৃষ্টি (অংশ ১২৬): «বর্ণিত আছে»; সনদসহ উৎস এই অধ্যায়ে দেওয়া হয়নি।,CONFLICT,YES
B1-C00095,1656,,,SHIA_NARRATION,SHIA,NAMED_SOURCE,HIGH,Bihar_al-Anwar|al-Kafi,al-Kafi:1|al-Kafi:1|Bihar_al-Anwar:23|Bihar_al-Anwar:76|Bihar_al-Anwar:23|Bihar_al-Anwar:76,,CITATION_BULLET|SHIA_BOOK|HADITH_WORD,,YES,"•  জাহেলিয়াতের মৃত্যু (অংশ ১২৮): আল-কাফি, খণ্ড ১, কিতাবুল হুজ্জাহ, বাবু মান মাতা ওয়া লাইসা লাহু ইমামুন মিন আইম্মাতিল হুদা: হাদিস ১ «مَنْ مَاتَ وَلَيْسَ عَلَيْهِ إِمَامٌ فَمِيتَتُهُ مِيتَةُ جَاهِلِيَّةٍ», https://thaqalayn.net/hadith/1/4/87/1 ; হাদিস ৩ «جَاهِلِيَّةَ كُفْرٍ وَنِفَاقٍ وَضَلالٍ», https://thaqalayn.net/hadith/1/4/87/3 । ব্যাখ্যা: মজলিসী, বিহারুল আনওয়ার (বৈরুত) ২৩/৭৬।",EDITION-LOCK,YES
B1-C00096,1657,,,SHIA_NARRATION,SHIA,NAMED_SOURCE,HIGH,al-Kafi,al-Kafi:1|al-Kafi:1,,CITATION_BULLET|PAGE_CHECK_MARKER|QURAN_MARKER|SHIA_BOOK|HADITH_WORD,REF-042,YES,"•  আয়াতুন নূরের ব্যাখ্যা (অংশ ১৩৫–১৩৭): আল-কাফি, খণ্ড ১, কিতাবুল হুজ্জাহ, বাবু আন্নাল আইম্মাতা নূরুল্লাহ, হাদিস ৫, সালিহ ইবনে সাহল, ইমাম সাদিক (আলাইহিস্ সালাম) থেকে: «كَمِشْكاةٍ فَاطِمَةُ… فَاطِمَةُ كَوْكَبٌ دُرِّيٌّ بَيْنَ نِسَاءِ أَهْلِ الدُّنْيَا… نُورٌ عَلى نُورٍ إِمَامٌ مِنْهَا بَعْدَ إِمَامٍ»। https://thaqalayn.net/hadith/1/4/13/5 (পৃ. ১/১৯৫ PAGE-CHECK; সনদে সাহল ইবনে যিয়াদ)।",EDITION-LOCK,YES
B1-C00097,1658,,,SHIA_NARRATION,SHIA,NAMED_SOURCE,HIGH,al-Kafi,al-Kafi:3|al-Kafi:3|al-Kafi:3|al-Kafi:3,,CITATION_BULLET|SHIA_BOOK|HADITH_WORD,,YES,"•  ঈদে আগে নামাজ, পরে খুতবা; পরে উল্টানো (অংশ ১৪৪–১৪৬): আল-কাফি, খণ্ড ৩, বাবু সালাতিল ঈদাইন, হাদিস ৩ (মজলিসী: বাহ্যত সহিহ): «…وَالْخُطْبَةُ بَعْدَ الصَّلاَةِ إِنَّمَا أَحْدَثَ الْخُطْبَةَ قَبْلَ الصَّلاَةِ عُثْمَانُ…», https://thaqalayn.net/hadith/3/4/88/3 । সহিহ বুখারী, হাদিস ৯৫৬ (আবু সাঈদ খুদরী): মদিনার আমির মারওয়ান নামাজের আগে খুতবা দেন; আবু সাঈদ: «غَيَّرْتُمْ وَاللَّهِ»; মারওয়ান: «إِنَّ النَّاسَ لَمْ يَكُونُوا يَجْلِسُونَ لَنَا بَعْدَ الصَّلاَةِ فَجَعَلْتُهَا قَبْلَ الصَّلاَةِ»। বুখারী ৯৬২ (ইবনে আব্বাস): রাসূলুল্লাহ ﷺ খুতবার আগে নামাজ পড়তেন।",EDITION-LOCK,YES
B1-C00098,1659,,,SUNNI_NARRATION,SUNNI,NAMED_SOURCE,HIGH,Jami_al-Tirmidhi|Sahih_Muslim,Sahih_Muslim:2408|Jami_al-Tirmidhi:3786|Jami_al-Tirmidhi:3786,,CITATION_BULLET|PAGE_CHECK_MARKER|SUNNI_BOOK|HADITH_WORD,REF-043,YES,"•  সাকালাইনের (কিতাবুল্লাহ ও আহলে বাইত) সুন্নি পাঠ: জামে তিরমিযি, হাদিস ৩৭৮৬ (জাবির ইবনে আবদিল্লাহ, আরাফার খুতবা): «تركت فيكم ما إن أخذتم به لن تضلوا كتاب الله وعترتي أهل بيتي»; তিরমিযি: হাসান গরিব; মান নিয়ে মতভেদ আছে (আলবানী সহিহ, শুআইব/বাশশার হাসান, যুবাইর আলী যাঈ দাঈফ)। পাঠ খোলা হয়েছে আরবি পাঠ-সংস্করণে (hadith-api, jsDelivr; sunnah.com ৪০৩); ছাপা পাতা PAGE-CHECK। সহিহ মুসলিম ২৪০৮a-তে শব্দ «وأهل بيتي», «عترتي» নয়। দেখুন SOURCE_REGISTER.md (CL-HAD-001/002)।",CONFLICT,YES
B1-C00099,1660,,,SOURCE_BLOCK_NOTE,UNSPECIFIED,NARRATIVE_ONLY,HIGH,,,,CITATION_BULLET|PAGE_CHECK_MARKER,REF-044,YES,"•  ঈদের খুতবা নামাজের পরে: সহিহ বুখারী ৯৫৬ (আবু সাঈদ খুদরি; মারওয়ান আগে খুতবা দিলেন, «غيرتم والله») ও ৯৫৭ (ইবনে উমর: «يصلي في الأضحى والفطر ثم يخطب بعد الصلاة»)। অবস্থা: পাঠ খোলা ও মেলানো (আরবি পাঠ-সংস্করণে, sunnah.com ৪০৩); ছাপা পাতা PAGE-CHECK। দেখুন SOURCE_REGISTER.md (CL-HAD-005/006)।",CONFLICT,YES
B1-C00100,1661,,,QURAN,SUNNI,QURAN_REF,HIGH,Sahih_Muslim,Sahih_Muslim:863|Sahih_Muslim:863,62:11,CITATION_BULLET|PAGE_CHECK_MARKER|SUNNI_BOOK|HADITH_WORD,REF-045,YES,"•  ৬২:১১ ও বারোজন (অংশ ১৪৮): সহিহ বুখারী, হাদিস ৯৩৬ (জাবির): «…حَتَّى مَا بَقِيَ مَعَ النَّبِيِّ ﷺ إِلاَّ اثْنَا عَشَرَ رَجُلاً»; সহিহ মুসলিম (আবদুল বাকি ৮৬৩): খুতবার সময় (নম্বর PAGE-CHECK)।",CONFLICT,YES
B1-C00101,1662,,,QURAN,QURAN,QURAN_REF,HIGH,,,33:56|55:29,CITATION_BULLET,,YES,"•  দরুদ ও আল্লাহর চলমান কাজ (অংশ ১৭ক–১৭থ): ৩৩:৫৬ ও ৫৫:২৯, আরবি api.alquran.cloud (quran-uthmani) থেকে। «আল্লাহ নিজে যে কাজ করছেন, দরুদে আমরা তাতে যোগ দিই» শিক্ষাটি লেখকের নিজের উপলব্ধি (S-122)।",VERIFIED,
B1-C00102,1663,,,SHIA_NARRATION,SHIA,NAMED_SOURCE,HIGH,al-Kafi,al-Kafi:2|al-Kafi:2,,CITATION_BULLET|SHIA_BOOK|HADITH_WORD,,YES,"•  «لا يزال الدعاء محجوبا حتى يصلى على محمد وآل محمد» (অংশ ১৭ঠ): আল-কাফি, খণ্ড ২, কিতাবুদ দুআ, বাবুস সালাতি আলান নাবিয়্যি ওয়া আহলি বাইতিহি, হাদিস ১, হিশাম ইবনে সালিম, ইমাম সাদিক (আলাইহিস্ সালাম) থেকে। https://thaqalayn.net/hadith/2/2/20/1 । একই অর্থে হাদিস ১০ (সাফওয়ান আল-জাম্মাল): «كل دعاء يدعى الله عز وجل به محجوب عن السماء حتى يصلى على محمد وآل محمد», https://thaqalayn.net/hadith/2/2/20/10 ।",EDITION-LOCK,YES
B1-C00103,1664,,,SHIA_NARRATION,SHIA,NAMED_SOURCE,HIGH,al-Kafi,al-Kafi:2|al-Kafi:16|al-Kafi:2|al-Kafi:16,,CITATION_BULLET|SHIA_BOOK|HADITH_WORD,,YES,"•  «إن الله عز وجل أكرم من أن يقبل الطرفين ويدع الوسط» (অংশ ১৭ঠ): আল-কাফি, খণ্ড ২, একই বাব, হাদিস ১৬, ইমাম সাদিক (আলাইহিস্ সালাম) থেকে (সনদ মুরসাল: «عن رجاله»)। https://thaqalayn.net/hadith/2/2/20/16",EDITION-LOCK,YES
B1-C00104,1665,,,SHIA_NARRATION,SHIA,NAMED_SOURCE,HIGH,Bihar_al-Anwar,Bihar_al-Anwar:27|Bihar_al-Anwar:27,,CITATION_BULLET|PAGE_CHECK_MARKER|SHIA_BOOK|HADITH_WORD,REF-046,YES,"•  রুকন ও মাকামের মাঝে ইবাদত, বেলায়াত ছাড়া (অংশ ১৭ঢ): ইমাম যাইনুল আবেদীন (আ.) থেকে আবু হামযা সুমালির বর্ণনা। পাঠ নেওয়া হয়েছে বিহারুল আনওয়ার, খণ্ড ২৭ (মুয়াসসাসাতুল ওয়াফা, বৈরুত), বাব ৭ «أنه لا تقبل الأعمال إلا بالولاية», হাদিস ১৬, পৃ. ১৭২–১৭৩ থেকে (https://lib.eshia.ir/11008/27/173), যার মূল উৎস আমালি আত-তুসি। একই বর্ণনা সাওয়াবুল আমাল (পৃ. ১৯৭; শব্দভেদ «لم ينتفع بذلك شيئا») ও আল-মাহাসিন (পৃ. ৯১)-এ আছে; এই দুটি পৃষ্ঠা বিহারের পাদটীকা থেকে নেওয়া (PAGE-CHECK)। সনদের মান কোথাও লেখা নেই।",CONFLICT,YES
B1-C00105,1666,,,SHIA_NARRATION,SHIA,NAMED_SOURCE,HIGH,al-Kafi,al-Kafi:2|al-Kafi:5|al-Kafi:2|al-Kafi:5,,CITATION_BULLET|SUTRA_MARKER|SHIA_BOOK|HADITH_WORD,,YES,"•  বেলায়াত ছাড়া ইবাদত (অংশ ১৭ঢ): অংশ ৯৮-এর সূত্র দেখুন (আল-কাফি ২, বাবু দাআইমিল ইসলাম, হাদিস ৫, সহিহ)। «ইবাদতের একটা শরীর আছে… প্রাণও আছে» বাক্যটি গ্রন্থ ১, দ্বিতীয় অংশ, অধ্যায় ১ থেকে নেওয়া।",EDITION-LOCK,YES
B1-C00106,1667,,,SUNNI_NARRATION,SUNNI,NAMED_SOURCE,HIGH,Ibn_Saad_Tabaqat,Ibn_Saad_Tabaqat:3|Ibn_Saad_Tabaqat:24|Ibn_Saad_Tabaqat:3|Ibn_Saad_Tabaqat:24,,CITATION_BULLET|PAGE_CHECK_MARKER,REF-047,YES,"•  ইবনে মুলজিম (অংশ ১৭ণ): ৪০ হিজরির ১৯ রমজান ভোরে কুফার মসজিদে আমিরুল মুমিনীন আলী (আলাইহিস্ সালাম)-কে আঘাত, সুপরিচিত ইতিহাস (যেমন শেখ মুফিদ, আল-ইরশাদ)। বাইয়াত, দুই-তিনবার ফিরিয়ে দেওয়া ও «أريد حياته ويريد قتلي»: আবুল ফারাজ ইসফাহানি, মাকাতিলুত তালিবিয়্যিন, পৃ. ৪৫ (শামেলা); ইবনে সাদ, আত-তাবাকাতুল কুবরা ৩/২৪ (দারুল কুতুবিল ইলমিয়্যা)। চল্লিশ দিন তলোয়ার শান দেওয়া («شحذته أربعين صباحا») তার নিজের উক্তি হিসেবে বর্ণিত। মুখে সিজদার দাগ: ইবনে কাসির, আল-বিদায়া ওয়ান নিহায়া, খণ্ড ৭ (PAGE-CHECK)। «৪০ বছর ইবাদত» কোনো উৎসে পাওয়া যায়নি, তাই ব্যবহৃত হয়নি।",EDITION-LOCK,YES
B1-C00107,1668,,,SOURCE_BLOCK_NOTE,UNSPECIFIED,NARRATIVE_ONLY,HIGH,,,,CITATION_BULLET,,YES,"•  লেখকের পাণ্ডুলিপি: অংশ ৭–১৭ (মিরাজের সংযোগ), ৬২, ৬৬, ৬৮, ৭২ (দরুদ), ৭৫ (স্বপ্ন), ৭৭ (খাতা), ৮৪–৯২, ৯৫–৯৬।",PAGE-CHECK,
B1-C00108,1718,,০৭  রাত পর্যন্ত: কুরআনের আলোকে ইফতার,PROSE_ATTRIBUTION,UNSPECIFIED,NARRATIVE_ONLY,LOW,,,,QURAN_MARKER|HADITH_WORD|RASUL_SAID,,NO,"“থাকুক কিছুক্ষণ। প্রশ্নটা ধরে রাখ।” বুরুল্লাহ কুরআন শরীফটা কোলে টেনে নিল, কিন্তু খুলল না। “আমি তোকে আমার মত দেব না, রাহাত। চারটা জিনিস সামনে রাখব, একটার পর একটা। আকাশ কী বলে। কুরআন কী বলে। রাসূলুল্লাহ ﷺ-এর হাদিস কী বলে। আর আমাদের ইমামগণ (আলাইহিমুস সালাম) কী বলেছেন। বিচার তুই করবি।”",PAGE-CHECK,
B1-C00109,1732,,০৭  রাত পর্যন্ত: কুরআনের আলোকে ইফতার,SHIA_NARRATION,SHIA,NAMED_SOURCE,HIGH,Ilal_al-Sharai,,,,,NO,রাহাত নোটবুকে লিখল: ইলাল লাইল। রাত পর্যন্ত।,EDITION-LOCK,YES
B1-C00110,1748,,০৭  রাত পর্যন্ত: কুরআনের আলোকে ইফতার,SUNNI_NARRATION,SUNNI,NAMED_SOURCE,HIGH,Sahih_Muslim,,,SUNNI_BOOK,,NO,“পরের মুসলিম অনুবাদকেরা?”,PAGE-CHECK,
B1-C00111,1757,,,QURAN,QURAN,QURAN_REF,HIGH,,,84:16,,,NO,"“শপথ শাফাকের, সন্ধ্যার লাল আভার! আর রাতের, যখন সে যা কিছু আচ্ছাদিত করে।” (৮৪:১৬–১৭)",VERIFIED,
B1-C00112,1762,,,QURAN,QURAN,QURAN_REF,HIGH,,,76:25,,,NO,"“আর সকালে ও সন্ধ্যায় তোমার রবের নাম স্মরণ করো। আর রাতের কিছু অংশে তাঁকে সিজদা করো, আর দীর্ঘ রাত ধরে তাঁর পবিত্রতা ঘোষণা করো।” (৭৬:২৫–২৬)",VERIFIED,
B1-C00113,1765,,,QURAN,QURAN,QURAN_REF,HIGH,,,2:187,QURAN_MARKER,,NO,"সূরা আল-বাকারা (২: ১৮৭)-এর নির্দেশ হলো, “. . . রাত পর্যন্ত রোযা পূর্ণ করো।” এই ‘রাত পর্যন্ত’ শব্দটি (إِلَى اللَّيْلِ) স্পষ্ট নির্দেশ করে যে, রোযার শেষ সময় সন্ধ্যা নয়, বরং রাতের আগমন।",VERIFIED,
B1-C00114,1767,,,QURAN,QURAN,QURAN_REF,HIGH,,,25:5|24:36|7:205,,,NO,"রাহাত তার খাতার একটি কোনায় ছোট করে লিখল: ২৫:৫, ২৪:৩৬, ৭:২০৫।",VERIFIED,
B1-C00115,1769,,,QURAN,QURAN,QURAN_REF,HIGH,,,24:24,,,NO,“আর ২৪:২৪?”,VERIFIED,
B1-C00116,1775,,,QURAN,QURAN,QURAN_REF,HIGH,,,6:45,,,NO,"“মনে কর তোর হাতে ঘড়ি নেই, আশেপাশে মাইকওয়ালা মসজিদ নেই। রোজা রেখেছিস, এমতাবস্থায় কি ঠিক ৬:৪৫ বা কাঁটায় কাঁটায় সময় ঠিক করে ইফতার করা সম্ভব? কোনোভাবেই সম্ভব নয়। কিন্তু কেউ যদি বলতে চায় যে, দুই মিনিটও বিলম্ব করলে ইহুদি-খ্রিস্টানদের অনুসরণ করা হলো, তার ব্যাপারে কী বলবি? একটা সময় তো এমনই ছিল যখন রাতের অন্ধকার দেখে লোকজন ইফতার করত। তখন তো দুই-চার-দশ মিনিটের ব্যবধান বোঝা যেত না। তবে কি তারা ইহুদি-খ্রিস্টানদের অনুসরণ করেছে? বরং নিজেকে সংযত কর।”",VERIFIED,
B1-C00117,1810,,,SHIA_NARRATION,SHIA,NAMED_SOURCE,HIGH,Ilal_al-Sharai,,,QURAN_MARKER,,NO,"পবিত্র কুরআনও বলে, “আতিম্মুছ ছিয়ামা ইলাল লাইল।” অর্থাৎ, “রাত্রি না আসা পর্যন্ত সিয়াম পূর্ণ করো।” এখান থেকে সুস্পষ্ট, কুরআন ও সুন্নাহতে ইফতারের প্রকৃত সময় হলো রাতের অন্ধকার, কেবল সূর্যাস্তের লাল আভা নয়।",EDITION-LOCK,YES
B1-C00118,1814,,,SHIA_NARRATION,SHIA,NAMED_SOURCE,HIGH,al-Kafi,,,SHIA_BOOK,,NO,"সে ভেতর থেকে একটি মোটা বই আনল। মলাটের কোনা ছেঁড়া, পাতার ফাঁকে ফাঁকে কাগজের টুকরো গোঁজা। আল-কাফি, রোযার অধ্যায়। একটি টুকরো ধরে পাতাটা খুলল। “পরে পেলাম এইটা। ইমাম জাফর আস-সাদিক (আলাইহিস্ সালাম)-এর কথা।”",EDITION-LOCK,YES
B1-C00119,1827,,,ATTRIBUTION_ONLY,UNSPECIFIED,ATTRIBUTION_FORMULA,MEDIUM,,,,BARNITA_MARKER|RASUL_SAID,REF-048,NO,"“না। বিসাল হলো রাতকেও রোযার নিয়তে টেনে নেওয়া। এখানে রাত এসেছে, রোযা শেষ হয়ে গেছে। শুধু খাওয়া হয়নি। দুটো এক জিনিস নয়।” সে একটু হাসল। “আর বর্ণিত আছে, রাসূলুল্লাহ ﷺ পানি কিংবা খেজুর দিয়ে রোযা খুলতে বলেছেন। এক চুমুক পানি। একটা খেজুর।”",CONFLICT,YES
B1-C00120,1832,,,SHIA_NARRATION,SHIA,NAMED_SOURCE,HIGH,al-Kafi,,,SHIA_BOOK,,NO,"বুরুল্লাহ রাহাতের খাতার পাতাটা আবার খুলল, আর আল-কাফির খোলা পাতাটা রাখল ঠিক তার পাশে। একদিকে আকাশের ঘড়ি, আরেকদিকে ইমামের কথা। দ্বিতীয় লাইনে আঙুল রাখল, সাতটা সাত। “পুবের লালিমা মাথার ওপর দিয়ে পার হয়ে যাওয়া। ফিকহের ন্যূনতম সীমা এটাই। এর আগে নয়।” তারপর আঙুলটা নামিয়ে আনল শেষ লাইনে, আটটা সতেরো। “আর কেউ কেউ এখান পর্যন্ত অপেক্ষা করেন, রাত একেবারে স্পষ্ট হওয়া পর্যন্ত। এটা তাকওয়ার একটা পথ, যে চায় সে বেছে নেয়। আদেশ নয়।” সে দুটো পাতাই রাহাতের দিকে ঠেলে দিল। “আমি কোনোটা তোকে বেছে দেব না। সেটা তোর আর আল্লাহর মাঝখানের কথা।”",EDITION-LOCK,YES
B1-C00121,1899,,,SOURCE_BLOCK_NOTE,UNSPECIFIED,NARRATIVE_ONLY,HIGH,,,,CITATION_BULLET|QURAN_MARKER|HADITH_WORD,,YES,"•  এই অধ্যায়ের শিক্ষার অংশ লেখকের নিজের লেখা থেকে নেওয়া: পাণ্ডুলিপির ইফতার অধ্যায় (অনুচ্ছেদ ৮৮৭৯–৯০১৫), «কুরআন ও হাদিসের আলোকে সেহরি ও ইফতারের সময়» (২০১২ সালের খসড়া ও ২০১৩ সালের লিফলেট), পাক্ষিক ফজর (খুলনা, ৩০ আগস্ট ২০০৮)-এ প্রকাশিত প্রবন্ধ «রোজা, সেহ্‌রি ও ইফতার এর সময়», এবং ২০২০ সালের সংকলন «প্রসঙ্গ সেহরী ও ইফতারী» ও তার খসড়া।",PAGE-CHECK,
B1-C00122,1900,,,SOURCE_BLOCK_NOTE,UNSPECIFIED,NARRATIVE_ONLY,HIGH,,,,CITATION_BULLET,,YES,"•  মুয়াজ্জিনের ঘটনা সত্য ঘটনা, লেখকের নিজের বর্ণনা থেকে; বুরুল্লাহর আব্বা রাহাতের সফরের সময় জীবিত ছিলেন এবং গল্পটা নিজে বলেছেন।",PAGE-CHECK,
B1-C00123,1901,,,QURAN,QURAN,QURAN_REF,HIGH,,,2:187|84:16|76:25|36:37|92:1|11:114|6:164|17:15,CITATION_BULLET|QURAN_MARKER,,YES,"•  আয়াত (আরবি পাঠ api.alquran.cloud, উসমানি পাঠ থেকে মিলিয়ে নেওয়া): সূরা আল-বাকারা ২:১৮৭; সূরা আল-ইনশিকাক ৮৪:১৬–১৭; সূরা আদ-দাহর ৭৬:২৫–২৬; সূরা ইয়াসীন ৩৬:৩৭; সূরা আল-লাইল ৯২:১; সূরা হূদ ১১:১১৪। «প্রত্যেকে নিজের কর্মের দায়ভার বহন করবে» ও «কেউ কারও ভার বহন করবে না»: সূরা আল-আনআম ৬:১৬৪, সূরা আল-ইসরা ১৭:১৫ ও অন্যান্য স্থান।",VERIFIED,
B1-C00124,1902,,,QURAN,QURAN,QURAN_REF,HIGH,,,25:5|24:36|7:205|24:24,CITATION_BULLET|QURAN_MARKER,,YES,"•  কুরআনে রাতের শব্দ: ليل ৮০ বার, ليلة ৮ বার, ليال ৪ বার, মোট ৯২ বার (api.alquran.cloud-এর পাঠ থেকে গোনা)। লিফলেটের «১৬২» সংখ্যাটি এখানে সংশোধিত। ২৫:৫, ২৪:৩৬ ও ৭:২০৫-এ সকাল-সন্ধ্যার শব্দ আছে (بُكْرَةً وَأَصِيلًا, بِٱلْغُدُوِّ وَٱلْءَاصَالِ); ২৪:২৪-এ সময়ের শব্দ নেই।",VERIFIED,
B1-C00125,1903,,,SUNNI_NARRATION,SUNNI,NAMED_SOURCE,HIGH,Kanz_al-Ummal|Sahih_Muslim,,,CITATION_BULLET|QURAN_MARKER|SUNNI_BOOK,,YES,"•  গিরিশচন্দ্র সেনের অনুবাদ: ৩য় (সংশোধিত) সংস্করণের পুনর্মুদ্রণ, ঝিনুক পুস্তিকা, ঢাকা, «অতঃপর সন্ধ্যা পর্য্যন্ত রোজা পূর্ণ কর» (archive.org: in.ernet.dli.2015.356313); ৪র্থ সংস্করণ, ১৯৩৬, নববিধান পাবলিকেশন কমিটি, কলিকাতা, «অতঃপর সায়ংকাল পর্য্যন্ত রোজা পূর্ণ কর» (archive.org: Koran-Sharif-Bhai-Girish-chandra-Sen)। প্রথম সংস্করণ (১৮৮১–৮৬) দেখা হয়নি। মুসলিম অনুবাদকদের পাঠ (রাত / রাত্রি / রাত্রি সমাগম / রাতের আগমন): মুহিউদ্দীন খান, জহুরুল হক, কানযুল ঈমান (আবদুল মান্নান), তাফসীর ইবনে কাসীর (মুজীবুর রহমান), আহকামুল কুরআন (আবদুর রহীম), তাইসীরুল কুরআন, রাওয়াইউল বায়ান, আবু বকর মুহাম্মদ যাকারিয়া, তাকি উসমানী প্রমুখ।",PAGE-CHECK,
B1-C00126,1904,,,ATTRIBUTION_ONLY,UNSPECIFIED,ATTRIBUTION_FORMULA,MEDIUM,,HADITH:694|HADITH:1815,,CITATION_BULLET|SUTRA_MARKER|BARNITA_MARKER|HADITH_WORD,REF-049,YES,"•  উমর ও উসমানের ইফতার: মুয়াত্তা ইমাম মালিক, কিতাবুস সিয়াম (লেখকের ব্যবহৃত বাংলা সংস্করণে ১ম খণ্ড, পৃ. ২৩৯, হাদীস ৬৯৪)। «যখন পূর্ব দিক থেকে অন্ধকার আসে…»: সহীহ বুখারী, কিতাবুস সাওম, উমর ইবনুল খাত্তাবের সূত্রে (লেখকের ব্যবহৃত আধুনিক প্রকাশনী সংস্করণে হাদীস ১৮১৫)। আনাসের দুধের ঘটনা: মূল আরবি, মাকারিমুল আখলাক (তাবরিসি), রাসূলুল্লাহ ﷺ-এর পানীয় অধ্যায়, আনাসের নিজের ভাষায়; অধ্যায়ে ঘটনাটি শুধু এই আরবি পাঠ অনুযায়ী বলা হয়েছে (আনাস রাতভর আশঙ্কা করেছিলেন রাসূলুল্লাহ ﷺ হয়তো না খেয়ে রাত কাটাবেন; তিনি কখনো এ বিষয়ে জিজ্ঞেস বা উল্লেখ করেননি)। এছাড়া: সত্য কাহিনী সম্ভার (শহীদ মুতাহহারির দাস্তানে রাস্তান-এর বাংলা অনুবাদ), ‘ইফতারি’; মূল: মাকারিমুল আখলাক (তাবরিসি), রাসূলুল্লাহ ﷺ-এর পানীয় অধ্যায়; কুহলুল বাসার পৃ. ৬৭। পানি বা খেজুর দিয়ে রোযা খোলার কথা (অংশ ১১৭গ) «বর্ণিত আছে» বলে রাখা হয়েছে; মূল কিতাবের সূত্র এখনো মেলানো হয়নি।",CONFLICT,YES
B1-C00127,1905,,,SOURCE_BLOCK_NOTE,UNSPECIFIED,NARRATIVE_ONLY,HIGH,,,,CITATION_BULLET|QURAN_MARKER,,YES,"•  আহলে বাইতের ফিকহে মাগরিবের সময়: আয়াতুল্লাহ সাইয়্যেদ আলী সিস্তানি, Islamic Laws (sistani.org), রুলিং ৭২২: পূর্ব আকাশের লালিমা মাথার ওপর দিয়ে পার না হওয়া পর্যন্ত মাগরিব না পড়া (বাধ্যতামূলক সতর্কতা হিসেবে)।",PAGE-CHECK,
B1-C00128,1906,,,SHIA_NARRATION,SHIA,NAMED_SOURCE,HIGH,al-Kafi,al-Kafi:4|al-Kafi:4,,CITATION_BULLET|SHIA_BOOK|HADITH_WORD,,YES,"•  ইফতারের সময় নিয়ে ইমামগণের (আলাইহিমুস সালাম) হাদিস: আল-কাফি (শেখ কুলাইনি), কিতাবুস সিয়াম, «ইফতারের সময়» অধ্যায় (باب وقت الإفطار), হাদিস ১, ইমাম জাফর আস-সাদিক (আলাইহিস্ সালাম): কিবলামুখী দাঁড়িয়ে পূর্ব থেকে ওঠা লালিমা লক্ষ করা, তা মাথার চূড়া পেরিয়ে পশ্চিমের দিকে গেলে ইফতার ওয়াজিব; হাদিস ২, ইমাম মুহাম্মদ আল-বাকির (আলাইহিস্ সালাম), বুরাইদের বর্ণনায়: পূর্ব দিকের লালিমা মিলিয়ে গেলে পৃথিবীর পূর্বে ও পশ্চিমে সূর্য অস্ত গেছে। আরবি পাঠ: https://thaqalayn.com/chapter/4/2/20 (আল-কাফি, খণ্ড ৪)। «পশ্চিম আকাশ কালো না হওয়া পর্যন্ত ইফতার নয়» এই শব্দে কোনো হাদিস শিয়া বা সুন্নি কিতাবে পাওয়া যায়নি; সবচেয়ে কাছের বর্ণনা উপরের হাদিস ১, যেখানে লালিমা যায় «পশ্চিমের দিকে» (إِلَى نَاحِيَةِ الْمَغْرِبِ)।",EDITION-LOCK,YES
B1-C00129,1907,,,SOURCE_BLOCK_NOTE,UNSPECIFIED,NARRATIVE_ONLY,HIGH,,,,CITATION_BULLET|QURAN_MARKER,,YES,"•  «ইচ্ছাকৃত ভঙ্গ» (অংশ ১৪৭) লেখকের নিজস্ব উপলব্ধি, মারজার ফতোয়া নয়। পাশে মারজার ফতোয়া: আয়াতুল্লাহ সাইয়্যেদ আলী সিস্তানির দপ্তরের আরবি প্রশ্নোত্তর «الصوم - وقت الإفطار»: ইফতারের সময় পূর্বাকাশের লালিমা দূর হওয়া (সতর্কতামূলক); এর আগে ইফতার করলে কাযা ওয়াজিব, আর হুকুম জানা থাকলে কাফফারাও («عليه القضاء بل الكفارة ايضاً لو كان عالماً بالحكم»), https://www.sistani.org/arabic/qa/02340/ । «الإفطار مع العامّة»: অন্যের আজান ধরে ইফতার করলে কাযা ওয়াজিব, হুকুম জানা থাকলে কাফফারাও, https://www.sistani.org/arabic/qa/02339/ । না জেনে করলে কাফফারা নেই: Islamic Laws, মাসআলা ১৬২৯; কাফফারার পরিমাণ: মাসআলা ১৬৩০ (sistani.org)।",PAGE-CHECK,
B1-C00130,1908,,,QURAN,QURAN,QURAN_REF,HIGH,,,6:51|7:07|7:17|7:46|8:17,CITATION_BULLET,,YES,"•  গোধূলির সময় (যশোর, ২৩.১৭° উ, ৮৯.২১° পূ; রমজানের মাঝামাঝি একটি সন্ধ্যা, ১৪ জুলাই ২০১৪-এর হিসাব): NOAA সূর্য-অবস্থান অ্যালগরিদমে (Python astral) গোনা; সূর্যাস্ত ৬:৫১, সূর্য ৪° নিচে ৭:০৭, সিভিল গোধূলির শেষ (৬°) ৭:১৭, নটিক্যাল (১২°) ৭:৪৬, অ্যাস্ট্রোনমিক্যাল (১৮°) ৮:১৭। পূর্ণ অন্ধকার সূর্যাস্তের পর মার্চ/সেপ্টেম্বরে ৭৫, ডিসেম্বরে ৮১, জুনে ৮৮ মিনিট; সেই রমজানে (২৯ জুন–২৮ জুলাই ২০১৪) ৮৩–৮৭ মিনিট। গোধূলির সংজ্ঞা: U.S. Naval Observatory, «Rise, Set, and Twilight Definitions»। স্থানীয় কুয়াশা বা দিগন্তের কারণে চোখের দেখা কয়েক মিনিট এদিক-ওদিক হতে পারে।",VERIFIED,
B1-C00131,1909,,,QURAN,QURAN,QURAN_REF,HIGH,,,2:187,CITATION_BULLET,,YES,•  ২:১৮৭-এ «সাদা রেখা» ও «কালো রেখা»: الْخَيْطُ الْأَبْيَضُ / الْخَيْطِ الْأَسْوَدِ; খাইত শব্দের অর্থ সুতো।,VERIFIED,
B1-C00132,1910,,,SOURCE_BLOCK_NOTE,UNSPECIFIED,NARRATIVE_ONLY,HIGH,,,,CITATION_BULLET,,YES,"•  সওমে বিসাল (রাত পার করে রোযা জুড়ে দেওয়া) হারাম: Islamic Laws of Fasting, According to the Rulings of Grand Ayatullah al-Sayyid Ali al-Husseini al-Sistani, I.M.A.M. (Imam Mahdi Association of Marjaeya), 2022, অধ্যায় ৩ «Types of Fasting», «Unlawful Fasting», বিষয় ৪। একই জায়গায়: রোযার নিয়ত ছাড়া পরের রাত পর্যন্ত না খেয়ে থাকায় সমস্যা নেই।",PAGE-CHECK,
B1-C00133,1966,,০৮  দানবাক্সের তিনশো বিশ টাকা,ATTRIBUTION_ONLY,UNSPECIFIED,ATTRIBUTION_FORMULA,MEDIUM,,,,BARNITA_MARKER,REF-050,NO,"আমি উৎসাহিত হয়ে বললাম, “ঠিক বলেছ, ফয়সাল। বর্ণিত আছে, ইমাম রেজা (আলাইহিস্ সালাম) বলেছেন: ‘আল্লাহ মহিমান্বিত ও পরাক্রমশালী, সাইয়্যিদা ফাতিমাতুয্ যাহরা (আলাইহাস্ সালাম)-এর মোহরানা (মাহর) হিসেবে পৃথিবীর এক-পঞ্চমাংশ নির্ধারণ করেছেন।’”",CONFLICT,YES
B1-C00134,2017,,,FADAK,UNSPECIFIED,NARRATIVE_ONLY,HIGH,,,,QURAN_MARKER|FADAK,,NO,"“এই আয়াত যখন নাজিল হলো,” বুরুল্লাহ বলল, “রাসূলুল্লাহ ﷺ জানতে চাইলেন, নিকটাত্মীয় কে, তার হক কী। আল্লাহ জানালেন, ফাদাক দিয়ে দাও ফাতিমাকে। ফাদাক মানে মদিনা থেকে দূরের একটা গ্রাম, খেজুরের বাগান। বিনা যুদ্ধে এসেছিল, তাই ওটা ছিল রাসূলুল্লাহ ﷺ-এর নিজের। তিনি মেয়েকে ডাকলেন। বললেন, ‘ফাতিমা, আল্লাহ আমাকে আদেশ করেছেন ফাদাক তোমাকে দিয়ে দিতে।’ মা সাইয়্যিদা ফাতিমাতুয্ যাহরা (আলাইহাস্ সালাম) বললেন, ‘আমি গ্রহণ করলাম, হে রাসূলুল্লাহ, আল্লাহর কাছ থেকে এবং আপনার কাছ থেকে।’”",PAGE-CHECK,
B1-C00135,2028,,,FADAK,UNSPECIFIED,NARRATIVE_ONLY,HIGH,,,,FADAK,,NO,"ছেলেটি অভিজাত লোকটির হাত আরো শক্ত করে ধরে এবার বলতে লাগলো,“আল্লাহর কসম!! আমাদের সকলের মা, মা ফাতেমাতুজ্জোহরা (আলাইহাস্ সালাম) ফাদাকের সম্পত্তির জন্য দরবারে গিয়েছিল। তাকেও আমার মতো বলা হয়েছিল এ সামান্য ফাদাকের জন্য তুমি দরবারে এসেছো। অনেকে ঘরে বসে বলেন, “সমস্ত জান্নাত ও কুলকায়েনাতের নেত্রী সামান্য ফাদাকের জন্য বিচার চেতে এসেছিল?”",PAGE-CHECK,
B1-C00136,2029,,,FADAK,UNSPECIFIED,NARRATIVE_ONLY,HIGH,,,,FADAK,,NO,উত্তরে আমি এটাই বলবো ফাদাক ও আমার পেয়ারা তো বাহানা ছিল। আমি সারা জাহানকে দেখাতে চেয়েছি যারা ন্যায়বিচারক সেজে বসে আছেন তারা ভেতরে আসলে কি?? আর বাইরে কি?,PAGE-CHECK,
B1-C00137,2040,,,FADAK,UNSPECIFIED,NARRATIVE_ONLY,HIGH,,,,FADAK,,NO,"“লোকে এই প্রশ্ন তাঁকেও করেছিল।” বুরুল্লাহর গলা নেমে এল, যেন কারও কবরের পাশে দাঁড়িয়ে। “ইমাম আলী (আলাইহিস্ সালাম)-এর উত্তর ছিল হৃদয়বিদারক। তিনি বলেন, ‘আমার পূর্ববর্তী নেতারা জেনে শুনে মুহাম্মদ (সাল্লাল্লাহু আলাইহি ওয়া আলিহি ওয়া সাল্লাম)-এর বিরোধিতা করেছেন। আমি যদি ফাদাক ফিরিয়ে দিই, মাকাম-ই ইবরাহিম আগের স্থানে রাখি, তারাবির বিদআত মুছে দিই, তারা বলবে, আলী উমারের সুন্নাহ পরিবর্তন করছে!’”",PAGE-CHECK,
B1-C00138,2041,,,FADAK,UNSPECIFIED,NARRATIVE_ONLY,HIGH,,,,FADAK,,NO,ফাদাক। শব্দটা শুনে রাহাতের মুঠো আবার পাথরে চেপে বসল।,PAGE-CHECK,
B1-C00139,2084,,,ATTRIBUTION_ONLY,UNSPECIFIED,ATTRIBUTION_FORMULA,MEDIUM,,,,BARNITA_MARKER|RASUL_SAID,REF-051,NO,"তারপর তিনি ঘটনাটা বললেন। বর্ণিত আছে, রাসূলুল্লাহ ﷺ-এর একজন সাহাবি, হযরত আবু যার আল-গিফারী বলেন: “আমি একদিন রাসূলুল্লাহ ﷺ-এর সঙ্গে যোহরের সালাত আদায় করছিলাম। হঠাৎ একজন ভিক্ষুক মসজিদে প্রবেশ করল, কিন্তু কেউ তাকে সাহায্য করল না। সে দু’হাত তুলে আল্লাহর কাছে ফরিয়াদ করল— ‘ইয়া আল্লাহ, আমি সাহায্য চাইলাম, কিন্তু কেউ কিছু দিল না।’ সেই সময় হযরত আলী ইবনে আবু তালিব (আলাইহিস্ সালাম) রুকু অবস্থায় ছিলেন। তিনি ভিক্ষুকের দিকে ইশারা করলেন, এবং ভিক্ষুক তাঁর আঙুলের আংটি নিয়ে নিল। এই দৃশ্য রাসূলুল্লাহ ﷺ-এর চোখের সামনে ঘটল।”",CONFLICT,YES
B1-C00140,2122,,,FADAK,UNSPECIFIED,NARRATIVE_ONLY,HIGH,,,,FADAK,,NO,রাহাতের কানে বেজে উঠল পুকুরঘাটের সেই কথা। এ সামান্য ফাদাকের জন্য তুমি দরবারে এসেছো।,PAGE-CHECK,
B1-C00141,2129,,,FADAK,UNSPECIFIED,NARRATIVE_ONLY,HIGH,,,,FADAK,,NO,"“আম্মু,” রাহাত বলল। গলা থেকে শব্দটা ঠিকমতো বেরোল না। “আমার রক্তেই ফাদাক।”",PAGE-CHECK,
B1-C00142,2136,,,FADAK,UNSPECIFIED,NARRATIVE_ONLY,HIGH,,,,FADAK,,NO,"“তোর ঘরের কথা জানতাম না,” বুরুল্লাহ বলল। “শুধু জানতাম, প্রায় সব ঘরেই কোথাও না কোথাও একটা ফাদাক চাপা পড়ে আছে। চল, নিচে চল। কাল ঈদ। কাল তোকে একটা গল্প বলব।”",PAGE-CHECK,
B1-C00143,2184,,,FADAK,UNSPECIFIED,NARRATIVE_ONLY,HIGH,,,,FADAK,,NO,নূরুন আলা নূর। এক আলোর ওপর আরেক আলো। এক ইমামের পর আরেক ইমাম। রুকুতে বাড়ানো একটা হাত থেকে কারবালার মাটি পর্যন্ত। ফাদাকের খেজুরবাগান থেকে ব্রহ্মপুত্রের চরের একফালি ধানক্ষেত পর্যন্ত। একটা হক ফিরিয়ে দিলে অন্ধকার এক আঙুল সরে যায়।,PAGE-CHECK,
B1-C00144,2190,,,SOURCE_BLOCK_NOTE,UNSPECIFIED,NARRATIVE_ONLY,HIGH,,,,CITATION_BULLET|PAGE_CHECK_MARKER,REF-052,YES,•  তারাবি/তারবিহা = বিশ্রাম (ر-و-ح) — লিসানুল আরব — PAGE-CHECK।,PAGE-CHECK,
B1-C00145,2191,,,SUNNI_NARRATION,SUNNI,NAMED_SOURCE,HIGH,Sahih_Muslim|Sahih_al-Bukhari,Sahih_al-Bukhari:1129|Sahih_al-Bukhari:761|Sahih_al-Bukhari:1129|Sahih_al-Bukhari:761|Sahih_Muslim:761|Sahih_Muslim:761|Sahih_Muslim:4,,CITATION_BULLET|PAGE_CHECK_MARKER|SUNNI_BOOK,REF-053,YES,"•  রাসূলুল্লাহ ﷺ রমজানের রাতে মসজিদে কয়েক রাত নামাজ, তারপর বন্ধ («خشيت أن تفرض عليكم») — বুখারি ১১২৯ / মুসলিম ৭৬১ (আয়েশা) — PAGE-CHECK (sunnah.com 403; বাহ্যিক যাচাই তালিকায়)।",CONFLICT,YES
B1-C00146,2192,,,SUNNI_NARRATION,SUNNI,NAMED_SOURCE,HIGH,Sahih_al-Bukhari,Sahih_al-Bukhari:2010|Sahih_al-Bukhari:2010,,CITATION_BULLET|PAGE_CHECK_MARKER|SUNNI_BOOK,REF-054,YES,•  উমর: «نعمت البدعة هذه» — বুখারি ২০১০ — PAGE-CHECK।,CONFLICT,YES
B1-C00147,2193,,,FADAK,SHIA,NAMED_SOURCE,HIGH,al-Kafi,al-Kafi:8|al-Kafi:8,,CITATION_BULLET|PAGE_CHECK_MARKER|SHIA_BOOK|FADAK,REF-055,YES,"•  ইমাম আলী (আলাইহিস্ সালাম): «আমি যদি ফাদাক ফিরিয়ে দিই… তারাবির বিদআত মুছে দিই…» — জনির খাতা ¶২৩২৭৮–২৩২৮৭ (JONY-VERBATIM); মূল: আল-কাফি, রাওদা (খ.৮, খুতবা «لو استوت قدماي») — PAGE-CHECK; ছাপার আগে খণ্ড-পৃষ্ঠা মেলাতে হবে।",EDITION-LOCK,YES
B1-C00148,2194,,,QURAN,QURAN,QURAN_REF,HIGH,,,8:41|59:7|17:26|5:55|24:35|22:37|9:11,CITATION_BULLET|QURAN_MARKER,,YES,"•  কুরআনের সব আরবি api.alquran.cloud (quran-uthmani) থেকে নেওয়া: ৮:৪১ (অংশ ৪৪, প্রথম অংশ), ৫৯:৭ (অংশ ৮১, প্রথম অংশ), ১৭:২৬ (অংশ ৯৮), ৫:৫৫ (অংশ ১৫১), ২৪:৩৫ (অংশ ২৫০, প্রথম অংশ)। অংশ ৬৩-এর বাক্য ২২:৩৭-এর অর্থ, লেখকের খাতা থেকে। অংশ ১৬৩-এর উদ্ধৃতি ৯:১১-এর ভাব, লেখকের খাতার ভাষায়।",VERIFIED,
B1-C00149,2195,,,SHIA_NARRATION,SHIA,NAMED_SOURCE,HIGH,al-Kafi,al-Kafi:1|al-Kafi:1,,CITATION_BULLET|SHIA_BOOK|HADITH_WORD,,YES,"•  খুমসের হাদিস «لا يحل لأحد أن يشتري من الخمس شيئا حتى يصل إلينا حقنا» (অংশ ৬৬–৬৭): আল-কাফি, খণ্ড ১, কিতাবুল হুজ্জাহ, বাব «الفيء والأنفال وتفسير الخمس», হাদিস ১৪, আবু বাসির, ইমাম বাকির (আলাইহিস্ সালাম) থেকে। https://thaqalayn.net/chapter/1/4/130",EDITION-LOCK,YES
B1-C00150,2196,,,QURAN,SUNNI,QURAN_REF,HIGH,Sahih_Muslim|Sunan_Abu_Dawud|Sunan_al-Nasai,,8:41,CITATION_BULLET|SUNNI_BOOK,,YES,"•  ইবনে আব্বাস ও নজদার চিঠি (অংশ ৮৫–৮৭): ইবনে কাসির, তাফসির, ৮:৪১-এর ব্যাখ্যা, যেখানে তিনি জানান বর্ণনাটি সহিহ মুসলিম, আবু দাউদ, তিরমিজি ও নাসাঈতে আছে। «حتى الخيط والمخيط» (সুতো ও সূঁচ) একই পাতায় ইবনে কাসিরের নিজের কথা। https://quran.ksu.edu.sa/tafseer/katheer/sura8-aya41.html",VERIFIED,
B1-C00151,2197,,,FADAK,SHIA,QURAN_REF,HIGH,al-Kafi,al-Kafi:1|al-Kafi:1,17:26,CITATION_BULLET|SHIA_BOOK|HADITH_WORD|FADAK,,YES,"•  ফাদাক ও ১৭:২৬, ইমাম মূসা কাযিম (আলাইহিস্ সালাম)-এর বর্ণনা (অংশ ১০০–১০২): আল-কাফি, খণ্ড ১, কিতাবুল হুজ্জাহ, একই বাব, হাদিস ৫ (আলী ইবনে আসবাত)। https://thaqalayn.net/chapter/1/4/130 । লেখকের খাতায় বর্ণনাকারী হিসেবে ইমাম সাদিক (আলাইহিস্ সালাম)-এর নাম ছিল; লেখকের সম্মতিতে যাচাই করা বর্ণনা অনুযায়ী ইমাম কাযিম (আলাইহিস্ সালাম) বসানো হয়েছে।",VERIFIED,
B1-C00152,2198,,,FADAK,QURAN,QURAN_REF,HIGH,,,17:26|17:26,CITATION_BULLET|SUTRA_MARKER|QURAN_MARKER|FADAK,,YES,"•  ইমাম যায়নুল আবেদীন (আলাইহিস্ সালাম) ও শামদেশীয় লোক (অংশ ১০২): তাবারি, জামিউল বায়ান, ১৭:২৬-এর ব্যাখ্যা। https://quran.ksu.edu.sa/tafseer/tabary/sura17-aya26.html । আয়াত নাজিলের পর রাসূলুল্লাহ ﷺ-এর ফাতিমা (আলাইহাস্ সালাম)-কে ফাদাক দেওয়ার কথা আবু সাঈদ খুদরী থেকে বাজ্জারের সূত্রে ইবনে কাসিরও উদ্ধৃত করেছেন (১৭:২৬)। https://quran.ksu.edu.sa/tafseer/katheer/sura17-aya26.html",VERIFIED,
B1-C00153,2199,,,SOURCE_BLOCK_NOTE,UNSPECIFIED,NARRATIVE_ONLY,HIGH,,,,CITATION_BULLET,,YES,"•  «না, বরং আল্লাহই তাঁকে দান করেছেন» (অংশ ১০৩): আবান ইবনে তাগলিবের বর্ণনা হিসেবে লেখকের খাতায় আছে; মূল কিতাবে মেলানো যায়নি, তাই «বর্ণনায় আছে»।",PAGE-CHECK,
B1-C00154,2200,,,SHIA_NARRATION,SHIA,NAMED_SOURCE,HIGH,al-Kafi,al-Kafi:1|al-Kafi:1|al-Kafi:1|al-Kafi:1,,CITATION_BULLET|SUTRA_MARKER|SHIA_BOOK|HADITH_WORD,,YES,"•  «মানুষের হাতের ময়লা» (অংশ ১১৬): আমিরুল মুমিনীন আলী (আলাইহিস্ সালাম)-এর কথা, সুলাইম ইবনে কায়েসের সূত্রে, আল-কাফি, খণ্ড ১, একই বাব, হাদিস ১: «…وَلَمْ يَجْعَلْ لَنَا سَهْماً فِي الصَّدَقَةِ أَكْرَمَ الله نَبِيَّهُ وَأَكْرَمَنَا أَنْ يُطْعِمَنَا أَوْسَاخَ مَا فِي أَيْدِي النَّاسِ»। https://thaqalayn.net/chapter/1/4/130",EDITION-LOCK,YES
B1-C00155,2201,,,SHIA_NARRATION,SHIA,NAMED_SOURCE,HIGH,al-Kafi,al-Kafi:2|al-Kafi:2,,CITATION_BULLET|SHIA_BOOK|HADITH_WORD,,YES,"•  বেলায়াত ছাড়া আমলের হাদিস (অংশ ১৩৫–১৩৬): আল-কাফি, খণ্ড ২, কিতাবুল ঈমান ওয়াল কুফর, বাবু দাআইমিল ইসলাম, হাদিস ৫, যুরারা, ইমাম বাকির (আলাইহিস্ সালাম) থেকে। https://thaqalayn.net/chapter/2/1/13",EDITION-LOCK,YES
B1-C00156,2202,,,QURAN,SHIA|SUNNI,QURAN_REF,HIGH,Mustadrak_al-Hakim|al-Kafi,al-Kafi:1|al-Kafi:1,5:55,CITATION_BULLET|BARNITA_MARKER|SUNNI_BOOK|SHIA_BOOK|HADITH_WORD,REF-056,YES,"•  রুকুতে দান (অংশ ১৫৪–১৫৭): আংটির বর্ণনা তাবারি, জামিউল বায়ান, ৫:৫৫ (আস-সুদ্দি, উতবা ইবনে আবি হাকিম, মুজাহিদ থেকে)। https://quran.ksu.edu.sa/tafseer/tabary/sura5-aya55.html । চাদরের (হুল্লা) বর্ণনা এবং «প্রত্যেক ইমাম এই গুণের» কথা আল-কাফি, খণ্ড ১, কিতাবুল হুজ্জাহ, বাব «ما نص الله عز وجل ورسوله على الأئمة», হাদিস ৩। https://thaqalayn.net/chapter/1/4/64 । আবু যার আল-গিফারীর বর্ণনার পাঠ লেখকের খাতা থেকে, মূল কিতাবে মেলানো হয়নি, তাই «বর্ণিত আছে»।",CONFLICT,YES
B1-C00157,2203,,,ATTRIBUTION_ONLY,UNSPECIFIED,ATTRIBUTION_FORMULA,MEDIUM,,,,CITATION_BULLET|BARNITA_MARKER|HADITH_WORD,REF-057,YES,"•  ফাতিমা (আলাইহাস্ সালাম)-এর মোহর হিসেবে পৃথিবীর এক-পঞ্চমাংশ (অংশ ৫১) ও দর্জির সূঁচের খুমস (অংশ ৫৯): লেখকের খাতায় ফিকহুর রেজা গ্রন্থের নামে আছে; মূল পাতা মেলানো হয়নি, তাই «বর্ণিত আছে» / «এক হাদিসে বর্ণিত হয়েছে»।",CONFLICT,YES
B1-C00158,2204,,,SOURCE_BLOCK_NOTE,UNSPECIFIED,NARRATIVE_ONLY,HIGH,,,,CITATION_BULLET,,YES,"•  লেখকের পাণ্ডুলিপি ও নিজের লেখা: অংশ ৯, ২৩–২৪, ৩৯–৪১, ৪৫, ৪৭–৫৪, ৫৭–৬৩, ৮৫, ৯৯, ১০২, ১০৭–১১৩, ১১৬, ১২৭–১৩১, ১৫৩–১৫৫, ১৫৮–১৬৩, ১৬৫, ২১৪, ২১৭–২২১, ২২৫, ২২৯–২৩০, ২৪৬। ফয়সালের স্বপ্ন লেখকের খাতায় যেমন আছে তেমন, স্বপ্নের সাক্ষ্য হিসেবে।",PAGE-CHECK,
B1-C00159,2261,,০৯  কার ব্যাখ্যা মেনে আমল করব?,ATTRIBUTION_ONLY,UNSPECIFIED,ATTRIBUTION_FORMULA,MEDIUM,,,,BARNITA_MARKER,REF-058,NO,"বুরুল্লাহ মাথা নাড়ল, যেন এটাই প্রত্যাশিত। “বর্ণিত আছে, ইমাম আলী (আলাইহিস্ সালাম)-এর নামাজে তীর বের করা হয়েছিল, আর তিনি টেরও পাননি— এমন আত্মস্থতা, এমন ঈমানের গভীরতা কেবল ইমামিয় দৃষ্টিভঙ্গিতে সম্ভব।”",PAGE-CHECK,
B1-C00160,2293,,,QURAN,QURAN,QURAN_REF,HIGH,,,4:59|5:55,CITATION_BULLET|QURAN_MARKER,,YES,"•  সূরা আন-নিসা ৪:৫৯, সূরা আল-মায়িদা ৫:৫৫ — api.alquran.cloud — CONFIRMED।",VERIFIED,
B1-C00161,2294,,,SHIA_NARRATION,SHIA,NAMED_SOURCE,HIGH,al-Kafi,al-Kafi:1|al-Kafi:6|al-Kafi:1|al-Kafi:6,,CITATION_BULLET|PAGE_CHECK_MARKER|SUTRA_MARKER|SHIA_BOOK,REF-059,YES,"•  «من مات ولم يعرف إمام زمانه مات ميتة جاهلية» — শিয়া সূত্রে কামালুদ্দীন (শেখ সাদুক) প্রভৃতি; অনুরূপ পাঠ আল-কাফি ১, কিতাবুল হুজ্জাহ (অধ্যায় ৬-এর নমুনার সূত্র দেখুন) — PAGE-CHECK।",CONFLICT,YES
B1-C00162,2295,,,ATTRIBUTION_ONLY,UNSPECIFIED,ATTRIBUTION_FORMULA,MEDIUM,,,,CITATION_BULLET|BARNITA_MARKER,REF-060,YES,•  ইমাম আলী (আলাইহিস্ সালাম)-এর নামাজে তীর বের করা — প্রসিদ্ধ বর্ণনা; মূল কিতাবের পৃষ্ঠা মেলানো হয়নি — «বর্ণিত আছে»।,PAGE-CHECK,
B1-C00163,2296,,,SOURCE_BLOCK_NOTE,UNSPECIFIED,NARRATIVE_ONLY,HIGH,,,,CITATION_BULLET|PAGE_CHECK_MARKER,REF-061,YES,•  ইমাম হুসাইন (আলাইহিস্ সালাম)-এর ৮ জিলহজ মক্কা ত্যাগ — ইতিহাস; পৃষ্ঠা মেলানো বাকি — PAGE-CHECK।,PAGE-CHECK,
B1-C00164,2297,,,SOURCE_BLOCK_NOTE,UNSPECIFIED,NARRATIVE_ONLY,HIGH,,,,CITATION_BULLET|HADITH_WORD,,YES,•  «আমল তখনই গৃহীত হবে…» — ইমামদের শিক্ষার সারকথা হিসেবে জনির বাক্য; নির্দিষ্ট হাদীস-দাবি নয়।,PAGE-CHECK,
B1-C00165,2326,,১০  মা সাইয়্যিদা যেভাবে ইবাদত করতেন,ATTRIBUTION_ONLY,UNSPECIFIED,ATTRIBUTION_FORMULA,MEDIUM,,,,BARNITA_MARKER,REF-062,NO,"“বর্ণিত আছে, ইমাম হাসান (আলাইহিস্ সালাম) ছোটবেলায় এক জুমার রাতে দেখেছিলেন, তাঁর আম্মা মা সাইয়্যিদা ফাতিমাতুয্ যাহরা (আলাইহাস্ সালাম) সারা রাত মেহরাবে দাঁড়িয়ে আছেন। রুকু, সিজদা, তারপর দোয়া। ভোর পর্যন্ত। আর পুরো রাত তিনি দোয়া করলেন প্রতিবেশীদের জন্য, মুমিন নারী-পুরুষদের জন্য, নাম ধরে ধরে। নিজের জন্য একটি দোয়াও না। ইমাম হাসান (আলাইহিস্ সালাম) সকালে জিজ্ঞেস করলেন, আম্মা, আপনি নিজের জন্য দোয়া করলেন না কেন? তিনি বললেন, ‘বাবা, আগে প্রতিবেশী, তারপর ঘর।’”",PAGE-CHECK,
B1-C00166,2377,,১০  মা সাইয়্যিদা যেভাবে ইবাদত করতেন,SHIA_NARRATION,SHIA,NAMED_SOURCE,HIGH,Bihar_al-Anwar|Ilal_al-Sharai,Bihar_al-Anwar:43|Bihar_al-Anwar:43,,CITATION_BULLET|PAGE_CHECK_MARKER|SHIA_BOOK,REF-063,YES,"•  মা সাইয়্যিদা ফাতিমাতুয্ যাহরা (আলাইহাস্ সালাম)-এর জুমার রাতের দোয়া, «الجار ثم الدار» — ইলালুশ শারায়ে (শেখ সাদুক) ও বিহারুল আনওয়ার ৪৩ — PAGE-CHECK।",CONFLICT,YES
B1-C00167,2378,,১০  মা সাইয়্যিদা যেভাবে ইবাদত করতেন,SHIA_NARRATION,SHIA,NAMED_SOURCE,HIGH,al-Kafi,al-Kafi:3|al-Kafi:3,,CITATION_BULLET|PAGE_CHECK_MARKER|SUTRA_MARKER|SHIA_BOOK|HADITH_WORD,REF-064,YES,"•  তাসবিহে যাহরা ও খাদেমের ঘটনা — শিয়া সূত্রে (মান লা ইয়াহদুরুহুল ফাকিহ ১; আল-কাফি ৩) ও সুন্নি সূত্রে (সহিহ বুখারী, খাদেম চাওয়ার হাদীস) — PAGE-CHECK; ক্রম (৩৪-৩৩-৩৩) শিয়া পাঠ অনুযায়ী।",CONFLICT,YES
B1-C00168,2402,,"০১  জান্নাত চাই, কিন্তু জানি কতটা?",SUNNI_NARRATION,SUNNI,NAMED_SOURCE,HIGH,Sahih_Muslim,,,SUNNI_BOOK,,NO,"আমি রাহাতের দিকে ফিরলাম। ""রাহাত ভাই, একটা সরল কিন্তু ভীষণ জটিল প্রশ্ন করি— আমরা যারা নামাজ পড়ি, রোজা রাখি, হালাল-হারাম মেনে চলি, নামের পাশে ‘মুসলিম’ লিখি—আমরা কি সত্যিই ‘প্রকৃত মুসলমান’? আর যদি মনে করো, ‘হ্যাঁ, আমি মুসলমান’—তাহলে বলো তো এর মানে কী?”",PAGE-CHECK,
B1-C00169,2407,,"০১  জান্নাত চাই, কিন্তু জানি কতটা?",SUNNI_NARRATION,SUNNI,NAMED_SOURCE,HIGH,Sahih_Muslim,,,SUNNI_BOOK,,NO,"বুরুল্লাহ আলতো হাসল, কিন্তু সুর গম্ভীর। ""এই ধারণাটাই আমাদের আত্মার আত্মসমার্পনের পথের সবচেয়ে বড় বাধা। মুসলমান হওয়া জন্মগত পরিচয় নয়, ফয়সাল। এটা আত্মার পরিচয়—যেটা কাগজে লেখা যায় না, মুখে বলা যায় না। অনেক সময় নামাজী মুখে 'মুসলিম', কিন্তু অন্তরে হাজারটা হুকুম অমান্যকারী। এই পরিচয় বাহিরে নয়, বোঝা যায় ভিতরের দীপ্তিতে—আত্মসমর্পণের আলোয়। ‘মুসলিম’—এ এক মহামূল্যবান পরিচয়। এর অর্থ শুধু একটি নাম বা উপাধি নয়, বরং নিজের অস্তিত্ব, ইচ্ছা, আকাঙ্ক্ষা—সবকিছু আল্লাহর ইচ্ছার কাছে সমর্পণ করা। এটি এমন এক আত্ম-সমর্পণ, যেখানে আমি আর ‘আমি’ নেই— আছে কেবল আমার রবের সন্তুষ্টি ও আদেশের প্রতি পূর্ণ আনুগত্য। এই আত্মসমর্পণ কেবল কাগজে কলমে নয়—চিন্তায়, কাজে, অনুভবে, সিদ্ধান্তে— যখন প্রতিটি শ্বাস-প্রশ্বাসে আমরা বলি: ‘ইয়া আল্লাহ! আমি তোমার। আমি তোমার রাসূলের ও তাঁর আহলুল বাইতের আনুগত্যে বাঁধা।’ তখনই কেউ হয় প্রকৃত মুসলমান।”",PAGE-CHECK,
B1-C00170,2462,,,SOURCE_BLOCK_NOTE,UNSPECIFIED,NARRATIVE_ONLY,HIGH,,,,CITATION_BULLET|SUTRA_MARKER|QURAN_MARKER|HADITH_WORD,,YES,•  এই অধ্যায়ে কোনো আয়াত বা হাদীস উদ্ধৃত হয়নি। «জান্নাতের সর্দার» কথাটির হাদীস-সূত্র অধ্যায় ৯-এর শেষে।,PAGE-CHECK,
B1-C00171,2483,,"০২  জন্মসূত্রে মুসলমান, নাকি বেছে নেওয়া?",SUNNI_NARRATION,SUNNI,NAMED_SOURCE,HIGH,Sahih_Muslim,,,QURAN_MARKER|SUNNI_BOOK,,NO,"বুরুল্লাহ বলল, ""এবার কুরআনের দিক থেকে দেখ। আল্লাহ বলেন— “আল্লাহ তোমাদেরকে তোমাদের মায়ের পেট থেকে বের করেন, তোমরা কিছুই জানতে না। তিনি তোমাদেরকে শোনার শক্তি, দেখার শক্তি আর অন্তর দান করেছেন যাতে তোমরা শোকর আদায় করতে পার।” এই আয়াত ঘোষণা করছে— মানুষ জন্মায় একধরনের শূন্যতা নিয়ে, না সে মুসলিম, না কাফের, না ইহুদি, না খ্রিষ্টান— সে জন্মায় জ্ঞানহীন, ভাবনাহীন, নিরুপায়।""",PAGE-CHECK,
B1-C00172,2490,,"০২  জন্মসূত্রে মুসলমান, নাকি বেছে নেওয়া?",SUNNI_NARRATION,SUNNI,NAMED_SOURCE,HIGH,Sahih_Muslim,,,SUNNI_BOOK,,NO,"শামস আবার ভ্রু কুঁচকাল। ""তাহলে প্রশ্ন— যদি কেউ জন্ম থেকেই মুসলিম হতো, তবে পরীক্ষা কিসের? কে কার জন্য কষ্ট করে দাওয়াত দিতো?""",PAGE-CHECK,
B1-C00173,2528,,"০২  জন্মসূত্রে মুসলমান, নাকি বেছে নেওয়া?",SOURCE_BLOCK_NOTE,UNSPECIFIED,NARRATIVE_ONLY,HIGH,,,,CITATION_BULLET|SUTRA_MARKER|QURAN_MARKER|HADITH_WORD,,YES,•  এই অধ্যায়ের আলাপ তাহারা সেন্টারের বন্ধুদের; আয়াত ও হাদীসের সূত্র নিচে।,PAGE-CHECK,
B1-C00174,2529,,"০২  জন্মসূত্রে মুসলমান, নাকি বেছে নেওয়া?",QURAN,QURAN,QURAN_REF,HIGH,,,30:30,CITATION_BULLET|QURAN_MARKER,,YES,"•  কুরআন ৩০:৩০ (فِطْرَتَ ٱللَّهِ ٱلَّتِى فَطَرَ ٱلنَّاسَ عَلَيْهَا ۚ لَا تَبْدِيلَ لِخَلْقِ ٱللَّهِ) — api.alquran.cloud, CONFIRMED।",VERIFIED,
B1-C00175,2530,,"০২  জন্মসূত্রে মুসলমান, নাকি বেছে নেওয়া?",QURAN,QURAN,QURAN_REF,HIGH,,,16:78,CITATION_BULLET|QURAN_MARKER,,YES,"•  কুরআন ১৬:৭৮ (মায়ের পেট থেকে বের করা, কিছুই না জানা; শোনা, দেখা, অন্তর) — api.alquran.cloud, CONFIRMED।",VERIFIED,
B1-C00176,2531,,"০২  জন্মসূত্রে মুসলমান, নাকি বেছে নেওয়া?",QURAN,QURAN,QURAN_REF,HIGH,,,67:2,CITATION_BULLET|QURAN_MARKER,,YES,"•  কুরআন ৬৭:২ (মরণ ও জীবনের সৃষ্টি পরীক্ষার জন্য) — api.alquran.cloud, CONFIRMED।",VERIFIED,
B1-C00177,2532,,"০২  জন্মসূত্রে মুসলমান, নাকি বেছে নেওয়া?",QURAN,QURAN,QURAN_REF,HIGH,,,8:2,CITATION_BULLET|QURAN_MARKER,,YES,"•  কুরআন ৮:২ (إِذَا ذُكِرَ ٱللَّهُ وَجِلَتْ قُلُوبُهُمْ) — api.alquran.cloud, CONFIRMED।",VERIFIED,
B1-C00178,2533,,"০২  জন্মসূত্রে মুসলমান, নাকি বেছে নেওয়া?",SUNNI_NARRATION,SUNNI,NAMED_SOURCE,HIGH,Sahih_al-Bukhari,Sahih_al-Bukhari:1385|Sahih_al-Bukhari:1385|HADITH:1385,,CITATION_BULLET|PAGE_CHECK_MARKER|SUNNI_BOOK|HADITH_WORD,REF-065,YES,"•  «প্রত্যেক নবজাতক ফিতরাতের ওপর জন্মায়…» — সহীহ বুখারি, কিতাবুল জানায়িয, হাদীস ১৩৮৫ — PAGE-CHECK (নম্বর নকশা থেকে; মূল পাতায় মেলানো বাকি)।",CONFLICT,YES
B1-C00179,2553,,০৩  ইবাদত কি আমাকে বদলাচ্ছে?,ATTRIBUTION_ONLY,UNSPECIFIED,ATTRIBUTION_FORMULA,MEDIUM,,,,BARNITA_MARKER,REF-066,NO,"""এই তসবিহ যার, সে আমার মা। বুরুল্লাহর দাদি। প্রতি নামাজের পর তিনি তিনটি বাক্য পড়তেন। চৌত্রিশবার আল্লাহু আকবার। তেত্রিশবার আলহামদুলিল্লাহ। তেত্রিশবার সুবহানাল্লাহ। একে বলে তাসবিহে যাহরা। বর্ণিত আছে, রাসূলুল্লাহ ﷺ নিজের মেয়েকে এটি শিখিয়েছিলেন, যখন ঘরের কাজে তাঁর হাতে ফোসকা পড়েছিল।""",CONFLICT,YES
B1-C00180,2594,,০৩  ইবাদত কি আমাকে বদলাচ্ছে?,SOURCE_BLOCK_NOTE,UNSPECIFIED,NARRATIVE_ONLY,HIGH,,,,CITATION_BULLET|SUTRA_MARKER,,YES,•  এই অধ্যায়ের কথাবার্তা তাহারা সেন্টারের লাইব্রেরির; সূত্র নিচে।,PAGE-CHECK,
B1-C00181,2595,,০৩  ইবাদত কি আমাকে বদলাচ্ছে?,MIXED_CITATION,SHIA|SUNNI,NAMED_SOURCE,HIGH,Sahih_al-Bukhari|al-Kafi,Sahih_al-Bukhari:370|Sahih_al-Bukhari:370|al-Kafi:3|al-Kafi:3|HADITH:3705,,CITATION_BULLET|PAGE_CHECK_MARKER|SUNNI_BOOK|SHIA_BOOK|HADITH_WORD,REF-067,YES,"•  তাসবিহে যাহরা (৩৪ আল্লাহু আকবার, ৩৩ আলহামদুলিল্লাহ, ৩৩ সুবহানাল্লাহ) — আল-কাফি, খণ্ড ৩, কিতাবুস সালাত, «বাবুত তা'কীব» — PAGE-CHECK। জাঁতা ও সাহায্যকারী চাওয়ার ঘটনা: সহীহ বুখারি, কিতাবু ফাদাইলি আসহাবিন নাবী, হাদীস ৩৭০৫ (আলী আলাইহিস্ সালাম-এর বর্ণনা) — PAGE-CHECK।",CONFLICT,YES
B1-C00182,2596,,০৩  ইবাদত কি আমাকে বদলাচ্ছে?,SUNNI_NARRATION,SUNNI,NAMED_SOURCE,HIGH,Jami_al-Tirmidhi|Sunan_Abu_Dawud,Jami_al-Tirmidhi:3872|Jami_al-Tirmidhi:3872|Sunan_Abu_Dawud:5217|Sunan_Abu_Dawud:5217|HADITH:5217|HADITH:3872,,CITATION_BULLET|PAGE_CHECK_MARKER|SUNNI_BOOK|HADITH_WORD,REF-068,YES,"•  «রাসূলুল্লাহ ﷺ তাঁর সম্মানে দাঁড়িয়ে যেতেন» — সুনানে আবু দাউদ, কিতাবুল আদাব, হাদীস ৫২১৭; সুনানে তিরমিযি, হাদীস ৩৮৭২ — PAGE-CHECK।",CONFLICT,YES
B1-C00183,2597,,০৩  ইবাদত কি আমাকে বদলাচ্ছে?,ATTRIBUTION_ONLY,UNSPECIFIED,ATTRIBUTION_FORMULA,MEDIUM,,,,CITATION_BULLET|BARNITA_MARKER,REF-069,YES,•  «উম্মে আবিহা» উপাধি — বর্ণিত আছে।,CONFLICT,YES
B1-C00184,2598,,০৩  ইবাদত কি আমাকে বদলাচ্ছে?,SOURCE_BLOCK_NOTE,UNSPECIFIED,NARRATIVE_ONLY,HIGH,,,,CITATION_BULLET,,YES,•  দরুদ দিনে ৩৬০ বার — সিরিজের স্থির নিয়ম (S-148)।,PAGE-CHECK,
B1-C00185,2639,,০৪  ঘরের ভেতরে ইসার আর ভালোবাসা,PROSE_ATTRIBUTION,UNSPECIFIED,NARRATIVE_ONLY,LOW,,,,RASUL_SAID,,NO,"ফয়সাল আঙুল গুনে বলতে শুরু করল। ""রাসূলুল্লাহ ﷺ তো স্পষ্টতই বলে গেছেন— ‘ফাতিমা আমার অংশ।’ আবার তিনি বলেছেন, ‘ফাতিমা আমার অন্তরের ধন।’""",PAGE-CHECK,
B1-C00186,2646,,০৪  ঘরের ভেতরে ইসার আর ভালোবাসা,PROSE_ATTRIBUTION,UNSPECIFIED,NARRATIVE_ONLY,LOW,,,,RASUL_SAID,,NO,"আরেক বর্ণনায় ইমাম আলী (আলাইহিস্ সালাম) কুফার মিম্বরে বলেছেন, রাসূলুল্লাহ ﷺ আমাদের ঘরে এলেন, আমাদের শিয়রে বসে পানির পাত্র চাইলেন। পানিতে বরকতের দোয়া পড়ে আমাদের ওপর ছিটিয়ে দিলেন। আমি আরজ করলাম, হে রাসূলুল্লাহ! আপনার নিকট আমি অধিক প্রিয় নাকি ফাতেমা? তিনি বললেন, তোমার চেয়ে সে আমার নিকট অধিক প্রিয়। আর তুমি আমার নিকট তার চেয়ে অধিক স্নেহশীল।",PAGE-CHECK,
B1-C00187,2671,,০৪  ঘরের ভেতরে ইসার আর ভালোবাসা,SOURCE_BLOCK_NOTE,UNSPECIFIED,NARRATIVE_ONLY,HIGH,,,,CITATION_BULLET|SUTRA_MARKER|QURAN_MARKER|HADITH_WORD,,YES,•  এই অধ্যায়ের আলাপ ফয়সালদের ছাদের; আয়াত ও হাদীসের সূত্র নিচে।,PAGE-CHECK,
B1-C00188,2672,,০৪  ঘরের ভেতরে ইসার আর ভালোবাসা,QURAN,QURAN,QURAN_REF,HIGH,,,25:74|25:74,CITATION_BULLET|PAGE_CHECK_MARKER|BARNITA_MARKER|QURAN_MARKER,REF-070,YES,"•  কুরআন ২৫:৭৪ (وَٱلَّذِينَ يَقُولُونَ رَبَّنَا هَبْ لَنَا مِنْ أَزْوَٰجِنَا وَذُرِّيَّٰتِنَا قُرَّةَ أَعْيُنٍ وَٱجْعَلْنَا لِلْمُتَّقِينَ إِمَامًا) — api.alquran.cloud, CONFIRMED। «স্ত্রী = খাদিজা, বংশধর = ফাতিমা, চোখের আনন্দ = হাসান-হুসাইন» ব্যাখ্যা — আহলুল বাইতের বর্ণনা হিসেবে «বর্ণিত আছে» (তাফসীরে কুম্মি, ২৫:৭৪ — PAGE-CHECK)।",CONFLICT,YES
B1-C00189,2673,,০৪  ঘরের ভেতরে ইসার আর ভালোবাসা,QURAN,QURAN,QURAN_REF,HIGH,,,59:9,CITATION_BULLET|QURAN_MARKER,,YES,"•  কুরআন ৫৯:৯ (وَيُؤْثِرُونَ عَلَىٰٓ أَنفُسِهِمْ وَلَوْ كَانَ بِهِمْ خَصَاصَةٌ) — api.alquran.cloud, CONFIRMED।",VERIFIED,
B1-C00190,2674,,০৪  ঘরের ভেতরে ইসার আর ভালোবাসা,FADAK,SUNNI,NAMED_SOURCE,HIGH,Mustadrak_al-Hakim|Sunan_Abu_Dawud,Sunan_Abu_Dawud:4213|Sunan_Abu_Dawud:4213|HADITH:4213,,CITATION_BULLET|PAGE_CHECK_MARKER|BARNITA_MARKER|SUNNI_BOOK|HADITH_WORD|FADAK,REF-071,YES,"•  «فداك أبي وأمي» ও সফরের শুরু-শেষ ফাতিমার কাছে (ইবনে উমর; সাওবান) — সাওবানের বর্ণনা: সুনানে আবু দাউদ, কিতাবুত তারাজ্জুল, হাদীস ৪২১৩ — PAGE-CHECK; ইবনে উমরের বর্ণনা ও «ফাদাকি আবি ওয়া উম্মি» — হাকিম, আল-মুস্তাদরাক — PAGE-CHECK। ইবনে আব্বাসের চুমুর বর্ণনা — বর্ণিত আছে।",CONFLICT,YES
B1-C00191,2675,,০৪  ঘরের ভেতরে ইসার আর ভালোবাসা,SUNNI_NARRATION,SUNNI,NAMED_SOURCE,HIGH,Sahih_al-Bukhari,Sahih_al-Bukhari:3714|Sahih_al-Bukhari:4|Sahih_al-Bukhari:3714|Sahih_al-Bukhari:4,,CITATION_BULLET|BARNITA_MARKER|SUNNI_BOOK,REF-072,YES,"•  «ফাতিমা আমার অংশ» (فاطمة بضعة مني) — সহীহ বুখারি ৩৭১৪, CONFIRMED (বাইবেল §৪)। «ফাতিমা আমার অন্তরের ধন» — বর্ণিত আছে।",CONFLICT,YES
B1-C00192,2676,,০৪  ঘরের ভেতরে ইসার আর ভালোবাসা,SUNNI_NARRATION,SUNNI,NAMED_SOURCE,HIGH,Jami_al-Tirmidhi,Jami_al-Tirmidhi:3874|Jami_al-Tirmidhi:3874|Jami_al-Tirmidhi:3868|Jami_al-Tirmidhi:3868|Jami_al-Tirmidhi:3819|Jami_al-Tirmidhi:3819|HADITH:3874,,CITATION_BULLET|PAGE_CHECK_MARKER|BARNITA_MARKER|SUNNI_BOOK|HADITH_WORD|AUS,REF-073,YES,"•  জুমাই ইবনে উমায়রের বর্ণনা (আয়েশা: ফাতিমা, পুরুষে তাঁর স্বামী) — সুনানে তিরমিযি, কিতাবুল মানাকিব, হাদীস ৩৮৭৪ — PAGE-CHECK। বুরাইদার বর্ণনা — তিরমিযি ৩৮৬৮ — PAGE-CHECK। উসামার বর্ণনা («ফাতিমা বিনতে মুহাম্মদ») — তিরমিযি ৩৮১৯ — PAGE-CHECK। আবু হুরাইরা ও কুফার মিম্বরের বর্ণনা («সে তোমার চেয়ে প্রিয়, তুমি তার চেয়ে স্নেহশীল») — বর্ণিত আছে (তাবারানি, আল-মু'জামুল আওসাত — PAGE-CHECK)।",CONFLICT,YES
B1-C00193,2677,,০৪  ঘরের ভেতরে ইসার আর ভালোবাসা,SOURCE_BLOCK_NOTE,UNSPECIFIED,NARRATIVE_ONLY,HIGH,,,,CITATION_BULLET|PAGE_CHECK_MARKER,REF-074,YES,"•  ফারসি কবিতা (খাতা ¶5003–5004): «مادی آن مرکز پرکار عشق / مادری آن کاروان سالار عشق» — খাতার বানান হুবহু; প্রথম শব্দ সম্ভবত «مادر» (ইকবাল, রুমুযে বেখুদি — PAGE-CHECK)।",PAGE-CHECK,
B1-C00194,2684,,"০৫  “রাদিয়াল্লাহু আনহা”, নাকি “আলাইহাস্ সালাম”?",SHIA_NARRATION,SHIA,NAMED_SOURCE,HIGH,Nahj_al-Balagha,,,QURAN_MARKER,,NO,"আমি বসেছি টেবিলের বাম পাশে, হাতে নাহজুল বালাগার অনুবাদ বই। বুরুল্লাহ পাশেই, এক হাতে চায়ের কাপ, অন্য হাতে তাসবিহ ঘুরাচ্ছে। শামস মোবাইল ফোনে কুরআনের তাফসির অ্যাপ খুলে রেখেছে। রাকিকা জানালার পাশে হেলান দিয়ে বসে, কানে হিজাবের ভেতরে হালকা সাদা ইয়ারফোন, তবু মনোযোগ আমাদের কথোপকথনে। ফয়সাল টেবিলের ডানদিকে, বইয়ের পাতায় আঙুল রেখে কিছু নোট লিখছে। আর রাহাত একটু আগেই এসে বসেছে, চোখে উজ্জ্বল কৌতূহল। তার সঙ্গে এসেছেন মাদ্রাসার শিক্ষক রিপোন ভাই, হাতে এখনও নামাজের টুপি। বয়স আমাদের চেয়ে কয়েক বছর বেশি, দাড়িতে দু-একটি পাকা রেখা, কথা বলেন মেপে।",EDITION-LOCK,YES
B1-C00195,2695,,"০৫  “রাদিয়াল্লাহু আনহা”, নাকি “আলাইহাস্ সালাম”?",SHIA_NARRATION,SHIA,NAMED_SOURCE,HIGH,Nahj_al-Balagha,,,,,NO,আমি নাহজুল বালাগা নামিয়ে খাতা খুললাম। এ বিষয়ে আগে কিছু টুকে রেখেছিলাম।,EDITION-LOCK,YES
B1-C00196,2700,,"০৫  “রাদিয়াল্লাহু আনহা”, নাকি “আলাইহাস্ সালাম”?",SUNNI_NARRATION,SUNNI,NAMED_SOURCE,HIGH,Sahih_al-Bukhari,,,SUNNI_BOOK,,NO,বুখারির আরবি আর বাংলা,PAGE-CHECK,
B1-C00197,2701,,"০৫  “রাদিয়াল্লাহু আনহা”, নাকি “আলাইহাস্ সালাম”?",SUNNI_NARRATION,SUNNI,NAMED_SOURCE,HIGH,Sahih_Muslim,,,SUNNI_BOOK|HADITH_WORD,,NO,"""এবার আপনার প্রশ্ন, রিপোন ভাই।"" আমি খাতাটা তাঁর দিকে ঘুরিয়ে দিলাম। ""মূল আরবি হাদীস: বুখারী, মুসলিমসহ প্রাচীন হাদীসগ্রন্থে বহুবার “ফাতিমা আলাইহাস সালাম” লেখা আছে। বাংলা অনুবাদ: কিছু অনুবাদক আরবি বাক্য রেখে দেন, আবার কিছু অনুবাদক একে পরিবর্তন করে “ফাতিমা (রা.)” লিখেছেন।""",PAGE-CHECK,
B1-C00198,2706,,"০৫  “রাদিয়াল্লাহু আনহা”, নাকি “আলাইহাস্ সালাম”?",SUNNI_NARRATION,SUNNI,NAMED_SOURCE,HIGH,Sahih_al-Bukhari,,,SUNNI_BOOK,,NO,"খাতার পাতায় আমি বুখারির আরবি পাতার লাইন টুকে রেখেছিলাম, তার পাশে বাংলা অনুবাদের লাইন। রিপোন ভাই আঙুল দিয়ে একটি একটি করে মেলাতে লাগলেন।",PAGE-CHECK,
B1-C00199,2719,,"০৫  “রাদিয়াল্লাহু আনহা”, নাকি “আলাইহাস্ সালাম”?",PROSE_ATTRIBUTION,UNSPECIFIED,NARRATIVE_ONLY,LOW,,,,HADITH_WORD|RASUL_SAID,,NO,"ফয়সাল বলল, ""আরেকটা হাদিস শুনো—রাসূলুল্লাহ ﷺ বলেছেন: ""ফাতিমা আমার অংশ, যে তাকে কষ্ট দেয় সে আমাকেই কষ্ট দেয়। ফাতিমা যার প্রতি সন্তুষ্ট, আমিও তার প্রতি সন্তুষ্ট।"" এটি শুধু পারিবারিক সম্পর্ক নয়, বরং আধ্যাত্মিক সম্পর্কও বোঝায়।""",PAGE-CHECK,
B1-C00200,2730,,"০৫  “রাদিয়াল্লাহু আনহা”, নাকি “আলাইহাস্ সালাম”?",SUNNI_NARRATION,SUNNI,NAMED_SOURCE,HIGH,Sahih_al-Bukhari,,,SUNNI_BOOK,,NO,"""বুখারি শরীফ,"" রাহাত পিঠের লেখা পড়ল। ""বাংলা অনুবাদ।""",PAGE-CHECK,
B1-C00201,2735,,"০৫  “রাদিয়াল্লাহু আনহা”, নাকি “আলাইহাস্ সালাম”?",SUNNI_NARRATION,SUNNI,NAMED_SOURCE,HIGH,Sunan_al-Nasai|al-Isabah,,,,,NO,"""এই দেশেও লেখা হয়েছে, এই দেশেও পড়া হয়েছে,"" বুরুল্লাহ বলল। ""পুরোনোরাও লিখেছেন। ইমাম নাসায়ী তাঁর আস-সুনান আল-কুবরায় ইমাম হাসান ও হুসাইনের নামের সঙ্গে, ইবনে হাজার আসকালানি তাঁর আল-ইসাবায় আহলুল বাইতের জন্য। সেগুলো এখানে নেই। চাচার লাইব্রেরিতে আছে, চাইলে দেখাব।""",PAGE-CHECK,
B1-C00202,2740,,"০৫  “রাদিয়াল্লাহু আনহা”, নাকি “আলাইহাস্ সালাম”?",SUNNI_NARRATION,SUNNI,NAMED_SOURCE,HIGH,Sahih_al-Bukhari,,,SUNNI_BOOK,,NO,"রাহাত বুখারির খণ্ডটা বন্ধ করল না। খোলা পাতার ওপর হাত রেখে বসে রইল, যেন কেউ ওটা নিয়ে যাবে।",PAGE-CHECK,
B1-C00203,2750,,"০৫  “রাদিয়াল্লাহু আনহা”, নাকি “আলাইহাস্ সালাম”?",FADAK,UNSPECIFIED,NARRATIVE_ONLY,HIGH,,,,FADAK,,NO,"""সাদিক, এখানে বারবার একটি নাম আসছে। ফাতিমা আলাইহাস সালাম আবু বকরের কাছে মিরাস চেয়ে পাঠালেন… মদিনায়, আর ফাদাকে।"" সে মুখ তুলল। ""ফাদাক কী?""",PAGE-CHECK,
B1-C00204,2752,,"০৫  “রাদিয়াল্লাহু আনহা”, নাকি “আলাইহাস্ সালাম”?",FADAK,UNSPECIFIED,NARRATIVE_ONLY,HIGH,,,,FADAK,,NO,"শেষে বলল, ""কাল শুক্রবার। জুমার পর খিজির চাচার জমিতে যাব। ফাদাক বুঝতে হলে আগে একটি জমির আল দেখতে হয়।""",PAGE-CHECK,
B1-C00205,2755,,"০৫  “রাদিয়াল্লাহু আনহা”, নাকি “আলাইহাস্ সালাম”?",SOURCE_BLOCK_NOTE,UNSPECIFIED,NARRATIVE_ONLY,HIGH,,,,CITATION_BULLET|SUTRA_MARKER,,YES,•  এই অধ্যায়ের আলাপ গ্রামের মসজিদের লাইব্রেরির; সূত্র নিচে।,PAGE-CHECK,
B1-C00206,2756,,"০৫  “রাদিয়াল্লাহু আনহা”, নাকি “আলাইহাস্ সালাম”?",QURAN,QURAN,QURAN_REF,HIGH,,,49:13|33:33|98:8|9:100|37:109|4:86|36:58|36:58,CITATION_BULLET|QURAN_MARKER,,YES,"•  কুরআন ৪৯:১৩ (إِنَّ أَكْرَمَكُمْ عِندَ ٱللَّهِ أَتْقَىٰكُمْ), ৩৩:৩৩ (আয়াতুত তাতহীর), ৯৮:৮ ও ৯:১০০ (رَضِيَ ٱللَّهُ عَنْهُمْ وَرَضُوا۟ عَنْهُ), ৩৭:১০৯ (سَلَٰمٌ عَلَىٰٓ إِبْرَٰهِيمَ), ৪:৮৬ (সালামের উত্তম জবাব), ৩৬:৫৮ (سَلَٰمٌ قَوْلًا مِّن رَّبٍّ رَّحِيمٍ) — api.alquran.cloud, CONFIRMED। খাতার ¶1925 «ফেরেশতারা তাদের প্রতি সালাম দিবে» — ৩৬:৫৮-এর আরবিতে সালাম আসে «রবের পক্ষ থেকে»; তাই দৃশ্যে «আল্লাহ জান্নাতবাসীদের সালাম জানান» করা হলো (S-111)।",VERIFIED,
B1-C00207,2757,,"০৫  “রাদিয়াল্লাহু আনহা”, নাকি “আলাইহাস্ সালাম”?",SUNNI_NARRATION,SUNNI,NAMED_SOURCE,HIGH,Sahih_al-Bukhari,,,CITATION_BULLET|PAGE_CHECK_MARKER|SUNNI_BOOK,REF-075,YES,"•  প্রমাণ ০১–০৪: সহীহ বুখারির আরবিতে «فَاطِمَةَ عَلَيْهَا السَّلاَمُ» — খাতার বাংলা-সংস্করণ নম্বর ২৮৭৪, ৩৪৪৬, ৬২৭০, ৪৯৬ — PAGE-CHECK (ছাপা ও ক্রমিক অনুযায়ী নম্বর বদলায়; sunnah.com নম্বর মেলাতে হবে)। প্রমাণ-০৪-এর আরবি অংশ: «…عَلَيْهَا السَّلاَمُ ـ وَهْىَ جُوَيْرِيَةٌ، فَأَقْبَلَتْ تَسْعَى…»।",CONFLICT,YES
B1-C00208,2758,,"০৫  “রাদিয়াল্লাহু আনহা”, নাকি “আলাইহাস্ সালাম”?",SUNNI_NARRATION,SUNNI,NAMED_SOURCE,HIGH,Sahih_al-Bukhari,Sahih_al-Bukhari:3714|Sahih_al-Bukhari:3714,,CITATION_BULLET|BARNITA_MARKER|SUNNI_BOOK,REF-076,YES,"•  «ফাতিমা আমার অংশ, যে তাকে কষ্ট দেয়…» — বুখারি ৩৭১৪ (فمن أغضبها أغضبني), CONFIRMED; «যার প্রতি সে সন্তুষ্ট…» অংশ — বর্ণিত আছে।",CONFLICT,YES
B1-C00209,2759,,,SUNNI_NARRATION,SUNNI,NAMED_SOURCE,HIGH,Sahih_al-Bukhari|al-Isabah,,,CITATION_BULLET|PAGE_CHECK_MARKER|QURAN_MARKER|SUNNI_BOOK,REF-077,YES,"•  আহলুস সুন্নাহর লেখকদের তালিকা (বুখারি আদাবুল মুফরাদ, নাসায়ি সুনানুল কুবরা, ইবনে হাজার আল-ইসাবা, তাহেরুল কাদরি, ওয়াহিদুজ্জামান, দেহলভি, তাফসীরে নূরুল কুরআন) — খাতা ও শ্রোতা ০৪ L667; প্রতিটির পৃষ্ঠা PAGE-CHECK।",PAGE-CHECK,
B1-C00210,2761,,"০৬  ফাদাক, আর চুপ না থাকার সাহস",FADAK,UNSPECIFIED,NARRATIVE_ONLY,HIGH,,,,FADAK,,NO,"০৬  ফাদাক, আর চুপ না থাকার সাহস",PAGE-CHECK,
B1-C00211,2767,,"০৬  ফাদাক, আর চুপ না থাকার সাহস",FADAK,UNSPECIFIED,NARRATIVE_ONLY,HIGH,,,,FADAK,,NO,"""চাচা, ফাদাক কী?""",PAGE-CHECK,
B1-C00212,2770,,"০৬  ফাদাক, আর চুপ না থাকার সাহস",FADAK,UNSPECIFIED,NARRATIVE_ONLY,HIGH,,,,FADAK,,NO,"""এই জমি আমার বাপের। চল্লিশ বছর ধরে চাষ করি। মদিনার কাছে ফাদাক ছিল এমন এক খেজুর বাগান। যুদ্ধ ছাড়া, বিনা রক্তে আল্লাহ তা রাসূলুল্লাহ ﷺ-এর হাতে দিয়েছিলেন। আর তিনি তা দিয়েছিলেন নিজের মেয়েকে। রাসূলুল্লাহ ﷺ চলে যাওয়ার পর সেই বাগান কেড়ে নেওয়া হলো।""",PAGE-CHECK,
B1-C00213,2772,,"০৬  ফাদাক, আর চুপ না থাকার সাহস",FADAK,SUNNI,NAMED_SOURCE,HIGH,Sahih_al-Bukhari,,,SUNNI_BOOK|FADAK,,NO,"""সাদিকের খাতায় আছে, বুখারির বর্ণনা। আয়িশা থেকে, রাসূলুল্লাহ ﷺ-এর কন্যা ফাতিমা আবু বকরের নিকট রাসূলুল্লাহ ﷺ-এর পরিত্যক্ত সম্পত্তি মদিনা ও ফাদাক-এ অবস্থিত ফাই এবং খাইবারের খুমুসের অবশিষ্ট থেকে মিরাসী স্বত্ব চেয়ে পাঠালেন। তখন আবু বকর উত্তরে বললেন যে, রাসূলুল্লাহ ﷺ বলে গেছেন, আমাদের কোন ওয়ারিশ হয় না, আমরা যা ছেড়ে যাব তা সদাকাহ হিসেবে গণ্য হবে। আবু বকর উক্ত সম্পদের অংশ ফাতিমার নিকট হস্তান্তর করতে অসম্মতি জানান।""",PAGE-CHECK,
B1-C00214,2775,,"০৬  ফাদাক, আর চুপ না থাকার সাহস",FADAK,SUNNI,NAMED_SOURCE,HIGH,Sunan_Abu_Dawud,,,SUNNI_BOOK|FADAK,,NO,"রাকিকা আরেকটি লাইন পড়ল। ""আবু দাউদে আছে, উমর ইবনে আব্দুল আযীয খলিফা হয়ে মারওয়ানের পুত্রদের ডেকে বললেন, রাসূলুল্লাহ ﷺ ফাদাকের সম্পদের অধিকারী ছিলেন… অতঃপর মারওয়ান এ সম্পদ জায়গীর হিসাবে দখল করেন… উমর ইবনে আব্দুল আযীয বললেন, যে সম্পদ ফাতিমাকে দেওয়া হয়নি, তা আমার জন্য কীভাবে বৈধ হবে! এতে আমার কোনো অধিকার নেই। আমি তোমাদের সাক্ষী রেখে বলছি, আমি অবশ্যই এ সম্পদ ঐ অবস্থায় ফিরিয়ে দিচ্ছি যেরূপ রাসূলুল্লাহ ﷺ-এর যুগে ছিলো।""",PAGE-CHECK,
B1-C00215,2781,,"০৬  ফাদাক, আর চুপ না থাকার সাহস",FADAK,UNSPECIFIED,NARRATIVE_ONLY,HIGH,,,,FADAK,,NO,"খিজির চাচা বললেন, ""প্রথমত ফাদাক কোন উত্তরাধিকারীর সম্পত্তি ছিল না।""",PAGE-CHECK,
B1-C00216,2786,,"০৬  ফাদাক, আর চুপ না থাকার সাহস",FADAK,UNSPECIFIED,NARRATIVE_ONLY,HIGH,,,,FADAK,,NO,"""আর সে দরবারে আবুবকর, উমর, আয়িশা বিনতে আবু বকর ও হাফসা রাসূলুল্লাহ ﷺ-এর শশুরদ্বয় ও স্ত্রীদ্বয় উপস্থিত ছিলেন। যেহেতু তারা নিজেরাও সাক্ষী ছিলেন ফাদাকের বিষয়ে অথচ তারা যখন মিথ্যা বলছেন। সাক্ষী উপস্থিত করা তখন নিজেকে আরেকবার অপমানিত করা ছাড়া আর কিছু নয়। আমার ধারণা এর পেছনে আরো কিছু গুরুত্বপূর্ণ কারণ থাকতে পারে।""",PAGE-CHECK,
B1-C00217,2790,,"০৬  ফাদাক, আর চুপ না থাকার সাহস",FADAK,UNSPECIFIED,ATTRIBUTION_FORMULA,HIGH,,,,BARNITA_MARKER|QURAN_MARKER|FADAK,REF-078,NO,"ভাঙা কাপটা তিনি নিজের হাতে রাখলেন। এক চুমুক দিলেন। তারপর বললেন, ""এক নম্বর কথা। রাসূলুল্লাহ ﷺ নিজে মেয়েকে ফাদাক দিয়ে গেছেন। বর্ণিত আছে, লিখেও দিয়ে গেছেন। যাঁর কথা কুরআনের পরেই চূড়ান্ত, তাঁর দেওয়া জিনিসের জন্য আবার সাক্ষী লাগবে? এটা মেয়ের জন্য অপমান না?""",CONFLICT,YES
B1-C00218,2798,,"০৬  ফাদাক, আর চুপ না থাকার সাহস",UMM_AYMAN,UNSPECIFIED,NARRATIVE_ONLY,HIGH,,,,UMM_AYMAN,,NO,"""দিয়েছিলেন। তিন নম্বর সেটাই।"" চাচা আবার কাপ তুললেন। ""উম্মে আইমান (আলাইহাস্ সালাম), যাঁকে রাসূলুল্লাহ ﷺ জান্নাতি বলে গেছেন, যিনি তাঁকে ছোটবেলায় কোলে-পিঠে মানুষ করেছেন। আর আলী (আলাইহিস্ সালাম)। দুজনের কথাই ফেরত গেল।""",PAGE-CHECK,
B1-C00219,2800,,"০৬  ফাদাক, আর চুপ না থাকার সাহস",FADAK,UNSPECIFIED,NARRATIVE_ONLY,HIGH,,,,FADAK,,NO,"""চার,"" তিনি বললেন। ""সত্য মাথা গুনে চলে না। চাইলে সালমান, আবুযার, মিকদাদ, আম্মারের মতো মানুষদের ডাকা যেত। ডাকেননি। মুবাহালার দিনে রাসূলুল্লাহ ﷺ গোটা উম্মত থেকে কাদের সঙ্গে নিয়েছিলেন? ঘরের মানুষদের। ফাদাকেও তাই। ঘরের মানুষ, আর একজন জান্নাতি নারী।""",PAGE-CHECK,
B1-C00220,2802,,"০৬  ফাদাক, আর চুপ না থাকার সাহস",FADAK,UNSPECIFIED,NARRATIVE_ONLY,HIGH,,,,FADAK,,NO,"চায়ের শেষ চুমুকটা দিয়ে কাপটা তিনি উল্টে ঘাসে রাখলেন। ""পাঁচ নম্বরটা আমার সালিশের মাতবরের মতো। রায় আগে লেখা হয়ে গেলে সাক্ষী যত আনো, শোনার কান থাকে না। আবু বকর আর উমর তখন ক্ষমতায়। ফাদাক সরকারের হবে, এ ঠিক হয়েই ছিল। আমার তাই ধারণা।""",PAGE-CHECK,
B1-C00221,2804,,"০৬  ফাদাক, আর চুপ না থাকার সাহস",FADAK,UNSPECIFIED,NARRATIVE_ONLY,HIGH,,,,FADAK,,NO,"রাকিকা খাতায় কিছু লিখল, তারপর কেটে দিল। ""আমি ভাবতাম, ফাদাক শুধু ইতিহাসের একটি নাম, চাচা। এটা তো জমির মামলা। আপনার বাঁকা আলের মতো।""",PAGE-CHECK,
B1-C00222,2807,,"০৬  ফাদাক, আর চুপ না থাকার সাহস",FADAK,UNSPECIFIED,NARRATIVE_ONLY,HIGH,,,,FADAK,,NO,"""কিছুক্ষণপর আলী (আলাইহিস্ সালাম) আবু বকরের কাছে এলেন, যখন তিনি মসজিদে ছিলেন এবং তার চারপাশে মুহাজির ও আনসারগণ ছিলেন। তখন তিনি বললেন, ‘হে আবু বকর! কেন তুমি মা সাইয়্যিদা ফাতিমাতুয্ যাহরা (আলাইহাস্ সালাম)-কে রাসূলুল্লাহ ﷺ-এর উত্তরাধিকারের অধিকার থেকে বঞ্চিত করলে, যদিও তিনি রাসূলুল্লাহ ﷺ-এর জীবদ্দশায় ২ বছর ফাদাকের মালিক ছিলেন?’ আবু বকর বললেন, ‘এটি মুসলমানদের জন্য। তবে যদি তিনি এই বিষয়ে রাসূলুল্লাহ ﷺ-এর পক্ষ থেকে সাক্ষী আনতে পারেন, তাহলে আমি ফাদাককে তাঁর নিকট ফিরিয়ে দিব, অন্যথায় তাঁর এতে কোনো অধিকার নেই।’ তখন আমিরুল মুমিনিন আলী (আলাইহিস্ সালাম) বললেন, ‘হে আবু বকর! তুমি আমাদের বিষয়ে এমন একটি রায় দিচ্ছ যা আল্লাহর রায়ের বিপরীত?’ আবু বকর বললেন, ‘না।’""",PAGE-CHECK,
B1-C00223,2808,,"০৬  ফাদাক, আর চুপ না থাকার সাহস",FADAK,SUNNI,NAMED_SOURCE,HIGH,Sahih_Muslim,,,SUNNI_BOOK|FADAK,,NO,"খিজির চাচা রাকিকার দিকে ঝুঁকলেন। ""ঠিক সেসময় আলী (আলাইহিস্ সালাম) আবু বকরের কাছে উল্টা প্রশ্ন করলেন, ""ধরো, মুসলমানদের হাতে কোনো সম্পদ আছে এবং তারা সেটির মালিকানা দাবি করছে। আর আমি যদি সেটির ওপর আমার অধিকার দাবি করি, তাহলে তুমি কাকে সে সম্পদের মালিকানার প্রমাণ দিতে বলবে?” আবু বকর উত্তর দিলেন, ""আমি তোমার কাছ থেকেই প্রমাণ চাইব।” আলী (আলাইহিস্ সালাম) তখন সঠিক প্রশ্নটি করলেন, ""তাহলে, যদি কোনো সম্পদ আমার হাতে থাকে এবং মুসলমানরা সেটির দাবি করে, তাহলে কি তুমি আমার কাছ থেকেই প্রমাণ চাইবে?"" আবু বকর উত্তর দিলেন, ‘না, তোমার কাছে কেন চাইবো- মুসলমানদের কাছে চাইবো।’ আলী (আলাইহিস্ সালাম) তখন বললেন, “অথচ কি আশ্চর্যের বিষয়, মা সাইয়্যিদা ফাতিমাতুয্ যাহরা (আলাইহাস্ সালাম) রাসূলুল্লাহ ﷺ-এর জীবদ্দশায় ফাদাকের মালিক ছিলেন এবং তাঁর মৃত্যুর পরেও মালিক ছিলেন। কিন্তু তুমি মুসলমানদের কাছে এর কোনো প্রমাণ না চেয়ে তুমি মা সাইয়্যিদা ফাতিমাতুয্ যাহরা (আলাইহাস্ সালাম)’র কাছে বারংবার সাক্ষি চাচ্ছ। এটা সত্যিই হাস্যকর, যদি মা সাইয়্যিদা ফাতিমাতুয্ যাহরা (আলাইহাস্ সালাম) তাদের সম্পদের মালিকানার বিরুদ্ধে কোনো দাবি করতেন তাহলেই না তুমি জনগনের সম্পদের মালিকানার প্রমাণ আমাদের কাছ থেকে চাইতে!” মা সাইয়্যিদা ফাতিমাতুয্ যাহরা (আলাইহাস্ সালাম) তো মুসলিম জনগনের সম্পদের দাবি করছেন না, তিনি তো তাঁর ন্যায্য হক ভোগদখলকৃত সম্পদের অধিকার কেড়ে নেওয়ার বিচার চাচ্ছেন। অথচ তোমরা মুসলমানদের অধিকারের কথা বলছো, তাহলে যদি তারা সত্যিই ফাদাকের দাবিদার হয়ে থাকে কেন মুসলমানরা তাদের বৈধ দলিল, প্রমাণ দেখাচ্ছে না! চাও, চাও তাদের কাছে! কেন তারা তাদের সাক্ষিদের উপস্থিত করছে না?""",PAGE-CHECK,
B1-C00224,2810,,"০৬  ফাদাক, আর চুপ না থাকার সাহস",FADAK,UNSPECIFIED,NARRATIVE_ONLY,HIGH,,,,QURAN_MARKER|FADAK|AUS,,NO,"""এ কথা শুনে আবু বকর নীরব হয়ে গেলেন,"" খিজির চাচা বললেন। ""তখন উমর বলল, ‘হে আলী! আমাদের সামনে তোমার বক্তব্য তুলে ধরো না, কারণ আমরা তোমার সাথে বিতর্ক করতে সক্ষম নই। যদি তিনি সাক্ষী আনতে পারেন, তাহলে আমরা একে ফিরিয়ে দেব, অন্যথায় এটি মুসলমানদের জন্য থাকবে। তোমার বা মা সাইয়্যিদা ফাতিমাতুয্ যাহরা (আলাইহাস্ সালাম)-এর কোনো অধিকার এতে নেই।’ তখন আমিরুল মুমিনিন আলী (আলাইহিস্ সালাম) বললেন, ‘হে আবু বকর! তুমি কি আল্লাহর কিতাব পড়েছ?’ তিনি বললেন, ‘হ্যাঁ।’ আলী (আলাইহিস্ সালাম) বললেন, ‘তাহলে বলো, আল্লাহ তাআলার এই বাণী: ""হে নবী পরিবার, আল্লাহ তো কেবল চান তোমাদের নিকট থেকে অপবিত্রতাকে দূরীভূত করতে এবং তোমাদেরকে সম্পূর্ণরূপে পুত: পবিত্র রাখতে""- এই আয়াত আমাদের সম্পর্কে নাজিল হয়েছে, না অন্য কারো সম্পর্কে?’ আবু বকর বললেন, ‘অবশ্যই, এটি তোমাদের সম্পর্কে নাজিল হয়েছে।’ তিনি বললেন, ‘যদি দুইজন সাক্ষী মা সাইয়্যিদা ফাতিমাতুয্ যাহরা (আলাইহাস্ সালাম)’র বিরুদ্ধে ব্যভিচারের অভিযোগ আনত, নাউজুবিল্লাহ, তাহলে তুমি কী করতে?’ আবু বকর বললেন, ‘আমি তাঁর বিরুদ্ধে ইসলামী শাস্তি প্রয়োগ করতাম, যেমনটি আমি অন্য মুসলমানদের ক্ষেত্রেও করতাম।’ তখন আলী (আলাইহিস্ সালাম) বললেন, ‘তাহলে তুমি অবশ্যই আল্লাহর সামনে কাফেরদের অন্তর্ভুক্ত হতে!’ আবু বকর জিজ্ঞেস করলেন, ‘কেন?’ আলী (আলাইহিস্ সালাম) বললেন, ‘কারণ তুমি আল্লাহর সাক্ষ্য প্রত্যাখ্যান করতে, যা তিনি মা সাইয়্যিদা ফাতিমাতুয্ যাহরা (আলাইহাস্ সালাম)-এর পবিত্রতা সম্পর্কে দিয়েছেন, অথচ তুমি সাধারণ মানুষের সাক্ষ্য গ্রহণ করতে। যেমন তুমি আল্লাহর রায় ও রাসূলুল্লাহ ﷺ-এর রায় প্রত্যাখ্যান করেছ, যা দ্বারা তিনি ফাদাককে মা সাইয়্যিদা ফাতিমাতুয্ যাহরা (আলাইহাস্ সালাম)’র জন্য নির্ধারণ করেছিলেন। কিন্তু তুমি এমন এক বেদুইনের সাক্ষ্য গ্রহণ করেছ, যে নিজের গোড়ালিতে প্রস্রাব করে, যেমন আউস বিন আল-হাদসান এবং তুমি ফাদাক তাঁর কাছ থেকে কেড়ে নিয়েছ এবং বলছ যে এটি মুসলমানদের জন্য!’""",PAGE-CHECK,
B1-C00225,2827,,"০৬  ফাদাক, আর চুপ না থাকার সাহস",FADAK,UNSPECIFIED,NARRATIVE_ONLY,HIGH,,,,FADAK,,NO,"খিজির চাচা হেসে ফেললেন, মুখে দাঁতের ফাঁক দেখা গেল। ""দেখলে মা, এইটুকু ছেলে ফাদাক বুঝে গেছে।""",PAGE-CHECK,
B1-C00226,2841,,,SOURCE_BLOCK_NOTE,UNSPECIFIED,NARRATIVE_ONLY,HIGH,,,,CITATION_BULLET|SUTRA_MARKER,,YES,•  এই অধ্যায়ের আলাপ খিজির চাচার জমিতে; বর্ণনার সূত্র নিচে।,PAGE-CHECK,
B1-C00227,2842,,,FADAK,SUNNI,NAMED_SOURCE,HIGH,Sahih_al-Bukhari|Sunan_Abu_Dawud,Sahih_al-Bukhari:4240|Sahih_al-Bukhari:4241|Sahih_al-Bukhari:4240|Sahih_al-Bukhari:4241|Sunan_Abu_Dawud:2968|Sunan_Abu_Dawud:2968,,CITATION_BULLET|PAGE_CHECK_MARKER|SUNNI_BOOK|FADAK,REF-079,YES,"•  প্রমাণ ০৫–০৭ (খাতা ¶1870–1886): সহীহ বুখারি ৪২৪০–৪২৪১ (ফাতিমা আলাইহাস সালাম মদিনা, ফাদাক ও খাইবারের খুমুসের অবশিষ্ট থেকে মিরাস চাইলেন; «فَأَبَى أَبُو بَكْرٍ أَنْ يَدْفَعَ إِلَى فَاطِمَةَ…») — বাইবেল §৪-এ ৪২৪০ উল্লিখিত, CONFIRMED (একবচন «فهجرته»)। সুনানে আবু দাউদ ২৯৬৮ (একই ঘটনা, «فَاطِمَةَ عَلَيْهَا السَّلَام») ও ২৯৭২ (উমর ইবনে আব্দুল আযীযের ফাদাক ফেরত; আবু দাউদের মতে «ضعيف») — PAGE-CHECK।",CONFLICT,YES
B1-C00228,2843,,,QURAN,SUNNI,QURAN_REF,HIGH,Sahih_Muslim,Sahih_Muslim:2404|Sahih_Muslim:2404,33:33|3:61,CITATION_BULLET|PAGE_CHECK_MARKER|QURAN_MARKER|SUNNI_BOOK,REF-080,YES,"•  কুরআন ৩৩:৩৩ (আয়াতুত তাতহীর) — CONFIRMED। মুবাহালা ৩:৬১ — CONFIRMED; মুবাহালায় আলী, ফাতিমা, হাসান, হুসাইন — সহীহ মুসলিম ২৪০৪ — PAGE-CHECK।",CONFLICT,YES
B1-C00229,2844,,,UMM_AYMAN,SHIA,NAMED_SOURCE,HIGH,al-Ihtijaj,al-Ihtijaj:1|al-Ihtijaj:1,,CITATION_BULLET|PAGE_CHECK_MARKER|BARNITA_MARKER|SHIA_BOOK|UMM_AYMAN|AUS,REF-081,YES,"•  উম্মে আইমানের সাক্ষ্য, আলী (আলাইহিস্ সালাম)-এর সাক্ষ্য, মসজিদে আবু বকরের সাথে বিতর্ক, আউস ইবনুল হাদাসান — কিতাবু সুলাইম ইবনে কায়স; আত-তাবারসি, আল-ইহতিজাজ, খণ্ড ১ — PAGE-CHECK; খাতার নিজের নোট অনুযায়ী আউসের বিবরণ আলাদাভাবে মেলানো যায়নি, তাই ছাপার আগে পর্যন্ত «বর্ণিত আছে»।",CONFLICT,YES
B1-C00230,2845,,,UMM_AYMAN,SUNNI,NAMED_SOURCE,HIGH,Ibn_Saad_Tabaqat,,,CITATION_BULLET|PAGE_CHECK_MARKER|UMM_AYMAN,REF-082,YES,"•  «উম্মে আইমান জান্নাতি» — ইবনে সা'দ, আত-তাবাকাত — PAGE-CHECK।",CONFLICT,YES
B1-C00231,2846,,,SOURCE_BLOCK_NOTE,UNSPECIFIED,NARRATIVE_ONLY,HIGH,,,,CITATION_BULLET,,YES,"•  খিজির চাচার «ওয়াসিম» উদাহরণ ও পাঁচ কারণ — খাতায় বৃদ্ধ খিজিরের নিজের বিশ্লেষণ, বর্ণনা নয়।",PAGE-CHECK,
B1-C00232,2907,,০৭  আমার যুগের ইমাম কে?,SOURCE_BLOCK_NOTE,UNSPECIFIED,NARRATIVE_ONLY,HIGH,,,,CITATION_BULLET|SUTRA_MARKER|HADITH_WORD,,YES,•  এই অধ্যায়ের ঘটনা তাহারা সেন্টারের; হাদীসের সূত্র নিচে।,PAGE-CHECK,
B1-C00233,2908,,০৭  আমার যুগের ইমাম কে?,MIXED_CITATION,SHIA|SUNNI,NAMED_SOURCE,HIGH,Sahih_Muslim|al-Kafi,Sahih_Muslim:3|Sahih_Muslim:1478|Sahih_Muslim:3|Sahih_Muslim:1478|Sahih_Muslim:1851|Sahih_Muslim:1851|al-Kafi:1|al-Kafi:1|HADITH:1851,,CITATION_BULLET|PAGE_CHECK_MARKER|SUTRA_MARKER|SUNNI_BOOK|SHIA_BOOK|HADITH_WORD,REF-083,YES,"•  «যে ইমামকে না চিনে মারা যায়, তার মৃত্যু জাহিলিয়াতের মৃত্যু»: খাতায় সূত্র «সহীহ মুসলিম, খণ্ড ৩, পৃ. ১৪৭৮»। মুসলিমের কিতাবুল ইমারাহ (হাদীস ১৮৫১)-এ শব্দ «مَنْ مَاتَ وَلَيْسَ فِي عُنُقِهِ بَيْعَةٌ مَاتَ مِيتَةً جَاهِلِيَّةً» (গলায় বাইয়াত না থাকা) — PAGE-CHECK। «ইমামকে না চিনে» শব্দে: আল-কাফি, খণ্ড ১, কিতাবুল হুজ্জাহ («مَنْ مَاتَ لَا يَعْرِفُ إِمَامَهُ مَاتَ مِيتَةً جَاهِلِيَّةً») — PAGE-CHECK। দুই উৎসের শব্দ ও নম্বর এক করা হয়নি।",CONFLICT,YES
B1-C00234,2909,,০৭  আমার যুগের ইমাম কে?,ATTRIBUTION_ONLY,UNSPECIFIED,ATTRIBUTION_FORMULA,MEDIUM,,,,CITATION_BULLET|BARNITA_MARKER,REF-084,YES,•  সালমানের প্রশ্ন ও «মুশরিক/জাহিল» ভাগ — বর্ণিত আছে (মূল কিতাব মেলানো বাকি)।,PAGE-CHECK,
B1-C00235,2910,,০৭  আমার যুগের ইমাম কে?,SOURCE_BLOCK_NOTE,UNSPECIFIED,NARRATIVE_ONLY,HIGH,,,,CITATION_BULLET|HADITH_WORD,,YES,•  «من لا إمام له فإمامه الشيطان» এই অধ্যায়ে ব্যবহার করা হয়নি (হাদীস নয় — বাইবেল §৪)।,PAGE-CHECK,
B1-C00236,2941,,০৮  আহলুল বাইতকে একসঙ্গে চেনা,SUNNI_NARRATION,SUNNI,NAMED_SOURCE,HIGH,Sahih_Muslim,,,QURAN_MARKER|SUNNI_BOOK,,NO,"বুরুল্লাহ বলল, ""আল্লাহ বলেন: “আল্লাহকে যথাযথভাবে ভয় করো এবং মৃত্যুবরণ করো না মুসলিম (আত্মসমর্পণকারী) না হয়ে।” এই আয়াত যেন এক আসমানী বজ্রনিনাদ, যা আত্মার গহীনে প্রতিধ্বনিত হয়, হৃদয়ের গভীরে স্পন্দন তোলে। এটি শুধুই কোনো বাহ্যিক আহ্বান নয়, বরং এক শাশ্বত চেতনার আহ্বান, যা মানুষকে জানিয়ে দেয়—মুসলমান হওয়া শুধু নামের বিষয় নয়, বরং এটি এক মহাসমর্পণ, এক অন্তর্গত বিপ্লব।""",PAGE-CHECK,
B1-C00237,2944,,০৮  আহলুল বাইতকে একসঙ্গে চেনা,SUNNI_NARRATION,SUNNI,NAMED_SOURCE,HIGH,Sahih_Muslim,,,SUNNI_BOOK,,NO,"বুরুল্লাহ বলল, ""একজন প্রকৃত মুসলিম তখনই আল্লাহর কাছে আত্মসমর্পণকারী হতে পারে, যখন সে নিজের আত্মার তিনটি স্তর— নফসে আম্মারা, পাপপ্রবণ আত্মা, নফসে লওয়ামা, নিজেকে তিরস্কার করে যে আত্মা, নফসে মুতমাইন্না, শান্ত আত্মা— গভীরভাবে চিনতে শিখবে এবং তার সর্বস্ব তাঁদের, আহলুল বাইতের, নিকট সমর্পণ করবে ও সত্যিকারের মুসলমান হবে। কেননা, তাঁদের ছাড়া সত্যের স্রোতধারায় প্রবাহিত হওয়া অসম্ভব।""",PAGE-CHECK,
B1-C00238,2961,,০৮  আহলুল বাইতকে একসঙ্গে চেনা,SOURCE_BLOCK_NOTE,UNSPECIFIED,NARRATIVE_ONLY,HIGH,,,,CITATION_BULLET|SUTRA_MARKER|QURAN_MARKER,,YES,•  এই অধ্যায়ের আলাপ চাচার লাইব্রেরির; আয়াতের সূত্র নিচে।,PAGE-CHECK,
B1-C00239,2962,,০৮  আহলুল বাইতকে একসঙ্গে চেনা,QURAN,QURAN,QURAN_REF,HIGH,,,17:72,CITATION_BULLET|QURAN_MARKER,,YES,"•  কুরআন ১৭:৭২ (وَمَن كَانَ فِى هَٰذِهِۦٓ أَعْمَىٰ فَهُوَ فِى ٱلْءَاخِرَةِ أَعْمَىٰ وَأَضَلُّ سَبِيلًا) — api.alquran.cloud, CONFIRMED।",VERIFIED,
B1-C00240,2963,,০৮  আহলুল বাইতকে একসঙ্গে চেনা,QURAN,QURAN,QURAN_REF,HIGH,,,3:102,CITATION_BULLET|QURAN_MARKER,,YES,•  কুরআন ৩:১০২ (يَٰٓأَيُّهَا ٱلَّذِينَ ءَامَنُوا۟ ٱتَّقُوا۟ ٱللَّهَ حَقَّ تُقَاتِهِۦ وَلَا تَمُوتُنَّ إِلَّا وَأَنتُم مُّسْلِمُونَ) — CONFIRMED।,VERIFIED,
B1-C00241,2964,,০৮  আহলুল বাইতকে একসঙ্গে চেনা,QURAN,QURAN,QURAN_REF,HIGH,,,2:124,CITATION_BULLET|QURAN_MARKER,,YES,•  কুরআন ২:১২৪ (لَا يَنَالُ عَهْدِى ٱلظَّٰلِمِينَ) — CONFIRMED (ভাগ ১-এর তালিকাতেও)।,VERIFIED,
B1-C00242,2965,,০৮  আহলুল বাইতকে একসঙ্গে চেনা,QURAN,QURAN,QURAN_REF,HIGH,,,24:35,CITATION_BULLET|QURAN_MARKER,,YES,"•  কুরআন ২৪:৩৫ (نُّورٌ عَلَىٰ نُورٍ) — CONFIRMED। «আলোর ওপর আলো = ইমামের পর ইমাম» ব্যাখ্যা সিরিজের চিত্রকল্প (S-114), আয়াতের সরাসরি অনুবাদ নয়।",VERIFIED,
B1-C00243,2966,,০৮  আহলুল বাইতকে একসঙ্গে চেনা,QURAN,QURAN,QURAN_REF,HIGH,,,12:53|75:2|89:27,CITATION_BULLET,,YES,"•  নফসে আম্মারা (১২:৫৩), লওয়ামা (৭৫:২), মুতমাইন্না (৮৯:২৭) — CONFIRMED।",VERIFIED,
B1-C00244,2981,,০৯  শাফায়াত কি আমলের বদলি?,PROSE_ATTRIBUTION,UNSPECIFIED,NARRATIVE_ONLY,LOW,,,,QURAN_MARKER|RASUL_SAID,,NO,"শামসের চোখে আবেগ। ""কী সুন্দর কথা, ভাই! ভাবো তো, কুরআন যাঁকে ভালোবাসার জন্য আদেশ করে, তাঁকে না জানলে বা বুঝলে আমরা কী করে জান্নাতের পথে এগোতে পারি? উনি শুধু রাসূলুল্লাহ ﷺ-এর কন্যা না, উনি পুরো জান্নাতি নারীজাতির নেত্রী—রাসূলুল্লাহ ﷺ নিজেই তো বলেছেন, ‘ফাতিমা জান্নাতি নারীদের সর্দার।’""",PAGE-CHECK,
B1-C00245,2987,,০৯  শাফায়াত কি আমলের বদলি?,SUNNI_NARRATION,SUNNI,NAMED_SOURCE,HIGH,Sahih_al-Bukhari,,,SUNNI_BOOK,,NO,"""বুখারিতে। মানাকিবে। ছাত্রদের পড়াই।"" রিপোন ভাই একটু থামলেন, তারপর মসজিদের ভেতরের মিম্বরের দিকে তাকালেন। ""এই মসজিদের ইমাম সাহেবও জুমার আরবি খুতবার শেষে বলেন, 'সাইয়্যিদাতু নিসাই আহলিল জান্নাহ'। আমি শুনেছি। প্রতি জুমায় শুনি। কখনো ভাবিনি, কথাটা কার সম্পর্কে, কেন বলা হয়।""",PAGE-CHECK,
B1-C00246,2998,,০৯  শাফায়াত কি আমলের বদলি?,QURAN,QURAN,QURAN_REF,HIGH,,,17:71,QURAN_MARKER,,NO,"রাহাতের ঠোঁট নড়ল। বি-ইমামিহিম। সে কাগজটা বুকপকেট থেকে বের করে পেছনে কিছু লিখল, সূরার নাম আর আয়াতের নম্বর। আমি দেখলাম: «১৭:৭১ — আব্বুকে।»",VERIFIED,
B1-C00247,3015,,০৯  শাফায়াত কি আমলের বদলি?,SOURCE_BLOCK_NOTE,UNSPECIFIED,NARRATIVE_ONLY,HIGH,,,,CITATION_BULLET|SUTRA_MARKER|QURAN_MARKER|HADITH_WORD,,YES,•  এই অধ্যায়ের আলাপ মসজিদের বারান্দার; আয়াত ও হাদীসের সূত্র নিচে।,PAGE-CHECK,
B1-C00248,3016,,০৯  শাফায়াত কি আমলের বদলি?,QURAN,QURAN,QURAN_REF,HIGH,,,42:23,CITATION_BULLET|QURAN_MARKER,,YES,"•  কুরআন ৪২:২৩ (قُل لَّآ أَسْـَٔلُكُمْ عَلَيْهِ أَجْرًا إِلَّا ٱلْمَوَدَّةَ فِى ٱلْقُرْبَىٰ) — api.alquran.cloud, CONFIRMED।",VERIFIED,
B1-C00249,3017,,০৯  শাফায়াত কি আমলের বদলি?,QURAN,QURAN,QURAN_REF,HIGH,,,17:71,CITATION_BULLET|QURAN_MARKER,,YES,•  কুরআন ১৭:৭১ (يَوْمَ نَدْعُوا۟ كُلَّ أُنَاسٍۭ بِإِمَٰمِهِمْ) — CONFIRMED।,VERIFIED,
B1-C00250,3018,,০৯  শাফায়াত কি আমলের বদলি?,QURAN,QURAN,QURAN_REF,HIGH,,,2:255,CITATION_BULLET|QURAN_MARKER,,YES,•  কুরআন ২:২৫৫ (مَن ذَا ٱلَّذِى يَشْفَعُ عِندَهُۥٓ إِلَّا بِإِذْنِهِۦ) — CONFIRMED।,VERIFIED,
B1-C00251,3019,,০৯  শাফায়াত কি আমলের বদলি?,SUNNI_NARRATION,SUNNI,NAMED_SOURCE,HIGH,Jami_al-Tirmidhi|Sahih_al-Bukhari,Sahih_al-Bukhari:3624|Sahih_al-Bukhari:3624|Jami_al-Tirmidhi:3768|Jami_al-Tirmidhi:3768|HADITH:3624,,CITATION_BULLET|PAGE_CHECK_MARKER|SUNNI_BOOK|HADITH_WORD,REF-085,YES,"•  «ফাতিমা জান্নাতি নারীদের সর্দার» (سَيِّدَةُ نِسَاءِ أَهْلِ الْجَنَّةِ) — সহীহ বুখারি, কিতাবুল মানাকিব, হাদীস ৩৬২৪ — PAGE-CHECK। «হাসান ও হুসাইন জান্নাতের যুবকদের সর্দার» — সুনানে তিরমিযি ৩৭৬৮ — PAGE-CHECK।",CONFLICT,YES
B1-C00252,3020,,০৯  শাফায়াত কি আমলের বদলি?,SOURCE_BLOCK_NOTE,UNSPECIFIED,NARRATIVE_ONLY,HIGH,,,,CITATION_BULLET|SUTRA_MARKER,,YES,"•  জুমার খুতবায় «সাইয়্যিদাতু নিসাই আহলিল জান্নাহ» উচ্চারণ — প্রচলিত খুতবার পাঠ (খাতার বক্তব্য), নির্দিষ্ট সূত্র নয়।",PAGE-CHECK,
B1-C00253,3045,,১০  এক সপ্তাহের হিসাবের রাত,FADAK,UNSPECIFIED,NARRATIVE_ONLY,HIGH,,,,FADAK,,NO,"রাকিকা বলল, ""আমি ছয় নম্বরে আটকে গেছি। ক্যাম্পাস পত্রিকায় লিখি, অন্যায়ের কথা লিখি। কিন্তু নিজের ক্লাসে একজন মেয়েকে সবাই মিলে হেনস্থা করেছিল, আমি চুপ ছিলাম। ফাদাকের দিন থেকে সেই মেয়ের মুখ ভুলতে পারছি না।""",PAGE-CHECK,
B1-C00254,3066,,১০  এক সপ্তাহের হিসাবের রাত,SUNNI_NARRATION,SUNNI,NAMED_SOURCE,HIGH,Sahih_Muslim,,,QURAN_MARKER|SUNNI_BOOK,,NO,"""কাল সকালে মসজিদের লাইব্রেরিতে আয়। যে বিশ্বাস করে, আর যে বিশ্বাস করে বলে মনে করে, তারা এক না। মুসলিম, মুমিন, মুত্তাকী, তিন সিঁড়ি।"" বুরুল্লাহ কুরআনটা রাহাতের খালি হাতে দিল। ""দেখব, তুই কোন সিঁড়িতে।""",PAGE-CHECK,
B1-C00255,3070,,১০  এক সপ্তাহের হিসাবের রাত,SOURCE_BLOCK_NOTE,UNSPECIFIED,NARRATIVE_ONLY,HIGH,,,,CITATION_BULLET|SUTRA_MARKER|QURAN_MARKER,,YES,•  এই অধ্যায়ের হিসাব তাহারা সেন্টারের ছাদের; আয়াতের সূত্র নিচে।,PAGE-CHECK,
B1-C00256,3071,,১০  এক সপ্তাহের হিসাবের রাত,QURAN,QURAN,QURAN_REF,HIGH,,,4:136,CITATION_BULLET|QURAN_MARKER,,YES,"•  কুরআন ৪:১৩৬ (يَٰٓأَيُّهَا ٱلَّذِينَ ءَامَنُوٓا۟ ءَامِنُوا۟ بِٱللَّهِ وَرَسُولِهِۦ) — api.alquran.cloud, CONFIRMED।",VERIFIED,
B1-C00257,3072,,১০  এক সপ্তাহের হিসাবের রাত,SOURCE_BLOCK_NOTE,UNSPECIFIED,NARRATIVE_ONLY,HIGH,,,,CITATION_BULLET,,YES,•  ১০ আগস্ট ২০১৪ পূর্ণিমা — সাধারণ জ্যোতির্বিদ্যার তথ্য (সে বছরের সবচেয়ে বড় চাঁদ); ছাপার আগে একবার মেলানো যায়।,PAGE-CHECK,
B1-C00258,3132,,০১  অন্ধ আর চক্ষুষ্মান কি সমান?,SUNNI_NARRATION,SUNNI,NAMED_SOURCE,HIGH,Sahih_Muslim,,,SUNNI_BOOK,,NO,"রাহাতের চোখ তখন কোণের কাঠের মইটার দিকে, যেটায় একটু আগে আমি উঠেছিলাম। তিনটি ধাপ, মাঝেরটার কাঠ ক্ষয়ে পাতলা। রাহাত বলল, “কাল রাতে তুমি বলেছিলে তিন সিঁড়ি। মুসলিম, মুমিন, মুত্তাকী।”",PAGE-CHECK,
B1-C00259,3135,,০১  অন্ধ আর চক্ষুষ্মান কি সমান?,SUNNI_NARRATION,SUNNI,NAMED_SOURCE,HIGH,Sahih_Muslim,,,SUNNI_BOOK,,NO,“হে মুমিনগণ! আল্লাহকে যথাযথভাবে ভয় করো এবং অবশ্যই মুসলিম না হয়ে মৃত্যুবরণ করো না।”,PAGE-CHECK,
B1-C00260,3136,,০১  অন্ধ আর চক্ষুষ্মান কি সমান?,SUNNI_NARRATION,SUNNI,NAMED_SOURCE,HIGH,Sahih_Muslim,,,QURAN_MARKER|SUNNI_BOOK,,NO,"পড়া শেষ করে রাহাতের আঙুল আয়াতের ওপর থেমে রইল, কপালে ভাঁজ। “এখানে তো মুমিনদের বলা হচ্ছে, মুসলিম হয়ে মরতে। মুমিন তো মুসলিমের চেয়ে ওপরে। তাহলে?”",PAGE-CHECK,
B1-C00261,3140,,০১  অন্ধ আর চক্ষুষ্মান কি সমান?,SUNNI_NARRATION,SUNNI,NAMED_SOURCE,HIGH,Sahih_Muslim,,,QURAN_MARKER|SUNNI_BOOK,,NO,"“এই মহিমান্বিত আয়াতের প্রতিটি শব্দ যেন এক একটি দরজা, যা খুলে দেয় জীবনের তিনটি অলৌকিক স্তরের দ্বার— মুসলিম — আত্মসমর্পিত প্রেমিক। যে বাহ্যিক পরিচয়ের সীমা পেরিয়ে হৃদয় খুলে দিয়েছে প্রভুর দিকে, যে নিজের সকল আশা-ভরসা নামিয়ে রেখে মাথা নত করেছে অনন্তের সম্মুখে। তার প্রতিটি নিঃশ্বাসে উচ্চারিত হয়—‘আমি আল্লাহর’।”",PAGE-CHECK,
B1-C00262,3143,,০১  অন্ধ আর চক্ষুষ্মান কি সমান?,SUNNI_NARRATION,SUNNI,NAMED_SOURCE,HIGH,Sahih_Muslim,,,SUNNI_BOOK,,NO,"পুরোটা সময় রাহাত একটুও নড়ল না। তারপর আস্তে বলল, “মুসলিম হয়ে মরা মানে তাহলে জন্মের নামটা নিয়ে মরা না। ‘আমি আল্লাহর’ — এটা নিয়ে মরা।”",PAGE-CHECK,
B1-C00263,3147,,০১  অন্ধ আর চক্ষুষ্মান কি সমান?,MIXED_CITATION,SHIA|SUNNI,NAMED_SOURCE,HIGH,Sahih_Muslim|al-Kafi,,,SUNNI_BOOK|SHIA_BOOK,,NO,"খাতাটা পুরো বন্ধ হয়নি। মাঝখানের একটি পাতা বাইরে বেরিয়ে আছে। তাতে ওপর থেকে নিচে সাতটি শব্দ লেখা, একটির নিচে আরেকটি। কাফির। মুশরিক। মুমিন। মুসলিম। প্রকৃত মুমিন। তারপর একটি শব্দ, যার নিচে লাল কালিতে দুটো দাগ। তার পরেরটা মুত্তাকী।",EDITION-LOCK,YES
B1-C00264,3157,,,QURAN,QURAN,QURAN_REF,HIGH,,,11:24,CITATION_BULLET|QURAN_MARKER,,YES,"•  কুরআন ১১:২৪ (مَثَلُ الْفَرِيقَيْنِ…) — api.alquran.cloud, CONFIRMED।",VERIFIED,
B1-C00265,3158,,,QURAN,QURAN,QURAN_REF,HIGH,,,49:14,CITATION_BULLET|QURAN_MARKER,,YES,"•  কুরআন ৪৯:১৪ (قَالَتِ الْأَعْرَابُ آمَنَّا…) — api.alquran.cloud, CONFIRMED।",VERIFIED,
B1-C00266,3159,,,QURAN,QURAN,QURAN_REF,HIGH,,,3:102,CITATION_BULLET|QURAN_MARKER,,YES,"•  কুরআন ৩:১০২ — api.alquran.cloud, CONFIRMED (ভাগ ০৩-এও যাচাই)।",VERIFIED,
B1-C00267,3160,,,SOURCE_BLOCK_NOTE,UNSPECIFIED,NARRATIVE_ONLY,HIGH,,,,CITATION_BULLET,,YES,•  ১০ আগস্ট ২০১৪-এর পূর্ণিমা — ভাগ ০৩ অধ্যায় ১০-এর মতো; ছাপার আগে একবার মেলানো যায়।,PAGE-CHECK,
B1-C00268,3162,,০২  কাফির থেকে মুত্তাকী পর্যন্ত ধাপগুলো,SHIA_NARRATION,SHIA,NAMED_SOURCE,HIGH,al-Kafi,,,SHIA_BOOK,,NO,০২  কাফির থেকে মুত্তাকী পর্যন্ত ধাপগুলো,EDITION-LOCK,YES
B1-C00269,3179,,০২  কাফির থেকে মুত্তাকী পর্যন্ত ধাপগুলো,SHIA_NARRATION,SHIA,NAMED_SOURCE,HIGH,al-Kafi,,,SHIA_BOOK,,NO,রাহাত প্রথম শব্দে আঙুল রাখল। “কাফির।”,EDITION-LOCK,YES
B1-C00270,3185,,০২  কাফির থেকে মুত্তাকী পর্যন্ত ধাপগুলো,SUNNI_NARRATION,SUNNI,NAMED_SOURCE,HIGH,Sahih_Muslim,,,SUNNI_BOOK,,NO,"“মুসলিম,” রাহাত পড়ল।",PAGE-CHECK,
B1-C00271,3234,,০২  কাফির থেকে মুত্তাকী পর্যন্ত ধাপগুলো,SOURCE_BLOCK_NOTE,UNSPECIFIED,NARRATIVE_ONLY,HIGH,,,,CITATION_BULLET|QURAN_MARKER|HADITH_WORD,,YES,•  এই অধ্যায়ে কোনো আয়াত বা হাদীস উদ্ধৃত নয়; সাত ধাপের তালিকা খাতা ¶2315–2321 অনুযায়ী।,PAGE-CHECK,
B1-C00272,3250,,০৩  নিজেকে করা পাঁচটি প্রশ্ন,SHIA_NARRATION,SHIA,NAMED_SOURCE,HIGH,al-Kafi,,,SHIA_BOOK,,NO,"না—তাহলে তুমি কি অবিশ্বাসীদের (কাফির) দলে থাকতে চাও, যারা চিরঅন্ধকারের কারাগারে আবদ্ধ?",EDITION-LOCK,YES
B1-C00273,3267,,০৩  নিজেকে করা পাঁচটি প্রশ্ন,SUNNI_NARRATION,SUNNI,NAMED_SOURCE,HIGH,Sahih_Muslim,,,SUNNI_BOOK,,NO,"«প্রশ্ন ৪: তুমি কি কেবল নামেমাত্র মুসলিম, নাকি তোমার অন্তর সত্যিই ঈমানের আলোয় উদ্ভাসিত?",PAGE-CHECK,
B1-C00274,3268,,০৩  নিজেকে করা পাঁচটি প্রশ্ন,SUNNI_NARRATION,SUNNI,NAMED_SOURCE,HIGH,Sahih_Muslim,,,SUTRA_MARKER|SUNNI_BOOK,,NO,"যদি বলো: “আমি মুসলিম তো, কিন্তু আমার ঈমান দুর্বল. . .” তাহলে একটু থামো—জানো কি? জন্মসূত্রে মুসলিম হওয়াটা কোনো নিরাপত্তার গ্যারান্টি নয়। কারণ আল্লাহর কাছে পরিচয়ের নয়, আত্মার পরিচ্ছন্নতার হিসাব চলবে।",PAGE-CHECK,
B1-C00275,3269,,০৩  নিজেকে করা পাঁচটি প্রশ্ন,SUNNI_NARRATION,SUNNI,NAMED_SOURCE,HIGH,Sahih_Muslim,,,SUNNI_BOOK,,NO,"তুমি কি আজও শুধুই মুসলিম নামধারী, নাকি আত্মার ভিতর থেকে সত্যিকার ঈমান খুঁজে পেয়েছ?»",PAGE-CHECK,
B1-C00276,3297,,০৩  নিজেকে করা পাঁচটি প্রশ্ন,MIXED_CITATION,SHIA|SUNNI,NAMED_SOURCE,HIGH,Sahih_Muslim|al-Kafi,,,SUNNI_BOOK|SHIA_BOOK,,NO,"«আমাদের ঈমান কোথায় দাঁড়িয়ে? তুমি যদি শিকড়ে থাকো—(কাফির/মুশরিক), তবে প্রশ্ন: তুমি কি সেই অন্ধকার থেকে উঠে আসতে চাও, যেখানে আলো ছুঁতে পারো না আলোতে বিলিন হওয়ার যন্ত্রণা ভেতরে কুরে কুরে খায়? তুমি যদি কাণ্ডে থাকো—(শুধু নামে মাত্র মুসলিম), তবে কি তুমি সেই আস্থার শক্তি খুঁজে বের করতে চাও, যা তোমাকে আসল ঈমানদারের দিকে টেনে নেয়? তুমি যদি শাখায় থাকো—(প্রকৃত মুমিন), তবে কি তুমি সেই উচ্চতায় পৌঁছাতে চাও, যেখানে তাকওয়ার পাতা গজায় আর জান্নাতের হাওয়া লাগে?",EDITION-LOCK,YES
B1-C00277,3321,,,QURAN,QURAN,QURAN_REF,HIGH,,,12:53|75:2|89:27,CITATION_BULLET|QURAN_MARKER|HADITH_WORD,,YES,"•  এই অধ্যায়ে আয়াত বা হাদীস উদ্ধৃত নয়; নফসের তিন স্তরের নাম (আম্মারা ১২:৫৩, লাওয়ামা ৭৫:২, মুতমাইন্না ৮৯:২৭) কুরআনের শব্দ — পাঠে আয়াত নম্বর নেই, তাই শুধু এখানে উল্লেখ।",VERIFIED,
B1-C00278,3336,,"০৪  “নামটা গায়ে লাগানো সহজ, সমর্পণটা কঠিন”",MIXED_CITATION,SHIA|SUNNI,NAMED_SOURCE,HIGH,Sahih_Muslim|al-Kafi,,,SUNNI_BOOK|SHIA_BOOK,,NO,"“বুরুল্লাহ ভাই, তুমি কি আমাদের একটু বিস্তারিত বুঝিয়ে বলতে পারো— কাফির, মুশরিক, মুসলিম, সাধারণ মুমিন, প্রকৃত মুমিন, মুমিন-মুনাফিক এবং মুত্তাকী—প্রত্যেকের অবস্থান ও বৈশিষ্ট্য কীভাবে আলাদা?”",EDITION-LOCK,YES
B1-C00279,3339,,"০৪  “নামটা গায়ে লাগানো সহজ, সমর্পণটা কঠিন”",SHIA_NARRATION,SHIA,NAMED_SOURCE,HIGH,al-Kafi,,,QURAN_MARKER|SHIA_BOOK,,NO,“কাফির অর্থ হলো যিনি সত্য গোপন করেন এবং আল্লাহ ও তাঁর প্রেরিত বিধানসমূহকে প্রত্যাখ্যান করেন। তারা কুরআনের বাণী এবং নাবুয়্যাতের অস্বীকার করে এবং শত্রুতায় লিপ্ত হতে দ্বিধা করে না। তারা কিয়ামত ও আখিরাতের প্রতি বিশ্বাস রাখে না। অনেক কাফির ঈমান গ্রহণের সুযোগ পেয়েও তা প্রত্যাখ্যান করে।”,EDITION-LOCK,YES
B1-C00280,3352,,"০৪  “নামটা গায়ে লাগানো সহজ, সমর্পণটা কঠিন”",SUNNI_NARRATION,SUNNI,NAMED_SOURCE,HIGH,Sahih_Muslim,,,SUNNI_BOOK|RASUL_SAID,,NO,"“মুসলিম। বাহ্যিক আমলের মাধ্যমে ইসলামকে গ্রহণকারী, অর্থাৎ যারা ইসলামের বিধি-বিধান মেনে চলে, আল্লাহ ও তাঁর রাসূলুল্লাহ ﷺ এবং তাঁদের রেখে যাওয়া উলিল আমরের আনুগত্য করে আত্মসমর্পণ করে। আল্লাহ বলেন—” সে তাকাভির দিকে তাকাল। “আলে ইমরান, পঁচাশি।”",PAGE-CHECK,
B1-C00281,3364,,"০৪  “নামটা গায়ে লাগানো সহজ, সমর্পণটা কঠিন”",SUNNI_NARRATION,SUNNI,NAMED_SOURCE,HIGH,Sahih_Muslim,,,SUNNI_BOOK,,NO,"“বুরুল্লাহ ভাই... পরশু তুমি যখন ঈমানের স্তরগুলোর কথা বলেছিলে, আমি শুধু শুনিনি—আমি ভেঙে পড়েছিলাম। নিজেকে মুসলিম ভাবতাম, কিন্তু বুঝতে পারলাম—আমার ভেতরে কতটা নফস, কতটা অভ্যাসের ইবাদত লুকিয়ে ছিল।”",PAGE-CHECK,
B1-C00282,3367,,"০৪  “নামটা গায়ে লাগানো সহজ, সমর্পণটা কঠিন”",SUNNI_NARRATION,SUNNI,NAMED_SOURCE,HIGH,Sahih_Muslim,,,SUNNI_BOOK,,NO,"“হ্যাঁ... সেই ভাঙনেই হয়তো শুরু হবে আমার যাত্রা। আমি বুঝতে শিখছি—মুসলিম হওয়া আর মুমিন হওয়ার মাঝে কতটা দূরত্ব। আমল ছিল, কিন্তু তাকওয়া ছিল না। দোয়া ছিল, কিন্তু আত্মসমর্পণ ছিল শর্তসাপেক্ষ।”",PAGE-CHECK,
B1-C00283,3377,,"০৪  “নামটা গায়ে লাগানো সহজ, সমর্পণটা কঠিন”",SUNNI_NARRATION,SUNNI,NAMED_SOURCE,HIGH,Sahih_Muslim,,,SUNNI_BOOK,,NO,"এবার প্রশ্ন করল বুরুল্লাহ, “নাম তো গায়ে লেগেই আছে, রাহাত। মুসলিম। সেটা নিয়ে কী করবি?”",PAGE-CHECK,
B1-C00284,3395,,"০৪  “নামটা গায়ে লাগানো সহজ, সমর্পণটা কঠিন”",SUNNI_NARRATION,SUNNI,NAMED_SOURCE,HIGH,Sahih_Muslim,,,SUNNI_BOOK,,NO,"তার নিচে আরেকটি লাইন: রাহাতের গল্প এখানেই শেষ নয়। বরং এখান থেকেই শুরু—মুসলিম থেকে মুমিন হওয়ার নীরব, দীর্ঘ, রক্তক্ষয়ী নয়—বরং আত্মক্ষয়ী সেই পথচলা।",PAGE-CHECK,
B1-C00285,3398,,"০৪  “নামটা গায়ে লাগানো সহজ, সমর্পণটা কঠিন”",QURAN,QURAN,QURAN_REF,HIGH,,,35:7,CITATION_BULLET|QURAN_MARKER,,YES,"•  কুরআন ৩৫:৭ — api.alquran.cloud, CONFIRMED।",VERIFIED,
B1-C00286,3399,,"০৪  “নামটা গায়ে লাগানো সহজ, সমর্পণটা কঠিন”",QURAN,QURAN,QURAN_REF,HIGH,,,4:48,CITATION_BULLET|QURAN_MARKER,,YES,"•  কুরআন ৪:৪৮ — api.alquran.cloud, CONFIRMED।",VERIFIED,
B1-C00287,3400,,"০৪  “নামটা গায়ে লাগানো সহজ, সমর্পণটা কঠিন”",QURAN,QURAN,QURAN_REF,HIGH,,,3:85,CITATION_BULLET|QURAN_MARKER,,YES,"•  কুরআন ৩:৮৫ — api.alquran.cloud, CONFIRMED।",VERIFIED,
B1-C00288,3412,,০৫  ইবাদত কীভাবে ভেতরটা বদলায়,SUNNI_NARRATION,SUNNI,NAMED_SOURCE,HIGH,Sahih_Muslim,,,QURAN_MARKER|SUNNI_BOOK,,NO,"ঠিক এই ভঙ্গিতে সে নিজের কথা বলেছিল সেদিন লাইব্রেরিতে, আঙুলে ধুলো দেখিয়ে। কিছুদিন আগেও সে ছিল কেবল নামধারী মুসলিম। নামাজে ফাঁকি, কুরআনে ধুলো, আর অন্তরে লুকানো অহংকারের রাজত্ব। এখন সে ঠিক সময়ে দাঁড়াচ্ছে। তবু কপালের ভাঁজ যায়নি।",PAGE-CHECK,
B1-C00289,3421,,০৫  ইবাদত কীভাবে ভেতরটা বদলায়,SUNNI_NARRATION,SUNNI,NAMED_SOURCE,HIGH,Sahih_Muslim,,,SUNNI_BOOK,,NO,"“কিন্তু একদিন হঠাৎ হৃদয়ে একটি প্রশ্ন বিদ্যুতের মতো নেমে আসে— তোমার নাম মুসলিম, কিন্তু তোমার নফস? সে কি আত্মসমর্পণ করেছে— নাকি এখনো নিজের খেয়ালের গোলাম?”",PAGE-CHECK,
B1-C00290,3423,,০৫  ইবাদত কীভাবে ভেতরটা বদলায়,SUNNI_NARRATION,SUNNI,NAMED_SOURCE,HIGH,Sahih_Muslim,,,SUNNI_BOOK,,NO,"“এই প্রশ্নে আত্মার আয়নায় যেন সূক্ষ্ম একটি ফাটল ধরে,” বুরুল্লাহ বলল। “সেই ফাটল দিয়েই শুরু হয় অন্তরদর্শনের যাত্রা। আমি কি কেবল পরিচয়ে মুসলিম? নাকি আমার আত্মা সত্যিই রবের প্রেমে নত হয়েছে? এই প্রশ্ন গভীরে ঢুকলে একে একে প্রকাশ পায়— হৃদয়ের আড়ালে এখনো বাস করে হিংসা, অহংকার, কামনা আর লোভ। সেই চেনা শত্রু—নফসে আম্মারা, যে নীরবে, ধৈর্য ধরে মানুষকে গুনাহের দিকে টেনে নেয়।”",PAGE-CHECK,
B1-C00291,3469,,০৫  ইবাদত কীভাবে ভেতরটা বদলায়,SUNNI_NARRATION,SUNNI,NAMED_SOURCE,HIGH,Sahih_Muslim,,,SUNNI_BOOK,,NO,"“শুধু মুসলিম নাম ধারণ করা যথেষ্ট নয়,” বুরুল্লাহ বলল। “আসল পরিচয় আসে হৃদয়ের বদল থেকে। যখন আত্মা বলে—‘আমি তাঁরই, যিনি আমাকে সৃষ্টি করেছেন।’ তখন ‘মুসলিম’ পরিচয় হয়ে ওঠে জীবনের প্রতিটি শ্বাসে প্রবাহিত এক সত্য।”",PAGE-CHECK,
B1-C00292,3474,,০৫  ইবাদত কীভাবে ভেতরটা বদলায়,PROSE_ATTRIBUTION,UNSPECIFIED,NARRATIVE_ONLY,LOW,,,,RASUL_SAID,,NO,“আর জাহান্নাম থেকে আলাদা করার একটি নাম আছে। রাসূলুল্লাহ ﷺ বলেছেন—” সে খাতাটা রাহাতের হাতে দিল। “আরবিটা তুই পড়।”,PAGE-CHECK,
B1-C00293,3514,,,QURAN,QURAN,QURAN_REF,HIGH,,,89:27,QURAN_MARKER,,NO,"তারপর সে কুরআনটা রেহালে রাখল, পকেট থেকে নিজের খাতা আর কলম বের করল। নতুন পাতার মাথায় লিখল: «৮৯:২৭–২৮»। নিচে একটি লাইন লিখে কলম থামাল। আমি তার কাঁধের পাশ থেকে পড়লাম: «ফিরিয়ে দিলাম।»",VERIFIED,
B1-C00294,3530,,,QURAN,QURAN,QURAN_REF,HIGH,,,13:28|29:45|2:222|10:57|91:9|26:88|89:27,CITATION_BULLET|QURAN_MARKER,,YES,"•  কুরআন ১৩:২৮, ২৯:৪৫, ২:২২২, ১০:৫৭, ৯১:৯, ২৬:৮৮–৮৯, ৮৯:২৭–২৮ — api.alquran.cloud, CONFIRMED।",VERIFIED,
B1-C00295,3531,,,SUNNI_NARRATION,SUNNI,NAMED_SOURCE,HIGH,Kanz_al-Ummal,Kanz_al-Ummal:6|Kanz_al-Ummal:219|Kanz_al-Ummal:6|Kanz_al-Ummal:219,,CITATION_BULLET|PAGE_CHECK_MARKER,REF-086,YES,"•  «إن الله فطم ابنتي فاطمة…» — খাতায় কানযুল উম্মাল, খণ্ড ৬, পৃ. ২১৯; খণ্ড/পৃষ্ঠা মেলানো হয়নি — PAGE-CHECK।",CONFLICT,YES
B1-C00296,3532,,,ATTRIBUTION_ONLY,UNSPECIFIED,ATTRIBUTION_FORMULA,MEDIUM,,,,CITATION_BULLET|SUTRA_MARKER|BARNITA_MARKER,REF-087,YES,•  «অন্তরে সরিষা দানা পরিমাণ অহংকার» — এই শব্দে সূত্র খাতায় নেই — «বর্ণিত আছে»।,CONFLICT,YES
B1-C00297,3545,,০৬  প্রকৃত মুমিনকে চেনা যায় কীভাবে?,SHIA_NARRATION,SHIA,NAMED_SOURCE,HIGH,al-Kafi,,,SHIA_BOOK,,NO,"“চার নম্বর, সাধারণ মুমিন। সাধারণ মুমিন হলো সেই ব্যক্তি, যে ইসলামকে সত্য ধর্ম হিসেবে মেনে নিয়েছে, তবে তার ঈমান ও আমল দৃঢ় নয়। সে কখনো কখনো গুনাহ করে, কিন্তু তা বুঝতে পারলে অনুতপ্ত হয়। তার ঈমানের দুর্বলতা থাকতে পারে, তবে সে কাফির বা মুনাফিক নয়।”",EDITION-LOCK,YES
B1-C00298,3554,,০৬  প্রকৃত মুমিনকে চেনা যায় কীভাবে?,SUNNI_NARRATION,SUNNI,NAMED_SOURCE,HIGH,Sahih_Muslim,,,QURAN_MARKER|SUNNI_BOOK,,NO,"বুরুল্লাহ বলল, “মুমিন-মুনাফিক। মুনাফিক মুমিন হলো যারা বাহ্যিকভাবে নিজেদের মুমিন বলে দাবি করে, কিন্তু তাদের অন্তরে ঈমান নেই। তারা মুসলিমদের সঙ্গে থাকে, কিন্তু সুযোগ পেলে ইসলামবিরোধী কর্মকাণ্ড করে। তাদের স্বভাব হচ্ছে প্রতারণা, মিথ্যা ও দ্বিমুখী আচরণ। যখন অঙ্গীকার করে ভঙ্গ করে। আমানত রাখা হলে খিয়ানাত করে।” সে থামল। “তাকাভি, চার নম্বর সূরা, একশো পঁয়তাল্লিশ।”",PAGE-CHECK,
B1-C00299,3634,,,QURAN,QURAN,QURAN_REF,HIGH,,,29:10|23:1|4:145|4:143|54:54|72:26|7:199|22:35|22:35,CITATION_BULLET|QURAN_MARKER,,YES,"•  কুরআন ২৯:১০, ২৩:১–২, ৪:১৪৫, ৪:১৪৩, ৫৪:৫৪–৫৫, ৭২:২৬–২৭, ৭:১৯৯, ২২:৩৫ — api.alquran.cloud, CONFIRMED। (২২:৩৫-এর উদ্ধৃত অংশ আয়াতের মাঝের বাক্য।)",VERIFIED,
B1-C00300,3635,,,SHIA_NARRATION,SHIA,NAMED_SOURCE,HIGH,al-Kafi,,,CITATION_BULLET|PAGE_CHECK_MARKER|SHIA_BOOK,REF-088,YES,"•  ইমাম জাফর আস-সাদিক (আলাইহিস্ সালাম)-এর «মুমিনের বৈশিষ্ট্য» (দীর্ঘ তালিকা) — আল-কাফি, কিতাবুল ঈমান ওয়াল কুফর (সিফাতুল মুমিন) অধ্যায়ের সাথে মিল; শব্দে মেলানো হয়নি — PAGE-CHECK।",EDITION-LOCK,YES
B1-C00301,3636,,,SHIA_NARRATION,SHIA,NAMED_SOURCE,HIGH,al-Kafi,al-Kafi:2|al-Kafi:2,,CITATION_BULLET|PAGE_CHECK_MARKER|SHIA_BOOK,REF-089,YES,"•  ইমাম রেযা (আলাইহিস্ সালাম): «মুমিন হবে না যতক্ষণ না তিন সুন্নাত — রবের, নবীর, ওলীর» — আল-কাফি খণ্ড ২ ও উয়ুন আখবারির রিদা-য় বর্ণিত বলে জানা; পৃষ্ঠা মেলানো হয়নি — PAGE-CHECK।",CONFLICT,YES
B1-C00302,3637,,,ATTRIBUTION_ONLY,UNSPECIFIED,ATTRIBUTION_FORMULA,MEDIUM,,,,CITATION_BULLET|SUTRA_MARKER|BARNITA_MARKER,REF-090,YES,"•  «তিনটি গুণ… ঈমান পূর্ণ হবে», «আমানতদার… প্রাচুর্যকে বিপদ», «সবকিছুই তাকে ভয় করে», «ফেরেশতারা মুমিনদের নূর দেখে» — খাতায় সূত্রহীন — «বর্ণিত আছে»।",PAGE-CHECK,
B1-C00303,3638,,,ATTRIBUTION_ONLY,UNSPECIFIED,ATTRIBUTION_FORMULA,MEDIUM,,,,CITATION_BULLET|SUTRA_MARKER|BARNITA_MARKER,REF-091,YES,•  «আল্লাহ মুমিনকে দুনিয়ার বিপদ থেকে মুক্ত রাখেননি…» — খাতায় সূত্রহীন — «বর্ণিত আছে»।,PAGE-CHECK,
B1-C00304,3689,,০৭  মুত্তাকীর পরিচয়,QURAN,QURAN,QURAN_REF,HIGH,,,10:20,QURAN_MARKER,,NO,"তাকাভি কুরআনটা ফেরত নিল। সূচিপত্রে আঙুল চালাল, তারপর অনেকটা সামনে উল্টে গেল, সূরা ইউনুস। একটি আয়াতের নিচে নখ দিয়ে দাগ টেনে কুরআনটা রাকিকার দিকে ঘুরিয়ে দিল। রাকিকা নিজে পড়ল, নিঃশব্দে, ঠোঁট নড়ছিল। তারপর নিজের নোটপ্যাডে লিখল: ১০:২০।",VERIFIED,
B1-C00305,3744,,,QURAN,QURAN,QURAN_REF,HIGH,,,2:2|2:3|10:20,CITATION_BULLET|QURAN_MARKER,,YES,"•  কুরআন ২:২, ২:৩ («যারা অদৃশ্যে বিশ্বাস করে»), ১০:২০ — api.alquran.cloud, CONFIRMED।",VERIFIED,
B1-C00306,3745,,,QURAN,QURAN,QURAN_REF,HIGH,,,2:3,CITATION_BULLET|BARNITA_MARKER,REF-092,YES,•  ২:৩-এর «অদৃশ্য» = ইমাম মাহদী (আলাইহিস্ সালাম)-এর গায়বত — শিয়া রেওয়ায়েতে বর্ণিত (কামালুদ্দীন ধাঁচের); নির্দিষ্ট খণ্ড-পৃষ্ঠা মেলানো হয়নি — «বর্ণিত আছে»।,VERIFIED,
B1-C00307,3746,,,SOURCE_BLOCK_NOTE,UNSPECIFIED,NARRATIVE_ONLY,HIGH,,,,CITATION_BULLET|PAGE_CHECK_MARKER,REF-093,YES,"•  সাফা পাহাড়ের বাণী — খাতায় সনদ: মুহাম্মাদ ইবনে মুসা ইবনুল মুতাওয়াক্কিল ← মুহাম্মাদ ইবনে জাফর আল-হিমইয়ারী ← আহমাদ ইবনে মুহাম্মাদ ইবনে আলী ← হাসান ইবনে মাহবুব ← আলী ইবনে রিয়াব ← আবু উবাইদা আল-হাজ্জা ← ইমাম জাফর আস-সাদিক (আলাইহিস্ সালাম); শায়খ সাদুকের সনদ-ধারা, কিতাবের নাম-পৃষ্ঠা মেলানো হয়নি — PAGE-CHECK।",PAGE-CHECK,
B1-C00308,3747,,,SOURCE_BLOCK_NOTE,UNSPECIFIED,NARRATIVE_ONLY,HIGH,,,,CITATION_BULLET|SUTRA_MARKER,,YES,"•  বুরুল্লাহর স্বপ্ন — খাতা ¶3096–3108; সাক্ষ্য হিসেবে, সূত্র-দাবি নয় (S-80)।",PAGE-CHECK,
B1-C00309,3867,,,QURAN,QURAN,QURAN_REF,HIGH,,,45:19|11:113|9:103,CITATION_BULLET|QURAN_MARKER,,YES,"•  কুরআন ৪৫:১৯ («وَاللَّهُ وَلِيُّ الْمُتَّقِينَ»), ১১:১১৩, ৯:১০৩ — api.alquran.cloud, CONFIRMED।",VERIFIED,
B1-C00310,3868,,,SUNNI_NARRATION,SUNNI,NAMED_SOURCE,HIGH,al-Bayhaqi,al-Bayhaqi:373|al-Bayhaqi:373|HADITH:373,,CITATION_BULLET|PAGE_CHECK_MARKER|HADITH_WORD,REF-094,YES,"•  «নিজের নফসের বিরুদ্ধে জিহাদই সর্বশ্রেষ্ঠ জিহাদ» — খাতায়: আল-বায়হাকী, আল-যুহদ আল-কাবীর, হাদীস ৩৭৩ (জাবির থেকে); মেলানো হয়নি — PAGE-CHECK।",CONFLICT,YES
B1-C00311,3869,,,ATTRIBUTION_ONLY,UNSPECIFIED,ATTRIBUTION_FORMULA,MEDIUM,,,,CITATION_BULLET|SUTRA_MARKER|BARNITA_MARKER,REF-095,YES,•  «তোমার সবচেয়ে বড় শত্রু… তোমার নফস» — ইমাম আলী (আলাইহিস্ সালাম)-এর নামে প্রচলিত; সূত্র খাতায় নেই — «বর্ণিত আছে»।,CONFLICT,YES
B1-C00312,3870,,,SOURCE_BLOCK_NOTE,UNSPECIFIED,NARRATIVE_ONLY,HIGH,,,,CITATION_BULLET|HADITH_WORD,,YES,•  «লাব্বাইক ইয়া মাহদি… أنت المقصود» — চাচার খাতার শপথ-বাক্য; কোনো হাদীস-দাবি নয়।,PAGE-CHECK,
B1-C00313,3871,,,SOURCE_BLOCK_NOTE,UNSPECIFIED,NARRATIVE_ONLY,HIGH,,,,CITATION_BULLET,,YES,•  চাচার স্বপ্ন — খাতা ¶3448–3462; সাক্ষ্য হিসেবে (S-80)।,PAGE-CHECK,
B1-C00314,3950,,"০১  আগে আয়াত, তারপর দাবি",QURAN,QURAN,QURAN_REF,HIGH,,,33:33,,,NO,পেনসিলের প্রথম সংখ্যাটার ওপর রাহাতের আঙুল থামল। ৩৩:৩৩।,VERIFIED,
B1-C00315,3954,,,QURAN,QURAN,QURAN_REF,HIGH,,,28:68,CITATION_BULLET|QURAN_MARKER,,YES,"•  কুরআন ২৮:৬৮ — api.alquran.cloud, CONFIRMED।",VERIFIED,
B1-C00316,3955,,,SOURCE_BLOCK_NOTE,UNSPECIFIED,NARRATIVE_ONLY,HIGH,,,,CITATION_BULLET,,YES,•  পাতলা বইয়ের ভূমিকা — খাতা ১ ¶4562–4569; গল্পের ভেতরের বই (S-183)।,PAGE-CHECK,
B1-C00317,3956,,,SOURCE_BLOCK_NOTE,UNSPECIFIED,NARRATIVE_ONLY,HIGH,,,,CITATION_BULLET,,YES,"•  চাচা ও বুরুল্লাহর কথা — শ্রোতা – বুরুল্লাহ ০৪ (০৩.০৮.২০২২) L399, L440, L444 (দুই বাক্য), L445–446; জনির নিজের লেখা।",PAGE-CHECK,
B1-C00318,4058,,,QURAN,QURAN,QURAN_REF,HIGH,,,33:33|83:27,CITATION_BULLET|QURAN_MARKER,,YES,"•  কুরআন ৩৩:৩৩, ৮৩:২৭–২৮ — api.alquran.cloud, CONFIRMED।",VERIFIED,
B1-C00319,4059,,,SUNNI_NARRATION,SUNNI,NAMED_SOURCE,HIGH,Jami_al-Tirmidhi|Sahih_Muslim,,,CITATION_BULLET|PAGE_CHECK_MARKER|BARNITA_MARKER|SUNNI_BOOK|HADITH_WORD,REF-096,YES,"•  চাদরের হাদীস (হাদীসে কিসা, জাবির ইবনে আব্দুল্লাহ আনসারীর বর্ণনা) — শ্রোতা ০৪ L478; জনির নোটে আহলে সুন্নাহর একাধিক উৎসের তালিকা (সহীহ মুসলিম, তিরমিযি…) — এই দীর্ঘ পাঠের শব্দে মেলানো হয়নি — «বর্ণিত আছে»; সংক্ষিপ্ত চাদর-রেওয়ায়েত সহীহ মুসলিমে (ফাযায়েলুস সাহাবা) — PAGE-CHECK।",CONFLICT,YES
B1-C00320,4060,,,ATTRIBUTION_ONLY,UNSPECIFIED,ATTRIBUTION_FORMULA,MEDIUM,,,,CITATION_BULLET|SUTRA_MARKER|BARNITA_MARKER|HADITH_WORD,REF-097,YES,"•  তাসনিম-সংক্রান্ত হাদীসগুলো (ক্ষুধার্তকে খাওয়ানো, মাদক পরিত্যাগ, «আমি প্রথম ব্যক্তি হব», আবু জাফর ও ইমাম সাদিক (আলাইহিমাস্ সালাম)-এর ব্যাখ্যা) — খাতায় সূত্রহীন — «বর্ণিত আছে»।",PAGE-CHECK,
B1-C00321,4061,,,SOURCE_BLOCK_NOTE,UNSPECIFIED,NARRATIVE_ONLY,HIGH,,,,CITATION_BULLET,,YES,•  শিশু-ধোয়ানোর উপমা — খাতা ১ ¶10028 + জনির মৌখিক বর্ণনা (S-85e)।,PAGE-CHECK,
B1-C00322,4115,,০৩  ভালোবাসা কি শুধু অনুভূতি?,PROSE_ATTRIBUTION,UNSPECIFIED,NARRATIVE_ONLY,LOW,,,,RASUL_SAID,,NO,"“ইমাম আলী (আলাইহিস্ সালাম) বর্ণনা করেন যে, আমাকে রাসূলুল্লাহ ﷺ বলেছেন, ‘সর্বপ্রথম জান্নাতে প্রবেশকারীদের মধ্যে হবেন আমি, ফাতেমা, হাসান ও হুসাইন।’ আমি আরজ করলাম, ‘হে রাসূলুল্লাহ ﷺ, আমাদের সাথে ভালবাসা পোষণকারীরা কোথায় হবে?’ রাসূলুল্লাহ ﷺ বললেন, ‘তোমাদের পশ্চাতে হবে।’”",PAGE-CHECK,
B1-C00323,4133,,০৩  ভালোবাসা কি শুধু অনুভূতি?,QURAN,QURAN,QURAN_REF,HIGH,,,42:23|98:7,CITATION_BULLET|QURAN_MARKER,,YES,"•  কুরআন ৪২:২৩, ৯৮:৭ — api.alquran.cloud, CONFIRMED।",VERIFIED,
B1-C00324,4134,,০৩  ভালোবাসা কি শুধু অনুভূতি?,SOURCE_BLOCK_NOTE,UNSPECIFIED,NARRATIVE_ONLY,HIGH,,,,CITATION_BULLET|PAGE_CHECK_MARKER,REF-098,YES,"•  «আলে মুহাম্মাদের ভালবাসার ওপর মৃত্যু… শহীদের মৃত্যু» — জনির নোটে তাফসীরে কাশ্শাফ, রুহুল বায়ান, তাফসীরে কাবীর, দুররে মানসূর-এর নাম; খণ্ড-পৃষ্ঠা মেলানো হয়নি — PAGE-CHECK।",PAGE-CHECK,
B1-C00325,4135,,০৩  ভালোবাসা কি শুধু অনুভূতি?,QURAN,QURAN,QURAN_REF,HIGH,,,98:7|98:7,CITATION_BULLET|PAGE_CHECK_MARKER,REF-099,YES,•  ৯৮:৭ ও «খাইরুল বারিয়্যাহ» — জাবির (রা.)-এর বর্ণনা; সুয়ুতির দুররে মানসূর-এ ৯৮:৭-এর অধীনে বর্ণিত বলে প্রচলিত — PAGE-CHECK।,CONFLICT,YES
B1-C00326,4136,,০৩  ভালোবাসা কি শুধু অনুভূতি?,ATTRIBUTION_ONLY,UNSPECIFIED,NO_SOURCE_STATED,MEDIUM,,,,CITATION_BULLET|SUTRA_MARKER|BARNITA_MARKER,REF-100,YES,"•  «সর্বপ্রথম জান্নাতে… আশেকরা পশ্চাতে», «আশেকরা একই স্থানে… পানাহার একত্রে» — খাতায় আরবি পাঠ আছে, সূত্র নেই — «বর্ণিত আছে»।",NOT_FOUND,YES
B1-C00327,4205,,০৪  সূরা কাওসার নতুন করে পড়া,PROSE_ATTRIBUTION,UNSPECIFIED,NARRATIVE_ONLY,LOW,,,,RASUL_SAID,,NO,"“আবু আবদুল্লাহ (আলাইহিস্ সালাম) বলেছেন: ‘যে ব্যক্তি ফরজ ও নফল নামাজে একবারও إِنَّآ أَعْطَيْنَٰكَ ٱلْكَوْثَرَ পাঠ করবে, কিয়ামতের দিন তার পিপাসার উত্তাপে দগ্ধ ঠোঁট আল্লাহর করুণায় সিক্ত হবে। সে তৃপ্তি খুঁজে পাবে তুবা বৃক্ষের ছায়ায়, যেখানে আল্লাহর রাসূল ﷺ নিজ হাতে তাকে প্রশান্তির পানীয় পরিবেশন করবেন।’”",PAGE-CHECK,
B1-C00328,4221,,,QURAN,QURAN,QURAN_REF,HIGH,,,108:1,CITATION_BULLET|QURAN_MARKER,,YES,"•  কুরআন ১০৮:১–৩ — api.alquran.cloud, CONFIRMED।",VERIFIED,
B1-C00329,4222,,,SHIA_NARRATION,SHIA,NAMED_SOURCE,HIGH,al-Ihtijaj,,,CITATION_BULLET|BARNITA_MARKER|QURAN_MARKER|SHIA_BOOK,REF-101,YES,"•  বিদ্রূপকারী আমর ইবনুল আস («হে আবুল আবতার»), মসজিদে, হাকাম ইবনুল আসের সাথে — তাফসীরে হুব্বে আলী, সূরা আল-কাউসার, হা. ১০ (ইবনে বাবুওয়াইহ; হুবেআলী.কম হা. ৯৪৯৯) — VERIFIED (স্থানীয় কপি: [LOCAL-PATH-REDACTED] Fatima Zahra SA Nobuwat & Imamat Bondhon\__REWRITTEN\Tafseer e Hubbe Ali en to Bn\hubbe_ali_ch108_আল-কাউসার_bangla.md ল. ২৪৬–২৪৯); পিতা আস ইবনে ওয়াইল — একই তাফসীর হা. ১১ (আল-ইহতিজাজ)। «পুত্র ইব্রাহিম» প্রসঙ্গ — খাতা; «বর্ণিত আছে»।",CONFLICT,YES
B1-C00330,4223,,,SOURCE_BLOCK_NOTE,UNSPECIFIED,NARRATIVE_ONLY,HIGH,,,,CITATION_BULLET|PAGE_CHECK_MARKER|QURAN_MARKER,REF-102,YES,"•  তিন ভবিষ্যদ্বাণী ও বংশহীন শত্রু — খাতায়: আলোকিত তাফসীর (An Enlightening Commentary into the Light of the Holy Quran), খণ্ড ২০, সূরা কাওসার — PAGE-CHECK।",PAGE-CHECK,
B1-C00331,4224,,,SUNNI_NARRATION,SUNNI,NAMED_SOURCE,HIGH,al-Tabarani,,,CITATION_BULLET|SUTRA_MARKER|BARNITA_MARKER,REF-103,YES,•  «আল্লাহ সকল নবির বংশ তাঁদের ঔরসে… আমার বংশ আলীর ঔরসে» — আহলুস সুন্নাহর কিতাবে (তাবারানী ধাঁচের) বর্ণিত বলে খাতায়; নির্দিষ্ট সূত্র নেই — «বর্ণিত আছে»।,CONFLICT,YES
B1-C00332,4225,,,ATTRIBUTION_ONLY,UNSPECIFIED,ATTRIBUTION_FORMULA,MEDIUM,,,,CITATION_BULLET|SUTRA_MARKER|BARNITA_MARKER,REF-104,YES,•  আবু আবদুল্লাহ (আলাইহিস্ সালাম): নামাজে কাওসার পাঠের ফজিলত; «আত্মার সন্তান» — খাতায় সূত্রহীন — «বর্ণিত আছে»।,PAGE-CHECK,
B1-C00333,4226,,,ATTRIBUTION_ONLY,UNSPECIFIED,ATTRIBUTION_FORMULA,MEDIUM,,,,CITATION_BULLET|SUTRA_MARKER|BARNITA_MARKER,REF-105,YES,•  ইবনে আব্বাস: «আল কাওসার কী?» — খাতায় সূত্রহীন — «বর্ণিত আছে»।,CONFLICT,YES
B1-C00334,4266,,০৫  মুবাহালার দিন রাসূলুল্লাহ ﷺ কাদের ডাকলেন,SUNNI_NARRATION,SUNNI,NAMED_SOURCE,HIGH,al-Durr_al-Manthur,,,,,NO,"“তাফসিরে জালালাইন, বায়দ্বাভী, দুররুল মানসুর।” চাচা হাসলেন। “আপনার মাদ্রাসার হুজুররা যেগুলো পড়েন।”",EDITION-LOCK,YES
B1-C00335,4268,,০৫  মুবাহালার দিন রাসূলুল্লাহ ﷺ কাদের ডাকলেন,SUNNI_NARRATION,SUNNI,NAMED_SOURCE,HIGH,Sahih_Muslim,,,SUNNI_BOOK|HADITH_WORD,,NO,"রাকিকা এতক্ষণ চুপ ছিল। এবার সে বলল, “চাচা, আমি একটা হাদীস বলতে পারি? সহীহ মুসলিম থেকে। আমার ফুপুর কাছে মুসলিম শরীফের বাংলা খণ্ড আছে, রাতে মিলিয়ে এসেছি।”",PAGE-CHECK,
B1-C00336,4269,,০৫  মুবাহালার দিন রাসূলুল্লাহ ﷺ কাদের ডাকলেন,SUNNI_NARRATION,SUNNI,NAMED_SOURCE,HIGH,Sahih_Muslim,,,SUNNI_BOOK,,NO,আব্বা তার দিকে ফিরলেন। “মুসলিম? বলো।”,PAGE-CHECK,
B1-C00337,4270,,০৫  মুবাহালার দিন রাসূলুল্লাহ ﷺ কাদের ডাকলেন,PROSE_ATTRIBUTION,UNSPECIFIED,NARRATIVE_ONLY,LOW,,,,RASUL_SAID,,NO,"রাকিকা মোবাইলে তোলা একটি পাতার ছবি খুলল, পড়ল: “আমির বিন সা’দ বিন আবি ওয়াক্কাস বর্ণনা করেন তার পিতার কাছ থেকে যে মুয়াবিয়া বিন আবু সুফিয়ান সা’দ কে গভর্নর পদে নিয়োগ দিলেন এবং বললেন, আপনি আবু তোরাবকে কেন মন্দ বলেন না? সা’দ বললেন, রাসূলুল্লাহ ﷺ তার সম্পর্কে যে তিনটি কথা বলেছেনঃ তা মনে করে এ কারণে আমি কখনও তাকে মন্দ বলবো না। ওসব কথার মধ্য হতে যদি একটিও আমি লাভ করতে পারতাম তাহলে তা আমার জন্য লাল উটের চেয়েও বেশি ভালো হতো…”",PAGE-CHECK,
B1-C00338,4315,,,QURAN,QURAN,QURAN_REF,HIGH,,,3:61,CITATION_BULLET|QURAN_MARKER,,YES,"•  কুরআন ৩:৬১ — api.alquran.cloud, CONFIRMED।",VERIFIED,
B1-C00339,4316,,,SUNNI_NARRATION,SUNNI,NAMED_SOURCE,HIGH,al-Durr_al-Manthur,al-Durr_al-Manthur:2|al-Durr_al-Manthur:39|al-Durr_al-Manthur:2|al-Durr_al-Manthur:39,,CITATION_BULLET|PAGE_CHECK_MARKER,REF-106,YES,"•  মুবাহালার ঘটনা (হুসাইন কোলে, হাসান হাত ধরে, পেছনে ফাতিমা ও আলী (আলাইহিমুস্ সালাম), খ্রিস্টান যাজকের উক্তি, «বানর-শূকর») — জনির নোটে: তাফসিরে জালালাইন ১/৬০, বায়দ্বাভী ১/১১৮, দুররুল মানসুর ২/৩৯ (মিশর মুদ্রণ) — PAGE-CHECK।",CONFLICT,YES
B1-C00340,4317,,,SUNNI_NARRATION,SUNNI,NAMED_SOURCE,HIGH,Sahih_Muslim,Sahih_Muslim:2|Sahih_Muslim:2|HADITH:6062,,CITATION_BULLET|PAGE_CHECK_MARKER|QURAN_MARKER|SUNNI_BOOK|HADITH_WORD,REF-107,YES,"•  সা’দ ইবনে আবি ওয়াক্কাসের হাদীস (তিন কথা; মুবাহালার আয়াতে আলী, ফাতিমা, হাসান, হুসাইনকে ডাকা — «এরাই আমার পরিবার») — সহীহ মুসলিম, ফাযায়েলুস সাহাবা (আন্তর্জাতিক নম্বর ২৪০৪); জনির নোটে বাংলা সংস্করণ পৃ. ৯১৭, হাদীস ৬০৬২ — PAGE-CHECK।",CONFLICT,YES
B1-C00341,4318,,,SOURCE_BLOCK_NOTE,UNSPECIFIED,NARRATIVE_ONLY,HIGH,,,,CITATION_BULLET,,YES,•  «মুবাহালা» শব্দের অর্থ — জনির নোট (শ্রোতা ০৪ L453); ভাষাগত।,PAGE-CHECK,
B1-C00342,4396,,০৬  নিজে ক্ষুধার্ত থেকেও অন্যকে খাওয়ানো,QURAN,QURAN,QURAN_REF,HIGH,,,76:8,CITATION_BULLET|QURAN_MARKER,,YES,"•  কুরআন ৭৬:৮–৯ — api.alquran.cloud, CONFIRMED।",VERIFIED,
B1-C00343,4397,,০৬  নিজে ক্ষুধার্ত থেকেও অন্যকে খাওয়ানো,ATTRIBUTION_ONLY,UNSPECIFIED,ATTRIBUTION_FORMULA,MEDIUM,,,,CITATION_BULLET|BARNITA_MARKER,REF-108,YES,"•  «আমি ইলমের পাল্লা, আলী তার বাটখারা… ফাতেমা দস্তা…» — খাতা ১ ¶4809–4811 (ইবনে আব্বাস থেকে); কিতাবের নাম খাতায় নেই — «বর্ণিত আছে»।",PAGE-CHECK,
B1-C00344,4398,,০৬  নিজে ক্ষুধার্ত থেকেও অন্যকে খাওয়ানো,QURAN,QURAN,QURAN_REF,HIGH,,,76:8,CITATION_BULLET|BARNITA_MARKER,REF-109,YES,•  ৭৬:৮–৯-এর নাজিল আহলে বাইতের তিন দিনের রোজা ও দানের প্রসঙ্গে — শিয়া ও সুন্নি তাফসিরে বর্ণিত; এখানে শুধু ইঙ্গিত — «বর্ণিত আছে»।,VERIFIED,
B1-C00345,4399,,০৬  নিজে ক্ষুধার্ত থেকেও অন্যকে খাওয়ানো,ATTRIBUTION_ONLY,UNSPECIFIED,ATTRIBUTION_FORMULA,MEDIUM,,,,CITATION_BULLET|SUTRA_MARKER|BARNITA_MARKER,REF-110,YES,•  «ক্ষুধার্তকে আহার করানো → জান্নাতের ফল» ও «আশেকদের পানাহার একত্রে» — অধ্যায় ২ ও ৩-এর সূত্র দেখো («বর্ণিত আছে»)।,PAGE-CHECK,
B1-C00346,4463,,০৮  আনুগত্য করলে আমার স্বাধীনতা কোথায়?,QURAN,QURAN,QURAN_REF,HIGH,,,4:59,,,NO,"রাহাত একা বসে রইল। আমি দরজার কাছে, জুতা পরছিলাম। সে পাতলা বইটা খুলে শেষ মলাটে পেনসিলের সাতটি সংখ্যার দিকে তাকাল। ছয়টার পাশে ছোট ছোট টিক। সাত নম্বর, ৪:৫৯— আজ সকালে।",VERIFIED,
B1-C00347,4470,,০৮  আনুগত্য করলে আমার স্বাধীনতা কোথায়?,QURAN,QURAN,QURAN_REF,HIGH,,,4:59,CITATION_BULLET|QURAN_MARKER,,YES,"•  কুরআন ৪:৫৯ — api.alquran.cloud, CONFIRMED।",VERIFIED,
B1-C00348,4471,,০৮  আনুগত্য করলে আমার স্বাধীনতা কোথায়?,SOURCE_BLOCK_NOTE,UNSPECIFIED,NARRATIVE_ONLY,HIGH,,,,CITATION_BULLET|HADITH_WORD,,YES,"•  বুরুল্লাহর খাতার পাতা — খাতা ১ ¶4297–4310; জনির নিজের লেখা, কোনো হাদীস-দাবি নয়।",PAGE-CHECK,
B1-C00349,4511,,"০৯  সাতটি আয়াত, সাতটি প্রশ্ন",QURAN,QURAN,QURAN_REF,HIGH,,,33:33|83:28|42:23|3:61|9:119|4:59,,,NO,"«৩৩:৩৩ — আমি কি সত্যিই পবিত্র হতে চাই, নাকি শুধু পবিত্রদের পাশে বসতে চাই? ৮৩:২৮ — শেষ কবে কাউকে পানি দিয়েছি, যে চায়নি? ৪২:২৩ — যাঁদের ভালোবাসি বলি, তাঁদের কোন একটা কাজ আজ করেছি? ১০৮ — কার কাছে আমি আবতার— কাকে আমি ছেড়ে এসেছি? ৩:৬১ — কাল আল্লাহ আমার ঘর ডাকলে কে দাঁড়াবে? ৯:১১৯ — যাদের সাথে আমার দিন কাটে, তারা কি সত্যবাদী? ৪:৫৯ — আমি কার লাইনে চলছি— জানি তো?»",VERIFIED,
B1-C00350,4553,,,QURAN,QURAN,QURAN_REF,HIGH,,,8:2|10:62|89:27|8:2,CITATION_BULLET|QURAN_MARKER,,YES,"•  কুরআন ৮:২ («زَادَتْهُمْ إِيمَانًا»), ১০:৬২–৬৩, ৮৯:২৭–৩০ — api.alquran.cloud, CONFIRMED (৮:২-এর আরবিতে খাতার «إِيمَٰن» → «إِيمَٰنًا», তানউইন পূর্ণ)।",VERIFIED,
B1-C00351,4554,,,SOURCE_BLOCK_NOTE,UNSPECIFIED,NARRATIVE_ONLY,HIGH,,,,CITATION_BULLET,,YES,•  কবিতা «প্রশান্ত আত্মা» — খাতা ১ ¶4478–4521; জনির নিজের লেখা।,PAGE-CHECK,
B1-C00352,4668,,,SOURCE_BLOCK_NOTE,UNSPECIFIED,NARRATIVE_ONLY,HIGH,,,,CITATION_BULLET|QURAN_MARKER|HADITH_WORD,,YES,•  এই অধ্যায়ে কোনো আয়াত বা হাদীস উদ্ধৃত হয়নি।,PAGE-CHECK,
B1-C00353,4669,,,ATTRIBUTION_ONLY,UNSPECIFIED,ATTRIBUTION_FORMULA,MEDIUM,,,,CITATION_BULLET|BARNITA_MARKER,REF-111,YES,"•  মসজিদে নববীর গা-ঘেঁষা মা সাইয়্যিদা (আলাইহাস্ সালাম)-এর ঘরের দরজা ও বাকির কিনারের ছোট ঘর — বর্ণিত আছে; মানচিত্রটি গল্পের ভেতরে বোঝার জন্য আঁকা, মাপজোখ নয়।",PAGE-CHECK,
B1-C00354,4761,,,ATTRIBUTION_ONLY,UNSPECIFIED,ATTRIBUTION_FORMULA,MEDIUM,,,,BARNITA_MARKER,REF-112,NO,"“আমিরুল মুমিনীন (আলাইহিস্ সালাম) প্রথম জনের হাত ধরে দেখালেন, এমন বর্ণিত আছে।” বুরুল্লাহ বোর্ডের দিকে পিঠ দিয়ে দাঁড়াল। “তুই হাফেজ, ফয়সাল। একশো উনসত্তর তো তোর মুখস্থ। আল্লাহর পথে যারা নিহত, তাদের মৃত বলো না, তারা জীবিত। শহীদ জীবিত, আর যিনি সব শহীদের নেতা, তিনি?”",PAGE-CHECK,
B1-C00355,4797,,,SOURCE_BLOCK_NOTE,UNSPECIFIED,NARRATIVE_ONLY,HIGH,,,,CITATION_BULLET|SUTRA_MARKER|QURAN_MARKER,,YES,•  এই অধ্যায়ের মদিনার দৃশ্য বুরুল্লাহর মুখে বলা গল্প; আয়াত ও রেওয়ায়েতের সূত্র নিচে।,PAGE-CHECK,
B1-C00356,4798,,,QURAN,QURAN,QURAN_REF,HIGH,,,33:56|3:169,CITATION_BULLET|QURAN_MARKER,,YES,"•  কুরআন ৩৩:৫৬, ৩:১৬৯ — api.alquran.cloud-এ মেলানো, CONFIRMED।",VERIFIED,
B1-C00357,4799,,,SHIA_NARRATION,SHIA,NAMED_SOURCE,HIGH,Bihar_al-Anwar|Tafsir_al-Qummi,Bihar_al-Anwar:22|Bihar_al-Anwar:22,,CITATION_BULLET|PAGE_CHECK_MARKER|QURAN_MARKER|SHIA_BOOK,REF-113,YES,•  রাসূলুল্লাহ ﷺ-কে বিষ দেওয়ার রেওয়ায়েত (ইমাম জাফর সাদিক (আলাইহিস্ সালাম) থেকে) — খাতায়: তাফসীরে কুম্মী (সূরা তাহরীম প্রসঙ্গে); বিহারুল আনওয়ার খণ্ড ২২ — PAGE-CHECK (খণ্ড-পৃষ্ঠা ও শব্দ মেলানো বাকি)।,EDITION-LOCK,YES
B1-C00358,4800,,,SHIA_NARRATION,SHIA,NAMED_SOURCE,HIGH,al-Kafi,al-Kafi:1|al-Kafi:1,,CITATION_BULLET|PAGE_CHECK_MARKER|BARNITA_MARKER|SHIA_BOOK,REF-114,YES,"•  দশজন দশজন করে জানাজার নামাজ, দাফনের স্থান (ইমাম বাকির (আলাইহিস্ সালাম)) — বর্ণিত আছে; আল-কাফি খণ্ড ১ (রাসূলুল্লাহ ﷺ-এর জন্ম-অধ্যায়) — PAGE-CHECK।",EDITION-LOCK,YES
B1-C00359,4801,,,ATTRIBUTION_ONLY,UNSPECIFIED,NO_SOURCE_STATED,MEDIUM,,,,CITATION_BULLET|PAGE_CHECK_MARKER|SUTRA_MARKER|BARNITA_MARKER,REF-115,YES,•  আমিরুল মুমিনীন (আলাইহিস্ সালাম) আবু বকরের হাত ধরে দেখান — বর্ণিত আছে; PAGE-CHECK (খাতায় সূত্র নেই)।,NOT_FOUND,YES
B1-C00360,4802,,,SOURCE_BLOCK_NOTE,UNSPECIFIED,NARRATIVE_ONLY,HIGH,,,,CITATION_BULLET,,YES,•  «শয়তান রাসূলুল্লাহ ﷺ-এর রূপ ধরতে পারে না» — S-174; উৎস-যাচাই খোলা (STORY_LOCKS খোলা প্রশ্ন)।,PAGE-CHECK,
B1-C00361,4812,,"০৩  দুই খাতা, এক জমি",FADAK,UNSPECIFIED,NARRATIVE_ONLY,HIGH,,,,FADAK,,NO,দাবি: ফাদাক যুদ্ধে পাওয়া গনিমত। গনিমত সব মুসলমানের। তাই রাষ্ট্রের। জবাব: ?,PAGE-CHECK,
B1-C00362,4815,,"০৩  দুই খাতা, এক জমি",FADAK,UNSPECIFIED,NARRATIVE_ONLY,HIGH,,,,QURAN_MARKER|FADAK,,NO,"“যুদ্ধে জেতা?” রাহাত পকেট থেকে ফোন বের করল। “বুরুল্লাহ ভাই একদিন বলেছিল, ফাদাকে যুদ্ধ হয়নি। একটা আয়াত আছে… দাঁড়াও।”",PAGE-CHECK,
B1-C00363,4819,,"০৩  দুই খাতা, এক জমি",QURAN,QURAN,QURAN_REF,HIGH,,,59:6,,,NO,"রাকিকা কলমটা নিল, ফাঁকা ঘরে লিখল: «যুদ্ধ হয়নি। ঘোড়া না, উট না (৫৯:৬)। তাহলে গনিমত না।» তারপর কলম থামাল।",VERIFIED,
B1-C00364,4832,,"০৩  দুই খাতা, এক জমি",FADAK,UNSPECIFIED,NARRATIVE_ONLY,HIGH,,,,FADAK,,NO,"সূর্য দিগন্তের কোণে ঝুঁকে পড়েছে, আকাশ রঙিন হয়ে উঠেছে লাল আর সোনালি আভায়। আমি এগিয়ে চলেছি এক প্রাচীন জনপদের দিকে—ফাদাক।",PAGE-CHECK,
B1-C00365,4834,,"০৩  দুই খাতা, এক জমি",FADAK,UNSPECIFIED,NARRATIVE_ONLY,HIGH,,,,FADAK,,NO,"মাত্র কিছুক্ষণ আগে আমি বুরুল্লাহর সাথে মা সাইয়্যিদা ফাতিমাতুয্ যাহরা (আলাইহাস্ সালাম)-এর নেতৃত্ব নিয়ে তর্ক করছিলাম, আর পরের মুহূর্তেই—আমি নিজেকে এক ভিন্ন সময়ের ফাদাকে আবিষ্কার করলাম! সম্পূর্ণ বিভ্রান্ত কিন্তু পথভ্রষ্ট বা লক্ষভ্রষ্টতা ছিল না। মনে শুধু একটাই প্রশ্ন ছিল, এটা কি সেই ফাদাক?",PAGE-CHECK,
B1-C00366,4850,,"০৩  দুই খাতা, এক জমি",FADAK,UNSPECIFIED,NARRATIVE_ONLY,HIGH,,,,FADAK,,NO,"রাকিকা: হ্যাঁ! আমি ফাদাকের সুজলা-সুফলা উপত্যকায় যেতে চাই—সেখানে প্রশান্তি আছে, জ্ঞান আছে, সত্য আছে।",PAGE-CHECK,
B1-C00367,4894,,,FADAK,UNSPECIFIED,NARRATIVE_ONLY,HIGH,,,,FADAK,,NO,ফাদাক—ইতিহাসের ধূসর পাতা,PAGE-CHECK,
B1-C00368,4895,,,FADAK,UNSPECIFIED,NARRATIVE_ONLY,HIGH,,,,FADAK,,NO,রাকিকা: আমি এখন দাঁড়িয়ে আছি ফাদাকের মাটিতে। অবশেষে সমস্ত বিভ্রান্তি পেছনে ফেলে এখানে পৌঁছেছি।,PAGE-CHECK,
B1-C00369,4899,,,FADAK,UNSPECIFIED,NARRATIVE_ONLY,HIGH,,,,FADAK,,NO,আমি এসেছি এক হারিয়ে যাওয়া ন্যায়বিচারের গল্পের খোঁজে—ফাদাকের সত্য জানার জন্য।,PAGE-CHECK,
B1-C00370,4901,,,FADAK,UNSPECIFIED,NARRATIVE_ONLY,HIGH,,,,FADAK,,NO,"সে প্রথমবার ফাদাকের প্রসঙ্গ তোলে। রাসূলুল্লাহ ﷺ-এর কন্যা মা সাইয়্যিদা ফাতিমাতুয্ যাহরা (আলাইহাস্ সালাম) ও খিলাফতের আসনে যিনি বসলেন, তাঁর মধ্যকার ঘটনা শোনার পর, আমার মধ্যে এক অদম্য কৌতূহল জন্ম নেয়।",PAGE-CHECK,
B1-C00371,4904,,,FADAK,UNSPECIFIED,NARRATIVE_ONLY,HIGH,,,,FADAK,,NO,"এবং আজ, সেই সাধনারই ফলস্বরূপ আমি দাঁড়িয়ে আছি ফাদাকের মাটিতে!",PAGE-CHECK,
B1-C00372,4912,,,FADAK,UNSPECIFIED,NARRATIVE_ONLY,HIGH,,,,FADAK,,NO,ফাদাক: নাবুয়্যাতের উত্তরাধিকার ও মা সাইয়্যিদা ফাতিমাতুয্ যাহরা (আলাইহাস্ সালাম)-এর অধিকার,PAGE-CHECK,
B1-C00373,4913,,,FADAK,UNSPECIFIED,NARRATIVE_ONLY,HIGH,,,,FADAK,,NO,"ফাদাক—শুধু একখণ্ড ভূমি নয়, বরং ইতিহাসের বুকে খোদিত এক চিরন্তন উপাখ্যান। এই ভূমি ছিল নবী নূহ (আলাইহিস্ সালাম)-এর পুত্র হাম-এর উত্তরাধিকার, যুগ-যুগান্তরে বিভিন্ন জাতির হাতে ঘুরে শেষে এসে ঠেকে নাবুয়্যাতের সূর্য রাসূলুল্লাহ ﷺ-এর কাছে। এটি এক সাধারণ সম্পত্তির বিবরণ নয়, বরং নাবুয়্যাতের উত্তরাধিকার ও আধ্যাত্মিক ন্যায়ের এক জাজ্বল্যমান নিদর্শন।",PAGE-CHECK,
B1-C00374,4917,,,FADAK,UNSPECIFIED,NARRATIVE_ONLY,HIGH,,,,SUTRA_MARKER|QURAN_MARKER|FADAK,,NO,"এই আয়াতের মর্মার্থে প্রতিভাত হয়, নবী সুলায়মান (আলাইহিস্ সালাম) তাঁর পিতা দাউদ (আলাইহিস্ সালাম)-এর উত্তরাধিকার লাভ করেছিলেন—এটি কেবল জ্ঞান বা নাবুয়্যাতের নয়, বরং বস্তুগত ও আধ্যাত্মিক উত্তরাধিকারের এক অনন্য দৃষ্টান্ত। সেই সূত্রেই রাসূলুল্লাহ ﷺ তাঁর কন্যা মা সাইয়্যিদা ফাতিমাতুয্ যাহরা (আলাইহাস্ সালাম)-কে ফাদাক প্রদান করেন—নাবুয়্যাতের ধারাবাহিকতার এক দৃশ্যমান প্রতীক হিসেবে।",PAGE-CHECK,
B1-C00375,4930,,,QURAN,QURAN,QURAN_REF,HIGH,,,27:16,QURAN_MARKER,,NO,"রাকিকা স্ক্রিনটার দিকে তাকিয়ে রইল। তারপর নিজের খাতা টেনে নিল, আর লাইনের পাশে মার্জিনে পেনসিলে লিখল: «এই শব্দে কুরআনে নেই। অর্থের কাছের আয়াত: ২৭:১৬। আমার মনে রাখায় ভুল হতে পারে। যা দেখেছি, তাই লিখেছি।»",VERIFIED,
B1-C00376,4949,,,FADAK,UNSPECIFIED,NARRATIVE_ONLY,HIGH,,,,CITATION_BULLET|SUTRA_MARKER|QURAN_MARKER|FADAK,,YES,•  এই অধ্যায়ের ফাদাক-অংশ রাকিকার নিজের খাতায় লেখা রূহানি সাক্ষ্য; আয়াতের সূত্র নিচে।,PAGE-CHECK,
B1-C00377,4950,,,QURAN,QURAN,QURAN_REF,HIGH,,,59:6|27:16|53:2,CITATION_BULLET|QURAN_MARKER,,YES,"•  কুরআন ৫৯:৬, ২৭:১৬, ৫৩:২ — api.alquran.cloud-এ মেলানো, CONFIRMED।",VERIFIED,
B1-C00378,4951,,,FADAK,UNSPECIFIED,ATTRIBUTION_FORMULA,HIGH,,,,CITATION_BULLET|PAGE_CHECK_MARKER|BARNITA_MARKER|FADAK,REF-116,YES,"•  ফাদাকের খেজুরবাগান মুসা (আলাইহিস্ সালাম)-এর অনুসারীদের রোপণ, মদিনা থেকে «প্রায় ১৫৩ কিলোমিটার», নূহ (আলাইহিস্ সালাম)-এর পুত্র হামের উত্তরাধিকার — বর্ণিত আছে; PAGE-CHECK।",CONFLICT,YES
B1-C00379,4958,,০৪  পর্দার আড়াল থেকে খুতবা,SHIA_NARRATION,SHIA,NAMED_SOURCE,HIGH,al-Ihtijaj,,,SHIA_BOOK,,NO,"“আল-ইহতিজাজ,” বুরুল্লাহ বলল। “খুতবাটা এর ভেতরে। বাংলাটা এক বুজুর্গের হাতের অনুবাদ, আব্বু বহু বছর আগে কপি করিয়ে রেখেছিলেন।” সে বইটা রাকিকার দিকে বাড়িয়ে দিল। “তুমি পড়বে বলেছিলে।”",EDITION-LOCK,YES
B1-C00380,4978,,০৪  পর্দার আড়াল থেকে খুতবা,SUNNI_NARRATION,SUNNI,NAMED_SOURCE,HIGH,Sahih_Muslim,,,SUNNI_BOOK,,NO,"প্রতিশোধ (কিসাস), রক্ত (প্রাণ) সংরক্ষণ, নিজের পূর্ণতা থেকে দয়ার প্রতি সমর্পণ, ওজন ও পরিমাপে সম্পূর্ণতা—অন্যদের অধিকার উপেক্ষা প্রতিরোধের কারণ; মদপান নিষিদ্ধকরণ—অত্যাচার থেকে মুক্তি; অপবাদ এড়িয়ে চলা—অভিশাপ থেকে পর্দা; এবং চুরি ত্যাগ করা—পবিত্রতা লাভের কারণ। আল্লাহ মুশরিকতা নিষিদ্ধ করেছেন, যাতে মানুষ একমাত্র তাঁকেই উপাসনা করতে পারে। সুতরাং আল্লাহকে যথাযথভাবে ভয় করো এবং মুসলিম অবস্থায় মৃত্যুবরণ করো। আল্লাহ যা আদেশ দিয়েছেন তা পালন করো এবং যা নিষেধ করেছেন তা থেকে বিরত থাকো। নিশ্চয়ই তাঁর বান্দাদের মধ্যে যারা জ্ঞানী, তারাই প্রকৃতপক্ষে আল্লাহকে ভয় করে।",PAGE-CHECK,
B1-C00381,5034,,,SHIA_NARRATION,SHIA,NAMED_SOURCE,HIGH,al-Ihtijaj,,,SHIA_BOOK,,NO,"বুরুল্লাহ এ কথা বলল সেই গলায়, যে গলায় মানুষ বলে, বৃষ্টি হচ্ছে, ছাতা নিয়ে যাস। ভুরু একটুও ওঠেনি। কবজি-ধরা হাতটাও কাঁপেনি। সে আল-ইহতিজাজটা আলতো করে বন্ধ করল, সাদা সুতো আবার জড়াল, তারপর বইটা রাকিকার ডান হাতের ঠিক পাশে চৌকির ওপর রাখল, হাত বাড়ালেই যেখানে আঙুল লাগবে।",EDITION-LOCK,YES
B1-C00382,5037,,,FADAK,UNSPECIFIED,NARRATIVE_ONLY,HIGH,,,,FADAK,,NO,ফাদাক থেকে মদিনা (দর্শন — রাকিকা পরদিন আমাদের যেমন বলেছিল),PAGE-CHECK,
B1-C00383,5038,,,FADAK,UNSPECIFIED,NARRATIVE_ONLY,HIGH,,,,FADAK,,NO,"ফাদাক, সন্ধ্যার আগের মুহূর্ত",PAGE-CHECK,
B1-C00384,5040,,,FADAK,UNSPECIFIED,NARRATIVE_ONLY,HIGH,,,,FADAK,,NO,"রাকিকা তখনো ফাদাকের সেই বিশাল খেজুর বাগানের মাঝে বসে ছিল। আকাশ যেন কিছুটা ভারী হয়ে আছে। সূর্য অস্ত যাওয়ার সময় তার লালচে আভা ফাদাকের আকাশকে আরও বিষণ্ন করে তুলেছে। বাতাসে শোকের গন্ধ, যেন পুরো নগরী এক অব্যক্ত শোকে স্তব্ধ হয়ে আছে।",PAGE-CHECK,
B1-C00385,5041,,,FADAK,UNSPECIFIED,NARRATIVE_ONLY,HIGH,,,,FADAK,,NO,"রাকিকার মনে হল, সময় যেন থেমে গেছে। সে বৃদ্ধ খিজিরের কথা মনে করার চেষ্টা করল-“মা সাইয়্যিদা ফাতিমাতুয্ যাহরা (আলাইহাস্ সালাম)—যিনি ছিলেন রাসূলুল্লাহ ﷺ-এর অংশ, যাঁর প্রতি ভালোবাসা ছিল নবীর অকৃত্রিম অনুভূতি—তিনি তাঁর জীবনের শেষ দিনগুলোতে ক্রন্দন করে কাটিয়েছিলেন। ফাদাক কেড়ে নেওয়ার পর তিনি বারবার ন্যায়বিচারের জন্য আহ্বান করেছিলেন, কিন্তু কেউ তাঁর ডাক শোনেনি। কেউ তাঁর প্রতি সহানুভূতি দেখায়নি, কেউ তাঁর দিকে ফিরে তাকায়নি!",PAGE-CHECK,
B1-C00386,5047,,,FADAK,UNSPECIFIED,NARRATIVE_ONLY,HIGH,,,,FADAK,,NO,"ঠিক তখনই বাতাস বদলে গেল। বৃদ্ধ খিজিরের সাথে গল্পটা চরমে পৌঁছেছিল, আর ঠিক তখনই— ফাদাকের আকাশের সেই রক্তিম আলো ক্রমে কালো হয়ে আসছিল।",PAGE-CHECK,
B1-C00387,5052,,,FADAK,UNSPECIFIED,NARRATIVE_ONLY,HIGH,,,,FADAK,,NO,"ফাদাকের মাটি তাকে যেন কোথায় অজানা গন্তব্যে এগিয়ে নিয়ে চলেছিল। সে মাটিকে ডেকে বলল “হে মাটি তোমার কি হয়েছে।” মাটি তখন বলল, আমি তোমাকে মদিনায় নিয়ে যাচ্ছি!",PAGE-CHECK,
B1-C00388,5057,,,FADAK,UNSPECIFIED,NARRATIVE_ONLY,HIGH,,,,FADAK,,NO,রাকিকার মনে হলো সে ৩৬০ স্পীডের থেকে হঠাৎ ০ স্পীডে ফাদাকের মাটি থেকে মদিনার মাটিতে এসে ধপ করে ল্যান্ড করল। মাটি বলল চিন্তা নেই পৌছে গেছি।,PAGE-CHECK,
B1-C00389,5058,,,FADAK,UNSPECIFIED,NARRATIVE_ONLY,HIGH,,,,FADAK,,NO,"তার শ্বাস বন্ধ হয়ে আসছিল, যেন সে এক মুহূর্ত আগেও ফাদাকের ঠান্ডা বাতাসে ছিল, আর এখন হঠাৎ উষ্ণ, ধূলোময় বাতাসের মাঝে পড়ে গেছে।",PAGE-CHECK,
B1-C00390,5071,,,FADAK,UNSPECIFIED,NARRATIVE_ONLY,HIGH,,,,FADAK,,NO,"একটা মুহূর্ত আগে সে ফাদাকে ছিল, এখন সে রাসূলুল্লাহ ﷺ-এর ইন্তেকালের সময় মদিনায়?",PAGE-CHECK,
B1-C00391,5119,,,FADAK,UNSPECIFIED,NARRATIVE_ONLY,HIGH,,,,FADAK,,NO,"আবদুল্লাহ ইবনে হাসান থেকে বর্ণিত—“যখন মা সাইয়্যিদা ফাতিমাতুয্ যাহরা (আলাইহাস্ সালাম) বুঝতে পারলেন যে, আবু বকর ও উমর ইবনুল খাত্তাব পরস্পরের সঙ্গে আঁতাত করে তাঁকে ফাদাক থেকে বঞ্চিত করেছে, তখন তিনি পর্দা গ্রহণ করলেন এবং ঢিলেঢালা পোশাক পরিধান করলেন।”",PAGE-CHECK,
B1-C00392,5148,,,SUNNI_NARRATION,SUNNI,NAMED_SOURCE,HIGH,Sahih_Muslim,,,SUNNI_BOOK,,NO,"একটি খুতবা, যা সত্য ও ন্যায়ের প্রতিচ্ছবি হয়ে যুগ যুগ ধরে মুসলিম ইতিহাসে প্রতিধ্বনিত হবে।",PAGE-CHECK,
B1-C00393,5194,,,SHIA_NARRATION,SHIA,NAMED_SOURCE,HIGH,al-Ihtijaj,,,SHIA_BOOK,,NO,"রাকিকা চৌকি থেকে নামল। চাচির হাত ধরল কিছুক্ষণ। তারপর আল-ইহতিজাজটা বুকের কাছে তুলে নিল, সাদা সুতোর গিঁটের ওপর আঙুল রাখল। এবার আঙুল কাঁপল না।",EDITION-LOCK,YES
B1-C00394,5202,,,FADAK,UNSPECIFIED,NARRATIVE_ONLY,HIGH,,,,QURAN_MARKER|FADAK,,NO,"“এই আয়াতগুলো দিয়ে তিনি উত্তরাধিকারের কথা বললেন,” রাহাত বলল। “উত্তরাধিকার মানে বাবা মারা গেলে যা পাওয়া যায়। কিন্তু রাকিকার খাতায় ছিল, রাসূলুল্লাহ ﷺ জীবিত থাকতেই ফাদাক দিয়ে দিয়েছিলেন। জীবিত থাকতে দিলে তো সেটা উপহার। তাহলে কোনটা? উত্তরাধিকার, না উপহার?”",PAGE-CHECK,
B1-C00395,5211,,,SOURCE_BLOCK_NOTE,UNSPECIFIED,NARRATIVE_ONLY,HIGH,,,,CITATION_BULLET|SUTRA_MARKER|QURAN_MARKER|HADITH_WORD,,YES,"•  এই অধ্যায়ের দর্শন-অংশ রাকিকার রূহানি সাক্ষ্য; দর্শনে মা সাইয়্যিদা (আলাইহাস্ সালাম)-এর মুখে যে দুটি বাক্য, তা সেই সাক্ষ্যের অংশ। খুতবার পাঠ ও আয়াত-হাদীসের সূত্র নিচে।",PAGE-CHECK,
B1-C00396,5212,,,FADAK,SHIA,NAMED_SOURCE,HIGH,al-Ihtijaj,al-Ihtijaj:1|al-Ihtijaj:1,,CITATION_BULLET|PAGE_CHECK_MARKER|SHIA_BOOK|FADAK,REF-117,YES,"•  ফাদাকের খুতবা — আল-ইহতিজাজ (তাবারসি), খণ্ড ১, মা সাইয়্যিদা (আলাইহাস্ সালাম)-এর ইহতিজাজ-অধ্যায়; বালাগাতুন নিসা (ইবনে তাইফুর)-তেও আছে — PAGE-CHECK (খণ্ড-পৃষ্ঠা ও বাংলা অনুবাদের উৎস মেলানো বাকি)।",CONFLICT,YES
B1-C00397,5213,,,QURAN,QURAN,QURAN_REF,HIGH,,,9:128|5:50|3:85|27:16|19:5|8:75|33:6|4:11|2:180|35:28|3:102,CITATION_BULLET|QURAN_MARKER,,YES,"•  খুতবার ভেতরের আয়াত: ৯:১২৮, ৫:৫০, ৩:৮৫, ২৭:১৬, ১৯:৫–৬, ৮:৭৫ (৩৩:৬), ৪:১১, ২:১৮০, ৩৫:২৮, ৩:১০২ — api.alquran.cloud-এ মেলানো, CONFIRMED।",VERIFIED,
B1-C00398,5214,,,SHIA_NARRATION,SHIA,NAMED_SOURCE,HIGH,al-Ihtijaj,al-Ihtijaj:1|al-Ihtijaj:1,,CITATION_BULLET|PAGE_CHECK_MARKER|SHIA_BOOK,REF-118,YES,•  আবদুল্লাহ ইবনে হাসান থেকে «পর্দা গ্রহণ করে মসজিদে আসা» — আল-ইহতিজাজ খণ্ড ১ — PAGE-CHECK।,CONFLICT,YES
B1-C00399,5215,,,SHIA_NARRATION,SHIA,NAMED_SOURCE,HIGH,Bihar_al-Anwar,Bihar_al-Anwar:43|Bihar_al-Anwar:43,,CITATION_BULLET|PAGE_CHECK_MARKER|SHIA_BOOK,REF-119,YES,•  ক্রন্দনের ঘর (বাইতুল আহযান) — বিহারুল আনওয়ার খণ্ড ৪৩ (শোক-অধ্যায়) — PAGE-CHECK।,EDITION-LOCK,YES
B1-C00400,5216,,,ATTRIBUTION_ONLY,UNSPECIFIED,ATTRIBUTION_FORMULA,MEDIUM,,,,CITATION_BULLET|PAGE_CHECK_MARKER|BARNITA_MARKER,REF-120,YES,"•  মুসা (আলাইহিস্ সালাম)-কে «যে জবান কখনো অবাধ্য হয়নি» — বর্ণিত আছে (উদ্দাতুদ দাঈ, ইবনে ফাহদ হিল্লি) — PAGE-CHECK; শেখ আবদুল করিম হামেদ ও তলবে ইলমের স্বপ্ন — বুজুর্গদের মুখে শোনা, বর্ণিত আছে।",PAGE-CHECK,
B1-C00401,5223,,"০৫  উত্তরাধিকার, উপহার, নাকি ব্যবস্থাপনা?",FADAK,UNSPECIFIED,NARRATIVE_ONLY,HIGH,,,,FADAK,,NO,"“আচ্ছা চাচা,” সে বলল, গলায় এমন ঝাঁঝ, যা আমি তার মুখে আগে শুনিনি। “একটা সোজা প্রশ্ন করি? এত বছর পরে কী লাভ? ফাদাক উপহার ছিল না উত্তরাধিকার, এটা জেনে আজ কার কী হবে? জমিটা তো আর ফেরত আসবে না। যারা নিয়েছিল, তারাও নেই। আমরা শুধু শুধু…”",PAGE-CHECK,
B1-C00402,5229,,"০৫  উত্তরাধিকার, উপহার, নাকি ব্যবস্থাপনা?",FADAK,UNSPECIFIED,NARRATIVE_ONLY,HIGH,,,,FADAK,,NO,"“বৃহস্পতিবার রাতে এখানে এসে আমি আর লিখতে পারিনি,” রাকিকা বলল। “ধ্বংসস্তূপের ভেতর একটি বই, তার পাতা উল্টাচ্ছি, আর তারপর কী পড়েছিলাম, মনে আসছিল না। কাল রাতে, মদিনায় যাওয়ার আগে, আমি আবার সেই ফাদাকে ছিলাম। এবার পুরো পাতাটা পড়লাম। বাড়ি ফিরে, ফজরের আগে, লিখে ফেলেছি।”",PAGE-CHECK,
B1-C00403,5233,,"০৫  উত্তরাধিকার, উপহার, নাকি ব্যবস্থাপনা?",FADAK,UNSPECIFIED,NARRATIVE_ONLY,HIGH,,,,QURAN_MARKER|FADAK,,NO,"“রাসূলুল্লাহ ﷺ যখন খাইবার বিজয় করলেন, তখন যুদ্ধলব্ধ সম্পদ সাধারণ মুসলমানদের মধ্যে বণ্টন করেন। কিন্তু ফাদাকের জমি ছিল ব্যতিক্রম। কোরআনের আয়াত নাযিল হওয়ার পর, রাসূলুল্লাহ ﷺ ফাদাককে তার কন্যা মা সাইয়্যিদা ফাতিমাতুয্ যাহরা (আলাইহাস্ সালাম)-কে দিয়ে দেন।”",PAGE-CHECK,
B1-C00404,5235,,"০৫  উত্তরাধিকার, উপহার, নাকি ব্যবস্থাপনা?",FADAK,UNSPECIFIED,NARRATIVE_ONLY,HIGH,,,,FADAK,,NO,"৬৩২ খ্রিস্টাব্দে রাসূলুল্লাহ ﷺ-এর শাহাদাতের পর, খিলাফতের আসনে যিনি বসলেন, তিনি ফাদাককে রাষ্ট্রীয় সম্পত্তি বলে ঘোষণা করেন।",PAGE-CHECK,
B1-C00405,5237,,"০৫  উত্তরাধিকার, উপহার, নাকি ব্যবস্থাপনা?",FADAK,UNSPECIFIED,NARRATIVE_ONLY,HIGH,,,,FADAK,,NO,"তিনি 'খুতবা-ই-ফাদাকিয়া' নামে এক হৃদয়স্পর্শী ভাষণ দেন, যেখানে তিনি ন্যায়বিচারের দাবি জানান।",PAGE-CHECK,
B1-C00406,5241,,"০৫  উত্তরাধিকার, উপহার, নাকি ব্যবস্থাপনা?",FADAK,UNSPECIFIED,NARRATIVE_ONLY,HIGH,,,,FADAK,,NO,"এই ফাদাক শুধুমাত্র এক টুকরো জমি নয়, এটি সত্যের বিরুদ্ধে বাতিলের এক সূক্ষ্ম দ্বন্দ্ব, যা ইতিহাসের গতিপথকে চিরতরে বদলে দিয়েছিল।",PAGE-CHECK,
B1-C00407,5242,,"০৫  উত্তরাধিকার, উপহার, নাকি ব্যবস্থাপনা?",FADAK,UNSPECIFIED,NARRATIVE_ONLY,HIGH,,,,FADAK,,NO,বৃদ্ধের উক্তি—ফাদাকের চিরন্তন শিক্ষা,PAGE-CHECK,
B1-C00408,5247,,"০৫  উত্তরাধিকার, উপহার, নাকি ব্যবস্থাপনা?",FADAK,UNSPECIFIED,NARRATIVE_ONLY,HIGH,,,,FADAK,,NO,“আপনি কি ফাদাকের গল্প জানেন?”,PAGE-CHECK,
B1-C00409,5250,,"০৫  উত্তরাধিকার, উপহার, নাকি ব্যবস্থাপনা?",FADAK,UNSPECIFIED,NARRATIVE_ONLY,HIGH,,,,FADAK,,NO,"“ফাদাক শুধুই এক টুকরো জমি নয়,” তিনি বললেন, “এটি ন্যায়বিচারের প্রতীক। এটি এক কন্যার কান্না, এক উত্তরাধিকারীর মালিকানার অধিকার।”",PAGE-CHECK,
B1-C00410,5253,,"০৫  উত্তরাধিকার, উপহার, নাকি ব্যবস্থাপনা?",FADAK,UNSPECIFIED,NARRATIVE_ONLY,HIGH,,,,FADAK,,NO,"গোধূলির শেষ রশ্মি মিলিয়ে যেতেই আকাশ ভরে উঠল অসংখ্য নক্ষত্রের আলোয়। আমি অনুভব করলাম, ইতিহাসের ঢেউ আমার হৃদয় স্পর্শ করছে। ফাদাক শুধু একখণ্ড ভূমি নয়; এটি এক নারীর সংগ্রামের চিহ্ন, যিনি প্রতিকূলতার বিরুদ্ধে নিজের অধিকার পুনরুদ্ধারের জন্য অবিচল ছিলেন। সন্ধ্যার আবছা আলোয় মরুর বাতাসে তালগাছের পাতারা দুলছিল, যেন নীরবে সাক্ষ্য দিচ্ছিল এক হারানো ন্যায়ের ইতিহাসের।",PAGE-CHECK,
B1-C00411,5254,,"০৫  উত্তরাধিকার, উপহার, নাকি ব্যবস্থাপনা?",FADAK,UNSPECIFIED,NARRATIVE_ONLY,HIGH,,,,FADAK,,NO,"আমি ফাদাকের প্রবেশদ্বারে দাঁড়িয়ে ছিলাম। বাতাস আমার পোশাকের কিনারা ছুঁয়ে যাচ্ছিল, আর আমার চিন্তাগুলো মরুর ধূলিঝড়ের মতো উড়ে যাচ্ছিল। ফাদাকের কথা বলতে গেলে বলতে হয় সম্মান, ন্যায়বিচার এবং সর্বোপরি সত্যের কথা। সত্য? সত্যের নখর তলোয়ার অপেক্ষা ধারালো, আর এর স্পর্শ অনির্বাণ অগ্নিশিখার মতো দহন করে।",PAGE-CHECK,
B1-C00412,5256,,"০৫  উত্তরাধিকার, উপহার, নাকি ব্যবস্থাপনা?",FADAK,UNSPECIFIED,NARRATIVE_ONLY,HIGH,,,,FADAK,,NO,"এক অনির্বচনীয় শিহরণ আমার সারা দেহে ছড়িয়ে পড়ল, যেন ইতিহাস নিজেই আমার সামনে জাগ্রত হয়ে উঠেছে। এই শুষ্ক মরুর বুকে দাঁড়িয়ে, নক্ষত্রের আলোয় স্নাত হয়ে আমি উপলব্ধি করলাম—ফাদাক এক জীবন্ত জান্নাত, এক অনন্ত ইতিহাসের দর্পণ, যেখানে সত্যের প্রতিচ্ছবি কখনো ম্লান হয় না।",PAGE-CHECK,
B1-C00413,5262,,"০৫  উত্তরাধিকার, উপহার, নাকি ব্যবস্থাপনা?",FADAK,UNSPECIFIED,NARRATIVE_ONLY,HIGH,,,,FADAK,,NO,"“তবে শুনো, ফাদাক শুধুই এক জমি নয়, এটি এক সাক্ষ্য। এটি সেই ধ্বনির প্রতিধ্বনি, যা কখনো নিভে যায়নি; সেই প্রতিশ্রুতি, যা কখনো ভঙ্গ হয়নি; সেই উত্তরাধিকার, যা চিরন্তন। যারা হৃদয় দিয়ে শোনে, তারা একদিন এর সত্য উপলব্ধি করবেই. . .”",PAGE-CHECK,
B1-C00414,5264,,"০৫  উত্তরাধিকার, উপহার, নাকি ব্যবস্থাপনা?",FADAK,UNSPECIFIED,NARRATIVE_ONLY,HIGH,,,,FADAK,,NO,"যুদ্ধের পরে একদিন, রাসূলুল্লাহ ﷺ-এর দরবারে এক ইহুদি সম্প্রদায়ের প্রতিনিধি এসে আত্মসমর্পণ করল। বিনিময়ে, তারা উপহার দিল ফাদাক—এক খণ্ড উর্বর ভূমি, যা দানাদার খেজুর গাছে পূর্ণ ছিল। এটি শুধু একখণ্ড জমি ছিল না, ছিল সমৃদ্ধির প্রতীক। রাসূলুল্লাহ ﷺ এই ভূমি তাঁর কন্যা ফাতিমা আল-যাহরাকে উপহার দেন।",PAGE-CHECK,
B1-C00415,5265,,"০৫  উত্তরাধিকার, উপহার, নাকি ব্যবস্থাপনা?",FADAK,UNSPECIFIED,NARRATIVE_ONLY,HIGH,,,,HADITH_WORD|FADAK,,NO,"কিন্তু রাসূলুল্লাহ ﷺ-এর ওফাতের পর দৃশ্যপট বদলে গেল। প্রথম জন খেলাফতের দায়িত্ব নিলেন, আর তাঁর শাসনেই ফাদাক নিয়ে বিতর্ক শুরু হলো। হঠাৎ করেই ঘোষণা করা হলো—ফাদাক আর ফাতিমার ব্যক্তিগত সম্পত্তি নয়, বরং এটি উম্মাহর সম্পদ। খলিফার যুক্তি ছিল এক হাদিসের উপর ভিত্তি করে: “আমরা, নবীগণ, উত্তরাধিকার রেখে যাই না।”",PAGE-CHECK,
B1-C00416,5270,,"০৫  উত্তরাধিকার, উপহার, নাকি ব্যবস্থাপনা?",FADAK,UNSPECIFIED,NARRATIVE_ONLY,HIGH,,,,FADAK,,NO,‘ফাদাক সাইয়্যেদা খাদিজা (আলাইহাস্ সালাম)-এর মোহরানা’,PAGE-CHECK,
B1-C00417,5272,,"০৫  উত্তরাধিকার, উপহার, নাকি ব্যবস্থাপনা?",FADAK,UNSPECIFIED,NARRATIVE_ONLY,HIGH,,,,FADAK,,NO,বৃদ্ধ(খিজির): তুমি কি জান! ফাদাক. . .,PAGE-CHECK,
B1-C00418,5281,,"০৫  উত্তরাধিকার, উপহার, নাকি ব্যবস্থাপনা?",SHIA_NARRATION,SHIA,NAMED_SOURCE,HIGH,al-Kafi,,,SHIA_BOOK,,NO,"“যে ব্যক্তি আল্লাহ এবং তাঁর রাসূল সম্পর্কে সন্দেহ পোষণ করে, সে কাফির।”",EDITION-LOCK,YES
B1-C00419,5284,,"০৫  উত্তরাধিকার, উপহার, নাকি ব্যবস্থাপনা?",SHIA_NARRATION,SHIA,NAMED_SOURCE,HIGH,al-Kafi,,,SHIA_BOOK,,NO,"তিনি (আলাইহিস্ সালাম) বললেন, “সে কাফির।”",EDITION-LOCK,YES
B1-C00420,5287,,"০৫  উত্তরাধিকার, উপহার, নাকি ব্যবস্থাপনা?",SUNNI_NARRATION,SUNNI,NAMED_SOURCE,HIGH,Sahih_Muslim,,,SUTRA_MARKER|SUNNI_BOOK,,NO,"আরেকটি বর্ণনায় এসেছে: একটি নির্ভরযোগ্য সূত্রে আবু আবদিল্লাহ (আলাইহিস্ সালাম) থেকে বর্ণিত, যেখানে মুহাম্মাদ বিন মুসলিম বলেন:",PAGE-CHECK,
B1-C00421,5289,,"০৫  উত্তরাধিকার, উপহার, নাকি ব্যবস্থাপনা?",SHIA_NARRATION,SHIA,NAMED_SOURCE,HIGH,al-Kafi,,,SHIA_BOOK,,NO,"তিনি (আলাইহিস্ সালাম) বললেন, “সে কাফির, হে আবু মুহাম্মাদ!”",EDITION-LOCK,YES
B1-C00422,5291,,"০৫  উত্তরাধিকার, উপহার, নাকি ব্যবস্থাপনা?",SHIA_NARRATION,SHIA,NAMED_SOURCE,HIGH,al-Kafi,,,SHIA_BOOK,,NO,"তিনি (আলাইহিস্ সালাম) বললেন, “সে-ও কাফির!”",EDITION-LOCK,YES
B1-C00423,5292,,"০৫  উত্তরাধিকার, উপহার, নাকি ব্যবস্থাপনা?",SHIA_NARRATION,SHIA,NAMED_SOURCE,HIGH,al-Kafi,,,SHIA_BOOK,,NO,"তারপর তিনি (আলাইহিস্ সালাম) যুরারার দিকে ফিরে বললেন, “কিন্তু সে তখনই কাফির হয়, যখন সে সত্যকে প্রত্যাখ্যান করে।”",EDITION-LOCK,YES
B1-C00424,5293,,"০৫  উত্তরাধিকার, উপহার, নাকি ব্যবস্থাপনা?",FADAK,UNSPECIFIED,NARRATIVE_ONLY,HIGH,,,,FADAK,,NO,"বৃদ্ধ(খিজির): ইসলাম ও ঈমানের মূল ভিত্তি হলো আল্লাহ এবং তাঁর রাসূলের প্রতি দৃঢ় বিশ্বাস। ওরা (জালিমরা) ফাদাক নিয়ে এতে সন্দেহ করে, কুফরের অন্তর্ভুক্ত হয়েছে। সেসময় থেকে আজ পর্যন্ত যারা তাদের করা কুফরের ব্যাপারে সন্দেহ করে, তারাও একই পরিণতির সম্মুখীন হয়। ওরা ফিতনার সৃষ্টি করেছে। খিলাফত নিয়ে ছিনিমিনি খেলেছে। গাদীরে খুমের সিদ্ধান্ত ধূলায় মিশিয়ে দিয়েছে। অথচ ঐদিন এরাই বাক্বিন বাক্বিন ইয়া আলী ইবনে আবি তালিব আজ হতে আপনি আমাদের খলিফা হয়ে গেলেন বলে সাদর সম্ভাষন জানিয়ে পরে তারাই খলিফার পদ দখল করে ফাদাক কেড়ে কুফরির মত বড় অপরাধ সহ ফিতনার মত নতুন আবিস্কারে মুসলমানদেরকে আজও দিকভ্রান্ত করে ছেড়েছে।",PAGE-CHECK,
B1-C00425,5294,,"০৫  উত্তরাধিকার, উপহার, নাকি ব্যবস্থাপনা?",SHIA_NARRATION,SHIA,NAMED_SOURCE,HIGH,al-Kafi,,,SHIA_BOOK,,NO,"রাকিকা এখানে চোখ তুলল। রাহাতের মুখ শক্ত হয়ে গেছে। “কাফির?” সে বলল, প্রায় ফিসফিস করে। “এত বড় কথা?”",EDITION-LOCK,YES
B1-C00426,5296,,"০৫  উত্তরাধিকার, উপহার, নাকি ব্যবস্থাপনা?",SHIA_NARRATION,SHIA,NAMED_SOURCE,HIGH,al-Kafi,,,SHIA_BOOK,,NO,"রাকিকা আঙুল দিয়ে খুঁজল। পড়ল ধীরে: “কিন্তু সে তখনই কাফির হয়, যখন সে সত্যকে প্রত্যাখ্যান করে।”",EDITION-LOCK,YES
B1-C00427,5300,,,FADAK,UNSPECIFIED,NARRATIVE_ONLY,HIGH,,,,FADAK,,NO,"বৃদ্ধ(খিজির): (গল্পে ফিরে. .) দরবারে চাপা গুঞ্জন ছড়িয়ে পড়ল। নিজেদেরকে কুফরির আসনে দেখে জালিমদের হৃদয়ে ভয়ের সৃষ্টি হলেও, কিন্তু আসনের দুই জন নিজের অবস্থানে অনড় রইলেন। “হে আল্লাহর রাসূলের কন্যা, আমরা যা বিশ্বাস করি, তার বিপরীতে যেতে পারি না। ফাদাক উম্মাহর কল্যাণে ব্যবহৃত হবে।”",PAGE-CHECK,
B1-C00428,5301,,,FADAK,UNSPECIFIED,NARRATIVE_ONLY,HIGH,,,,FADAK,,NO,"বৃদ্ধ(খিজির): এটি শুধুই ফাদাকের ভূমির বিষয় ছিল না। এটি ছিল উত্তরাধিকার, ক্ষমতা এবংপবিত্র ব্যক্তিদের সত্যনিষ্ঠতা বনাম জালিমদের নাপাকির বহি: প্রকাশ। রাসূলুল্লাহ ﷺ-এর ইন্তেকালের পর আলীর (আলাইহিস্ সালাম) ন্যায়সঙ্গত খিলাফত হরণ করা—এই বিশ্বাসঘাতকতাই (ফিতনাই) উম্মাহকে যুগ যুগ ধরে বিভক্ত করে রেখেছে।",PAGE-CHECK,
B1-C00429,5305,,,FADAK,UNSPECIFIED,NARRATIVE_ONLY,HIGH,,,,FADAK,,NO,"বৃদ্ধ(খিজির): মা সাইয়্যিদা ফাতিমাতুয্ যাহরা (আলাইহাস্ সালাম) চরম দুঃখ ও বেদনায় তাঁর চোখ থেকে অঝর ধারায় অশ্রু ঝরছিল এবং তিনি রিক্ত হস্তে, নিরাশা ও হতাশায় ফিরে যাচ্ছেন. . . তাঁর হাতে ছিল না ফাদাকের দলিল, কিন্তু তাঁর মুখে ছিল ন্যায়ের ডাক—এক মহীয়সী নারীর সাহসী উচ্চারণ।",PAGE-CHECK,
B1-C00430,5314,,,FADAK,UNSPECIFIED,NARRATIVE_ONLY,HIGH,,,,QURAN_MARKER|FADAK,,NO,"দ্বিতীয় ঘরে আঙুল। “রাকিকার খাতার বিবর্ণ পাতায় লেখা, আয়াত নাজিলের পর রাসূলুল্লাহ ﷺ জীবিত অবস্থায় ফাদাক তাঁকে দিয়ে দেন। জীবিত অবস্থায় দেওয়াকে বলে হিবা। উপহার। আর উপহার একবার হাতে দিয়ে দিলে, দখল বুঝিয়ে দিলে, তা আর দাতার থাকে না। যাকে দেওয়া হলো, তার।”",PAGE-CHECK,
B1-C00431,5319,,,FADAK,UNSPECIFIED,NARRATIVE_ONLY,HIGH,,,,FADAK,,NO,"রাকিকা খাতা উল্টে পড়ল: “ফাদাক শুধুই এক টুকরো জমি নয়। এটি ন্যায়বিচারের প্রতীক। এটি এক কন্যার কান্না, এক উত্তরাধিকারীর মালিকানার অধিকার।”",PAGE-CHECK,
B1-C00432,5341,,,SOURCE_BLOCK_NOTE,UNSPECIFIED,NARRATIVE_ONLY,HIGH,,,,CITATION_BULLET,,YES,"•  এই অধ্যায়ের খাতার অংশ রাকিকার রূহানি সাক্ষ্য; দর্শনে মা সাইয়্যিদা (আলাইহাস্ সালাম)-এর আনসারদের প্রতি কথা (¶17207) ও «আল্লাহ সাক্ষী থাকুন» (¶17212) খিজিরের বলা গল্পের ভেতরে, সেই সাক্ষ্যের অংশ।",PAGE-CHECK,
B1-C00433,5342,,,QURAN,QURAN,QURAN_REF,HIGH,,,4:150|17:26,CITATION_BULLET|QURAN_MARKER,,YES,"•  কুরআন ৪:১৫০, ১৭:২৬ (বিবর্ণ পাতার «আয়াত নাযিল হওয়ার পর») — api.alquran.cloud-এ মেলানো, CONFIRMED।",VERIFIED,
B1-C00434,5343,,,FADAK,SUNNI,QURAN_REF,HIGH,al-Tabarani,,17:26,CITATION_BULLET|PAGE_CHECK_MARKER|FADAK,REF-121,YES,"•  খাইবারের পরে ফাদাক দান (১৭:২৬ প্রসঙ্গে) — খাতায়: তাবারানী, আল-মু‘জামুল কাবীর; সুয়ূতী, আদ-দুররুল মানসূর — PAGE-CHECK।",CONFLICT,YES
B1-C00435,5344,,,SUNNI_NARRATION,SUNNI,NAMED_SOURCE,HIGH,al-Baladhuri,,,CITATION_BULLET|PAGE_CHECK_MARKER,REF-122,YES,"•  আবু বকরের রাষ্ট্রীয় সম্পত্তি ঘোষণা — খাতায়: বালাযুরী, ফুতুহুল বুলদান; তাবারী — PAGE-CHECK। দলিল ছিঁড়ে ফেলা — খাতায়: সুয়ূতী, তারিখুল খুলাফা; ইবনে আবিল হাদীদ, শারহু নাহজিল বালাগা খণ্ড ১৬ — PAGE-CHECK।",CONFLICT,YES
B1-C00436,5345,,,SUNNI_NARRATION,SUNNI,NAMED_SOURCE,HIGH,Sahih_Muslim|Sahih_al-Bukhari,Sahih_al-Bukhari:1759|Sahih_al-Bukhari:1759|Sahih_Muslim:1759|Sahih_Muslim:1759,,CITATION_BULLET|PAGE_CHECK_MARKER|SUNNI_BOOK,REF-123,YES,"•  «আমরা নবীগণ উত্তরাধিকার রেখে যাই না» — খাতায়: বুখারি (খুমুস/ফারায়িদ), মুসলিম ১৭৫৯ — PAGE-CHECK।",CONFLICT,YES
B1-C00437,5346,,,MIXED_CITATION,SHIA|SUNNI,NAMED_SOURCE,HIGH,Sahih_Muslim|al-Kafi,Sahih_Muslim:2|Sahih_Muslim:2|al-Kafi:2|al-Kafi:2,,CITATION_BULLET|PAGE_CHECK_MARKER|SUNNI_BOOK|SHIA_BOOK|HADITH_WORD,REF-124,YES,"•  সন্দেহ ও কুফরের হাদীস (মানসুর ইবনে হাযিম; মুহাম্মাদ ইবনে মুসলিম, যুরারা, আবু বাসির) — আল-কাফি খণ্ড ২, বাবুশ শাক্ক — PAGE-CHECK।",EDITION-LOCK,YES
B1-C00438,5347,,,FADAK,UNSPECIFIED,ATTRIBUTION_FORMULA,HIGH,,,,CITATION_BULLET|SUTRA_MARKER|BARNITA_MARKER|FADAK,REF-125,YES,•  ফাদাক সাইয়্যেদা খাদিজা (আলাইহাস্ সালাম)-এর মোহরানা — বর্ণিত আছে; সূত্র খোলা।,CONFLICT,YES
B1-C00439,5349,,০৬  বারবার ফাদাকে ফেরা কেন?,FADAK,UNSPECIFIED,NARRATIVE_ONLY,HIGH,,,,FADAK,,NO,০৬  বারবার ফাদাকে ফেরা কেন?,PAGE-CHECK,
B1-C00440,5359,,০৬  বারবার ফাদাকে ফেরা কেন?,FADAK,UNSPECIFIED,NARRATIVE_ONLY,HIGH,,,,FADAK,,NO,"“কাজের মানুষের হাত, মা। ময়লা তো লাগেই।” তিনি আবার হাসলেন, তারপর গামছা দিয়ে হাত মুছলেন। “ফাদাকের গল্প আরও শুনবে? সেদিন তো অর্ধেক বলেছিলাম।”",PAGE-CHECK,
B1-C00441,5370,,০৬  বারবার ফাদাকে ফেরা কেন?,FADAK,UNSPECIFIED,NARRATIVE_ONLY,HIGH,,,,FADAK,,NO,"“ভালো। প্রশ্ন না করলে মানুষ মরা গাছ।” চশমার ফাঁক দিয়ে এবার রাকিকার দিকে তাঁর চোখ। “কিন্তু এই মেয়েটা আজকাল প্রশ্ন করে না। শুধু ফাদাক, ফাদাক। রাতে ঘুমের মধ্যেও নাকি ফাদাক বলে। তোর আম্মা বলল।”",PAGE-CHECK,
B1-C00442,5379,,০৬  বারবার ফাদাকে ফেরা কেন?,FADAK,UNSPECIFIED,NARRATIVE_ONLY,HIGH,,,,FADAK,,NO,"তাই, আজও আমি ফিরে ফিরে আসি ফাদাকের সেই মাটিতে। খেজুর গাছের ফিসফিসানি শুনি, তালগাছের পাতায় বাতাসের মৃদু কলরব শুনি। মনে হয়, মরুর হাওয়ায় প্রতিধ্বনিত হচ্ছে তাঁর কণ্ঠস্বর—",PAGE-CHECK,
B1-C00443,5383,,০৬  বারবার ফাদাকে ফেরা কেন?,FADAK,UNSPECIFIED,NARRATIVE_ONLY,HIGH,,,,FADAK,,NO,"ফাদাকের মাটিতে দাঁড়িয়ে বাতাসের ফিসফিসানির মাঝে যেন প্রতিধ্বনিত হয় এই বাক্য। রাকিকা অনুভব করে, তার জীবন যেন ফাদাকের সেই চিরন্তন ইতিহাসেরই আরেকটি প্রতিচ্ছবি।",PAGE-CHECK,
B1-C00444,5391,,০৬  বারবার ফাদাকে ফেরা কেন?,FADAK,UNSPECIFIED,NARRATIVE_ONLY,HIGH,,,,FADAK,,NO,ফাদাকের ইতিহাস কি তবে চিরন্তন সত্যের সাক্ষী হয়ে আজও ফিরে ফিরে আসছে না?,PAGE-CHECK,
B1-C00445,5394,,০৬  বারবার ফাদাকে ফেরা কেন?,SUNNI_NARRATION,SUNNI,NAMED_SOURCE,HIGH,Sahih_al-Bukhari,,,SUNNI_BOOK,,NO,"ফুপু চুপ করে রইলেন। তারপর ব্যাগ থেকে সেই মোটা সবুজ বইটা বের করলেন। মলাটের ওপর আরবিতে লেখা, তার নিচে বাংলায়: সহীহ বুখারি।",PAGE-CHECK,
B1-C00446,5396,,০৬  বারবার ফাদাকে ফেরা কেন?,FADAK,UNSPECIFIED,NARRATIVE_ONLY,HIGH,,,,FADAK,,NO,"“তুই ভাবিস, ফাদাকের কথা শুধু তোদের বইয়ে আছে?” বলতে বলতে তিনি পাতা উল্টাতে লাগলেন। পাতাগুলো পাতলা, কোনায় হলদেটে। মাঝে মাঝে পেনসিলের দাগ। “আমার আব্বা এই খণ্ড পড়তেন। মাগরিবের পরে, প্রতিদিন। আমার বিয়ের সময় আমাকে দিয়ে গেছেন।”",PAGE-CHECK,
B1-C00447,5402,,০৬  বারবার ফাদাকে ফেরা কেন?,SUNNI_NARRATION,SUNNI,NAMED_SOURCE,HIGH,Sahih_al-Bukhari,,,SUNNI_BOOK,,NO,"রাহাত সোফায় সামনে ঝুঁকে বসেছে। “মৃত্যু পর্যন্ত কথা বলেননি,” সে বলল, আস্তে। “এটা বুখারিতে আছে?”",PAGE-CHECK,
B1-C00448,5415,,০৬  বারবার ফাদাকে ফেরা কেন?,FADAK,UNSPECIFIED,NARRATIVE_ONLY,HIGH,,,,FADAK,,NO,"ফাদাক আজও সাক্ষী এক চিরন্তন সত্যের—অন্যায় কখনোই মুছে যায় না, ন্যায় কখনোই মরে না। যুগ যুগ ধরে সত্যের পথের পথিকরা এই অন্যায়ের বিরুদ্ধে দাঁড়িয়েছে, আজও দাঁড়াবে, যতক্ষণ না ন্যায়বিচার প্রতিষ্ঠিত হয়।",PAGE-CHECK,
B1-C00449,5422,,০৬  বারবার ফাদাকে ফেরা কেন?,FADAK,UNSPECIFIED,NARRATIVE_ONLY,HIGH,,,,CITATION_BULLET|FADAK,,YES,•  এই অধ্যায়ের রাকিকার ফাদাক-বাক্যগুলো তার রূহানি সাক্ষ্য।,PAGE-CHECK,
B1-C00450,5423,,০৬  বারবার ফাদাকে ফেরা কেন?,SUNNI_NARRATION,SUNNI,NAMED_SOURCE,HIGH,Sahih_al-Bukhari,Sahih_al-Bukhari:4240|Sahih_al-Bukhari:4240,,CITATION_BULLET|PAGE_CHECK_MARKER|SUNNI_BOOK,REF-126,YES,"•  সহীহ বুখারি ৪২৪০ (কিতাবুল মাগাযি, খায়বার অধ্যায়, আয়িশা থেকে): «فَوَجَدَتْ فَاطِمَةُ عَلَى أَبِي بَكْرٍ فِي ذَلِكَ فَهَجَرَتْهُ فَلَمْ تُكَلِّمْهُ حَتَّى تُوُفِّيَتْ، وَعَاشَتْ بَعْدَ النَّبِيِّ صلى الله عليه وسلم سِتَّةَ أَشْهُرٍ» — CONFIRMED (SECOND_NOTEBOOK/CITATION_RISK #১৩; একবচন «فهجرته»); বাংলা অর্থ এখানে Claude-এর অর্থানুবাদ; বাংলা সংস্করণের নম্বর PAGE-CHECK।",CONFLICT,YES
B1-C00451,5430,,০৭  তাঁর শেষ ইচ্ছা,SUNNI_NARRATION,SUNNI,NAMED_SOURCE,HIGH,Sahih_al-Bukhari,,,SUNNI_BOOK,,NO,"রাহাত প্রথম কথা বলল। “চাচা, কাল রাকিকার ফুপু বুখারি পড়ছিলেন। ‘ছয় মাস বেঁচে ছিলেন’, এই পর্যন্ত পড়ে থামলেন। পরের লাইনটা পড়লেন না। বললেন, আপনাকে জিজ্ঞেস করতে। বললেন, তাঁর গলায় আসবে না।”",PAGE-CHECK,
B1-C00452,5446,,০৭  তাঁর শেষ ইচ্ছা,FADAK,UNSPECIFIED,NARRATIVE_ONLY,HIGH,,,,QURAN_MARKER|RASUL_SAID|FADAK,,NO,"মদীনা থেকে কিছু দূরত্বে 'ফাদাক' নামে একটি গ্রাম ছিল যেখানে খায়বারের এক মজবুত দুর্গও ছিল। সেখানে ইহুদীরা বসবাস করত। যখন খায়বারের কামুস দুর্গ বিজয় হয় এবং রাসূলুল্লাহ ﷺ সার্বিকভাবে তাদের ওপর বিজয়ী হন, তখন ফাদাকের বাগান ও অর্ধেক ভূখণ্ড বিনাযুদ্ধে লাভ করেন। তখন হযরত জিবরীল (আলাইহিস্ সালাম) এ আয়াত নিয়ে নাযিল হন। রাসূলুল্লাহ ﷺ তাঁর নিকটাত্মীয় ও তাঁদের স্বত্ব বিষয়ে জিজ্ঞেস করলে জিবরীল বলেন যে, ফাদাকের বাগান যা আপনি পেয়েছেন, তা ফাতিমা (আলাইহাস্ সালাম)-কে প্রদান করুন। তিনি তৎক্ষণাৎ ফাতিমা (আলাইহাস্ সালাম)-কে ডেকে ফাদাক দিয়ে দিলেন। এবং একটি পত্রে তা লিখে তাঁর হাতে অর্পণ করলেন। রাসূলুল্লাহ ﷺ-এর ইন্তেকালের পর যখন খিলাফতের আসনে যিনি বসলেন, তিনি মা সাইয়্যিদা ফাতিমাতুয্ যাহরা (আলাইহাস্ সালাম)-এর অজ্ঞাতসারে তা রাষ্ট্রীয় সম্পদের অন্তর্ভুক্ত করলেন এবং সেখান থেকে তাঁর নিযুক্ত কর্মচারীদের বের করে দিলেন তখন তিনি সেই পত্রটি (হেবানামা) তাঁর নিকট দাখিল করেন এবং বলেন, 'এটা রাসূলুল্লাহ ﷺ আমার ও হাসান হুসাইনের জন্য লিখে দিয়েছিলেন।",PAGE-CHECK,
B1-C00453,5451,,০৭  তাঁর শেষ ইচ্ছা,FADAK,UNSPECIFIED,NARRATIVE_ONLY,HIGH,,,,QURAN_MARKER|FADAK,,NO,"উক্ত বক্তব্য থেকে জানা যায় যে, মা সাইয়্যিদা ফাতিমাতুয্ যাহরা (আলাইহাস্ সালাম) কে বাগে ফাদাকের সম্পত্তি দান করা প্রসঙ্গে আলোচ্য আয়াত অবতীর্ণ হয়। আর রাসূলুল্লাহ ﷺ আল্লাহর তায়ালার নির্দেশ পালনার্থে সানন্দচিত্তে তাঁকে ফেদাকের সম্পত্তি প্রদান করেন।",PAGE-CHECK,
B1-C00454,5452,,০৭  তাঁর শেষ ইচ্ছা,FADAK,SUNNI,NAMED_SOURCE,HIGH,Sahih_Muslim,,,SUNNI_BOOK|HADITH_WORD|FADAK,,NO,"বিভিন্ন মত ও পথের মুসলিম চিন্তাবিদগণ বাগে ফাদাক সম্পর্কে পৃথকভাবে অনেক কিতাব রচনা করেছেন। এসব গ্রন্থে তাঁরা হাদীস, সিরাত ও ইতিহাসের আলোকে ইসলামের এই গুরুত্বপূর্ণ ঘটনাকে নানাভাবে আলোচনা করেছেন। আমরা বিশ্বাস করি- ইবলিশি কর্মকান্ড প্রকাশ করার জন্য মহান আল্লাহ তায়ালা যেমন আদমকে সেজদার আয়োজন করেছিলেন; মুনাফেকদের দরবারে বাগে ফাদাক ফেরত চাওয়ার বিষয়টাও মা সাইয়্যিদা ফাতিমাতুয্ যাহরা (আলাইহাস্ সালাম)-এর তেমনই একটা আয়োজন ছিল। অর্থাৎ, মা সাইয়্যিদা ফাতিমাতুয্ যাহরা (আলাইহাস্ সালাম)-এর বাগে ফেদাক ফেরত চাওয়ার কারনটা ছিল: ‘সুন্নাতুল্লাহ’।",PAGE-CHECK,
B1-C00455,5459,,০৭  তাঁর শেষ ইচ্ছা,FADAK,UNSPECIFIED,NARRATIVE_ONLY,HIGH,,,,FADAK,,NO,"মা সাইয়্যিদা ফাতিমাতুয্ যাহরা (আলাইহাস্ সালাম) নিজেই বলেগেছেন, “আমার উপর যে দুর্যোগ নেমে এসেছে, তা যদি দিনের উপর পড়তো তা রাতে পরিণত হতো।” তিনিই ছিলেন সত্যবাদীতারপ্রতীক অথচ তাকে ‘মিথ্যাবাদী’ সব্যস্ত করা হয়েছে। তিনিই ছিলেন বিশ্বাসভাজনদের অগ্রজ অথচ তাঁর অধিকারই (বাগে ফাদাক) তাঁকে দেওয়া হয়নি। তিনি ছিলেন ধৈর্যশীলদের পতাকাবাহী অথচ তাঁর উপর কৃত জুলুম নির্যাতন সকল সহ্যক্ষমতাকেও হার মানিয়েছে শাহাদতের অমিয় সৌন্দর্যের পুরস্কার স্বরূপ শহীদ হয়েছেন।",PAGE-CHECK,
B1-C00456,5502,,০৭  তাঁর শেষ ইচ্ছা,QURAN,QURAN,QURAN_REF,HIGH,,,30:38|30:38|17:26,CITATION_BULLET|PAGE_CHECK_MARKER|QURAN_MARKER,REF-127,YES,"•  কুরআন ৩০:৩৮ — api.alquran.cloud-এ মেলানো, CONFIRMED (খাতায় «وَآتِ»; মুসহাফে ৩০:৩৮ «فَآتِ», ১৭:২৬ «وَآتِ» — দুটোর পার্থক্য PAGE-CHECK)।",CONFLICT,YES
B1-C00457,5503,,০৭  তাঁর শেষ ইচ্ছা,FADAK,SUNNI,QURAN_REF,HIGH,Mustadrak_al-Hakim,,30:38,CITATION_BULLET|PAGE_CHECK_MARKER|SUNNI_BOOK|FADAK,REF-128,YES,"•  ৩০:৩৮ নাযিলে ফাদাক দান (ইবনে আব্বাস) — হাকিম হাসকানী, শাওয়াহিদুত তানযীল — PAGE-CHECK।",CONFLICT,YES
B1-C00458,5504,,০৭  তাঁর শেষ ইচ্ছা,ATTRIBUTION_ONLY,UNSPECIFIED,ATTRIBUTION_FORMULA,MEDIUM,,,,CITATION_BULLET|PAGE_CHECK_MARKER|BARNITA_MARKER,REF-129,YES,•  «আমার উপর যে দুর্যোগ নেমে এসেছে…» — মা সাইয়্যিদা (আলাইহাস্ সালাম)-এর শোকগাথা হিসেবে বর্ণিত আছে; PAGE-CHECK।,PAGE-CHECK,
B1-C00459,5505,,,SHIA_NARRATION,SHIA,NAMED_SOURCE,HIGH,Bihar_al-Anwar,Bihar_al-Anwar:43|Bihar_al-Anwar:43,,CITATION_BULLET|PAGE_CHECK_MARKER|SHIA_BOOK,REF-130,YES,•  ওফাতের পরে সময়কাল ও বয়সে ভিন্ন বর্ণনা (৪০ দিন থেকে ৮ মাস; ১৮ থেকে ২৮) — খাতায়: বিহারুল আনওয়ার খণ্ড ৪৩ — PAGE-CHECK।,CONFLICT,YES
B1-C00460,5506,,,SUNNI_NARRATION,SUNNI,NAMED_SOURCE,HIGH,Sahih_al-Bukhari,Sahih_al-Bukhari:4240|Sahih_al-Bukhari:13|Sahih_al-Bukhari:4240|Sahih_al-Bukhari:13|Sahih_al-Bukhari:4240|Sahih_al-Bukhari:4240,,CITATION_BULLET|PAGE_CHECK_MARKER|BARNITA_MARKER|SUNNI_BOOK|HADITH_WORD,REF-131,YES,"•  ফুপুর না-পড়া লাইন — সহীহ বুখারি ৪২৪০-এর পরের অংশ (CITATION_RISK #১৩-এর একই হাদীস), CONFIRMED; রাতে গোসল-কাফন-দাফন ও কবর গোপন রাখার ওসিয়ত — বর্ণিত আছে, PAGE-CHECK (খাতায় বুখারি ৪২৪০ লেখা, কিন্তু সেখানে গোপনের ওসিয়তের শব্দ নেই)।",CONFLICT,YES
B1-C00461,5519,,০৯  ওলায়াত মানে আমানত,FADAK,UNSPECIFIED,NARRATIVE_ONLY,HIGH,,,,FADAK,,NO,"রাকিকার খাতা: «ফাদাকের টাইম ভ্যালু অফ মানি» (রাকিকার নিজের হাতে, রবিবার রাতের দেখা)",PAGE-CHECK,
B1-C00462,5520,,০৯  ওলায়াত মানে আমানত,FADAK,UNSPECIFIED,NARRATIVE_ONLY,HIGH,,,,FADAK,,NO,ফাদাকের টাইম ভ্যালু অফ মানি,PAGE-CHECK,
B1-C00463,5523,,০৯  ওলায়াত মানে আমানত,FADAK,UNSPECIFIED,NARRATIVE_ONLY,HIGH,,,,FADAK,,NO,"খিজির: আমরা যদি ফাদাককে ভুলে যাই, তবে ইসলামকেই ভুলে যাবো। আর তখন অন্যায় শক্তিগুলো সত্যকে খেলনার মতো ব্যবহার করবে, নিজেদের স্বার্থে বিকৃত করবে।",PAGE-CHECK,
B1-C00464,5525,,০৯  ওলায়াত মানে আমানত,FADAK,UNSPECIFIED,NARRATIVE_ONLY,HIGH,,,,FADAK,,NO,"রাকিকা: কিন্তু চাচা, ফাদাকের এত বিস্তৃত সীমানা নিয়ে ইমাম মুসা কাজিম (আলাইহিস্ সালাম) কেন হারুনের সামনে এত দৃঢ় দাবি করলেন? জানি, ইমাম কখনো মিথ্যা বলবেন না এবং তিনি যেটা বলবেন সেটাই হক, হক তাঁর পিছনে ছোটে। কিন্তু এত বড় এক এলাকা কীভাবে ফাদাকের অংশ হয়ে উঠল?",PAGE-CHECK,
B1-C00465,5537,,০৯  ওলায়াত মানে আমানত,FADAK,UNSPECIFIED,NARRATIVE_ONLY,HIGH,,,,FADAK,,NO,রাকিকা: কিন্তু চাচা এ গল্পের সাথে ফাদাকের কি সম্পর্ক?,PAGE-CHECK,
B1-C00466,5540,,০৯  ওলায়াত মানে আমানত,FADAK,UNSPECIFIED,NARRATIVE_ONLY,HIGH,,,,FADAK,,NO,ফাদাক: ইতিহাসের জ্বলন্ত সাক্ষী,PAGE-CHECK,
B1-C00467,5542,,০৯  ওলায়াত মানে আমানত,FADAK,UNSPECIFIED,NARRATIVE_ONLY,HIGH,,,,FADAK,,NO,"খিজির: (গভীর স্বরে) আছে ফাদাকের সাথে আমার এ গল্পের পরিপূর্ণ সম্পর্ক রয়েছে রাকিকা, ফাদাক কেবল একটা জমি ছিল না? এটা ছিল সত্যের এক বিরাট পরীক্ষার ময়দান! একটা ন্যায়ের দাবির বিরুদ্ধে ক্ষমতার নির্মম খেলা!",PAGE-CHECK,
B1-C00468,5545,,০৯  ওলায়াত মানে আমানত,FADAK,SUNNI,NAMED_SOURCE,HIGH,Mustadrak_al-Hakim,,,SUNNI_BOOK|FADAK,,NO,রাকিকা: এত বড় ঘটনাটি প্রথম জন আর দ্বিতীয় জন ঘটাল কেন? কেন ফাদাক এত গুরুত্বপূর্ণ হয়ে উঠল? ফাদাককে পাওয়ার জন্য মা সাইয়্যিদা ফাতিমাতুয্ যাহরা (আলাইহাস্ সালাম)-এর বিরুদ্ধে হাকিমরা কেন এতবড় ষড়যন্ত্র করল?,EDITION-LOCK,YES
B1-C00469,5547,,০৯  ওলায়াত মানে আমানত,FADAK,UNSPECIFIED,NARRATIVE_ONLY,HIGH,,,,HADITH_WORD|FADAK,,NO,"রাসূলুল্লাহ ﷺ-এর ঘোষণা তারা পদদলিত করল, রাষ্ট্রক্ষমতা দখল করল এবং নিজেদেরকে ফাদাকের বিচারপতি সাজাল। অথচ রাষ্ট্রের পরিচালক কখনো বিচারপতি হতে পারে না! তবু তারা মিথ্যা হাদিস বানিয়ে ফাদাককে দখল করল।",PAGE-CHECK,
B1-C00470,5567,,০৯  ওলায়াত মানে আমানত,FADAK,UNSPECIFIED,NARRATIVE_ONLY,HIGH,,,,FADAK,,NO,"খিজির: (গভীর দৃষ্টিতে তাকিয়ে) ঠিক তাই, রাকিকা! ফাদাক ছিল এক বিশাল বিনিয়োগ, তবে তা কেবল অর্থনৈতিক নয়—এটা ছিল ক্ষমতা, ন্যায়বিচার এবং সত্যের এক অনন্য পরীক্ষা!",PAGE-CHECK,
B1-C00471,5572,,০৯  ওলায়াত মানে আমানত,FADAK,UNSPECIFIED,NARRATIVE_ONLY,HIGH,,,,FADAK,,NO,"খিজির: ফাদাক! হ্যাঁ, রাসূলুল্লাহ ﷺ যেটা তাঁর কন্যা মা সাইয়্যিদা ফাতিমাতুয্ যাহরা (আলাইহাস্ সালাম)-কে দিয়েছিলেন। সেটা তখনও ইসলামের বিশাল এক অর্থনৈতিক শক্তি ছিল। কারণ রাসূলুল্লাহ ﷺ জানতেন নাবুয়্যাত শেষ হচ্ছে ইমামতের বেলায়াত শুরু হচ্ছে। এখন প্রশ্ন জাগে: যেহেতু মা সাইয়্যিদা ফাতিমাতুয্ যাহরা (আলাইহাস্ সালাম) নাবুয়্যাতের হকদার ছিলেন না তাহলে ফাদাককে কেন তার নিকট দেওয়া হল?",PAGE-CHECK,
B1-C00472,5576,,০৯  ওলায়াত মানে আমানত,FADAK,UNSPECIFIED,NARRATIVE_ONLY,HIGH,,,,FADAK,,NO,"হিজরতের পর মদিনায় আলী (আলাইহিস্ সালাম)-এর কোনো ব্যক্তিগত সম্পদ ছিল না। আর এ কারণেই, আল্লাহ ইসলামী রাষ্ট্রের ভবিষ্যৎ পরিচালনার জন্য ফাদাকের মালিকানা মা সাইয়্যিদা ফাতিমাতুয্ যাহরা (আলাইহাস্ সালাম)-কে দিয়ে দিলেন।",PAGE-CHECK,
B1-C00473,5579,,০৯  ওলায়াত মানে আমানত,FADAK,UNSPECIFIED,NARRATIVE_ONLY,HIGH,,,,FADAK,,NO,"রাকিকা: (চোখে তীব্র হতাশার ছাপ) এই কঠিন পর্দা কি একটু সরাবেন আগত প্রজন্মের জন্য? আর একটি বিষয় পরিস্কার করবেন: রাসূলুল্লাহ ﷺ কি আগে থেকেই জানতেন যে এই জালিমরা ফাদাকের মালিকানা হিসাবে মা সাইয়্যিদা ফাতিমাতুয্ যাহরা (আলাইহাস্ সালাম)-কে মানবে না, মাওলা আলীকে (আলাইহিস্ সালাম) মানবে না?",PAGE-CHECK,
B1-C00474,5580,,০৯  ওলায়াত মানে আমানত,FADAK,UNSPECIFIED,NARRATIVE_ONLY,HIGH,,,,FADAK,,NO,"খিজির: (গভীর কণ্ঠে, দৃঢ় স্বরে) অবশ্যই! তিনি জানতেন। তিনি জানতেন যে সত্যের আলো নেভানোর জন্য মুনাফিকরা একের পর এক ষড়যন্ত্র করবে। তাই তিনি দলিল লিখে, সাক্ষর করে ও উম্মাহর সামনে প্রকাশ্যে ঘোষণা দিয়ে ফাদাককে মা সাইয়্যিদা ফাতিমাতুয্ যাহরা (আলাইহাস্ সালাম)-এর হাতে তুলে দিয়েছিলেন—যাতে সত্যের কোনো বিকৃতি না ঘটে।",PAGE-CHECK,
B1-C00475,5591,,,FADAK,UNSPECIFIED,NARRATIVE_ONLY,HIGH,,,,HADITH_WORD|FADAK,,NO,খিজির: কেউ প্রশ্ন করলো না আপনার বয়স মাত্র ১৮/২৩ আপনি কি কারনে বা কোন রোগে মারা যাবেন? একনকি আয়িশা বিনতে আবু বকর হাদিসটি বর্ণনাকারী অথচ সেও কোন প্রশ্ন করল না? যেন মনে হয় এ সব কিছুই জালিমদের পূর্ব পরিকল্পিত ছিল যা আল্লাহ বলেছেন তাই তারা বাস্তবায়ন করেছে। যেমনটি ইয়াজিদ ইমাম হুসাইন (আলাইহিস্ সালাম)-কে হত্যার ঘটনা। এ ঘটনাটি এই ফাদাকের ঘটনা থেকেই উৎপত্তি। যদি মালিকের সম্পত্তির ভোগ দখল করতে হয় তবে তাদেরকে হত্যা কর।,PAGE-CHECK,
B1-C00476,5596,,,SHIA_NARRATION,SHIA,NAMED_SOURCE,HIGH,al-Kafi,,,SHIA_BOOK,,NO,"হে রাসূল! তোমার প্রতিপালকের পক্ষ থেকে যা তোমার প্রতি অবতীর্ণ হয়েছে, তা প্রচার করো। যদি তুমি তা না করো, তবে তুমি তাঁর বার্তা পৌঁছালে না। আল্লাহ তোমাকে মানুষদের (ষড়যন্ত্র) থেকে রক্ষা করবেন। নিশ্চয়ই আল্লাহ কাফিরদের সুপথে পরিচালিত করেন না।",EDITION-LOCK,YES
B1-C00477,5618,,,FADAK,UNSPECIFIED,NARRATIVE_ONLY,HIGH,,,,QURAN_MARKER|FADAK,,NO,খিজির: আল্লাহ তোমাকে মানুষদের (ষড়যন্ত্র) থেকে রক্ষা করবেন আয়াতটিতে বর্ণিত আল্লাহর সে দায়িত্ব সাইয়্যিদা ফাতিমা যাহরাই (আলাইহাস্ সালাম) পালন করেছিলেন। তিনি ফাদাকের দাবির মাধ্যমে ইসলামকে বাচিয়েছেন। মানুষদের (ষড়যন্ত্র) থেকে রক্ষা করেছেন।,PAGE-CHECK,
B1-C00478,5620,,,FADAK,UNSPECIFIED,NARRATIVE_ONLY,HIGH,,,,FADAK,,NO,"খিজির: যদি ঐদিন জালিমরা ফাদাকের দাবি মেনে নিতো তাহলে মা সাইয়্যিদা ফাতিমাতুয্ যাহরা (আলাইহাস্ সালাম) খিলাফতের হক চেয়ে বসতেন। আর এ বিষয়টি দ্বিতীয় জন জানতেন তাই তারা তা দিতে চাইলো না। আর তাই মা সাইয়্যিদা ফাতিমাতুয্ যাহরা (আলাইহাস্ সালাম) কেয়ামতের আগ পর্যন্ত এটিকে অসমাপ্ত বিচার হিসাবে আল্লাহর কাছে বিচার চাইলেন। আর আল্লাহও এই বিচার ইমাম মাহদী (আলাইহিস্ সালাম)-এর সময়ের জন্য রেখে দিলেন তাইতো আলী (আলাইহিস্ সালাম) খিলাফতে এসেও এই অসমাপ্ত বিচারকে অসমাপ্তই রেখে দিলেন আর বললেন না আছে বাদী আর না আছে বিবাদী কিভাবে এর বিচার হবে? শেষ হুজ্জাত ইমাম মাহদী (আলাইহিস্ সালাম) যখন আসবে তখন এর বিচার হবে, ইনশা আল্লাহ!",PAGE-CHECK,
B1-C00479,5621,,,FADAK,UNSPECIFIED,NARRATIVE_ONLY,HIGH,,,,FADAK,,NO,"রাকিকা (উৎসুক কণ্ঠে): এতো গেল আল্লাহর ও ইমামতের বিচার। কিন্তু, জালিমরা তো ক্ষমতায় থেকেই গেল! তাহলে কিভাবে ফাদাকের মাধ্যমে ইসলাম রক্ষা পেল? বলবেন?",PAGE-CHECK,
B1-C00480,5623,,,FADAK,UNSPECIFIED,NARRATIVE_ONLY,HIGH,,,,FADAK,,NO,"রাকিকা, মনে রেখো, ফাদাক ছিল শুধু এক টুকরো জমি নয়, এটি ছিল ন্যায়ের প্রতীক, সত্যের মানচিত্র। মা সাইয়্যিদা ফাতিমাতুয্ যাহরা (আলাইহাস্ সালাম) ফাদাকের দাবি করেছিলেন শুধু নিজের জন্য নয়, বরং উম্মতের জন্য। এটি ছিল হক ও বাতিলের পার্থক্য নির্ধারণের লড়াই।",PAGE-CHECK,
B1-C00481,5625,,,FADAK,UNSPECIFIED,NARRATIVE_ONLY,HIGH,,,,FADAK,,NO,"মা সাইয়্যিদা ফাতিমাতুয্ যাহরা (আলাইহাস্ সালাম) ও তাঁর স্বামী শুধু নিজেদের জন্য নয়, বরং পুরো উম্মতের জন্য লড়াই করেছেন। জান্নাতের নারীদের সর্দারার এই সংগ্রাম ছিল শুধু ফাদাকের জন্য নয়, বরং খাঁটি ইসলামের অস্তিত্ব টিকিয়ে রাখার জন্য।",PAGE-CHECK,
B1-C00482,5628,,,FADAK,UNSPECIFIED,NARRATIVE_ONLY,HIGH,,,,HADITH_WORD|FADAK,,NO,"রাকিকা, তুমি কি জানো, জালিমরা এরপর কী করেছিল? তারা ন্যায়ের পথ বেছে নেয়নি। বরং, সত্যকে ধ্বংস করতে একটি মিথ্যা হাদিস রচনা করল! এমন এক হাদিস, যার রাবি ছিল মাত্র একজন! অথচ রাসূলুল্লাহ ﷺ-এর হাজার হাজার সাহাবির মধ্যে আর কেউ কখনো সেই কথাটি শোনেনি, কেউ কখনো সেটির অস্তিত্ব টেরও পায়নি। কিন্তু এই একক মিথ্যা বয়ানের ওপর ভিত্তি করেই তারা ফাদাক কেড়ে নিল!",PAGE-CHECK,
B1-C00483,5629,,,FADAK,UNSPECIFIED,NARRATIVE_ONLY,HIGH,,,,HADITH_WORD|FADAK,,NO,"তাদের উদ্দেশ্য ছিল শুধুই সম্পদ দখল নয়, বরং সত্য ও ন্যায়ের শিকড়কে উপড়ে ফেলা। তারা জানত, ফাদাক যদি মা সাইয়্যিদা ফাতিমাতুয্ যাহরা (আলাইহাস্ সালাম) হাতে থাকে, তাহলে আলী (আলাইহিস্ সালাম)-এর অর্থনৈতিক শক্তি সুসংহত হবে। আর যদি অর্থনৈতিক ভিত্তি থাকে, তাহলে বাতিলের বিরুদ্ধে দাঁড়ানো সহজ হবে। তাই তারা জানত, প্রথমেই কী করতে হবে—তারা ফাদাক ছিনিয়ে নিল! একটি মিথ্যা হাদিসের মোড়কে ঢেকে দিল সত্যকে! তারা জানত, ক্ষমতা শুধু সিংহাসনে বসে থাকলেই হয় না, তার জন্য প্রয়োজন সম্পদ, প্রয়োজন আলীর (আলাইহিস্ সালাম) শক্তির শেকড়কে দুর্বল করা।",PAGE-CHECK,
B1-C00484,5631,,,FADAK,UNSPECIFIED,NARRATIVE_ONLY,HIGH,,,,FADAK,,NO,"তাই তো রাসূলুল্লাহ ﷺ-এর ওফাতের মাত্র তিন থেকে দশ দিনের মধ্যেই তারা ফাদাক দখল করতে মরিয়া হয়ে উঠল! কেন? কারণ, তাদের হাতে তখন যুদ্ধ পরিচালনার মতো কোনো অর্থ অবশিষ্ট ছিল না! তারা জানত, যদি ফাদাক আলী (আলাইহিস্ সালাম)-এর হাতে থাকে, তাহলে তাদের শাসনব্যবস্থার ভিত নড়বড়ে হয়ে যাবে। তাই তারা এক ঢিলে দুই পাখি মারল—",PAGE-CHECK,
B1-C00485,5639,,,FADAK,UNSPECIFIED,NARRATIVE_ONLY,HIGH,,,,FADAK,,NO,"খিজির (গভীরতা ও দৃঢ়তায় ভরা কণ্ঠে): ফাদাকের সম্পদকে ব্যবহার করা! কারণ, তারা ফাদাকের সম্পদ দিয়েই সৈন্যদের অস্ত্র, তলোয়ার, ঢাল, বর্ম ইত্যাদি কিনল এবং যুদ্ধ চালিয়ে গেল। এই বিনিয়োগের ফলে মুসলমানরা শত শত এলাকা জয় করল।",PAGE-CHECK,
B1-C00486,5640,,,FADAK,SUNNI,NAMED_SOURCE,HIGH,Sahih_Muslim,,,SUNNI_BOOK|FADAK,,NO,"তাহলে বোঝ, মুসলিম জাহান আজ যেখানে যেখানে পৌঁছেছে, তা মূলত ফাদাকের বিনিয়োগেরই ফল!",PAGE-CHECK,
B1-C00487,5641,,,FADAK,UNSPECIFIED,NARRATIVE_ONLY,HIGH,,,,FADAK,,NO,"রাকিকা (গভীর শ্বাস নিল, যেন তার মনের সমস্ত কুয়াশা কেটে গেল): তাহলে ইমাম মুসা কাজিম (আলাইহিস্ সালাম) সম্পূর্ণ সত্য বলেছিলেন! আজ পৃথিবীর যে প্রান্তেই ইসলাম পৌঁছেছে, তা সবই ফাদাকের ঐতিহাসিক বিনিয়োগের ধারাবাহিকতা। আর বর্তমান জামানায় ইমাম মাহদী (আলাইহিস্ সালাম)-ই এর প্রকৃত মালিক ও উত্তরাধিকারী!",PAGE-CHECK,
B1-C00488,5648,,,FADAK,UNSPECIFIED,NARRATIVE_ONLY,HIGH,,,,FADAK,,NO,"ফাদাকের ভুমি থেকে ফিরে, রাকিকা যখন বুরুল্লাহ ও সাদিককে বৃদ্ধ খিজির চাচার গল্পটি শুনিয়েছিল, তখন তারা দুজনই মৃদু হেসে বলেছিল—",PAGE-CHECK,
B1-C00489,5673,,,SOURCE_BLOCK_NOTE,UNSPECIFIED,NARRATIVE_ONLY,HIGH,,,,CITATION_BULLET|HADITH_WORD,,YES,•  এই অধ্যায়ের খাতা রাকিকার রূহানি সাক্ষ্য; দর্শনে মা সাইয়্যিদা (আলাইহাস্ সালাম)-এর উত্তর (¶17893–17895) রাসূলুল্লাহ ﷺ-এর গোপন কথার হাদীস হিসেবে খিজিরের মুখে।,PAGE-CHECK,
B1-C00490,5674,,,QURAN,QURAN,QURAN_REF,HIGH,,,5:67|5:3,CITATION_BULLET|QURAN_MARKER,,YES,"•  কুরআন ৫:৬৭, ৫:৩ — api.alquran.cloud-এ মেলানো, CONFIRMED।",VERIFIED,
B1-C00491,5675,,,SUNNI_NARRATION,SUNNI,NAMED_SOURCE,HIGH,Sahih_Muslim|Sahih_al-Bukhari,Sahih_al-Bukhari:3623|Sahih_al-Bukhari:3624|Sahih_al-Bukhari:2450|Sahih_al-Bukhari:3623|Sahih_al-Bukhari:3624|Sahih_al-Bukhari:2450|Sahih_Muslim:2450|Sahih_Muslim:2450,,CITATION_BULLET|PAGE_CHECK_MARKER|SUNNI_BOOK,REF-132,YES,"•  গোপন কথা, কান্না ও হাসি (আয়িশা থেকে) — সহীহ বুখারি ৩৬২৩–৩৬২৪, সহীহ মুসলিম ২৪৫০ — PAGE-CHECK (শব্দ মেলানো বাকি)।",CONFLICT,YES
B1-C00492,5676,,,FADAK,UNSPECIFIED,ATTRIBUTION_FORMULA,HIGH,,,,CITATION_BULLET|PAGE_CHECK_MARKER|BARNITA_MARKER|FADAK,REF-133,YES,•  ইমাম মুসা কাজিম (আলাইহিস্ সালাম) ও হারুনের সামনে ফাদাকের সীমানা — বর্ণিত আছে; PAGE-CHECK।,PAGE-CHECK,
B1-C00493,5677,,,SUNNI_NARRATION,SUNNI,NAMED_SOURCE,HIGH,Sahih_al-Bukhari,,,CITATION_BULLET|PAGE_CHECK_MARKER|BARNITA_MARKER|SUNNI_BOOK,REF-134,YES,•  কাগজ-কলম ও «কোরআনই আমাদের জন্য যথেষ্ট» (বৃহস্পতিবারের ঘটনা) — সহীহ বুখারি (কিতাবুল ইলম ও মাগাযি) — PAGE-CHECK; «কাবা মানুষের কাছে যায় না» — বর্ণিত আছে।,CONFLICT,YES
B1-C00494,5678,,,SHIA_NARRATION,SHIA,NAMED_SOURCE,HIGH,Bihar_al-Anwar,Bihar_al-Anwar:43|Bihar_al-Anwar:43,,CITATION_BULLET|PAGE_CHECK_MARKER|SHIA_BOOK,REF-135,YES,•  বয়স ও সময়কালের ভিন্নতা — খাতায়: বিহারুল আনওয়ার খণ্ড ৪৩ — PAGE-CHECK।,CONFLICT,YES
B1-C00495,5699,,১০  এবার নিজের ঘরে,FADAK,UNSPECIFIED,NARRATIVE_ONLY,HIGH,,,,QURAN_MARKER|FADAK,,NO,ইমাম সাদিক (আলাইহিস্ সালাম) থেকে বর্ণিত হয়েছে যে— “আয়াতটি রাসূলুল্লাহ ﷺ-এর নিকটবর্তীদেরকে নির্দেশ করে এবং এটি মা সাইয়্যিদা ফাতিমাতুয্ যাহরা (আলাইহাস্ সালাম)-এর ব্যাপারে নাজিল হয়েছিল এবং তিনি তাঁকে ‘ফাদাক’ দিয়েছিলেন।”,PAGE-CHECK,
B1-C00496,5700,,১০  এবার নিজের ঘরে,FADAK,UNSPECIFIED,NARRATIVE_ONLY,HIGH,,,,QURAN_MARKER|HADITH_WORD|FADAK,,NO,"ইবনে জারীর হযরত আলী ইবনুল হুসাইন যায়নুল আবেদীন (আলাইহিস্ সালাম) হতে বর্ণনা করেছেন। তিনি এক শামদেশীয় লোককে জিজ্ঞেস করেন, 'তুমি কুরআন পাঠ করেছ? ' সে বলল, 'হ্যাঁ।’ তিনি পুনরায় জিজ্ঞেস করলেন, 'তুমি সূরা বনী ইসরাইলের 'পরমাত্মীয়কে তার প্রাপ্য দিয়ে দাও' আয়াতটি পড়নি? ' সে বলল, 'অবশ্যই পড়েছি।’ তিনি বললেন, 'আমরা হলাম সেই পরমাত্মীয় যার প্রাপ্য প্রদানের আদেশ আল্লাহ দিয়েছেন। বাজ্জার, আবু ইয়ালা বিন আবী হাতিম এবং ইবনে মারদুইয়্যা আবু সাঈদ খুদরী হতে বর্ণনা করেছেন, এই আয়াত নাযিল হলে রাসূলুল্লাহ ﷺ মা সাইয়্যিদা ফাতিমাতুয্ যাহরা (আলাইহাস্ সালাম) কে ডাকলেন এবং ফাদাকের ভূমি প্রদান করলেন। একই হাদীস মারদুইয়্যা, ইবনে আব্বাস হতে বর্ণনা করেছেন। একই হাদীস মিরাজুন নাবুয়্যাত কিতাবে বর্ণিত হয়েছে।",PAGE-CHECK,
B1-C00497,5702,,১০  এবার নিজের ঘরে,FADAK,UNSPECIFIED,NARRATIVE_ONLY,HIGH,,,,FADAK,,NO,কেন এবং কখন রাসূলুল্লাহ ﷺ মা সাইয়্যিদা ফাতিমাতুয্ যাহরা (আলাইহাস্ সালাম)-কে ফাদাক প্রদান করেন?,PAGE-CHECK,
B1-C00498,5703,,১০  এবার নিজের ঘরে,FADAK,UNSPECIFIED,NARRATIVE_ONLY,HIGH,,,,QURAN_MARKER|FADAK,,NO,"রাসূলুল্লাহ ﷺ খাইবার বিজয়ের পর (৬২৮ খ্রিস্টাব্দ, ৬ হিজরি) একদল ইহুদির পক্ষ থেকে ফাদাক বাগান লাভ করেন এবং মদিনায় প্রত্যাবর্তনের পর, যখন পবিত্র আয়াত নাজিল হয়, তখন তিনি ﷺ ফাদাককে মা সাইয়্যিদা ফাতিমাতুয্ যাহরা (আলাইহাস্ সালাম)-কে দান করেন।",PAGE-CHECK,
B1-C00499,5704,,১০  এবার নিজের ঘরে,FADAK,UNSPECIFIED,NARRATIVE_ONLY,HIGH,,,,FADAK,,NO,"রাসূলুল্লাহ ﷺ-এর ইন্তেকাল ৬৩২ খ্রিস্টাব্দে (১০ হিজরি) হয়। সুতরাং, ফাদাকের জমি মা সাইয়্যিদা ফাতিমাতুয্ যাহরা (আলাইহাস্ সালাম)-এর অধিকারে ছিল প্রায় ২ বছর।",PAGE-CHECK,
B1-C00500,5710,,১০  এবার নিজের ঘরে,FADAK,UNSPECIFIED,NARRATIVE_ONLY,HIGH,,,,QURAN_MARKER|FADAK,,NO,"‘যখন আল্লাহ খাইবারে রাসূলুল্লাহ ﷺ-কে বিজয় দান করলেন এবং ফাদাক তার ﷺ জন্য দান করলেন (৬২৮ খ্রিস্টাব্দে) এবং এই আয়াত নাজিল করলেন-সুতরাং আত্মীয়কে তার অধিকার দাও, তখন তিনি ﷺ বললেন, ‘হে মা সাইয়্যিদা ফাতিমাতুয্ যাহরা (আলাইহাস্ সালাম)! তোমার (আলাইহাস্ সালাম) জন্য ফাদাক নির্ধারিত।’",PAGE-CHECK,
B1-C00501,5712,,১০  এবার নিজের ঘরে,FADAK,UNSPECIFIED,NARRATIVE_ONLY,HIGH,,,,QURAN_MARKER|FADAK,,NO,"‘যখন এই আয়াত নাজিল হলো: সুতরাং আত্মীয়কে তার অধিকার দাও, তখন রাসূলুল্লাহ ﷺ মা সাইয়্যিদা ফাতিমাতুয্ যাহরা (আলাইহাস্ সালাম)-কে ফাদাক দিয়ে দিলেন।’",PAGE-CHECK,
B1-C00502,5715,,১০  এবার নিজের ঘরে,FADAK,UNSPECIFIED,NARRATIVE_ONLY,HIGH,,,,QURAN_MARKER|FADAK,,NO,"‘যখন এই আয়াত রাসূলুল্লাহ ﷺ-এর ওপর নাজিল হলো, তখন তিনি ﷺ ফাদাককে মা সাইয়্যিদা ফাতিমাতুয্ যাহরা (আলাইহাস্ সালাম)-কে দান করলেন এবং তাঁর কাছে হস্তান্তর করলেন।’",PAGE-CHECK,
B1-C00503,5721,,১০  এবার নিজের ঘরে,FADAK,UNSPECIFIED,NARRATIVE_ONLY,HIGH,,,,QURAN_MARKER|FADAK,,NO,"এখন যখন আয়াতটি রাসূলুল্লাহ ﷺ-এর প্রতি অবতীর্ণ হলো, তখন তিনি ﷺ বললেন: ‘আমার জন্য মা সাইয়্যিদা ফাতিমাতুয্ যাহরা (আলাইহাস্ সালাম)-কে ডাকো।’ তাই মা সাইয়্যিদা ফাতিমাতুয্ যাহরা (আলাইহাস্ সালাম)-কে তাঁর ﷺ জন্য ডাকা হলো। তিনি ﷺ বললেন: ‘হে ফাতিমা (আলাইহাস্ সালাম)! ’ তিনি (আলাইহাস্ সালাম) বললেন: ‘আমি এখানে, হে রাসূলুল্লাহ ﷺ! ’ তিনি ﷺ বললেন: ‘এটি হলো ফাদাক। এটি সেই সম্পদের অংশ, যার জন্য মুসলমানরা কোনো যুদ্ধ পরিচালনা করেনি, না অশ্বারোহী বাহিনীর মাধ্যমে, না উটের মাধ্যমে এবং এটি মুসলমানদের থেকে পৃথকভাবে বিশেষভাবে তোমার (আলাইহাস্ সালাম) জন্য নির্ধারিত এবং আমি ﷺ এটি তোমার (আলাইহাস্ সালাম) জন্য নির্ধারণ করেছি যখন আল্লাহ আমাকে ﷺ এ সম্পর্কে নির্দেশ দিয়েছেন। সুতরাং, এটি তুমি (আলাইহাস্ সালাম) ও তোমার (আলাইহাস্ সালাম) সন্তানদের (আলাইহিমুস্ সালাম) জন্য গ্রহণ করো।’ এটিই পঞ্চম প্রমাণ।’",PAGE-CHECK,
B1-C00504,5724,,১০  এবার নিজের ঘরে,FADAK,UNSPECIFIED,NARRATIVE_ONLY,HIGH,,,,QURAN_MARKER|RASUL_SAID|FADAK,,NO,"তিনি (আলাইহিস্ সালাম) বলেন: ‘তখন যখন এই আয়াতটি রাসূলুল্লাহ ﷺ-এর উপর অবতীর্ণ হলো, তখন তিনি ﷺ বললেন: ‘আমার জন্য ফাতিমাকে (আলাইহাস্ সালাম) ডাকো।’ তাই তাঁকে (আলাইহাস্ সালাম) ডাকা হলো, তখন তিনি ﷺ বললেন: ‘হে ফাতিমা (আলাইহাস্ সালাম)! ’ তিনি (আলাইহাস্ সালাম) বললেন: ‘আমি উপস্থিত, হে রাসূলুল্লাহ ﷺ! ’ তখন তিনি ﷺ বললেন: ‘এটি হলো ফাদাক। এটি সেই সম্পদ, যা দখলের জন্য ঘোড়া বা উটের মাধ্যমে যুদ্ধ করা হয়নি এবং এটি আমার জন্য বিশেষভাবে নির্ধারিত, মুসলমানদের জন্য নয় এবং আমি ﷺ এটি তোমার জন্য নির্ধারণ করেছি, যখন আল্লাহ আমাকে ﷺ তা করতে আদেশ দিয়েছেন। সুতরাং, এটি তুমি (আলাইহাস্ সালাম) ও তোমার (আলাইহাস্ সালাম) সন্তানদের (আলাইহিমুস্ সালাম) জন্য গ্রহণ করো।’",PAGE-CHECK,
B1-C00505,5726,,১০  এবার নিজের ঘরে,FADAK,UNSPECIFIED,NARRATIVE_ONLY,HIGH,,,,FADAK,,NO,আল্লাহ ফাদাককে মা সাইয়্যিদা ফাতিমাতুয্ যাহরা (আলাইহাস্ সালাম)-কে দান করেছেন,PAGE-CHECK,
B1-C00506,5728,,১০  এবার নিজের ঘরে,FADAK,UNSPECIFIED,NARRATIVE_ONLY,HIGH,,,,QURAN_MARKER|RASUL_SAID|FADAK,,NO,"তিনি বলেন, ‘আমি আবু আবদুল্লাহ (আলাইহিস্ সালাম)-কে জিজ্ঞাসা করলাম, রাসূলুল্লাহ ﷺ কি মা সাইয়্যিদা ফাতিমাতুয্ যাহরা (আলাইহাস্ সালাম)-কে ফাদাক দান করেছিলেন? তিনি (আলাইহিস্ সালাম) বললেন: এটি তাঁর জন্য নির্ধারিত ছিল, তাই আল্লাহ এই আয়াত অবতীর্ণ করলেন: 'অতএব, নিকটাত্মীয়কে তার হক প্রদান করো'। ফলে রাসূলুল্লাহ ﷺ তাঁকে (আলাইহাস্ সালাম) তাঁর প্রাপ্য অধিকার দিয়ে দিলেন।",PAGE-CHECK,
B1-C00507,5730,,১০  এবার নিজের ঘরে,FADAK,UNSPECIFIED,NARRATIVE_ONLY,HIGH,,,,RASUL_SAID|FADAK,,NO,"আবান বিন তাগলিব থেকে বর্ণিত: তিনি বলেন, ‘আমি আবু আবদুল্লাহ (আলাইহিস্ সালাম)-কে জিজ্ঞাসা করলাম, রাসূলুল্লাহ ﷺ-ই কি মা সাইয়্যিদা ফাতিমাতুয্ যাহরা (আলাইহাস্ সালাম)-কে ফাদাক দান করেছিলেন? তিনি (আলাইহিস্ সালাম) বললেন: এটি তাঁর জন্য আল্লাহর পক্ষ থেকে নির্ধারিত ছিল।’",PAGE-CHECK,
B1-C00508,5746,,১০  এবার নিজের ঘরে,FADAK,UNSPECIFIED,NARRATIVE_ONLY,HIGH,,,,FADAK,,NO,"একদিন আমার মা, মা সাইয়্যিদা ফাতিমাতুয্ যাহরা (আলাইহাস্ সালাম), ফাদাকের সম্পত্তি দাবি করেছিলেন।",PAGE-CHECK,
B1-C00509,5748,,১০  এবার নিজের ঘরে,FADAK,UNSPECIFIED,NARRATIVE_ONLY,HIGH,,,,FADAK,,NO,কিন্তু ফাদাক ছিল কেবল বাহানা —,PAGE-CHECK,
B1-C00510,5754,,১০  এবার নিজের ঘরে,FADAK,UNSPECIFIED,NARRATIVE_ONLY,HIGH,,,,FADAK,,NO,"আয-জাওহারী তাঁর ‘আস-সাকিফা ওয়া ফাদাক’ (খণ্ড-৪, পৃষ্ঠা-৮১)-তে বর্ণনা করেন:",PAGE-CHECK,
B1-C00511,5762,,,FADAK,UNSPECIFIED,NARRATIVE_ONLY,HIGH,,,,FADAK,,NO,"মা ফাতিমা বললেন: ‘অবশ্যই রেখে গেছেন — আর সেটি হচ্ছে ফাদাক,",PAGE-CHECK,
B1-C00512,5772,,,FADAK,UNSPECIFIED,NARRATIVE_ONLY,HIGH,,,,FADAK,,NO,“তাহলে ফাদাক ছিল এক আয়না —,PAGE-CHECK,
B1-C00513,5776,,,FADAK,UNSPECIFIED,NARRATIVE_ONLY,HIGH,,,,FADAK,,NO,ফাদাক ছিল না কেবল জমি —,PAGE-CHECK,
B1-C00514,5782,,,FADAK,UNSPECIFIED,NARRATIVE_ONLY,HIGH,,,,FADAK,,NO,ফাদাকের দাবি ছিল আল্লাহর বিধান প্রতিষ্ঠার দাবী।,PAGE-CHECK,
B1-C00515,5811,,,QURAN,QURAN,QURAN_REF,HIGH,,,17:26|30:38|59:6,CITATION_BULLET|QURAN_MARKER,,YES,"•  কুরআন ১৭:২৬, ৩০:৩৮, ৫৯:৬ — api.alquran.cloud-এ মেলানো, CONFIRMED।",VERIFIED,
B1-C00516,5812,,,FADAK,QURAN,QURAN_REF,HIGH,,,17:26,CITATION_BULLET|PAGE_CHECK_MARKER|BARNITA_MARKER|FADAK,REF-136,YES,•  ইমাম সাদিক (আলাইহিস্ সালাম) থেকে ১৭:২৬ ও ফাদাক — বর্ণিত আছে; PAGE-CHECK।,CONFLICT,YES
B1-C00517,5813,,,SOURCE_BLOCK_NOTE,UNSPECIFIED,NARRATIVE_ONLY,HIGH,,,,CITATION_BULLET|PAGE_CHECK_MARKER,REF-137,YES,"•  ইমাম যায়নুল আবেদীন (আলাইহিস্ সালাম) ও শামদেশীয় লোক — খাতায়: ইবনে জারীর তাবারী; বাজ্জার, আবু ইয়ালা, ইবনে আবি হাতিম, ইবনে মারদুইয়্যা (আবু সাঈদ খুদরী ও ইবনে আব্বাস); মিরাজুন নাবুয়্যাত — PAGE-CHECK।",CONFLICT,YES
B1-C00518,5814,,,SOURCE_BLOCK_NOTE,UNSPECIFIED,NARRATIVE_ONLY,HIGH,,,,CITATION_BULLET|PAGE_CHECK_MARKER,REF-138,YES,•  আতিয়্যা আল-আউফির বর্ণনা ও আবু সাঈদ খুদরী পর্যন্ত সনদ — PAGE-CHECK; তাবারসী (মাজমাউল বায়ান) — PAGE-CHECK।,CONFLICT,YES
B1-C00519,5815,,,SOURCE_BLOCK_NOTE,UNSPECIFIED,NARRATIVE_ONLY,HIGH,,,,CITATION_BULLET|PAGE_CHECK_MARKER|HADITH_WORD,REF-139,YES,•  ইমাম রেযা (আলাইহিস্ সালাম)-এর «ইস্তিফা»-র হাদীস — উয়ূনু আখবারির রিদা (রাইয়ান ইবনে সালত থেকে) — PAGE-CHECK।,PAGE-CHECK,
B1-C00520,5816,,,SOURCE_BLOCK_NOTE,UNSPECIFIED,NARRATIVE_ONLY,HIGH,,,,CITATION_BULLET|PAGE_CHECK_MARKER,REF-140,YES,•  আবান ইবনে তাগলিবের দুটি বর্ণনা — PAGE-CHECK (খাতায় কিতাবের নাম নেই)।,PAGE-CHECK,
B1-C00521,5817,,,FADAK,UNSPECIFIED,NARRATIVE_ONLY,HIGH,,,,CITATION_BULLET|PAGE_CHECK_MARKER|FADAK,REF-141,YES,"•  উম্মে হানী ও আবু বকরের কথোপকথন — খাতায়: জাওহারী, আস-সাকিফা ওয়া ফাদাক, «খণ্ড ৪, পৃষ্ঠা ৮১» — PAGE-CHECK (এই খণ্ড-নম্বর সম্ভবত শারহু নাহজিল বালাগার; মেলানো বাকি)।",CONFLICT,YES
B1-C00522,5826,,০১  দুটি ভারী জিনিস রেখে গেলেন,SUNNI_NARRATION,SUNNI,NAMED_SOURCE,HIGH,Sahih_Muslim,,,SUNNI_BOOK,,NO,"—“সাদিক,” সে বলল, “আজ থেকে আমি বদলে যাবো। শুধু নামধারী মুসলিম হয়ে বাঁচতে চাই না। আমি মুত্তাকী হতে চাই। আমাকে তুই আর বুরুল্লাহ পথ দেখাস।”",PAGE-CHECK,
B1-C00523,5860,,০১  দুটি ভারী জিনিস রেখে গেলেন,SUNNI_NARRATION,SUNNI,NAMED_SOURCE,HIGH,Sahih_Muslim,,,SUNNI_BOOK,,NO,"আমার মনে হচ্ছিল, এ গল্প কেবল ফয়সালের নয়। এটা আমাদের সকলের গল্প—যেখানে অজ্ঞতা থেকে জ্ঞানের পথে, নামধারী মুসলিম থেকে প্রকৃত মুত্তাকীর পথে হাঁটার ডাক আছে।",PAGE-CHECK,
B1-C00524,5897,,০১  দুটি ভারী জিনিস রেখে গেলেন,SUNNI_NARRATION,SUNNI,NAMED_SOURCE,HIGH,Jami_al-Tirmidhi|Sahih_Muslim,Sahih_Muslim:2408|Sahih_Muslim:3786|Sahih_Muslim:2408|Sahih_Muslim:3786|Jami_al-Tirmidhi:3786|Jami_al-Tirmidhi:3786,,CITATION_BULLET|SUNNI_BOOK|HADITH_WORD,,YES,"•  সাকালাইনের হাদীস — সহীহ মুসলিম ২৪০৮ («أهل بيتي»), জামে তিরমিযি ৩৭৮৬ («كتاب الله وعترتي أهل بيتي»), মুসনাদে আহমাদ — CONFIRMED (S-173; sunnah.com)। «যতক্ষণ আঁকড়ে ধরবে, পথভ্রষ্ট হবে না» শব্দ তিরমিযির, মুসলিমের নয়।",VERIFIED,
B1-C00525,5981,,,PROSE_ATTRIBUTION,UNSPECIFIED,NARRATIVE_ONLY,LOW,,,,QURAN_MARKER|RASUL_SAID,,NO,"ফয়সাল: “না, শুধু কুরআন পড়লেই হবে না। রাসূলুল্লাহ ﷺ বলেছেন—",PAGE-CHECK,
B1-C00526,6006,,,SUNNI_NARRATION,SUNNI,NAMED_SOURCE,HIGH,Sahih_al-Bukhari,Sahih_al-Bukhari:3714|Sahih_al-Bukhari:3714,,CITATION_BULLET|PAGE_CHECK_MARKER|SUNNI_BOOK,REF-142,YES,"•  «ফাতিমা আমার অংশ; যে তাকে রাগান্বিত করে সে আমাকে রাগান্বিত করে» — সহীহ বুখারি ৩৭১৪ («فمن أغضبها أغضبني») — CONFIRMED (STYLE §৪ ফাঁদ-তালিকা); «যে তাকে খুশি করে…» অংশ — অন্য বর্ণনায়, PAGE-CHECK।",CONFLICT,YES
B1-C00527,6007,,,SUNNI_NARRATION,SUNNI,NAMED_SOURCE,HIGH,Jami_al-Tirmidhi|Sahih_Muslim,Sahih_Muslim:2408|Sahih_Muslim:3786|Sahih_Muslim:2408|Sahih_Muslim:3786|Sahih_Muslim:173|Jami_al-Tirmidhi:3786|Jami_al-Tirmidhi:3786|Jami_al-Tirmidhi:173,,CITATION_BULLET|SUNNI_BOOK,,YES,"•  সাকালাইন — সহীহ মুসলিম ২৪০৮, তিরমিযি ৩৭৮৬ — CONFIRMED (S-173)।",VERIFIED,
B1-C00528,6008,,,SOURCE_BLOCK_NOTE,UNSPECIFIED,NARRATIVE_ONLY,HIGH,,,,CITATION_BULLET,,YES,"•  সীমোর্গ ও ত্রিশ পাখির গল্প — ফরিদুদ্দিন আত্তার, মানতিকুত তাইর — সাধারণ জ্ঞান (গল্পে নাম নেওয়া হয়নি)।",PAGE-CHECK,
B1-C00529,6025,,০৩  কুরআনই কি যথেষ্ট নয়?,PROSE_ATTRIBUTION,UNSPECIFIED,NARRATIVE_ONLY,LOW,,,,QURAN_MARKER|RASUL_SAID,,NO,"ফয়সাল: (কুরআনের দিকে তাকিয়ে) কুরআন অবশ্যই যথেষ্ট, কিন্তু রাসূলুল্লাহ ﷺ আমাদেরকে একটা সতর্কবার্তা দিয়ে গেছেন। তিনি বলেছেন:",PAGE-CHECK,
B1-C00530,6027,,০৩  কুরআনই কি যথেষ্ট নয়?,PROSE_ATTRIBUTION,UNSPECIFIED,NARRATIVE_ONLY,LOW,,,,RASUL_SAID,,NO,জারিয়া: ওহ! মানে রাসূলুল্লাহ ﷺ নিজেই বলেছেন—দুটো ছাড়া পথ পাওয়া যাবে না?,PAGE-CHECK,
B1-C00531,6106,,,SUNNI_NARRATION,SUNNI,NAMED_SOURCE,HIGH,Jami_al-Tirmidhi|Sahih_Muslim,Sahih_Muslim:2408|Sahih_Muslim:2408|Sahih_Muslim:173|Jami_al-Tirmidhi:3786|Jami_al-Tirmidhi:3788|Jami_al-Tirmidhi:2408|Jami_al-Tirmidhi:3786|Jami_al-Tirmidhi:3788|Jami_al-Tirmidhi:2408|Jami_al-Tirmidhi:1,,CITATION_BULLET|SUNNI_BOOK,,YES,"•  সাকালাইন («হাউজে না আসা পর্যন্ত আলাদা হবে না») — তিরমিযি ৩৭৮৬/৩৭৮৮, মুসলিম ২৪০৮ — CONFIRMED (S-173)।",VERIFIED,
B1-C00532,6107,,,SUNNI_NARRATION,SUNNI,NAMED_SOURCE,HIGH,Sahih_Muslim|Sahih_al-Bukhari,Sahih_al-Bukhari:7222|Sahih_al-Bukhari:7222|Sahih_Muslim:7222|Sahih_Muslim:7222,,CITATION_BULLET|PAGE_CHECK_MARKER|SUNNI_BOOK,REF-143,YES,"•  বারো খলিফা — সহীহ মুসলিম (কিতাবুল ইমারাহ), বুখারি ৭২২২ — PAGE-CHECK (খাতার শব্দ ও নম্বর মেলানো বাকি)।",CONFLICT,YES
B1-C00533,6108,,,QURAN,SUNNI,QURAN_REF,HIGH,Jami_al-Tirmidhi,Jami_al-Tirmidhi:33|Jami_al-Tirmidhi:33|Jami_al-Tirmidhi:33|Jami_al-Tirmidhi:33,33:33|33:33,CITATION_BULLET|PAGE_CHECK_MARKER|QURAN_MARKER|SUNNI_BOOK,REF-144,YES,"•  ছয় মাস ফজরে দরজায় ৩৩:৩৩ পাঠ (আনাস) — জামে তিরমিযি — PAGE-CHECK; কুরআন ৩৩:৩৩ — api.alquran.cloud, CONFIRMED।",CONFLICT,YES
B1-C00534,6145,,০৪  এক বিয়ের ছয়টি বর্ণনা,PROSE_ATTRIBUTION,UNSPECIFIED,NARRATIVE_ONLY,LOW,,,,RASUL_SAID,,NO,"ইমাম আলী (আলাইহিস্ সালাম) হতে বর্ণিত, রাসূলুল্লাহ ﷺ ইরশাদ করেন, আমার নিকট একজন ফেরেশতা এসে বলল, হে মুহাম্মদ! আল্লাহ তা'আলা আপনাকে সালাম দিয়েছেন এবং বলেছেন: আমি (আল্লাহ) আপনার কন্যা ফাতেমা (আলাইহাস্ সালাম)-এর বিয়ে হযরত আলী ইবনে আবি তালিবের সাথে ফেরেশতাদের একটি বিরাট জামাতে সম্পন্ন করেছি। সুতরাং আপনি ভূ- পৃষ্টেও ফাতেমা (আলাইহাস্ সালাম)-এর নেকাহ আলী (আলাইহিস্ সালাম)-এর সাথে দিন।",PAGE-CHECK,
B1-C00535,6178,,০৪  এক বিয়ের ছয়টি বর্ণনা,SOURCE_BLOCK_NOTE,UNSPECIFIED,NARRATIVE_ONLY,HIGH,,,,CITATION_BULLET|PAGE_CHECK_MARKER,REF-145,YES,"•  নিচের আরবি পাঠ খাতা থেকে (¶3852–3877; খাতার কয়েকটি মুদ্রণ-ত্রুটি এখানে ঠিক করে লেখা — ছাপার আগে মূল কিতাবে মেলাতে হবে), বইয়ের নাম খাতায় নেই — PAGE-CHECK:",PAGE-CHECK,
B1-C00536,6179,,০৪  এক বিয়ের ছয়টি বর্ণনা,SOURCE_BLOCK_NOTE,UNSPECIFIED,NARRATIVE_ONLY,HIGH,,,,CITATION_BULLET,,YES,•  «أَمَرَ اللَّهُ النَّبِيَّ صلى الله عليه وسلم لِتَزْوِيجِ فَاطِمَةَ سَلَامُ اللَّهِ عَلَيْهَا مِنْ عَلِيِّ بْنِ أَبِي طَالِبٍ» (শিরোনাম),PAGE-CHECK,
B1-C00537,6180,,০৪  এক বিয়ের ছয়টি বর্ণনা,SOURCE_BLOCK_NOTE,UNSPECIFIED,NARRATIVE_ONLY,HIGH,,,,CITATION_BULLET|PAGE_CHECK_MARKER,REF-146,YES,•  ৬৩ — ইবনে মাসউদ: «إِنَّ اللَّهَ أَمَرَنِي أَنْ أُزَوِّجَ فَاطِمَةَ مِنْ عَلِيٍّ» — PAGE-CHECK।,PAGE-CHECK,
B1-C00538,6181,,০৪  এক বিয়ের ছয়টি বর্ণনা,SOURCE_BLOCK_NOTE,UNSPECIFIED,NARRATIVE_ONLY,HIGH,,,,CITATION_BULLET|PAGE_CHECK_MARKER,REF-147,YES,•  ৬৪ — আনাস: «يَا أَنَسُ! أَتَدْرِي مَا جَاءَنِي بِهِ جِبْرِيلُ مِنْ عِنْدِ صَاحِبِ الْعَرْشِ؟ قَالَ: إِنَّ اللَّهَ أَمَرَنِي أَنْ أُزَوِّجَ فَاطِمَةَ مِنْ عَلِيٍّ» — PAGE-CHECK।,PAGE-CHECK,
B1-C00539,6182,,০৪  এক বিয়ের ছয়টি বর্ণনা,SOURCE_BLOCK_NOTE,UNSPECIFIED,NARRATIVE_ONLY,HIGH,,,,CITATION_BULLET|PAGE_CHECK_MARKER,REF-148,YES,"•  ৬৫ — আনাস: চল্লিশ হাজার ফেরেশতা সাক্ষী, তুবা বৃক্ষ («…وَأَشْهَدُ عَلَى تَزْوِيجِكَ أَرْبَعِينَ أَلْفَ مَلَكٍ…») — PAGE-CHECK।",PAGE-CHECK,
B1-C00540,6183,,০৪  এক বিয়ের ছয়টি বর্ণনা,SOURCE_BLOCK_NOTE,UNSPECIFIED,NARRATIVE_ONLY,HIGH,,,,CITATION_BULLET|PAGE_CHECK_MARKER,REF-149,YES,•  ৬৬ — আলী (আলাইহিস্ সালাম): «إِنِّي قَدْ زَوَّجْتُ فَاطِمَةَ ابْنَتَكَ مِنْ عَلِيِّ بْنِ أَبِي طَالِبٍ فِي الْمَلَأِ الْأَعْلَى فَزَوِّجْهَا مِنْهُ فِي الْأَرْضِ» — PAGE-CHECK।,PAGE-CHECK,
B1-C00541,6184,,০৪  এক বিয়ের ছয়টি বর্ণনা,SOURCE_BLOCK_NOTE,UNSPECIFIED,NARRATIVE_ONLY,HIGH,,,,CITATION_BULLET|PAGE_CHECK_MARKER,REF-150,YES,•  ৬৭ — আনাস: «اللَّهُمَّ إِنِّي أُعِيذُهَا بِكَ وَذُرِّيَّتَهَا مِنَ الشَّيْطَانِ الرَّجِيمِ» — PAGE-CHECK।,PAGE-CHECK,
B1-C00542,6185,,০৪  এক বিয়ের ছয়টি বর্ণনা,SOURCE_BLOCK_NOTE,UNSPECIFIED,NARRATIVE_ONLY,HIGH,,,,CITATION_BULLET|PAGE_CHECK_MARKER,REF-151,YES,•  ৬৮ — ইবনে বুরাইদা: «اللَّهُمَّ بَارِكْ فِيهِمَا، وَبَارِكْ عَلَيْهِمَا، وَبَارِكْ لَهُمَا فِي شِبْلِهِمَا» (অন্য বর্ণনায় «فِي نَسْلِهِمَا») — PAGE-CHECK।,PAGE-CHECK,
B1-C00543,6205,,"০৫  বারোজন কারা, নূরের তাক কে?",PROSE_ATTRIBUTION,UNSPECIFIED,NARRATIVE_ONLY,LOW,,,,RASUL_SAID,,NO,রাসূলুল্লাহ ﷺ বলেছেন:,PAGE-CHECK,
B1-C00544,6229,,"০৫  বারোজন কারা, নূরের তাক কে?",PROSE_ATTRIBUTION,UNSPECIFIED,NARRATIVE_ONLY,LOW,,,,RASUL_SAID,,NO,"ফয়সাল: জানো, আল্লাহর রাসূল ﷺ বলেছেন, “ফাতিমা আমার অংশ। যে তাঁকে কষ্ট দেয়, সে যেন আমাকে কষ্ট দিল। যে তাঁকে ভালোবাসে, সে যেন আমাকে ভালোবাসে।”কিন্তু এই ভালোবাসা শুধু মুখের কথা নয়। মা সাইয়্যিদা ফাতিমাতুয্ যাহরা (আলাইহাস্ সালাম)-এর সুপারিশ চাইলে তাঁর জীবনধারা অনুসরণ করতে হবে।",PAGE-CHECK,
B1-C00545,6274,,,QURAN,QURAN,QURAN_REF,HIGH,,,24:35,QURAN_MARKER,,NO,"জারিয়া বইটা স্লেটের ওপর রাখল। বইয়ের শেষ মলাটের ভেতরে পেনসিলে লেখা সাতটি আয়াতের নম্বর, রাহাত তাকে দেখাল। তৃতীয় সংখ্যার পাশে, অন্য কালিতে, রাহাতের নিজের হাতে লেখা একটি ছোট সংখ্যা: ২৪:৩৫।",VERIFIED,
B1-C00546,6287,,,SUNNI_NARRATION,SUNNI,NAMED_SOURCE,HIGH,Sahih_Muslim,,,SUNNI_BOOK|RASUL_SAID,,NO,ফয়সাল (মাথা নেড়ে): ঠিক তাই। এজন্যই রাসূলুল্লাহ ﷺ তাঁকে বলেছেন—“ফাতিমা আমার প্রাণের অংশ।” তাঁকে ভুলে যাওয়ার মানে হলো সত্যকে ভুলে যাওয়া। তাই মুসলিম উম্মাহর পতনের শুরু হয়েছিল তাঁকে অবহেলা করার মাধ্যমেই।,PAGE-CHECK,
B1-C00547,6304,,,QURAN,QURAN,QURAN_REF,HIGH,,,4:59|24:35|24:35,CITATION_BULLET|QURAN_MARKER,,YES,"•  কুরআন ৪:৫৯, ২৪:৩৫ — api.alquran.cloud-এ মেলানো, CONFIRMED (২৪:৩৫-এর বাংলা এখানে সংক্ষেপিত)।",VERIFIED,
B1-C00548,6305,,,SUNNI_NARRATION,SUNNI,NAMED_SOURCE,HIGH,Sahih_Muslim|Sahih_al-Bukhari,Sahih_al-Bukhari:7222|Sahih_al-Bukhari:7222|Sahih_Muslim:7222|Sahih_Muslim:7222,,CITATION_BULLET|PAGE_CHECK_MARKER|SUNNI_BOOK,REF-152,YES,"•  বারো খলিফা — সহীহ মুসলিম (কিতাবুল ইমারাহ), বুখারি ৭২২২ — PAGE-CHECK।",CONFLICT,YES
B1-C00549,6306,,,SUNNI_NARRATION,SUNNI,NAMED_SOURCE,HIGH,Sahih_al-Bukhari,Sahih_al-Bukhari:3714|Sahih_al-Bukhari:3714,,CITATION_BULLET|PAGE_CHECK_MARKER|SUNNI_BOOK,REF-153,YES,"•  «ফাতিমা আমার অংশ…» — বুখারি ৩৭১৪ (শুধু «فمن أغضبها أغضبني»), বাকি অংশ — PAGE-CHECK।",CONFLICT,YES
B1-C00550,6307,,,ATTRIBUTION_ONLY,UNSPECIFIED,ATTRIBUTION_FORMULA,MEDIUM,,,,CITATION_BULLET|PAGE_CHECK_MARKER|BARNITA_MARKER,REF-154,YES,•  «সর্বপ্রথম আল্লাহ নূরকে সৃষ্টি করেছেন… সকল বস্তু আমার নূর থেকে» — বর্ণিত আছে (জাবির থেকে); PAGE-CHECK।,CONFLICT,YES
B1-C00551,6308,,,ATTRIBUTION_ONLY,UNSPECIFIED,ATTRIBUTION_FORMULA,MEDIUM,,,,CITATION_BULLET|PAGE_CHECK_MARKER|BARNITA_MARKER,REF-155,YES,•  উম্মে আবিহা — বর্ণিত আছে; PAGE-CHECK।,CONFLICT,YES
B1-C00552,6333,,০৬  মসজিদে বুরুল্লাহর আব্বুর সেই সকাল,SUNNI_NARRATION,SUNNI,NAMED_SOURCE,HIGH,Sahih_Muslim|Sahih_al-Bukhari,,,SUNNI_BOOK,,NO,"“তাহলে বলো, এটি কি সহিহ বুখারি বা মুসলিম শরীফে আছে?”",PAGE-CHECK,
B1-C00553,6335,,০৬  মসজিদে বুরুল্লাহর আব্বুর সেই সকাল,SUNNI_NARRATION,SUNNI,NAMED_SOURCE,HIGH,Sunan_Abu_Dawud|Sunan_Ibn_Majah,,,SUNNI_BOOK|HADITH_WORD,,NO,"“তিরমিজি, আবু দাউদ, ইবনে মাজাহ কিংবা নাসায়ি—কোথাও কি এই হাদিস পাওয়া যায়?”",PAGE-CHECK,
B1-C00554,6340,,০৬  মসজিদে বুরুল্লাহর আব্বুর সেই সকাল,SUNNI_NARRATION,SUNNI,NAMED_SOURCE,HIGH,Sahih_Muslim,,,SUNNI_BOOK|HADITH_WORD,,NO,"“আরেকটি হাদিস রয়েছে, যা মুসলিম শরীফে পাওয়া যায়—”",PAGE-CHECK,
B1-C00555,6455,,,SUNNI_NARRATION,SUNNI,NAMED_SOURCE,HIGH,Mustadrak_al-Hakim,Mustadrak_al-Hakim:318|Mustadrak_al-Hakim:319|Mustadrak_al-Hakim:318|Mustadrak_al-Hakim:319,,CITATION_BULLET|PAGE_CHECK_MARKER|SUNNI_BOOK,REF-156,YES,"•  «কিতাবুল্লাহ ও সুন্নাতি» — মুয়াত্তা মালিক (বালাগ), হাকিম, মুস্তাদরাক ৩১৮/৩১৯ — PAGE-CHECK (STYLE §৪ ফাঁদ-তালিকা)।",EDITION-LOCK,YES
B1-C00556,6456,,,SUNNI_NARRATION,SUNNI,NAMED_SOURCE,HIGH,Jami_al-Tirmidhi|Sahih_Muslim,Sahih_Muslim:2408|Sahih_Muslim:3786|Sahih_Muslim:2408|Sahih_Muslim:3786|Jami_al-Tirmidhi:3786|Jami_al-Tirmidhi:3788|Jami_al-Tirmidhi:3786|Jami_al-Tirmidhi:3788|Jami_al-Tirmidhi:173,,CITATION_BULLET|PAGE_CHECK_MARKER|SUNNI_BOOK,REF-157,YES,"•  সাকালাইন («কিতাবুল্লাহ ও আমার ইতরাত, আহলুল বাইত») — মুসলিম ২৪০৮ (যায়েদ ইবনে আরকাম), তিরমিযি ৩৭৮৬ (জাবির), ৩৭৮৮ — CONFIRMED (S-173); আবু সাঈদ ও যায়েদ ইবনে সাবিতের বর্ণনা — PAGE-CHECK।",CONFLICT,YES
B1-C00557,6457,,,QURAN,QURAN,QURAN_REF,HIGH,,,16:108|2:174|33:36|4:115,CITATION_BULLET|QURAN_MARKER,,YES,"•  কুরআন ১৬:১০৮–১০৯, ২:১৭৪, ৩৩:৩৬, ৪:১১৫ — api.alquran.cloud-এ মেলানো, CONFIRMED।",VERIFIED,
B1-C00558,6458,,,MIXED_CITATION,SHIA|SUNNI,NAMED_SOURCE,HIGH,Bihar_al-Anwar|Sahih_Muslim|Sahih_al-Bukhari,Sahih_Muslim:3|Sahih_Muslim:364|Sahih_Muslim:2|Sahih_Muslim:3|Sahih_Muslim:364|Sahih_Muslim:2|Bihar_al-Anwar:22|Bihar_al-Anwar:469|Bihar_al-Anwar:04|Bihar_al-Anwar:22|Bihar_al-Anwar:469|Bihar_al-Anwar:04,,CITATION_BULLET|PAGE_CHECK_MARKER|SUNNI_BOOK|SHIA_BOOK,REF-158,YES,"•  কাগজ-কলমের ঘটনা — সহীহ বুখারি (কিতাবুল ইলম, মাগাযি, মারাদুন নবী), মুসলিম; মুসনাদে আহমাদ ৩/৩৬৪; বিহারুল আনওয়ার ২২/৪৬৯; শেখ মুফিদ, আল-ইরশাদ — শ্রোতা ০৪-এর তালিকা, PAGE-CHECK।",CONFLICT,YES
B1-C00559,6459,,,ATTRIBUTION_ONLY,UNSPECIFIED,ATTRIBUTION_FORMULA,MEDIUM,,,,CITATION_BULLET|PAGE_CHECK_MARKER|BARNITA_MARKER,REF-159,YES,"•  হুজরাত ১–১০ ও প্রথম দুই খলিফা — শ্রোতা ০৪ (আব্বুর মুখে), বর্ণিত আছে; PAGE-CHECK।",PAGE-CHECK,
B1-C00560,6524,,০৭  সূরা ফুরকানের দোয়ায় বংশধর ও ইমাম,SUNNI_NARRATION,SUNNI,NAMED_SOURCE,HIGH,Sahih_Muslim,,,SUNNI_BOOK,,NO,ইমাম মাহদী (আলাইহিস্ সালাম)- যিনি শেষ ইমাম এবং যাঁর পুনরাগমন মুসলিম উম্মাহর চূড়ান্ত মুক্তির বার্তা।,PAGE-CHECK,
B1-C00561,6528,,০৭  সূরা ফুরকানের দোয়ায় বংশধর ও ইমাম,PROSE_ATTRIBUTION,UNSPECIFIED,NARRATIVE_ONLY,LOW,,,,RASUL_SAID,,NO,"হযরত ইবনে আবী নুজাইহ স্বীয় পিতা হতে বর্ণনা করেন যে, তিনি বলেছেন, আমাকে জনৈক ব্যক্তি বলেছেন, যিনি কুফার মিম্বরে ইমাম আলী (আলাইহিস্ সালাম)-কে এ কথা বলতে শুনেছেন, রাসূলুল্লাহ ﷺ আমাদের ঘরে তশরিফ আনলেন এবং আমাদের তাকিয়ায় বসে পানির পাত্র তলব করলেন। রাসূলুল্লাহ ﷺ এতে বরকতের দোআ পাঠ করলেন এবং আমাদের ওপর এগুলো ছিটিয়ে দিলেন। আমি আরজ করলাম, হে রাসূলুল্লাহ! আপনার নিকট আমি অধিক প্রিয় নাকি ফাতেমা? উত্তরে রাসূলুল্লাহ ﷺ বললেন, তোমার চেয়ে সে (ফাতেমা) আমার নিকট অধিক প্রিয়। আর তুমি আমার নিকট তার চেয়ে অধিক স্নেহশীল।",PAGE-CHECK,
B1-C00562,6557,,,QURAN,QURAN,QURAN_REF,HIGH,,,25:74|5:67|5:3,CITATION_BULLET|QURAN_MARKER,,YES,"•  কুরআন ২৫:৭৪, ৫:৬৭, ৫:৩ — api.alquran.cloud-এ মেলানো, CONFIRMED।",VERIFIED,
B1-C00563,6558,,,SUNNI_NARRATION,SUNNI,NAMED_SOURCE,HIGH,Jami_al-Tirmidhi,Jami_al-Tirmidhi:3713|Jami_al-Tirmidhi:3713|Jami_al-Tirmidhi:173,,CITATION_BULLET|SUNNI_BOOK,,YES,"•  «যার মাওলা আমি, আলী তার মাওলা» — জামে তিরমিযি ৩৭১৩ — CONFIRMED (S-173)।",VERIFIED,
B1-C00564,6559,,,SUNNI_NARRATION,SUNNI,NAMED_SOURCE,HIGH,Mustadrak_al-Hakim,,,CITATION_BULLET|PAGE_CHECK_MARKER|SUNNI_BOOK,REF-160,YES,•  মিসওয়ারের বর্ণনা («ফাতেমা আমার ফলবান বৃক্ষের শাখা…») — PAGE-CHECK (মুস্তাদরাক হাকিম/মুসনাদে আহমাদে মেলানো বাকি)।,EDITION-LOCK,YES
B1-C00565,6560,,,SOURCE_BLOCK_NOTE,UNSPECIFIED,NARRATIVE_ONLY,HIGH,,,,CITATION_BULLET|PAGE_CHECK_MARKER,REF-161,YES,•  ইবনে আবী নুজাইহ — কুফার মিম্বরে আলী (আলাইহিস্ সালাম): «আমি অধিক প্রিয় নাকি ফাতেমা?» — PAGE-CHECK।,CONFLICT,YES
B1-C00566,6576,,০৮  কিতাবের জ্ঞান আছে কার কাছে?,ATTRIBUTION_ONLY,UNSPECIFIED,ATTRIBUTION_FORMULA,MEDIUM,,,,BARNITA_MARKER,REF-162,NO,"“সা’লাবীর তাফসিরে বর্ণিত আছে, আবদুল্লাহ ইবনে আতা বলেন—আবদুল্লাহ বিন সালাম ঘোষণা দিতেন, ‘যার কাছে কিতাবের পূর্ণ জ্ঞান আছে’—এটি ইমাম আলী (আলাইহিস্ সালাম)। তাই তো তিনি বলতেন, ‘আমার মৃত্যুর পূর্বে যা চাও, জিজ্ঞেস করো।’ তাঁর জ্ঞানের গভীরতা ছিল এক সাগরের মতো, যেখানে প্রতিটি বিন্দুই মহাবিশ্বের একেকটি রহস্য।”",PAGE-CHECK,
B1-C00567,6581,,০৮  কিতাবের জ্ঞান আছে কার কাছে?,PROSE_ATTRIBUTION,UNSPECIFIED,NARRATIVE_ONLY,LOW,,,,QURAN_MARKER|RASUL_SAID,,NO,"এর উত্তরে বুরুল্লাহ বলল, “এই আয়াতে কিতাবের জ্ঞান বলতে এমন এক মহাজাগতিক ও অলৌকিক জ্ঞানের কথা বোঝানো হয়েছে, যা একমাত্র নির্দিষ্ট ব্যক্তিত্বের জন্য সংরক্ষিত ছিল। রাসূলুল্লাহ ﷺ বলেছেন, ‘আমি জ্ঞানের শহর আর আলী (আলাইহিস্ সালাম) তার দ্বার বা দরজা।’ এই জ্ঞান ছিল কেবল রাসূলুল্লাহ ﷺ থেকে ইমাম আলী (আলাইহিস্ সালাম)-এর উত্তরাধিকারী হওয়ার জন্য নির্ধারিত।”",PAGE-CHECK,
B1-C00568,6592,,০৮  কিতাবের জ্ঞান আছে কার কাছে?,PROSE_ATTRIBUTION,UNSPECIFIED,NARRATIVE_ONLY,LOW,,,,RASUL_SAID,,NO,"হাতের কাপটা নামিয়ে বুরুল্লাহ বলল, “শামস, শোন। মহান নামের মাত্র একটি অংশ দিয়েই আসিফ বিন বরখিয়া এক মুহূর্তে সিংহাসন উপস্থিত করেছিলেন। তবে ইমাম আলী (আলাইহিস্ সালাম) কেবল একটি অংশ নয়, বরং সমগ্র কিতাবের জ্ঞান ধারণ করতেন। রাসূলুল্লাহ ﷺ নিজেই বলেছেন—ইমাম আলী (আলাইহিস্ সালাম) হলেন সেই ব্যক্তি, যার জ্ঞান সমস্ত দিক থেকে পূর্ণ।”",PAGE-CHECK,
B1-C00569,6610,,০৮  কিতাবের জ্ঞান আছে কার কাছে?,PROSE_ATTRIBUTION,UNSPECIFIED,NARRATIVE_ONLY,LOW,,,,QURAN_MARKER|RASUL_SAID,,NO,"উত্তরটা এল বুরুল্লাহর কাছ থেকে, “কী মনোমুগ্ধকর এক প্রসঙ্গ, সাদিক! এই আয়াতের অন্তর্নিহিত সৌন্দর্য উপলব্ধি করতে হলে, আমাদের প্রথমেই জানতে হবে, যিকর বলতে এখানে কী বোঝানো হয়েছে। রাসূলুল্লাহ ﷺ নিজেই তো বলেছেন যে তিনি যিকর এবং তাঁর আহলুল বাইত হলেন আহলুল যিকর।”",PAGE-CHECK,
B1-C00570,6615,,০৮  কিতাবের জ্ঞান আছে কার কাছে?,PROSE_ATTRIBUTION,UNSPECIFIED,NARRATIVE_ONLY,LOW,,,,QURAN_MARKER|RASUL_SAID,,NO,"বাইরে একটা রিকশার ঘণ্টি বাজল। বুরুল্লাহ বলল, “চমৎকার প্রশ্ন! ইমাম জাফর সাদিক (আলাইহিস্ সালাম) বলেছেন, ‘যিকর’ হল আল্লাহর কিতাব এবং রাসূলুল্লাহ ﷺ। আর আহলুল বাইত হল সেই কিতাবের প্রকৃত ব্যাখ্যাকারী। কোরআনের আরেকটি আয়াতে এসেছে, ‘আল্লাহ তোমাদের প্রতি যিকর পাঠিয়েছেন’, যেখানে যিকর বলতে সরাসরি রাসূলুল্লাহ ﷺ-কেই বোঝানো হয়েছে।”",PAGE-CHECK,
B1-C00571,6617,,০৮  কিতাবের জ্ঞান আছে কার কাছে?,SUNNI_NARRATION,SUNNI,NAMED_SOURCE,HIGH,Sahih_Muslim,,,SUNNI_BOOK,,NO,"রাকিকা আবার খাতায় টুকল। “তবে আমার মনে আরেকটি প্রশ্ন জাগছে। যদি আহলুল বাইতই প্রকৃত ব্যাখ্যাকারী হন, তাহলে মুসলিম সমাজে এত বিভ্রান্তি কেন?”",PAGE-CHECK,
B1-C00572,6620,,০৮  কিতাবের জ্ঞান আছে কার কাছে?,PROSE_ATTRIBUTION,UNSPECIFIED,NARRATIVE_ONLY,LOW,,,,QURAN_MARKER|RASUL_SAID,,NO,"বিশ্বনবী ﷺ বলেছেন, আমি জ্ঞানের নগর আর আলী তার দরজা। অর্থাৎ বিশ্বনবী ﷺ-এর জ্ঞানের শহরে প্রবেশ করা সম্ভব নয় আলী (আলাইহিস্ সালাম)-এর মাধ্যম ছাড়া। আলী (আলাইহিস্ সালাম) নিজেও বলতেন, কুরআনের এমন কোনো আয়াত নেই যে বিষয়ে আমি রাসূলুল্লাহ ﷺ-এর সঙ্গে বিস্তারিত আলোচনা করিনি। বলা হয় বিশ্বনবী ﷺ আলী (আলাইহিস্ সালাম)-কে এক হাজার বিষয় বা অধ্যায়ের জ্ঞান শিখিয়েছিলেন। আর এসবের প্রত্যেকটির ছিল এক হাজার শাখা। আলী (আলাইহিস্ সালাম) নিজেও বলতেন, আমাকে হারানোর আগেই যা কিছু জানার জেনে নাও, আমাকে যে কোনো বিষয়ের প্রশ্ন কর না কেন আমি তার জবাব দেব।",PAGE-CHECK,
B1-C00573,6645,,,QURAN,QURAN,QURAN_REF,HIGH,,,13:43|27:40|16:43|65:10,CITATION_BULLET|QURAN_MARKER,,YES,"•  কুরআন ১৩:৪৩, ২৭:৪০, ১৬:৪৩, ৬৫:১০–১১ — api.alquran.cloud-এ মেলানো, CONFIRMED।",VERIFIED,
B1-C00574,6646,,,QURAN,QURAN,QURAN_REF,HIGH,,,13:43,CITATION_BULLET|PAGE_CHECK_MARKER,REF-163,YES,"•  সা’লাবীর তাফসির (আল-কাশফ ওয়াল-বায়ান), ১৩:৪৩ — আবদুল্লাহ ইবনে আতার বর্ণনা — PAGE-CHECK।",VERIFIED,
B1-C00575,6647,,,SUNNI_NARRATION,SUNNI,NAMED_SOURCE,HIGH,Jami_al-Tirmidhi|Mustadrak_al-Hakim,,,CITATION_BULLET|PAGE_CHECK_MARKER|SUNNI_BOOK,REF-164,YES,"•  «আমি জ্ঞানের শহর, আলী তার দরজা» — PAGE-CHECK (তিরমিযি/হাকিম; নম্বর মেলানো বাকি)।",CONFLICT,YES
B1-C00576,6648,,,ATTRIBUTION_ONLY,UNSPECIFIED,ATTRIBUTION_FORMULA,MEDIUM,,,,CITATION_BULLET|PAGE_CHECK_MARKER|BARNITA_MARKER,REF-165,YES,"•  ইবনে আব্বাস ও যাবের — আহলুয যিকর = আহলুল বাইত; ইমাম জাফর সাদিক ও ইমাম রেযা (আলাইহিমাস্ সালাম)-এর বাণী — বর্ণিত আছে, PAGE-CHECK।",PAGE-CHECK,
B1-C00577,6649,,,SHIA_NARRATION,SHIA,NAMED_SOURCE,HIGH,Bihar_al-Anwar,Bihar_al-Anwar:2|Bihar_al-Anwar:2,,CITATION_BULLET|PAGE_CHECK_MARKER|SHIA_BOOK,REF-166,YES,•  এক মহিলার প্রশ্ন ও মুক্তার প্রতিদান — ইমাম হাসান আসকারি (আলাইহিস্ সালাম)-এর তাফসির (বিহারুল আনওয়ার ২-এ উদ্ধৃত) — PAGE-CHECK।,EDITION-LOCK,YES
B1-C00578,6695,,০৯  “ঈমানেরও কি দাম দিতে হয়?”,SHIA_NARRATION,SHIA,NAMED_SOURCE,HIGH,al-Kafi,,,SHIA_BOOK,,NO,"“এই প্রশ্নটা ইমাম জাফর সাদিক (আলাইহিস্ সালাম)-কেও লোকে করেছিল,” চাচা বললেন। কিতাবের আরেক জায়গা খুললেন, উসূলে কাফির একটি খণ্ড, পাতায় পাতায় কাগজের চিরকুট গোঁজা। পড়লেন:",EDITION-LOCK,YES
B1-C00579,6721,,০৯  “ঈমানেরও কি দাম দিতে হয়?”,ATTRIBUTION_ONLY,UNSPECIFIED,ATTRIBUTION_FORMULA,MEDIUM,,,,BARNITA_MARKER|HADITH_WORD|RASUL_SAID,REF-167,NO,"হাদিসে বর্ণিত আছে—একজন ব্যক্তি তার মাকে কাঁধে করে কাবার চারপাশে তাওয়াফ করালেন। তিনি ভাবলেন, হয়তো এভাবে তিনি তার মায়ের ঋণ শোধ করতে পারলেন। কিন্তু রাসূলুল্লাহ ﷺ বললেন, “না, এমনকি মায়ের এক মুহূর্তের কষ্টের প্রতিদানও হয়নি।” এটি এক মহাসত্য—সন্তান চাইলেও মায়ের ঋণ পরিশোধ করতে পারবে না।",CONFLICT,YES
B1-C00580,6738,,,QURAN,QURAN,QURAN_REF,HIGH,,,7:128|57:11,CITATION_BULLET|QURAN_MARKER,,YES,"•  কুরআন ৭:১২৮, ৫৭:১১ — api.alquran.cloud-এ মেলানো, CONFIRMED।",VERIFIED,
B1-C00581,6739,,,SOURCE_BLOCK_NOTE,UNSPECIFIED,NARRATIVE_ONLY,HIGH,,,,CITATION_BULLET|PAGE_CHECK_MARKER,REF-168,YES,•  মা সাইয়্যিদার মোহর পৃথিবীর এক-পঞ্চমাংশ; জিবরাঈলের পায়ের আঘাতে পাঁচ নদী — ফিকহুর রেজা (খাতার উল্লেখ) — PAGE-CHECK।,CONFLICT,YES
B1-C00582,6740,,,ATTRIBUTION_ONLY,UNSPECIFIED,ATTRIBUTION_FORMULA,MEDIUM,,,,CITATION_BULLET|PAGE_CHECK_MARKER|BARNITA_MARKER,REF-169,YES,"•  «এতিমের এক দিরহাম… আমরাই সেই এতিম» — ইমাম রেজা (আলাইহিস্ সালাম) — বর্ণিত আছে, PAGE-CHECK।",CONFLICT,YES
B1-C00583,6741,,,QURAN,SHIA,QURAN_REF,HIGH,al-Kafi,,57:11,CITATION_BULLET|PAGE_CHECK_MARKER|SHIA_BOOK|HADITH_WORD,REF-170,YES,"•  ৫৭:১১-এর ব্যাখ্যায় ইমাম কাযিম, ইমাম সাদিক (আলাইহিমাস্ সালাম)-এর হাদিস; «এক দিরহাম ওহুদের চেয়ে ভারী» (মায়াহ); «তোমাদের পবিত্র করার জন্য গ্রহণ করি» — আল-কাফি, কিতাবুল হুজ্জা (বাবু সিলাতিল ইমাম) — PAGE-CHECK।",CONFLICT,YES
B1-C00584,6742,,,ATTRIBUTION_ONLY,UNSPECIFIED,ATTRIBUTION_FORMULA,MEDIUM,,,,CITATION_BULLET|PAGE_CHECK_MARKER|BARNITA_MARKER,REF-171,YES,"•  মাকে কাঁধে নিয়ে তাওয়াফ — বর্ণিত আছে, PAGE-CHECK।",CONFLICT,YES
B1-C00585,6753,,১০  রোজ নামাজে কেন সরল পথ চাই,PROSE_ATTRIBUTION,UNSPECIFIED,NARRATIVE_ONLY,LOW,,,,SUTRA_MARKER|HADITH_WORD|RASUL_SAID,,NO,"হাফেযে হাদীস হাসকাফী অপর এক বর্ণনায় হযরত আব্দুল্লাহ ইবনে আব্বাস (রাদিয়াল্লাহু আনহুম)’র সূত্রে বর্ণনা করেন যে, তিনি আল্লাহ তায়ালার বাণী “আমাদের সঠিক (ও সত্য) পথ দেখাও।”-এর তাফসীরে মন্তব্য করেন যে, আল্লাহ তায়ালা বলেন, 'হে আমার বান্দারা, তোমরা বলো- হে আল্লাহ, রাসূলুল্লাহ ﷺ এবং তাঁর পরিবারের ভক্তি-ভালোবাসার প্রতি আমাকে পথপ্রদর্শন করুন।",PAGE-CHECK,
B1-C00586,6757,,১০  রোজ নামাজে কেন সরল পথ চাই,SUNNI_NARRATION,SUNNI,NAMED_SOURCE,HIGH,Sahih_Muslim,,,SUNNI_BOOK|HADITH_WORD,,NO,"আমার ফোনে সহীহ মুসলিমের একটি অ্যাপ। গতকাল রাতে একটি হাদিস খুঁজে বুকমার্ক করে রেখেছিলাম, রাকিকার খাতার পাশে লিখে রাখার জন্য। এখন সেটাই খুললাম।",PAGE-CHECK,
B1-C00587,6767,,১০  রোজ নামাজে কেন সরল পথ চাই,PROSE_ATTRIBUTION,UNSPECIFIED,NARRATIVE_ONLY,LOW,,,,RASUL_SAID,,NO,"ফয়সাল বলতে শুরু করার আগে আমি বললাম, “এটা প্রমাণ করে যে তাঁদের আদর্শ ও শিক্ষার প্রতি আনুগত্য কেবল পছন্দ নয়; এটি মুক্তির জন্য অপরিহার্য। আর এই নির্দেশনা অত্যন্ত সুন্দরভাবে রাসূলুল্লাহ ﷺ দৃষ্টান্তের মাধ্যমে ব্যাখ্যা করে বলেছেন: “সূর্যের দ্বারা পথ দেখো; যদি সূর্য অনুপস্থিত থাকে, তবে চাঁদের দ্বারা পথ দেখো; যদি চাঁদ অনুপস্থিত থাকে, তবে শুক্রতারার দ্বারা পথ দেখো; আর যদি শুক্রতারা অনুপস্থিত থাকে, তবে দুই তারকার দ্বারা পথ দেখো।”",PAGE-CHECK,
B1-C00588,6791,,১০  রোজ নামাজে কেন সরল পথ চাই,ATTRIBUTION_ONLY,UNSPECIFIED,ATTRIBUTION_FORMULA,MEDIUM,,,,BARNITA_MARKER,REF-172,NO,"বুরুল্লাহ আস্তে যোগ করল, “বর্ণিত আছে, কিয়ামতের দিন রাসূলুল্লাহ ﷺ এবং ইমাম আলী (আলাইহিস্ সালাম) সেই সেতুর উপর থাকবেন এবং কেবল তাঁদের ওয়ালিয়াতের উপর দৃঢ়পদে বহাল থাকা ব্যক্তিদেরই পার হতে দেবেন।",CONFLICT,YES
B1-C00589,6802,,১০  রোজ নামাজে কেন সরল পথ চাই,QURAN,QURAN,QURAN_REF,HIGH,,,1:6|2:142|3:101|7:16|22:54|67:22|33:33,CITATION_BULLET|QURAN_MARKER,,YES,"•  কুরআন ১:৬, ২:১৪২, ৩:১০১, ৭:১৬, ২২:৫৪, ৬৭:২২, ৩৩:৩৩ — api.alquran.cloud-এ মেলানো, CONFIRMED।",VERIFIED,
B1-C00590,6803,,১০  রোজ নামাজে কেন সরল পথ চাই,SUNNI_NARRATION,SUNNI,NAMED_SOURCE,HIGH,Sahih_Muslim,Sahih_Muslim:2424|Sahih_Muslim:2424,,CITATION_BULLET|SUTRA_MARKER|SUNNI_BOOK|HADITH_WORD,,YES,•  চাদরের হাদিস (আয়িশা — সফিয়্যা বিনতে শায়বার সূত্রে) — সহীহ মুসলিম ২৪২৪ — CONFIRMED (SECOND_NOTEBOOK/CITATION_RISK)।,VERIFIED,
B1-C00591,6804,,১০  রোজ নামাজে কেন সরল পথ চাই,QURAN,QURAN,QURAN_REF,HIGH,,,1:6,CITATION_BULLET|PAGE_CHECK_MARKER,REF-173,YES,"•  হাসকানী, শাওয়াহিদুত তানযীল (১:৬) — PAGE-CHECK। সা’লাবী, ইবনে বুরাইদা ও ইবনে আব্বাসের বর্ণনা — PAGE-CHECK।",CONFLICT,YES
B1-C00592,6805,,১০  রোজ নামাজে কেন সরল পথ চাই,QURAN,SHIA,QURAN_REF,HIGH,Tafsir_al-Ayyashi|Tafsir_al-Qummi,,67:22,CITATION_BULLET|PAGE_CHECK_MARKER|SHIA_BOOK,REF-174,YES,"•  ইমাম বাকির (আ.): «আমরা স্পষ্ট পথ…»; ইমাম সাদিক (আ.): সেতু চুলের চেয়ে সূক্ষ্ম; ইমাম কাযিম (আ.) — ৬৭:২২-এর ব্যাখ্যা — তাফসীরে কুম্মী/আইয়াশী, মাআনিল আখবার (খাতার উল্লেখ) — PAGE-CHECK।",CONFLICT,YES
B1-C00593,6806,,১০  রোজ নামাজে কেন সরল পথ চাই,ATTRIBUTION_ONLY,UNSPECIFIED,ATTRIBUTION_FORMULA,MEDIUM,,,,CITATION_BULLET|PAGE_CHECK_MARKER|BARNITA_MARKER,REF-175,YES,"•  «সূর্য, চাঁদ, শুক্রতারা, দুই তারকা» — বর্ণিত আছে, PAGE-CHECK।",PAGE-CHECK,
B1-C00594,6826,,১১  আল্লাহর সরল পথ কোনটি?,ATTRIBUTION_ONLY,UNSPECIFIED,ATTRIBUTION_FORMULA,MEDIUM,,,,BARNITA_MARKER|QURAN_MARKER,REF-176,NO,"বুরুল্লাহ বলল, “বর্ণিত আছে, আবু আবদুল্লাহ (আলাইহিস্ সালাম)-কে আয়াতের এই অংশটি, “এবং নিশ্চয়ই এটি আমার সরল পথ, সুতরাং এ পথ অনুসরণ করো, ” সম্পর্কে জিজ্ঞাসা করা হলে, তিনি বললেন: “আল্লাহর কসম, এটি আলী (আলাইহিস্ সালাম)-কে বোঝায়। আল্লাহর কসম, তিনিই সরল পথ এবং মিজান (মানদণ্ড)।”",CONFLICT,YES
B1-C00595,6853,,১১  আল্লাহর সরল পথ কোনটি?,QURAN,QURAN,QURAN_REF,HIGH,,,6:153,CITATION_BULLET|QURAN_MARKER,,YES,"•  কুরআন ৬:১৫৩ — api.alquran.cloud-এ মেলানো, CONFIRMED।",VERIFIED,
B1-C00596,6854,,১১  আল্লাহর সরল পথ কোনটি?,SUNNI_NARRATION,SUNNI,NAMED_SOURCE,HIGH,Jami_al-Tirmidhi,Jami_al-Tirmidhi:3713|Jami_al-Tirmidhi:3713|Jami_al-Tirmidhi:173,,CITATION_BULLET|SUNNI_BOOK,,YES,"•  «যার মাওলা আমি, আলী তার মাওলা» — জামে তিরমিযি ৩৭১৩ — CONFIRMED (S-173)।",VERIFIED,
B1-C00597,6855,,১১  আল্লাহর সরল পথ কোনটি?,SOURCE_BLOCK_NOTE,UNSPECIFIED,NARRATIVE_ONLY,HIGH,,,,CITATION_BULLET|PAGE_CHECK_MARKER,REF-177,YES,"•  কান্দুযী, ইয়ানাবিউল মাওয়াদ্দা (আল-মানাকিব থেকে) — ইমাম বাকির ও ইমাম সাদিক (আলাইহিমাস্ সালাম) — PAGE-CHECK।",CONFLICT,YES
B1-C00598,6856,,১১  আল্লাহর সরল পথ কোনটি?,SHIA_NARRATION,SHIA,NAMED_SOURCE,HIGH,Tafsir_al-Ayyashi,,,CITATION_BULLET|PAGE_CHECK_MARKER|SUTRA_MARKER|SHIA_BOOK,REF-178,YES,"•  আবু আবদুল্লাহ (আ.): «আল্লাহর কসম, তিনিই সরল পথ ও মিজান»; বুরাইদ আল-আজালির সূত্রে আবু জাফর (আ.) — তাফসীরে আইয়াশী — PAGE-CHECK।",CONFLICT,YES
B1-C00599,6975,,,QURAN,QURAN,QURAN_REF,HIGH,,,13:7|2:44|82:6,CITATION_BULLET|QURAN_MARKER,,YES,"•  কুরআন ১৩:৭, ২:৪৪, ৮২:৬ — api.alquran.cloud-এ মেলানো, CONFIRMED।",VERIFIED,
B1-C00600,6976,,,SOURCE_BLOCK_NOTE,UNSPECIFIED,NARRATIVE_ONLY,HIGH,,,,CITATION_BULLET|PAGE_CHECK_MARKER,REF-179,YES,"•  «আমিই সতর্ককারী… হে আলী, তুমিই পথপ্রদর্শক» — ইবনে মারদুইয়া, ইবনে জারীর (তাবারী), আবু নুআইম, ইবনে আসাকির, দাইলামী, ইবনুন নাজ্জার (খাতার উল্লেখ) — PAGE-CHECK।",PAGE-CHECK,
B1-C00601,6977,,,QURAN,QURAN,QURAN_REF,HIGH,,,13:7,CITATION_BULLET|PAGE_CHECK_MARKER,REF-180,YES,•  ১৩:৭-এর তিন মত (আল্লাহ / প্রত্যেক নবী / আলী) — তাফসীরে তাবারীতে একত্রে — PAGE-CHECK।,VERIFIED,
B1-C00602,6997,,"০২  সায়েম কাকা জানতে চাইলেন, সত্যবাদী কারা",PROSE_ATTRIBUTION,UNSPECIFIED,NARRATIVE_ONLY,LOW,,,,QURAN_MARKER|HADITH_WORD|RASUL_SAID,,NO,"“জি, কাকা। শাফেয়ী আলেম।” আমি পাতা উল্টালাম। “হাদিস এবং তাফসিরের ভিত্তিতে দেখা যায়, এখানে “আনআমতা আলাইহিম” বা “যাদের প্রতি অনুগ্রহ করা হয়েছে, ” তারা হচ্ছেন নবী রাসূলুল্লাহ ﷺ, তাঁর আহলুল বাইত এবং তাদের অনুসারীরা। উদাহরণস্বরূপ, মা’আনি আল-আখবার গ্রন্থে জাফর সাদিক (আলাইহিস্ সালাম) বলেছেন, এই আয়াতে অনুগ্রহপ্রাপ্ত বলতে রাসূলুল্লাহ ﷺ এবং তাঁর বংশধরদের বোঝানো হয়েছে।”",PAGE-CHECK,
B1-C00603,7032,,"০২  সায়েম কাকা জানতে চাইলেন, সত্যবাদী কারা",PROSE_ATTRIBUTION,UNSPECIFIED,NARRATIVE_ONLY,LOW,,,,RASUL_SAID,,NO,রাসূলুল্লাহ ﷺ বলেছেন:,PAGE-CHECK,
B1-C00604,7044,,"০২  সায়েম কাকা জানতে চাইলেন, সত্যবাদী কারা",QURAN,QURAN,QURAN_REF,HIGH,,,1:7|9:119|4:69,CITATION_BULLET|QURAN_MARKER,,YES,"•  কুরআন ১:৭, ৯:১১৯, ৪:৬৯ — api.alquran.cloud-এ মেলানো, CONFIRMED।",VERIFIED,
B1-C00605,7045,,"০২  সায়েম কাকা জানতে চাইলেন, সত্যবাদী কারা",SOURCE_BLOCK_NOTE,UNSPECIFIED,NARRATIVE_ONLY,HIGH,,,,CITATION_BULLET|PAGE_CHECK_MARKER,REF-181,YES,"•  আবু বকর হাযরামী শাফেয়ী, রাশফাতুস সাদী — আবুল আলিয়ার বর্ণনা — PAGE-CHECK। মাআনিল আখবার — ইমাম সাদিক (আ.) — PAGE-CHECK।",PAGE-CHECK,
B1-C00606,7046,,"০২  সায়েম কাকা জানতে চাইলেন, সত্যবাদী কারা",SOURCE_BLOCK_NOTE,UNSPECIFIED,NARRATIVE_ONLY,HIGH,,,,CITATION_BULLET|PAGE_CHECK_MARKER,REF-182,YES,"•  ইমাম বাকির (আ.): সত্যবাদীরা আলী, ফাতিমা, হাসান, হুসাইন (আলাইহিমুস সালাম) ও তাঁদের বংশধর — PAGE-CHECK।",PAGE-CHECK,
B1-C00607,7047,,"০২  সায়েম কাকা জানতে চাইলেন, সত্যবাদী কারা",SHIA_NARRATION,SHIA,NAMED_SOURCE,HIGH,Nahj_al-Balagha,Nahj_al-Balagha:455|Nahj_al-Balagha:4|Nahj_al-Balagha:455|Nahj_al-Balagha:4,,CITATION_BULLET|PAGE_CHECK_MARKER,REF-183,YES,"•  «ঈমান হলো লাভের মিথ্যার ওপর ক্ষতির সত্যকে প্রাধান্য দেওয়া» — নাহজুল বালাগা, হিকমত ৪৫৫ (খাতার উল্লেখ; সংস্করণভেদে ৪৫৮) — PAGE-CHECK।",EDITION-LOCK,YES
B1-C00608,7048,,"০২  সায়েম কাকা জানতে চাইলেন, সত্যবাদী কারা",SOURCE_BLOCK_NOTE,UNSPECIFIED,NARRATIVE_ONLY,HIGH,,,,CITATION_BULLET|PAGE_CHECK_MARKER|HADITH_WORD,REF-184,YES,•  «লা তানযুরু ইলা কাসরাতি সালাতিহিম… সিদকিল হাদিস ওয়া আদায়িল আমানাহ» — খাতার উল্লেখ: উয়ূনু আখবারির রিদা খ. ২ পৃ. ৫১ হা. ১৯৭; মিশকাতুল আনওয়ার (তাবারসী) খ. ১ পৃ. ১১৬ — PAGE-CHECK।,PAGE-CHECK,
B1-C00609,7049,,"০২  সায়েম কাকা জানতে চাইলেন, সত্যবাদী কারা",SOURCE_BLOCK_NOTE,UNSPECIFIED,NARRATIVE_ONLY,HIGH,,,,CITATION_BULLET|PAGE_CHECK_MARKER,REF-185,YES,•  ঢাকা আলিয়া মাদ্রাসার প্রথম অধ্যক্ষরা (১৮৫০–১৯২৭) — মাদ্রাসা-ই-আলিয়ার ইতিহাস (ইসলামিক ফাউন্ডেশন) — PAGE-CHECK।,PAGE-CHECK,
B1-C00610,7086,,"০৩  আহলুল বাইত কারা, রাসূলুল্লাহ ﷺ নিজেই দেখালেন",SUNNI_NARRATION,SUNNI,NAMED_SOURCE,HIGH,Jami_al-Tirmidhi,,,SUNNI_BOOK,,NO,"ইমাম সাহেব অনেকক্ষণ রাকিকার খাতার দিকে তাকিয়ে রইলেন। “এইটা তো তিরমিযিতেও আছে,” তিনি বললেন, প্রায় নিজের মনে। “উমর ইবনে আবি সালামার রেওয়ায়েত।”",PAGE-CHECK,
B1-C00611,7115,,"০৩  আহলুল বাইত কারা, রাসূলুল্লাহ ﷺ নিজেই দেখালেন",QURAN,QURAN,QURAN_REF,HIGH,,,33:33,CITATION_BULLET|QURAN_MARKER,,YES,"•  কুরআন ৩৩:৩৩ — api.alquran.cloud-এ মেলানো, CONFIRMED।",VERIFIED,
B1-C00612,7116,,"০৩  আহলুল বাইত কারা, রাসূলুল্লাহ ﷺ নিজেই দেখালেন",SUNNI_NARRATION,SUNNI,NAMED_SOURCE,HIGH,Jami_al-Tirmidhi,,,CITATION_BULLET|PAGE_CHECK_MARKER|SUTRA_MARKER|SUNNI_BOOK,REF-186,YES,"•  উম্মে সালামার ঘরে চাদর; «তুমি স্বস্থানে, কল্যাণের মধ্যে» — উমর ইবনে আবি সালামার সূত্রে জামে তিরমিযি — PAGE-CHECK (নম্বর মেলানো বাকি)।",CONFLICT,YES
B1-C00613,7117,,"০৩  আহলুল বাইত কারা, রাসূলুল্লাহ ﷺ নিজেই দেখালেন",SOURCE_BLOCK_NOTE,UNSPECIFIED,NARRATIVE_ONLY,HIGH,,,,CITATION_BULLET|PAGE_CHECK_MARKER,REF-187,YES,"•  ইবনে আব্বাস: নয় মাস প্রতি নামাজে আলীর ঘরের দরজায় সালাম — PAGE-CHECK; আনাস, আবু বারযা, আবুল হামরা, আবু সাঈদের অনুরূপ বর্ণনা — PAGE-CHECK।",CONFLICT,YES
B1-C00614,7118,,"০৩  আহলুল বাইত কারা, রাসূলুল্লাহ ﷺ নিজেই দেখালেন",SUNNI_NARRATION,SUNNI,NAMED_SOURCE,HIGH,Sahih_al-Bukhari,Sahih_al-Bukhari:3714|Sahih_al-Bukhari:3714,,CITATION_BULLET|SUNNI_BOOK,,YES,•  «ফাতিমা আমার অংশ» — বুখারি ৩৭১৪ — CONFIRMED (SECOND_NOTEBOOK/CITATION_RISK)।,VERIFIED,
B1-C00615,7129,,০৪  মা সাইয়্যিদা ফাতিমাতুয্ যাহরা (আলাইহাস্ সালাম)-এর মুখে চাদরের ঘটনা,QURAN,QURAN,QURAN_REF,HIGH,,,33:33,QURAN_MARKER,,NO,"উক্ত ৩৩: ৩৩ আয়াতে আহলুল বাইত শব্দের উদ্দেশ্য হল: রাসূলুল্লাহ ﷺ, ইমাম আলী (আলাইহিস্ সালাম), মা সাইয়্যিদা ফাতিমাতুয্ যাহরা (আলাইহাস্ সালাম), ইমাম হাসান (আলাইহিস্ সালাম) এবং ইমাম হুসাইন (আলাইহিস্ সালাম)।",VERIFIED,
B1-C00616,7143,,০৪  মা সাইয়্যিদা ফাতিমাতুয্ যাহরা (আলাইহাস্ সালাম)-এর মুখে চাদরের ঘটনা,QURAN,QURAN,QURAN_REF,HIGH,,,33:33,QURAN_MARKER,,NO,"হে আমার আহলুল বাইত, ফজর সালাতের সময় হয়েছে। অতঃপর তাতহিরের আয়াতটি (৩৩: ৩৩) তেলাওয়াত করতেন। এবং এ কাজ প্রায়৬ মাস একাধারে প্রতিদিন পুনরাবৃত্তি করেন।",VERIFIED,
B1-C00617,7152,,০৪  মা সাইয়্যিদা ফাতিমাতুয্ যাহরা (আলাইহাস্ সালাম)-এর মুখে চাদরের ঘটনা,PROSE_ATTRIBUTION,UNSPECIFIED,NARRATIVE_ONLY,LOW,,,,RASUL_SAID,,NO,"আমি বললাম, “তুমি ঠিকই বলেছ। ঐ চাদরের ভিতরেই তোমার নানাজান আছেন। তখন হোসেন ইবনে আলী চাদরের নিকট এগিয়ে যেয়ে বলল, হে আমার নানাজান, আপনার উপর দরুদ ও সালাম। আমি কি আপনার চাদরের নীচে আসতে পারি? রাসূলুল্লাহ ﷺ বললেন, হে আমার সন্তান, আমার উম্মতের শাফা’আতকারী, তোমার উপরেও দরুদ ও সালাম রইল। হে কাওসারের সন্তান, হে জান্নাতের যুবকদের সর্দার, অবশ্যই চাদরের নীচে তোমার আসার অনুমতি রয়েছে। অনুমতি পাওয়া মাত্র হোসেন ইবনে আলী (আলাইহিস্ সালাম) রাসুলের ﷺ চাদরের ভিতরে প্রবেশ করল। এই ঘটনার কিছু পরেই আমার স্বামী আবুল হাসান ইবনে আবু তালেব (আলাইহিস্ সালাম) গৃহে প্রবেশ করলেন। তিনি আমাকে বললেন, হে আল্লাহর রাসুলের ﷺ কন্যা, আপনার প্রতি আমার সালাম। আমি উত্তরে তাকে বললাম, আপনার উপর আমার দরুদ ও সালাম রইল হে আমিরুল মুমিনিন। তখন আবুল হাসান ইবনে আবু তালীব (আলাইহিস্ সালাম) বললেন, হে হাসান হোসেনের জননী, আমি এখানে এমন একজনের সুঘ্রান পাচ্ছি যিনি অবশ্যই আমার চাচাত ভাই রাসুলে খোদা ﷺ হবেন। আমি বললাম, জ্বী, আপনি সঠিক বলেছেন। আপনার দুই পুত্রকে নিয়ে পিতাজান ﷺ ঐ ইয়েমেনী চাদরের ভিতরে অবস্থান করছেন।”",PAGE-CHECK,
B1-C00618,7181,,০৪  মা সাইয়্যিদা ফাতিমাতুয্ যাহরা (আলাইহাস্ সালাম)-এর মুখে চাদরের ঘটনা,SUNNI_NARRATION,SUNNI,NAMED_SOURCE,HIGH,Jami_al-Tirmidhi|Sahih_Muslim|al-Bayhaqi,Sahih_Muslim:2424|Sahih_Muslim:2424,,CITATION_BULLET|PAGE_CHECK_MARKER|SUTRA_MARKER|SUNNI_BOOK,REF-188,YES,"•  কিসার সংক্ষিপ্ত রূপ (উম্মে সালামা ও আয়িশার সূত্রে) — সহীহ মুসলিম ২৪২৪ — CONFIRMED (SECOND_NOTEBOOK/CITATION_RISK; D-017); তিরমিযি, মুস্তাদরাক, বায়হাকী, দুররে মানসুর, শাওয়াহিদুত তানযীল, মুসনাদে আহমাদ (খাতার তালিকা) — PAGE-CHECK।",CONFLICT,YES
B1-C00619,7182,,০৪  মা সাইয়্যিদা ফাতিমাতুয্ যাহরা (আলাইহাস্ সালাম)-এর মুখে চাদরের ঘটনা,SOURCE_BLOCK_NOTE,UNSPECIFIED,NARRATIVE_ONLY,HIGH,,,,CITATION_BULLET|PAGE_CHECK_MARKER,REF-189,YES,"•  আনাস: ফজরের আগে আলী ও ফাতিমার দরজায় «আস-সালাত, ইয়া আহলাল বাইত» — শাওয়াহিদুত তানযীল — PAGE-CHECK।",CONFLICT,YES
B1-C00620,7183,,০৪  মা সাইয়্যিদা ফাতিমাতুয্ যাহরা (আলাইহাস্ সালাম)-এর মুখে চাদরের ঘটনা,SOURCE_BLOCK_NOTE,UNSPECIFIED,NARRATIVE_ONLY,HIGH,,,,CITATION_BULLET|PAGE_CHECK_MARKER|SUTRA_MARKER|HADITH_WORD,REF-190,YES,•  জাবিরের সূত্রে মা সাইয়্যিদার জবানিতে হাদিসে কিসা (দীর্ঘ রূপ) — আওয়ালিমুল উলুম / মাফাতিহুল জিনান-এ সংকলিত — PAGE-CHECK।,CONFLICT,YES
B1-C00621,7184,,০৪  মা সাইয়্যিদা ফাতিমাতুয্ যাহরা (আলাইহাস্ সালাম)-এর মুখে চাদরের ঘটনা,SUNNI_NARRATION,SUNNI,NAMED_SOURCE,HIGH,Mustadrak_al-Hakim,,,CITATION_BULLET|PAGE_CHECK_MARKER|BARNITA_MARKER|SUNNI_BOOK,REF-191,YES,"•  আবু যারের কাবার দরজায় বাণী: «আমার আহলুল বাইত নূহের কিস্তির মতো» — বর্ণিত আছে, PAGE-CHECK (মুস্তাদরাক হাকিম)।",CONFLICT,YES
B1-C00622,7234,,০৬  “দ্বীনের খুঁটি কয়টা?”,SUNNI_NARRATION,SUNNI,NAMED_SOURCE,HIGH,Sahih_Muslim,,,SUNNI_BOOK|HADITH_WORD,,NO,"বুরুল্লাহ আস্তে বলল, “মা সাইয়্যিদা ফাতিমাতুয্ যাহরা (আলাইহাস্ সালাম) হলেন এই উসুলে দ্বীনের নাবুয়্যাত ও ইমামতের মধ্যেকার সবচেয়ে উত্তম যোগসুত্র বা সেতু বন্ধন। তিনি হলেন রাসূলুল্লাহ ﷺ-এর কন্যা, প্রথম ইমাম আলী (আলাইহিস্ সালাম)-এর স্ত্রী এবং বাকি ১১জন ইমামদের (আলাইহিস্ সালাম) মা। আল্লাহ তাকে এই গুণ ও বিশেষত্ব দিয়ে আলাদা করেছেন কারণ মা সাইয়্যিদা ফাতিমাতুয্ যাহরা (আলাইহাস্ সালাম) ছিলেন নারী ও পুরুষ তথা গোটা মানব জাতির জন্য অসাধারণ ত্যাগ, বিশ্বস্ততা, অন্যায়ের ব্যাপারে আপোষহীনতা, সততা, দানশীলতা, ধৈর্য, চারিত্রিক পবিত্রতা, লজ্জাশীলতা ও পর্দানশীলতা, আল্লাহর প্রতি সন্তুষ্টিসহ অনেক মহান স্বর্গীয় গুণের আদর্শ। আর এ জন্যেই তাঁর উপাধি ছিল আস-সিদ্দিক্বা বা সত্য-নিষ্ঠ, আল-মুবারাকাহ বা বরকতপ্রাপ্ত, আত-ত্বাহিরা বা পবিত্র, আল-মারজিয়া বা আল্লাহর প্রতি সন্তুষ্ট, বাতুল বা শ্রেষ্ঠত্বের ক্ষেত্রে আদর্শ বা অতুলনীয়, আয যাকিয়া বা সতী, মুহাদ্দিসাহ বা হাদিসের বর্ণনাকারী, সাইয়্যিদাতুন নিসায়িল আলামিন বা নারীকুলের মধ্যে শ্রেষ্ঠ, খাতুনে জান্নাত বা বেহেশতি নারীদের নেত্রী, আয যাহরা বা দ্যুতিময় ইত্যাদি। তাঁর প্রত্যেকটি সিন্ধান্ত ও কর্ম সকল মুসলিম মহিলাদের জন্য এবং প্রকৃতপক্ষে সমস্ত মুসলমানদের জন্য একটি আদর্শ উদাহরণ ছিলেন।”",PAGE-CHECK,
B1-C00623,7294,,,QURAN,QURAN,QURAN_REF,HIGH,,,98:5|17:71,CITATION_BULLET|QURAN_MARKER,,YES,"•  কুরআন ৯৮:৫, ১৭:৭১ — api.alquran.cloud-এ মেলানো, CONFIRMED।",VERIFIED,
B1-C00624,7295,,,QURAN,SHIA,QURAN_REF,HIGH,Tafsir_al-Qummi|Tawil_al-Ayat,,98:5,CITATION_BULLET|PAGE_CHECK_MARKER|BARNITA_MARKER|QURAN_MARKER|SHIA_BOOK,REF-192,YES,"•  ৯৮:৫-এর ব্যাখ্যায় ইমাম বাকির (আ.): নামাজ = আমিরুল মুমিনীন, দ্বীনুল কাইয়্যিমা = মা সাইয়্যিদা — বর্ণিত আছে, PAGE-CHECK (তাফসীরে কুম্মী/তাবিলুল আয়াত)।",VERIFIED,
B1-C00625,7296,,,SOURCE_BLOCK_NOTE,UNSPECIFIED,NARRATIVE_ONLY,HIGH,,,,CITATION_BULLET|HADITH_WORD,,YES,"•  উসুলে দ্বীন (তাওহিদ, আদল, নাবুয়্যাত, ইমামত, কিয়ামত) — শিয়া আকিদার প্রচলিত বিভাজন; কোনো হাদিস-দাবি নেই।",PAGE-CHECK,
B1-C00626,7317,,০৭  চল্লিশ রাত ধরে বুরুল্লাহর আব্বুর পড়া,SUNNI_NARRATION,SUNNI,NAMED_SOURCE,HIGH,Sahih_al-Bukhari,,,SUNNI_BOOK|HADITH_WORD,,NO,"এরপর, বাড়ি ফেরার পথে আব্বুর মুখাবয়বে গভীর চিন্তার ছাপ পড়ল। তিনি কোরআনের কয়েকটি বাংলা অনুবাদ এবং বুখারির (এমদাদিয়ার) সাতটি খণ্ডসহ অন্যান্য হাদিসের বই সংগ্রহ করলেন। আমি পাশে ছিলাম, যেন তার সহযোগী হয়ে উঠেছি। কিন্তু বাড়ি ফেরার পর থেকেই আব্বুর মন অন্য কিছুতে নিবদ্ধ হয়ে গেল।",PAGE-CHECK,
B1-C00627,7318,,০৭  চল্লিশ রাত ধরে বুরুল্লাহর আব্বুর পড়া,SUNNI_NARRATION,SUNNI,NAMED_SOURCE,HIGH,Sahih_al-Bukhari,,,SUNNI_BOOK,,NO,“বই জোগাড় করলেন কোথা থেকে?” কাকার প্রশ্ন। “বুখারির সাত খণ্ড তো অনেক দামের।”,PAGE-CHECK,
B1-C00628,7345,,০৭  চল্লিশ রাত ধরে বুরুল্লাহর আব্বুর পড়া,SOURCE_BLOCK_NOTE,UNSPECIFIED,NARRATIVE_ONLY,HIGH,,,,CITATION_BULLET|QURAN_MARKER|HADITH_WORD,,YES,•  এই অধ্যায়ে কোনো আয়াত বা হাদিস উদ্ধৃত নেই।,PAGE-CHECK,
B1-C00629,7423,,"০৮  কেউ কাছে আসে, কেউ দূরে সরে",ATTRIBUTION_ONLY,UNSPECIFIED,ATTRIBUTION_FORMULA,MEDIUM,,,,CITATION_BULLET|PAGE_CHECK_MARKER|BARNITA_MARKER,REF-193,YES,"•  আমিরুল মুমিনীন (আ.): «لَا خَیْرَ فِی مَنْ لَا یَتَحَبَّبُ وَ لَا یَتَبَغَّضُ» — বর্ণিত আছে, PAGE-CHECK (গুরারুল হিকাম?)।",PAGE-CHECK,
B1-C00630,7424,,"০৮  কেউ কাছে আসে, কেউ দূরে সরে",SHIA_NARRATION,SHIA,NAMED_SOURCE,HIGH,Nahj_al-Balagha,Nahj_al-Balagha:179|Nahj_al-Balagha:179,,CITATION_BULLET|PAGE_CHECK_MARKER,REF-194,YES,"•  «আমি এমন আল্লাহর ইবাদত করি না যাঁকে দেখি না» — নাহজুল বালাগা, খুতবা ১৭৯ (জি'লিব আল-ইয়ামানির প্রশ্ন) — PAGE-CHECK (অধ্যায় ৯-এ বিস্তারিত)।",EDITION-LOCK,YES
B1-C00631,7425,,"০৮  কেউ কাছে আসে, কেউ দূরে সরে",SOURCE_BLOCK_NOTE,UNSPECIFIED,NARRATIVE_ONLY,HIGH,,,,CITATION_BULLET|HADITH_WORD,,YES,"•  ইবনে সিনা ও ছাত্রের আজান-গল্প; উরফীর কবিতা — প্রচলিত গল্প/কবিতা, কোনো হাদিস-দাবি নেই।",PAGE-CHECK,
B1-C00632,7433,,"০৯  “আমি কি এমন কারও ইবাদত করব, যাঁকে দেখিনি?”",SHIA_NARRATION,SHIA,NAMED_SOURCE,HIGH,Nahj_al-Balagha,,,,,NO,"তিনি জায়নামাজটা তাকে রাখলেন, আর তাক থেকে নামালেন একটি পুরোনো বাংলা নাহজুল বালাগা, মলাটে সোনালি অক্ষর মুছে গেছে। রাহাতের পাশে বসে খুললেন। অধ্যায়ের শুরুতে অনুবাদকের কয়েকটি লাইন; চাচা সেখান থেকেই পড়তে শুরু করলেন, আঙুল লাইনের নিচে রেখে:",EDITION-LOCK,YES
B1-C00633,7496,,"০৯  “আমি কি এমন কারও ইবাদত করব, যাঁকে দেখিনি?”",SHIA_NARRATION,SHIA,NAMED_SOURCE,HIGH,Nahj_al-Balagha,Nahj_al-Balagha:179|Nahj_al-Balagha:179,,CITATION_BULLET|PAGE_CHECK_MARKER,REF-195,YES,"•  «যাঁকে দেখিনি, তাঁর ইবাদত করি না… চোখ নয়, অন্তর ঈমানের বাস্তবতায় তাঁকে দেখে» — নাহজুল বালাগা, খুতবা ১৭৯ (যি’লিব আল-ইয়ামানির প্রশ্ন) — PAGE-CHECK (সংস্করণভেদে নম্বর)।",EDITION-LOCK,YES
B1-C00634,7497,,"০৯  “আমি কি এমন কারও ইবাদত করব, যাঁকে দেখিনি?”",ATTRIBUTION_ONLY,UNSPECIFIED,ATTRIBUTION_FORMULA,MEDIUM,,,,CITATION_BULLET|PAGE_CHECK_MARKER|BARNITA_MARKER,REF-196,YES,"•  «সাত আসমানের আড়ালে লুক্কায়িত» শপথকারীকে তিরস্কার — বর্ণিত আছে, PAGE-CHECK।",PAGE-CHECK,
B1-C00635,7498,,"০৯  “আমি কি এমন কারও ইবাদত করব, যাঁকে দেখিনি?”",SHIA_NARRATION,SHIA,NAMED_SOURCE,HIGH,al-Kafi,,,CITATION_BULLET|PAGE_CHECK_MARKER|BARNITA_MARKER|SHIA_BOOK,REF-197,YES,"•  ইহুদি আলেমের প্রশ্ন «আল্লাহ কখন থেকে আছেন?» — বর্ণিত আছে (আল-কাফি, কিতাবুত তাওহিদ?) — PAGE-CHECK।",EDITION-LOCK,YES
B1-C00636,7553,,১০  রাসূলুল্লাহ ﷺ-এর বিছানায় ইমাম আলী (আলাইহিস্ সালাম),QURAN,QURAN,QURAN_REF,HIGH,,,2:207|3:195|3:198,CITATION_BULLET|QURAN_MARKER,,YES,"•  কুরআন ২:২০৭, ৩:১৯৫, ৩:১৯৮ — api.alquran.cloud-এ মেলানো, CONFIRMED।",VERIFIED,
B1-C00637,7554,,১০  রাসূলুল্লাহ ﷺ-এর বিছানায় ইমাম আলী (আলাইহিস্ সালাম),SOURCE_BLOCK_NOTE,UNSPECIFIED,NARRATIVE_ONLY,HIGH,,,,CITATION_BULLET|PAGE_CHECK_MARKER,REF-198,YES,"•  লাইলাতুল মাবিত — ইবনে হিশাম, আস-সিরাতুন নাবাবিয়্যা, ১ম খণ্ড (খাতার উল্লেখ) — PAGE-CHECK।",PAGE-CHECK,
B1-C00638,7555,,১০  রাসূলুল্লাহ ﷺ-এর বিছানায় ইমাম আলী (আলাইহিস্ সালাম),SHIA_NARRATION,SHIA,NAMED_SOURCE,HIGH,Bihar_al-Anwar,Bihar_al-Anwar:5,,CITATION_BULLET|PAGE_CHECK_MARKER|SHIA_BOOK,REF-199,YES,"•  কুরাইশদের ভুলের কারণ «একই নূর» — বিহারুল আনওয়ার, ৫ম খণ্ড (খাতার উল্লেখ) — PAGE-CHECK।",EDITION-LOCK,YES
B1-C00639,7556,,১০  রাসূলুল্লাহ ﷺ-এর বিছানায় ইমাম আলী (আলাইহিস্ সালাম),QURAN,QURAN,QURAN_REF,HIGH,,,3:195|3:198,CITATION_BULLET|PAGE_CHECK_MARKER|BARNITA_MARKER,REF-200,YES,"•  ৩:১৯৫ «পুরুষটি তুমি, হে আলী; নারীটি ফাতিমা»; ৩:১৯৮ «হে আলী, তুমিই সেই পুরস্কার» — বর্ণিত আছে, PAGE-CHECK।",VERIFIED,
B1-C00640,7599,,১১  স্বপ্নে রাসূলুল্লাহ ﷺ-কে দেখলে কী হয়?,QURAN,QURAN,QURAN_REF,HIGH,,,9:84,CITATION_BULLET|QURAN_MARKER,,YES,"•  কুরআন ৯:৮৪ — api.alquran.cloud-এ মেলানো, CONFIRMED।",VERIFIED,
B1-C00641,7600,,১১  স্বপ্নে রাসূলুল্লাহ ﷺ-কে দেখলে কী হয়?,SUNNI_NARRATION,SUNNI,NAMED_SOURCE,HIGH,Sahih_Muslim|Sahih_al-Bukhari,,,CITATION_BULLET|PAGE_CHECK_MARKER|BARNITA_MARKER|SUNNI_BOOK,REF-201,YES,"•  «যে স্বপ্নে আমাকে দেখল, সে সত্যিই আমাকে দেখল» — বর্ণিত আছে, PAGE-CHECK (বুখারি/মুসলিম; নম্বর মেলানো বাকি)।",CONFLICT,YES
B1-C00642,7601,,১১  স্বপ্নে রাসূলুল্লাহ ﷺ-কে দেখলে কী হয়?,SUNNI_NARRATION,SUNNI,NAMED_SOURCE,HIGH,Sahih_al-Bukhari,Sahih_al-Bukhari:1350|Sahih_al-Bukhari:1350,,CITATION_BULLET|PAGE_CHECK_MARKER|SUNNI_BOOK,REF-202,YES,"•  আবদুল্লাহ ইবনে উবাইকে জামা দান ও জানাজা — সহীহ বুখারি, কিতাবুল জানাইয (খাতার উল্লেখ ১৩৫০) — PAGE-CHECK; «এক হাজার খাযরাজি» — PAGE-CHECK।",CONFLICT,YES
B1-C00643,7602,,১১  স্বপ্নে রাসূলুল্লাহ ﷺ-কে দেখলে কী হয়?,SOURCE_BLOCK_NOTE,UNSPECIFIED,NARRATIVE_ONLY,HIGH,,,,CITATION_BULLET|PAGE_CHECK_MARKER,REF-203,YES,"•  রাসূলুল্লাহ ﷺ-কে হত্যার জন্য গোত্রগুলোর একত্র হওয়া — ইবনে হিশাম, আস-সিরাতুন নাবাবিয়্যা (খাতার উল্লেখ) — PAGE-CHECK।",PAGE-CHECK,
B1-C00644,7659,,১২  আল্লাহ কি দেখতে মানুষের মতো?,QURAN,QURAN,QURAN_REF,HIGH,,,38:75|8:62,CITATION_BULLET|QURAN_MARKER,,YES,"•  কুরআন ৩৮:৭৫, ৮:৬২ — api.alquran.cloud-এ মেলানো, CONFIRMED।",VERIFIED,
B1-C00645,7660,,১২  আল্লাহ কি দেখতে মানুষের মতো?,SHIA_NARRATION,SHIA,NAMED_SOURCE,HIGH,Tafsir_al-Qummi,,,CITATION_BULLET|PAGE_CHECK_MARKER|SHIA_BOOK|HADITH_WORD,REF-204,YES,"•  ইউনুস ইবনে যিবইয়ানের রেওয়ায়েত (আল্লাহর ‘চেহারা’ ও ‘হাত’; বারো ইমাম; «প্রতিটি সময়ের জন্য একটি হাদিস») — শাইখ সাদুক, কামালুদ্দীন ওয়া তামামুন নি'মা; খাযযায কুম্মী, কিফায়াতুল আসার (খাতার উল্লেখ) — PAGE-CHECK (নকশার নির্দেশ: যাচাই)।",EDITION-LOCK,YES
B1-C00646,7759,,,PROSE_ATTRIBUTION,UNSPECIFIED,NARRATIVE_ONLY,LOW,,,,RASUL_SAID,,NO,"ইমাম আলী (আলাইহিস্ সালাম) — জ্ঞানের দরজা—রাসূলুল্লাহ ﷺ বলেছেন: ""আমি জ্ঞানের শহর, আর আলী তার দরজা।” এই দরজা এড়িয়ে কেউ নবীর শহরে প্রবেশ করতে পারে না।",PAGE-CHECK,
B1-C00647,7766,,,PROSE_ATTRIBUTION,UNSPECIFIED,NARRATIVE_ONLY,LOW,,,,RASUL_SAID,,NO,"ফয়সাল এতক্ষণে নড়েচড়ে বসল। “বুরুল্লাহ ভাই, একটা কথা আমি শুনেছি, কোথায় শুনেছি মনে নেই। আল্লাহ যেন বলেছেন, আমাকে ভালোবাসো, তার আগে আমার রাসূলকে ভালোবাসো।”",PAGE-CHECK,
B1-C00648,7768,,,ATTRIBUTION_ONLY,UNSPECIFIED,ATTRIBUTION_FORMULA,MEDIUM,,,,BARNITA_MARKER|RASUL_SAID,REF-205,NO,"“বর্ণিত আছে, আল্লাহ বলেছেন— আমাকে ভালোবাসো, তার আগে আমার রাসূলকে ভালোবাসো, আর রাসূলকে ভালোবাসো, তার আগে আমার ওলিকে ভালোবাসো।”",CONFLICT,YES
B1-C00649,7780,,,PROSE_ATTRIBUTION,UNSPECIFIED,NARRATIVE_ONLY,LOW,,,,RASUL_SAID,,NO,"“আল্লাহ যাকে চান, তাকে হেদায়াত দেন।” তিনি একমাত্র মালিক—এই আলো তাঁরই। কিন্তু তিনি নিজেই বলেছেন: “তোমরা যদি আমাকে ভালোবাসো, তবে রাসূলের অনুসরণ করো।” অর্থাৎ, হেদায়াতের দরজা তিনি খুলেছেন তাঁর প্রিয়তমের হাতে। আর সেই দরজার চাবি? আহলুল বাইতের ভালোবাসা।",PAGE-CHECK,
B1-C00650,7810,,,SOURCE_BLOCK_NOTE,UNSPECIFIED,NARRATIVE_ONLY,HIGH,,,,CITATION_BULLET,,YES,"•  রাজার গল্প, সারণি, মইয়ের ধাপ ও «হেদায়াত কাকে বলে» লেখকের নিজের খাতা থেকে; গল্পটি রূপক।",PAGE-CHECK,
B1-C00651,7811,,,QURAN,QURAN,QURAN_REF,HIGH,,,3:31,CITATION_BULLET|QURAN_MARKER,,YES,"•  কুরআন ৩:৩১–৩২ — api.alquran.cloud-এ মেলানো, CONFIRMED।",VERIFIED,
B1-C00652,7812,,,SUNNI_NARRATION,SUNNI,NAMED_SOURCE,HIGH,Jami_al-Tirmidhi|Sahih_Muslim,Sahih_Muslim:2408|Sahih_Muslim:2408|Jami_al-Tirmidhi:3786|Jami_al-Tirmidhi:3786|Jami_al-Tirmidhi:3788|Jami_al-Tirmidhi:3788,,CITATION_BULLET|PAGE_CHECK_MARKER|SUNNI_BOOK|HADITH_WORD,REF-206,YES,"•  সাকালাইনের হাদীস: «কিতাবুল্লাহ ও আহলুল বাইত» সহীহ মুসলিম ২৪০৮ (শব্দ «أهل بيتي»; CONFIRMED, সংস্করণ-পাঠ); «যদি আঁকড়ে ধরো, কখনো বিভ্রান্ত হবে না» অংশটি জামে তিরমিযি ৩৭৮৬ («كتاب الله وعترتي أهل بيتي», হাসান গরিব; CONFIRMED, সংস্করণ-পাঠ; মান নিয়ে মতভেদ আছে)। খাতার «তিরমিযি ৩৭৮৮» PAGE-CHECK।",CONFLICT,YES
B1-C00653,7813,,,ATTRIBUTION_ONLY,UNSPECIFIED,ATTRIBUTION_FORMULA,MEDIUM,,,,CITATION_BULLET|PAGE_CHECK_MARKER|BARNITA_MARKER,REF-207,YES,"•  «আমি জ্ঞানের শহর, আলী তার দরজা» — বর্ণিত আছে; PAGE-CHECK (কিতাব-খণ্ড-পৃষ্ঠা লাগবে)।",CONFLICT,YES
B1-C00654,7814,,,ATTRIBUTION_ONLY,UNSPECIFIED,ATTRIBUTION_FORMULA,MEDIUM,,,,CITATION_BULLET|PAGE_CHECK_MARKER|BARNITA_MARKER|HADITH_WORD,REF-208,YES,"•  কিশতীর হাদীস («যে চড়বে, সে নাজাত পাবে») — বর্ণিত আছে; PAGE-CHECK।",CONFLICT,YES
B1-C00655,7815,,,QURAN,QURAN,QURAN_REF,HIGH,,,28:56|13:27,CITATION_BULLET|QURAN_MARKER,,YES,"•  «আল্লাহ যাকে চান, তাকে হেদায়াত দেন» — কুরআন ২৮:৫৬-এর ভাব; «যে ফেরে তাঁর দিকে, তাকে হেদায়াত দেন» — ১৩:২৭-এর ভাব; দুটোই api.alquran.cloud-এ মেলানো, CONFIRMED।",VERIFIED,
B1-C00656,7816,,,ATTRIBUTION_ONLY,UNSPECIFIED,ATTRIBUTION_FORMULA,MEDIUM,,,,CITATION_BULLET|PAGE_CHECK_MARKER|BARNITA_MARKER,REF-209,YES,"•  «আমাকে ভালোবাসো, তার আগে আমার রাসূলকে… ওলিকে» — বর্ণিত আছে; উৎস পাওয়া যায়নি, PAGE-CHECK।",CONFLICT,YES
B1-C00657,7817,,,QURAN,QURAN,QURAN_REF,HIGH,,,42:23,CITATION_BULLET|PAGE_CHECK_MARKER|QURAN_MARKER,REF-210,YES,•  কুরআন ৪২:২৩ (REV1-এ যোগ) — PAGE-CHECK: api.alquran.cloud-এ বাংলা পাঠ মেলাতে হবে।,VERIFIED,
B1-C00658,7818,,,QURAN,QURAN,QURAN_REF,HIGH,,,38:76,CITATION_BULLET|QURAN_MARKER,,YES,"•  ইবলিসের «আমি আগুন থেকে» — কুরআন ৩৮:৭৬-এর ভাব (CONFIRMED); «আদম আমার ওসীলা» বুরুল্লাহর ব্যাখ্যা, আয়াত নয়।",VERIFIED,
B1-C00659,7871,,০২  চোখের সামনের জিনিসও আমরা দেখি না কেন?,ATTRIBUTION_ONLY,UNSPECIFIED,ATTRIBUTION_FORMULA,MEDIUM,,,,BARNITA_MARKER|QURAN_MARKER,REF-211,NO,"বুরুল্লাহ সোজা হয়ে বসল। হাত বাড়িয়ে আমার খাতাটা নিল; এই আয়াতের নিচে আমি একটি বর্ণনা টুকে রেখেছিলাম, সে জানত। মোবাইলের আলো পাতায় ফেলে পড়ল, “এই আয়াতের তাফসিরে ইমাম সাদিক (আলাইহিস্ সালাম) বলেছেন বলে বর্ণিত আছে— যেহেতু উল্লেখিত ‘গভীর অন্ধকার’ বলতে প্রথমজনকে এবং তার সঙ্গীদেরকে বোঝানো হয়েছে, ‘যাকে আচ্ছন্ন করে রেখেছে ঢেউয়ের উপরে ঢেউ’ বলতে তৃতীয়জনকে— ‘তার উপরে মেঘ, একের পর এক অন্ধকারের স্তর’ বলতে মোয়াবিয়াকে (আল্লাহর লানত তার উপর) এবং বনী উমাইয়াদের ফিতনাকে বোঝানো হয়েছে। ফিতনার অন্ধকার থেকে বিশ্বাসী ব্যক্তি যখন তার হাত বাড়িয়ে দেয়, তখন সে তা একেবারেই দেখতে পায় না।",CONFLICT,YES
B1-C00660,7884,,০২  চোখের সামনের জিনিসও আমরা দেখি না কেন?,SHIA_NARRATION,SHIA,NAMED_SOURCE,HIGH,Nahj_al-Balagha,,,,,NO,"বুরুল্লাহর ঠোঁটের কোণ উঠে গেল। “নিচে আব্বুর তাকে নাহজুল বালাগা আছে। সবুজ মলাট, তিন নম্বর তাকে। নিয়ে এসো। খুতবা খুঁজে বের করো, আমি দেখিয়ে দেব।”",EDITION-LOCK,YES
B1-C00661,7940,,,SHIA_NARRATION,SHIA,NAMED_SOURCE,HIGH,Nahj_al-Balagha,,,,,NO,তাকাভি নাহজুল বালাগাটা বন্ধ করে বুকে চেপে রাখল। “সেই আলো আমাদের হৃদয়ে প্রবেশ করুক। আজ রাত যেন তার শুরু হোক।”,EDITION-LOCK,YES
B1-C00662,7957,,,SOURCE_BLOCK_NOTE,UNSPECIFIED,NARRATIVE_ONLY,HIGH,,,,CITATION_BULLET,,YES,"•  লবণের বাটির গল্প, «অন্ধত্ব শুধু চোখের নয়» ও কুফার খুতবার বর্ণনা লেখকের নিজের খাতা থেকে।",PAGE-CHECK,
B1-C00663,7958,,,QURAN,QURAN,QURAN_REF,HIGH,,,6:50|24:40|24:40,CITATION_BULLET|QURAN_MARKER,,YES,"•  কুরআন ৬:৫০ (শেষাংশ) ও ২৪:৪০ — api.alquran.cloud-এ মেলানো, CONFIRMED। ২৪:৪০-এর অনুবাদ খাতার নিজের অনুবাদ।",VERIFIED,
B1-C00664,7959,,,QURAN,QURAN,QURAN_REF,HIGH,,,24:40,CITATION_BULLET|PAGE_CHECK_MARKER|BARNITA_MARKER,REF-212,YES,"•  ২৪:৪০-এর তাফসিরে ইমাম জাফর আস-সাদিক (আলাইহিস্ সালাম)-এর ব্যাখ্যা — বর্ণিত আছে; PAGE-CHECK (তাফসিরে কুম্মি বলে অনুমান, খোলা হয়নি)।",CONFLICT,YES
B1-C00665,7960,,,SHIA_NARRATION,SHIA,NAMED_SOURCE,HIGH,Nahj_al-Balagha,Nahj_al-Balagha:50|Nahj_al-Balagha:50,,CITATION_BULLET|PAGE_CHECK_MARKER,REF-213,YES,"•  «ফিতনা শুরু হয় খেয়াল-খুশির অনুসরণ ও নতুন বিধান উদ্ভাবনে… মিশ্রিত সত্য-মিথ্যায় শয়তান বেঁধে ফেলে» — আমিরুল মুমিনিন (আলাইহিস্ সালাম)-এর বাণী, নাহজুল বালাগা খুতবা ৫০-এর ভাব; PAGE-CHECK।",EDITION-LOCK,YES
B1-C00666,7961,,,SHIA_NARRATION,SHIA,NAMED_SOURCE,HIGH,Nahj_al-Balagha,Nahj_al-Balagha:93|Nahj_al-Balagha:93,,CITATION_BULLET|PAGE_CHECK_MARKER,REF-214,YES,"•  নাহরাওয়ানের পর «আমি ফিতনার চোখ অন্ধ করেছি… আহলুল বাইতের দিকে তাকিয়ে থাকো… তাদের আগে এগিয়ো না» — নাহজুল বালাগা খুতবা ৯৩-এর অংশবিশেষের ভাব; খাতার বর্ণনা নাটকীয় পুনর্কথন, PAGE-CHECK (খুতবা নম্বর সংস্করণভেদে ভিন্ন)।",EDITION-LOCK,YES
B1-C00667,7991,,০৩  জন্মদিনের কেক কি বিদআত?,PROSE_ATTRIBUTION,UNSPECIFIED,NARRATIVE_ONLY,LOW,,,,RASUL_SAID,,NO,"ইয়াকুব ইবনে ইয়াজিদ, সাধারণ মুসলমানদের মাধ্যমে বর্ণিত: রাসূলুল্লাহ ﷺ বলেছেন— ""আল্লাহ বিদআতির তওবা গ্রহণ করতে অস্বীকার করেন।” লোকেরা বলল, ""হে রাসূলুল্লাহ, কেন?” তিনি বললেন— ""তার হৃদয় বিদআতের প্রতি আসক্ত হয়ে গেছে।”",PAGE-CHECK,
B1-C00668,8000,,০৩  জন্মদিনের কেক কি বিদআত?,ATTRIBUTION_ONLY,UNSPECIFIED,ATTRIBUTION_FORMULA,MEDIUM,,,,BARNITA_MARKER,REF-215,NO,"“বর্ণিত আছে, একবার অতীতের যুগে এক ব্যক্তি হালাল উপায়ে দুনিয়া অর্জনের চেষ্টা করল, কিন্তু তাতে সফল হতে পারল না। সে হারাম উপায়েও চেষ্টা করল, কিন্তু তাতেও সফল হলো না।",PAGE-CHECK,
B1-C00669,8019,,০৩  জন্মদিনের কেক কি বিদআত?,ATTRIBUTION_ONLY,UNSPECIFIED,ATTRIBUTION_FORMULA,MEDIUM,,,,BARNITA_MARKER,REF-216,NO,"“বর্ণিত আছে, ইমাম আল-রেযা (আলাইহিস্ সালাম)-এর সেবা করতেন এমন একজন বর্ণনা করেছেন, ইমাম বলেছেন— ‘একজন মুমিন কখনোই পরিপূর্ণ মুমিন হতে পারে না, যতক্ষণ না তার মধ্যে তিনটি গুণাবলি থাকে— তার প্রতিপালকের (আল্লাহ) একটি সুন্নাহ, তার নবীর একটি সুন্নাহ, তার ইমামের (আলাইহিস্ সালাম) একটি সুন্নাহ।’”",CONFLICT,YES
B1-C00670,8039,,০৩  জন্মদিনের কেক কি বিদআত?,SHIA_NARRATION,SHIA,NAMED_SOURCE,HIGH,al-Kafi,,,SHIA_BOOK|HADITH_WORD|RASUL_SAID,,NO,"“আল-কাফিতে একটা হাদীস আছে, আমার খুব প্রিয়।” সে পর্দা থেকে পড়ল, “ইমাম জাফর আস-সাদিক (আলাইহিস্ সালাম) বর্ণনা করেছেন, রাসূলুল্লাহ ﷺ বলেছেন: আমার পরে ঈমানকে নষ্ট করার জন্য যত বিদআত আসবে, প্রত্যেকটার সামনে আমার আহলুল বাইত থেকে একজন অভিভাবক থাকবেন, যিনি ঈমানকে রক্ষা করবেন।”",EDITION-LOCK,YES
B1-C00671,8081,,,SHIA_NARRATION,SHIA,NAMED_SOURCE,HIGH,al-Kafi,,,SHIA_BOOK|HADITH_WORD,,NO,"“সাদিক ভাই, এই হাদীসগুলোর কিতাব খুঁজে দেবেন? উসুলে কাফির বাংলা কোথাও পাওয়া যায়?”",EDITION-LOCK,YES
B1-C00672,8090,,,SOURCE_BLOCK_NOTE,UNSPECIFIED,NARRATIVE_ONLY,HIGH,,,,CITATION_BULLET,,YES,"•  বিদআতের ভূমিকা, রাজার গল্পের দ্বিতীয় পর্ব ও «এটি কেবল একটি গল্প নয়» লেখকের নিজের খাতা থেকে; গল্পটি রূপক।",PAGE-CHECK,
B1-C00673,8091,,,SHIA_NARRATION,SHIA,NAMED_SOURCE,HIGH,al-Kafi,al-Kafi:1|al-Kafi:1|HADITH:8|HADITH:4|HADITH:3|HADITH:5,,CITATION_BULLET|PAGE_CHECK_MARKER|SHIA_BOOK|HADITH_WORD,REF-217,YES,"•  «প্রত্যেক বিদআত পথভ্রষ্টতা, প্রত্যেক পথভ্রষ্টতা আগুনে» — আল-কাফি, খণ্ড ১, কিতাবু ফাদলিল ইলম, বাব: বিদআত, নিজস্ব মত ও কিয়াস, হাদীস ৮; «আল্লাহ বিদআতির তওবা গ্রহণে অস্বীকার করেন» — একই বাব, হাদীস ৪; «বিদআতকারীকে সম্মান দেখানো ইসলাম ধ্বংসের চেষ্টা» — একই বাব, হাদীস ৩; «প্রতিটি বিদআতের সামনে আমার আহলুল বাইত থেকে একজন অভিভাবক» — একই বাব, হাদীস ৫। আগের পাসে মেলানো (BOOK_1_The_Door/PART_09 লগ B3); পৃষ্ঠা-নম্বর PAGE-CHECK।",CONFLICT,YES
B1-C00674,8092,,,SHIA_NARRATION,SHIA,NAMED_SOURCE,HIGH,al-Kafi,al-Kafi:2|al-Kafi:2,,CITATION_BULLET|PAGE_CHECK_MARKER|BARNITA_MARKER|SHIA_BOOK,REF-218,YES,•  «বান্দার কাফের হওয়ার ন্যূনতম কারণ» — বর্ণিত আছে; PAGE-CHECK (আল-কাফি খণ্ড ২-এ খুঁজতে হবে)।,EDITION-LOCK,YES
B1-C00675,8093,,,SHIA_NARRATION,SHIA,NAMED_SOURCE,HIGH,al-Kafi,,,CITATION_BULLET|PAGE_CHECK_MARKER|BARNITA_MARKER|SHIA_BOOK,REF-219,YES,"•  শিকল-পরা লোকের ঘটনা — বর্ণিত আছে; আল-কাফিতে পাওয়া যায়নি (লগ B3), উৎস PAGE-CHECK।",EDITION-LOCK,YES
B1-C00676,8094,,,ATTRIBUTION_ONLY,UNSPECIFIED,ATTRIBUTION_FORMULA,MEDIUM,,,,CITATION_BULLET|PAGE_CHECK_MARKER|BARNITA_MARKER,REF-220,YES,•  ইমাম আল-রেযা (আলাইহিস্ সালাম)-এর «তিন সুন্নাহ» — বর্ণিত আছে; PAGE-CHECK।,CONFLICT,YES
B1-C00677,8095,,,ATTRIBUTION_ONLY,UNSPECIFIED,ATTRIBUTION_FORMULA,MEDIUM,,,,CITATION_BULLET|PAGE_CHECK_MARKER|BARNITA_MARKER,REF-221,YES,•  «মুহাম্মাদের হালাল কিয়ামত পর্যন্ত হালাল…» — বর্ণিত আছে; PAGE-CHECK।,PAGE-CHECK,
B1-C00678,8096,,,QURAN,QURAN,QURAN_REF,HIGH,,,72:26|7:199|2:177,CITATION_BULLET|QURAN_MARKER,,YES,"•  কুরআন ৭২:২৬–২৭, ৭:১৯৯, ২:১৭৭ (শেষাংশ) — api.alquran.cloud-এ মেলানো, CONFIRMED।",VERIFIED,
B1-C00679,8113,,"০৪  যা বলি, তা কি নিজে করি?",SHIA_NARRATION,SHIA,NAMED_SOURCE,HIGH,al-Kafi,,,SHIA_BOOK,,NO,“উসুলে কাফির বাংলা আছে?” আমি জানতে চাইলাম।,EDITION-LOCK,YES
B1-C00680,8131,,"০৪  যা বলি, তা কি নিজে করি?",SHIA_NARRATION,SHIA,NAMED_SOURCE,HIGH,al-Kafi,,,SHIA_BOOK,,NO,"“কাফির বাংলা পেলেন?” সে জানতে চাইল, জামার হাতায় কপাল মুছতে মুছতে।",EDITION-LOCK,YES
B1-C00681,8134,,"০৪  যা বলি, তা কি নিজে করি?",ATTRIBUTION_ONLY,UNSPECIFIED,ATTRIBUTION_FORMULA,MEDIUM,,,,BARNITA_MARKER|QURAN_MARKER|HADITH_WORD|RASUL_SAID,REF-222,NO,"ইবনু আব্বাস হতে বর্ণিত আছে, রাসূলুল্লাহ ﷺ বলেন: নিশ্চিতভাবে যা তোমাদের জানা আছে তা ব্যতীত আমার নিকট হতে হাদীস বর্ণনা করা থেকে তোমরা নিবৃত্ত থাকবে। কারণ যে ব্যক্তি ইচ্ছাকৃতভাবে আমার প্রতি মিথ্যা আরোপ করে সে যেন জাহান্নামকে নিজের আবাস বানিয়ে নিল। আর যে ব্যক্তি নিজের খেয়াল মর্জিমত কুরআন প্রসঙ্গে কথা বলে সেও যেন জাহান্নামকে নিজের গৃহ বানিয়ে নিল।",CONFLICT,YES
B1-C00682,8136,,"০৪  যা বলি, তা কি নিজে করি?",PROSE_ATTRIBUTION,UNSPECIFIED,NARRATIVE_ONLY,LOW,,,,QURAN_MARKER|RASUL_SAID,,NO,"তিনি বলেন, রাসূলুল্লাহ ﷺ বলেছেনঃ যে ব্যক্তি সঠিক ইলম ব্যতীত কুরআন প্রসঙ্গে কোন কথা বলে, সে যেন জাহান্নামকে নিজের জন্য বাসস্থান বানিয়ে নিল।",PAGE-CHECK,
B1-C00683,8139,,"০৪  যা বলি, তা কি নিজে করি?",PROSE_ATTRIBUTION,UNSPECIFIED,NARRATIVE_ONLY,LOW,,,,SUTRA_MARKER|QURAN_MARKER|RASUL_SAID,,NO,"যুনদুবের সূত্রে বর্ণিত। তিনি বলেন, রাসূলুল্লাহ ﷺ বলেছেন: যে ব্যক্তি কুরআনের ব্যাখ্যায় নিজ মনগড়া কথা বলে, তার কথা সঠিক হয়ে গেলেও সে ভুল করেছে।",PAGE-CHECK,
B1-C00684,8192,,,SOURCE_BLOCK_NOTE,UNSPECIFIED,NARRATIVE_ONLY,HIGH,,,,CITATION_BULLET,,YES,"•  পোস্টার, যুবকের গল্প, «আলেমদের চশমা», «ব্যাখ্যা কার কাছ থেকে নেব» ও «জীবনের বাস্তবতা» লেখকের নিজের খাতা থেকে।",PAGE-CHECK,
B1-C00685,8193,,,SUNNI_NARRATION,SUNNI,NAMED_SOURCE,HIGH,Jami_al-Tirmidhi,Jami_al-Tirmidhi:2950|Jami_al-Tirmidhi:2951|Jami_al-Tirmidhi:2950|Jami_al-Tirmidhi:2951,,CITATION_BULLET|PAGE_CHECK_MARKER|QURAN_MARKER|SUNNI_BOOK|HADITH_WORD,REF-223,YES,"•  ইবনে আব্বাসের হাদীস («যা জানা আছে তা ছাড়া হাদীস বর্ণনা থেকে বিরত থাকো… খেয়াল মর্জিমত কুরআন প্রসঙ্গে কথা বলে») — জামে তিরমিযি, তাফসির অধ্যায় (২৯৫০/২৯৫১, সংস্করণভেদে); PAGE-CHECK।",CONFLICT,YES
B1-C00686,8194,,,SUNNI_NARRATION,SUNNI,NAMED_SOURCE,HIGH,Jami_al-Tirmidhi,,,CITATION_BULLET|PAGE_CHECK_MARKER|BARNITA_MARKER|QURAN_MARKER|SUNNI_BOOK,REF-224,YES,"•  «যে ব্যক্তি সঠিক ইলম ব্যতীত কুরআন প্রসঙ্গে কোন কথা বলে…» (REV1-এ ফেরানো, ¶12200) — বর্ণিত আছে; PAGE-CHECK (তিরমিযি তাফসির অধ্যায় হতে পারে)।",CONFLICT,YES
B1-C00687,8195,,,SUNNI_NARRATION,SUNNI,NAMED_SOURCE,HIGH,Jami_al-Tirmidhi|Sunan_Abu_Dawud,Sunan_Abu_Dawud:3652|Sunan_Abu_Dawud:3652,,CITATION_BULLET|PAGE_CHECK_MARKER|SUNNI_BOOK|HADITH_WORD,REF-225,YES,•  যুনদুবের হাদীস («মনগড়া ব্যাখ্যা সঠিক হলেও ভুল») — সুনান আবু দাউদ ৩৬৫২ (খাতামতো) ও তিরমিযি; PAGE-CHECK।,CONFLICT,YES
B1-C00688,8196,,,SHIA_NARRATION,SHIA,NAMED_SOURCE,HIGH,Nahj_al-Balagha|al-Kafi,al-Kafi:1|al-Kafi:6|al-Kafi:1|al-Kafi:6|Nahj_al-Balagha:17|Nahj_al-Balagha:1|Nahj_al-Balagha:17|Nahj_al-Balagha:1|HADITH:6,,CITATION_BULLET|PAGE_CHECK_MARKER|SHIA_BOOK|HADITH_WORD,REF-226,YES,"•  «আল্লাহর কাছে সবচেয়ে ঘৃণিত… জ্ঞানের নামে মূর্খতা বিক্রি করে» — আমিরুল মুমিনিন (আলাইহিস্ সালাম)-এর বাণী, নাহজুল বালাগা খুতবা ১৭-এর ভাব; আল-কাফি খণ্ড ১, বাব: বিদআত…, হাদীস ৬ (আগের পাসের যাচাই, PART_09 লগ B5); PAGE-CHECK।",CONFLICT,YES
B1-C00689,8197,,,SOURCE_BLOCK_NOTE,UNSPECIFIED,NARRATIVE_ONLY,HIGH,,,,CITATION_BULLET,,YES,•  দাম «প্রায়» অর্থে (চা প্রায় ছয় টাকা)।,PAGE-CHECK,
B1-C00690,8220,,০৫  এক গ্রামের দুই আলেম,PROSE_ATTRIBUTION,UNSPECIFIED,NARRATIVE_ONLY,LOW,,,,RASUL_SAID,,NO,"বুরুল্লাহ ধীরে বলল, “ঠিকই বলছিস। তিনি নবী নন। কিন্তু তিনি ওসী, ইমাম, আর আল্লাহর পথে আলোর দিশারী। রাসূলুল্লাহ ﷺ নিজেই আলী (আলাইহিস্ সালাম)-কে বলেছেন: তুমি স্পষ্ট পথ, তুমি সরল পথ, আর তুমি মু’মিনদের ইয়াকুব।”",PAGE-CHECK,
B1-C00691,8237,,০৫  এক গ্রামের দুই আলেম,SUNNI_NARRATION,SUNNI,NAMED_SOURCE,HIGH,Mustadrak_al-Hakim,,,SUNNI_BOOK,,NO,হাকিম,EDITION-LOCK,YES
B1-C00692,8238,,০৫  এক গ্রামের দুই আলেম,SUNNI_NARRATION,SUNNI,NAMED_SOURCE,HIGH,Mustadrak_al-Hakim,,,QURAN_MARKER|SUNNI_BOOK,,NO,"তার নাম হাকিম। তার কণ্ঠ ঝরতো সুরের মত, তরুণ হৃদয়ের খঞ্জনে ডাকের মতো— কুরআনের তিলাওয়াতে মোহিত করত সকলকে। সে তাফসীর করত এমন ভঙ্গিতে, যেন কুরআনের রহস্য শুধু তার কাছেই উন্মোচিত, আর গোটা উম্মাহ বুঝেই না কুরআনের ভাষা। তার চোখে জ্বলত আত্মবিশ্বাসের শিখা, কিন্তু সেই আলো ছায়া ফেলে রাখত হৃদয়ের গভীরে— সেখানে ছিল আত্মগর্ভের অন্ধকার। সে বলত: “ইজতিহাদ? সেটাও আমার হক! তাফসীর? আমি নিজেই করব! উসুল? আমার অন্তর্জ্ঞানই আমার মিজান!”",EDITION-LOCK,YES
B1-C00693,8240,,০৫  এক গ্রামের দুই আলেম,SUNNI_NARRATION,SUNNI,NAMED_SOURCE,HIGH,Mustadrak_al-Hakim,,,SUNNI_BOOK,,NO,"“না,” বুরুল্লাহ বলল। “বুড়ো শুধু উপদেশ দেন। হাকিম নিজে নিয়ম বানাত। শোন।”",EDITION-LOCK,YES
B1-C00694,8243,,০৫  এক গ্রামের দুই আলেম,SUNNI_NARRATION,SUNNI,NAMED_SOURCE,HIGH,Mustadrak_al-Hakim,,,SUNNI_BOOK,,NO,"তার বক্তব্যে ছিল আবেগ, তালমিল আর দর্শকের উল্লাস— তবে তার হৃদয়ে ছিল না নাবুয়্যাতের উত্তরাধিকারীদের দৃষ্টি, ছিল না ওহির ধ্বনি। অথচ-- সে সেজদাহ করেনি আহলুল বাইতের দরজায়, সে অশ্রু ফেলেনি মা সাইয়্যিদা ফাতিমাতুয্ যাহরা (আলাইহাস্ সালাম)'র নিভে যাওয়া প্রদীপের জন্য। সে শোনেনি হাসানের বিষ বা হুসাইনের (আলাইহিস্ সালাম) রক্তের কাহিনী হৃদয়ের ভাষায়। তার জ্ঞান ছিল—তথ্যের বিশাল ভাণ্ডার, কিন্তু হিকমা ছিল না— যে হিকমা জন্মায় ওসিয়তের পবিত্র গর্ভে, যে হিকমা আসে শুধুই প্রকৃত ওয়ারিসদের সান্নিধ্যে। অহংকার তাকে এনে দিয়েছিল মিম্বর, তবে সেই অহংকারই ছিনিয়ে নিয়েছিল আদব, আলো, আর আসল ফিকহ। সে হাকিম ছিল না— ছিল কেবল শব্দজালে আটকে পড়া এক যাত্রী, যে আলোর খোঁজে ছুটছিল, কিন্তু নিজের ছায়াতেই পথ হারিয়ে ফেলেছিল।",EDITION-LOCK,YES
B1-C00695,8252,,০৫  এক গ্রামের দুই আলেম,SUNNI_NARRATION,SUNNI,NAMED_SOURCE,HIGH,Mustadrak_al-Hakim,,,SUNNI_BOOK,,NO,"রাত গভীর, কিন্তু মসজিদের মিম্বারে হাকিমের কণ্ঠ যেন অন্ধকারকে আরও কালো করে তোলে। ""আজ সকালে, এক নারী বাসে নেকাব ছাড়া আমার পাশে বসেছে! এটাই উম্মাহর ধ্বংসের আলামত। আমি ঘোষণা করছি— এই পরিবার সমাজচ্যুত, একঘরে হোক। এটাই ‘আমর বিল মারুফ ও নহি আনিল মুনকার’!”",EDITION-LOCK,YES
B1-C00696,8253,,০৫  এক গ্রামের দুই আলেম,SUNNI_NARRATION,SUNNI,NAMED_SOURCE,HIGH,Mustadrak_al-Hakim,,,SUNNI_BOOK,,NO,"জনতা উত্তপ্ত— ধর্মের নামে জ্বলছে অন্ধ উন্মাদনা। সেই রাতেই ঘটে সর্বনাশ। উগ্র হাকিমের অনুসারীরা ঢুকে পড়ে সেই নারীর ঘরে, শিশু সন্তানকে ছুঁড়ে ফেলে দেয় মেঝেতে, সিঁড়ি থেকে ধাক্কা দেয় মাকে— কোমর ভেঙে যায়, চলার শক্তি হারান তিনি— চিরতরে।",EDITION-LOCK,YES
B1-C00697,8259,,০৫  এক গ্রামের দুই আলেম,SHIA_NARRATION,SHIA,NAMED_SOURCE,HIGH,al-Kafi,,,SHIA_BOOK|HADITH_WORD,,NO,"হারুন তাকে নিয়ে গেলেন এক জিকিরভরা সন্ধ্যায়— হযরত যায়নাব (আলাইহাস্ সালাম)-এর মাহফিলে, যেখানে বাতাসেও ছিল কান্না, তসবিহ, আর মিম্বারে দাঁড়িয়ে এক তরুণ পাঠ করছিল জ্ঞানের দীপ্তি। সে বলছিল— ""আমিরুল মু’মিনিন (আলাইহিস্ সালাম) এর সেই বাণী শুনুন, যা আল-কাফি-র হাদিসে যেন বজ্রের মতো প্রতিধ্বনিত হয়— আল্লাহর কাছে সবচেয়ে ঘৃণিত দুই ধরণের মানুষ রয়েছে। প্রথমজন— যে নিজের মতামতের উপর ভর করে পথভ্রষ্ট হয়, নামাজ-রোজার অনুরাগী হলেও ফেতনার বীজ বপন করে, পূর্বসূরিদের সত্যপথ থেকে সরে গিয়ে নিজেকেও এবং অনুসারীদেরকেও অন্ধকারে ঠেলে দেয়। দ্বিতীয়জন— যে জ্ঞানের মুখোশে মূর্খতা বিক্রি করে, ফেতনার অন্ধকারে হাঁটে কিন্তু লোকের চোখে আলিম, যার ফতোয়া বিভ্রান্তি ছড়ায়, হালালকে হারাম বানায় আর হারামকে হালাল।""",EDITION-LOCK,YES
B1-C00698,8261,,০৫  এক গ্রামের দুই আলেম,SUNNI_NARRATION,SUNNI,NAMED_SOURCE,HIGH,Mustadrak_al-Hakim,,,SUNNI_BOOK|HADITH_WORD,,NO,"হারুন নিঃশব্দে বললেন— “এই হাকিম, আজ মিম্বারে দাঁড়িয়ে নিজের মতামতের খঞ্জর দিয়ে মানুষকে পঙ্গু করেছে— সে যেন এই হাদিসেরই জীবন্ত প্রতিচ্ছবি।”",EDITION-LOCK,YES
B1-C00699,8264,,০৫  এক গ্রামের দুই আলেম,MIXED_CITATION,SHIA|SUNNI,NAMED_SOURCE,HIGH,Mustadrak_al-Hakim|al-Kafi,,,SUNNI_BOOK|SHIA_BOOK,,NO,"হাকিমের ঘটনাটি যেন আগুনে ঘি ঢেলে দিল— সারা সমাজে আলোড়ন, তর্ক, কান্না আর জাগরণ। এবার হারুন চুপ থাকেন না। তিনি উঠে দাঁড়ান মসজিদের মিম্বারে, যেখানে একসময় দাঁড়িয়েছিল সেই জাহেল ফতোয়াবাজ। হারুন বলেন— ""যখন জাহেল ব্যক্তি আলেমের আসনে বসে, আর প্রকৃত আলেমেরা নীরব থাকে— তখন উম্মাহর ধ্বংস শুধু সময়ের অপেক্ষা হয়ে যায়।” তার কণ্ঠে ছিল কান্না, শব্দে ছিল বিদ্যুৎ। তিনি পেশ করেন আল-কাফি ও আহলুল বাইতের নির্দেশনাসমূহ, যা একে একে খণ্ডন করে সেই ভ্রান্ত ফতোয়ার বিষবৃক্ষ।",EDITION-LOCK,YES
B1-C00700,8286,,,SUNNI_NARRATION,SUNNI,NAMED_SOURCE,HIGH,Mustadrak_al-Hakim,,,SUNNI_BOOK,,NO,"«সাদিক ভাই, আমার ফজরের ভিডিওটাতে আজ পর্যন্ত সাতাশটা লাইক। আজ রাতে গুনলাম। হাকিমের দলীলের কথা শোনার পর থেকে গুনতে ইচ্ছা করছিল না, তবু গুনলাম।»",EDITION-LOCK,YES
B1-C00701,8289,,,SOURCE_BLOCK_NOTE,UNSPECIFIED,NARRATIVE_ONLY,HIGH,,,,CITATION_BULLET,,YES,"•  «আলো ও সরল পথ»-এর আলোচনা ও দুই আলেমের গল্প লেখকের নিজের খাতা থেকে; গল্পটি শোনা গল্প হিসেবে বলা, কোনো বাস্তব গ্রাম বা মানুষ নয়।",PAGE-CHECK,
B1-C00702,8290,,,QURAN,QURAN,QURAN_REF,HIGH,,,5:15,CITATION_BULLET|QURAN_MARKER,,YES,"•  কুরআন ৫:১৫–১৬ — api.alquran.cloud-এ মেলানো, CONFIRMED।",VERIFIED,
B1-C00703,8291,,,QURAN,QURAN,QURAN_REF,HIGH,,,5:15,CITATION_BULLET|PAGE_CHECK_MARKER,REF-227,YES,•  ৫:১৫-এর «আলো» = আলী (আলাইহিস্ সালাম)-এর ওসিয়ত — তাফসীর নূরুস সাকালাইন (খাতামতো); «আলো ও সরল পথ দুটোই আলী» — তাফসির আল-আয়্যাশী (খাতামতো); দুটোই PAGE-CHECK।,VERIFIED,
B1-C00704,8292,,,ATTRIBUTION_ONLY,UNSPECIFIED,ATTRIBUTION_FORMULA,MEDIUM,,,,CITATION_BULLET|PAGE_CHECK_MARKER|BARNITA_MARKER,REF-228,YES,"•  «রাসূলুল্লাহ ﷺ জাবিরকে বলেছিলেন… জ্ঞান-দ্বার» (REV1-এ ফেরানো, ¶12313–12315) — বর্ণিত আছে; PAGE-CHECK।",CONFLICT,YES
B1-C00705,8293,,,ATTRIBUTION_ONLY,UNSPECIFIED,ATTRIBUTION_FORMULA,MEDIUM,,,,CITATION_BULLET|PAGE_CHECK_MARKER|BARNITA_MARKER,REF-229,YES,"•  «তুমি স্পষ্ট পথ, সরল পথ, মুমিনদের ইয়াকুব» — বর্ণিত আছে; PAGE-CHECK।",PAGE-CHECK,
B1-C00706,8294,,,ATTRIBUTION_ONLY,UNSPECIFIED,ATTRIBUTION_FORMULA,MEDIUM,,,,CITATION_BULLET|PAGE_CHECK_MARKER|BARNITA_MARKER,REF-230,YES,"•  «আমরাই আল্লাহর সরল পথ, আমরাই তাঁর রহমত» (ইমাম আল-বাকির (আলাইহিস্ সালাম)) — বর্ণিত আছে; PAGE-CHECK।",PAGE-CHECK,
B1-C00707,8295,,,SHIA_NARRATION,SHIA,NAMED_SOURCE,HIGH,Nahj_al-Balagha|al-Kafi,al-Kafi:1|al-Kafi:6|al-Kafi:1|al-Kafi:6|Nahj_al-Balagha:17|Nahj_al-Balagha:17|HADITH:6,,CITATION_BULLET|PAGE_CHECK_MARKER|SHIA_BOOK|HADITH_WORD,REF-231,YES,"•  «আল্লাহর কাছে সবচেয়ে ঘৃণিত দুই মানুষ» — আল-কাফি খণ্ড ১, বাব: বিদআত…, হাদীস ৬ = নাহজুল বালাগা খুতবা ১৭ (আগের পাসের যাচাই, PART_09 লগ B5); PAGE-CHECK।",CONFLICT,YES
B1-C00708,8296,,,SOURCE_BLOCK_NOTE,UNSPECIFIED,NARRATIVE_ONLY,HIGH,,,,CITATION_BULLET|PAGE_CHECK_MARKER,REF-232,YES,•  ইমাম হুসাইন (আলাইহিস্ সালাম)-এর «সৎকাজের আদেশ দিতে বের হয়েছি» — মুহাম্মাদ ইবনুল হানাফিয়্যাকে লেখা অসিয়তের অংশ বলে প্রসিদ্ধ; PAGE-CHECK।,PAGE-CHECK,
B1-C00709,8348,,০৬  কুরআনে খলিফা কাকে বলা হয়েছে?,ATTRIBUTION_ONLY,UNSPECIFIED,ATTRIBUTION_FORMULA,MEDIUM,,,,BARNITA_MARKER,REF-233,NO,"“আর তুমি গাদিরের কথা তো শুনেছ।” চাচা ডান হাতের তর্জনী বাঁ হাতের কড়ে আঙুলে রাখলেন। “যার মাওলা আমি, আলী তার মাওলা। রাসূলুল্লাহ ﷺ বিদায় হজ থেকে ফেরার পথে, রোদের মধ্যে থেমে, আলী (আলাইহিস্ সালাম)-এর হাত তুলে এই কথা বলেছিলেন। বর্ণিত আছে, এরপর সাহাবিরা ইমাম আলী (আলাইহিস্ সালাম)-কে অভিনন্দন জানিয়েছিলেন— অভিনন্দন হোক হে আবু তালিবের পুত্র! তুমি আমার এবং প্রতিটি মুমিন নরনারীর মাওলা হয়ে গেছো।”",CONFLICT,YES
B1-C00710,8354,,০৬  কুরআনে খলিফা কাকে বলা হয়েছে?,ATTRIBUTION_ONLY,UNSPECIFIED,ATTRIBUTION_FORMULA,MEDIUM,,,,BARNITA_MARKER,REF-234,NO,"“একটা কথা আছে,” চাচা বললেন, স্লেটের দিকে পিঠ রেখে। “বর্ণিত আছে, কেউ কেউ বলত, যে আমাকে চতুর্থ খলিফা স্বীকার করবে না, তার ওপর আল্লাহর লানত। মানুষ ভাবে, চতুর্থ মানে কারও পরে তিন জন শাসক। কিন্তু…”",PAGE-CHECK,
B1-C00711,8393,,,PROSE_ATTRIBUTION,UNSPECIFIED,NARRATIVE_ONLY,LOW,,,,QURAN_MARKER|RASUL_SAID,,NO,"আমি এবার কথা বললাম। “সত্য ও মিথ্যার ইমামত চেনার জন্য আমাদের কুরআন ও নবীর শিক্ষায় ফিরে যেতে হবে। রাসূলুল্লাহ ﷺ ধৈর্য ধরতেন এবং আল্লাহ তাঁকে তাঁর পরিবার থেকে সত্যের ইমামদের সুসংবাদ দিয়েছিলেন। আবু জাফর মুহাম্মাদ বিন আলী (আলাইহিস্ সালাম) বলেছেন: এই আয়াত বিশেষভাবে মা সাইয়্যিদা ফাতিমাতুয্ যাহরা (আলাইহাস্ সালাম)’র সন্তানদের জন্য অবতীর্ণ হয়েছে। এ থেকে বোঝা যায়, ইমামদের পরিচয় নির্ধারণের জন্য আমাদের তাঁদের ধৈর্য, ন্যায়পরায়ণতা এবং কুরআনের সাথে তাঁদের সামঞ্জস্য যাচাই করতে হবে।”",PAGE-CHECK,
B1-C00712,8402,,,SHIA_NARRATION,SHIA,NAMED_SOURCE,HIGH,al-Kafi,,,QURAN_MARKER|SHIA_BOOK,,NO,"মুসা (আলাইহিস্ সালাম) যেমন ফিরআউনের বিরুদ্ধে বিজয় লাভ করেন, রাসূলও তেমনি কুরাইশ কাফির ও অন্য শত্রুদের বিরুদ্ধে বিজয় লাভ করেন; মুসা (আলাইহিস্ সালাম)’র স্ত্রী সাফুরা তাঁর প্রতিনিধি ইউশা বিন নূন’র বিরুদ্ধে লড়াই করেছিল, তেমনি রাসূলুল্লাহ ﷺ’র স্ত্রী হযরত আয়িশা বিনতে আবু বকর হযরত আলীর বিরুদ্ধে যুদ্ধ করেছিলেন। তাঁর যেমন বারোজন অসি বা নাকীব ছিলেন যাঁরা তাওরাত অনুসারে হেদায়াত করতেন, তেমনি রাসূলুল্লাহ ﷺ’র বারোজন স্থলাভিষিক্ত, প্রতিনিধি ও খলিফা তথা বারোজন ইমাম রয়েছেন যাঁরা কুরআন অনুসারে হেদায়াত করেন এবং কিয়ামত অবধি হেদায়াত করবেন। আয়াতটিতে উক্ত তাৎপর্যের প্রতি ইঙ্গিত করা হয়েছে। এ কারণেই আল্লামা জামাখশারী তাঁর তাফসীরে কাশশাফে এ স্থলে লিখেছেন: 'এরূপে আমি তোমার আসমানী কিতাবকে হেদায়াত ও নূর বানিয়ে দেব এবং তোমার উম্মত থেকেও ইমাম বানাব যারা এরূপেই হেদায়াত করবে।’”",EDITION-LOCK,YES
B1-C00713,8432,,,QURAN,QURAN,QURAN_REF,HIGH,,,32:24,CITATION_BULLET,,YES,•  খিলাফতের আলোচনা ও ৩২:২৪-এর ব্যাখ্যা লেখকের নিজের খাতা থেকে।,VERIFIED,
B1-C00714,8433,,,QURAN,QURAN,QURAN_REF,HIGH,,,2:30|38:26|7:142|32:24|28:41|3:61|6:165,CITATION_BULLET|QURAN_MARKER,,YES,"•  কুরআন ২:৩০, ৩৮:২৬, ৭:১৪২, ৩২:২৪, ২৮:৪১, ৩:৬১ ও ৬:১৬৫ — api.alquran.cloud-এ মেলানো, CONFIRMED।",VERIFIED,
B1-C00715,8434,,,QURAN,QURAN,QURAN_REF,HIGH,,,32:24,CITATION_BULLET|PAGE_CHECK_MARKER|BARNITA_MARKER,REF-235,YES,•  ৩২:২৪ মা সাইয়্যিদা (আলাইহাস্ সালাম)-এর সন্তানদের সম্পর্কে (ইমাম আল-বাকির (আলাইহিস্ সালাম)) — বর্ণিত আছে; PAGE-CHECK।,VERIFIED,
B1-C00716,8435,,,SUNNI_NARRATION,SUNNI,NAMED_SOURCE,HIGH,Sahih_Muslim|Sahih_al-Bukhari,Sahih_al-Bukhari:3706|Sahih_al-Bukhari:2404|Sahih_al-Bukhari:3706|Sahih_al-Bukhari:2404|Sahih_Muslim:2404|Sahih_Muslim:2404,,CITATION_BULLET|PAGE_CHECK_MARKER|SUNNI_BOOK|HADITH_WORD,REF-236,YES,"•  মানযিলাতের হাদীস («হারুন মূসার কাছে যে মর্যাদায়…») — সহীহ বুখারি ৩৭০৬, সহীহ মুসলিম ২৪০৪ (খাতামতো); PAGE-CHECK।",CONFLICT,YES
B1-C00717,8436,,,SUNNI_NARRATION,SUNNI,NAMED_SOURCE,HIGH,Jami_al-Tirmidhi,Jami_al-Tirmidhi:3713|Jami_al-Tirmidhi:3713,,CITATION_BULLET|PAGE_CHECK_MARKER|SUNNI_BOOK,REF-237,YES,"•  «যার মাওলা আমি, আলী তার মাওলা» — জামে তিরমিযি ৩৭১৩ (CONFIRMED, সংস্করণ-পাঠ; SOURCE_REGISTER CL-HAD-003); গাদিরের অভিনন্দন-বাক্য — মুসনাদে আহমাদ (খাতামতো), PAGE-CHECK।",CONFLICT,YES
B1-C00718,8437,,,SHIA_NARRATION,SHIA,NAMED_SOURCE,HIGH,al-Kafi,al-Kafi:1|al-Kafi:1,,CITATION_BULLET|PAGE_CHECK_MARKER|SHIA_BOOK,REF-238,YES,"•  আদম (আলাইহিস্ সালাম)-এর খিলাফত = ইলম ও হেদায়াতের প্রতিনিধিত্ব — তাফসিরে কুম্মি ও নূরুস সাকালাইন (খাতামতো); হারুনের স্থলাভিষিক্তি আধ্যাত্মিক — আল-কাফি খণ্ড ১, কিতাবুল হুজ্জাহ (খাতামতো); দুটোই PAGE-CHECK।",EDITION-LOCK,YES
B1-C00719,8438,,,ATTRIBUTION_ONLY,UNSPECIFIED,ATTRIBUTION_FORMULA,MEDIUM,,,,CITATION_BULLET|BARNITA_MARKER,REF-239,YES,•  «চতুর্থ খলিফা» উক্তি — বর্ণিত আছে; উৎস পাওয়া যায়নি।,PAGE-CHECK,
B1-C00720,8439,,,SUNNI_NARRATION,SUNNI,NAMED_SOURCE,HIGH,Jami_al-Tirmidhi|Sahih_Muslim|Sahih_al-Bukhari|Sunan_Abu_Dawud,Sahih_al-Bukhari:30|Sahih_al-Bukhari:30|Sahih_Muslim:30|Sahih_Muslim:30,,CITATION_BULLET|PAGE_CHECK_MARKER|BARNITA_MARKER|SUNNI_BOOK,REF-240,YES,"•  «আমার পর বারো জন খলিফা, সবাই কুরাইশ» — সহীহ বুখারি ও মুসলিমে প্রসিদ্ধ; «খিলাফত ৩০ বছর» — সুনান আবু দাউদ/তিরমিযি; «তুমি আমার ওসী ও খলিফা», «প্রত্যেক নবীর ওসী আছে, আমার ওসী আলী», «আমি জ্ঞানের নগরী, আলী তার দরজা» — সবগুলো বর্ণিত আছে; নম্বর-পৃষ্ঠা PAGE-CHECK (তাকাভির তালিকা)।",CONFLICT,YES
B1-C00721,8440,,,QURAN,QURAN,QURAN_REF,HIGH,,,32:23,CITATION_BULLET|PAGE_CHECK_MARKER,REF-241,YES,•  জামাখশারীর কাশশাফ (৩২:২৩–২৪-এর তাফসির) — খাতামতো; PAGE-CHECK।,VERIFIED,
B1-C00722,8541,,,SOURCE_BLOCK_NOTE,UNSPECIFIED,NARRATIVE_ONLY,HIGH,,,,CITATION_BULLET,,YES,"•  দ্বীন মেলা, অন্ধের হাতি, তরুণের প্রশ্ন, আয়নার লাইন, বারো প্রশ্ন ও মূল্যায়ন লেখকের নিজের খাতা থেকে; মেলা, মঞ্চ ও বক্তারা কাল্পনিক, কোনো বাস্তব মানুষ বা সংগঠন নয়।",PAGE-CHECK,
B1-C00723,8542,,,QURAN,QURAN,QURAN_REF,HIGH,,,5:54,CITATION_BULLET|QURAN_MARKER|HADITH_WORD,,YES,"•  দোয়া «اللهم اجعلنا ممن تحبهم ويحبونك» — খাতামতো; কুরআন ৫:৫৪-এর «يُحِبُّهُمْ وَيُحِبُّونَهُ» (api.alquran.cloud-এ মেলানো, CONFIRMED)-এর ভাব থেকে দোয়ার রূপ; দোয়া হিসেবে পাঠ, হাদীস দাবি নয়।",VERIFIED,
B1-C00724,8574,,০৮  সূরা দুখানের বরকতময় রাত কোনটি?,SHIA_NARRATION,SHIA,NAMED_SOURCE,HIGH,Ilal_al-Sharai,,,,,NO,"সেখানে কিবলা কেবল কোন দিকে মুখ করলাম তা মুখ্য নয়— বরং হৃদয়ের অভিমুখ, যেখানে নিয়ত স্থির হয় একমাত্র আল্লাহর দিকে, কোরবাতুনিন ইলাল্লাহ। রুকু হয় না শুধু পিঠ বাঁকানোর অনুশীলন, বরং নফসের অহংকার ভাঙার জন্য, যেখানে মানুষ নিজের শ্রেষ্ঠত্ব বিসর্জন দিয়ে স্বীকার করে— সে কেবল একজন বান্দা। সেজদা হয় না কেবল কপাল মাটিতে ঠেকানোর রেওয়াজ, বরং নিজেকে ধূলায় মিশিয়ে শূন্য করে ফেলার অভ্যাস, একটি আধ্যাত্মিক কৌশল— যার মাধ্যমে “আমি” বিলীন হয়, আর “তুমি”—অর্থাৎ আল্লাহর সান্নিধ্য— চেতনার কেন্দ্রে স্থীত হয়। দোয়া ও তাসবিহ তখন আর মুখস্থ শব্দ নয়, বরং হয়ে ওঠে রুহের ভাষা, যা সংরক্ষিত থাকে লওহে মাহফুজে, আর হৃদয়ের কাব্য হয়ে ঝরে আল্লাহর নূরের বিভিন্ন রূপে- চোখের জলে, নিঃশ্বাসে, ও নীরব সেজদায়।",EDITION-LOCK,YES
B1-C00725,8594,,০৮  সূরা দুখানের বরকতময় রাত কোনটি?,PROSE_ATTRIBUTION,UNSPECIFIED,NARRATIVE_ONLY,LOW,,,,QURAN_MARKER|HADITH_WORD|RASUL_SAID,,NO,"“ঠিক,” বুরুল্লাহ বলল। “প্রথম স্তরে তাই। অধিকাংশ তাফসিরকারক এটাই বলেছেন, আর সেটা বাতিল হয় না।” সে একটু থামল। বুকপকেট থেকে ছোট খাতাটা বের করে বাল্বের দিকে একটি পাতা মেলে ধরল, চোখ পাতায় রেখে বলল, “কিন্তু এই আয়াতের অন্তর্নিহিত অর্থ বোঝার জন্য আমাদের কুরআনের অন্যান্য আয়াত ও নির্ভরযোগ্য হাদিসের দিকে তাকাতে হবে। আহলুল বাইত (আলাইহিমুস্ সালাম)’র বর্ণনা অনুযায়ী— ‘হা মীম’ বলতে রাসূলুল্লাহ ﷺ-কে বোঝায়। ‘কিতাবিল মুবীন’ বলতে আমিরুল মুমিনীন আলী (আলাইহিস্ সালাম) এবং ‘লাইল’ (রাত) বলতে মা সাইয়্যিদা ফাতিমাতুয্ যাহরা (আলাইহাস্ সালাম)-কে বোঝায়।”",PAGE-CHECK,
B1-C00726,8602,,০৮  সূরা দুখানের বরকতময় রাত কোনটি?,SHIA_NARRATION,SHIA,NAMED_SOURCE,HIGH,al-Kafi,,,QURAN_MARKER|SHIA_BOOK,,NO,"আমি খাতার পেছনের দিকের একটি পাতা খুললাম। আল-কাফির লম্বা ঘটনাটা বহুদিন আগে সেখানে নিজের হাতে সংক্ষেপে টুকে রেখেছিলাম। বাল্বের দিকে পাতা কাত করে পড়লাম, “সিরিয়ার দিক থেকে এক বৃদ্ধ খ্রিস্টান আলেম মদিনায় এলেন ইমাম মুসা আল-কাযিম (আলাইহিস্ সালাম)-এর কাছে। বসার অনুমতি চাইলেন। তারপর জিজ্ঞেস করলেন, মুহাম্মাদের ওপর নাযিল হওয়া এই আয়াতগুলোর ভেতরের অর্থ কী? হা-মীম, সুস্পষ্ট কিতাব, বরকতময় রাত। ইমাম বললেন: হা-মীম হলেন মুহাম্মাদ ﷺ। সুস্পষ্ট কিতাব হলেন আমিরুল মুমিনিন আলী। আর বরকতময় রাত হলেন ফাতিমা (আলাইহাস্ সালাম)। আর সেই রাতে প্রতিটি প্রজ্ঞাপূর্ণ বিষয় আলাদা হয়, মানে তাঁর থেকে কল্যাণের ধারা আসে, এক প্রজ্ঞাবান মানুষের পর আরেক প্রজ্ঞাবান মানুষ।”",EDITION-LOCK,YES
B1-C00727,8607,,০৮  সূরা দুখানের বরকতময় রাত কোনটি?,PROSE_ATTRIBUTION,UNSPECIFIED,NARRATIVE_ONLY,LOW,,,,RASUL_SAID,,NO,"বুরুল্লাহ ধৈর্য ধরে বলল, “কারণ ইমামগণ (আলাইহিমুস্ সালাম) হলেন সেই মহান ব্যক্তিত্ব, যাঁরা ওহির প্রকৃত ব্যাখ্যাকারী। রাসূলুল্লাহ ﷺ বলেছেন, আমি জ্ঞানের শহর, আর আলী তার দরজা। ইমামগণ সেই জ্ঞানের ধারক, যারা প্রতিটি যুগে মানুষকে প্রকৃত জ্ঞান ও হিকমাহ প্রদান করেন।”",PAGE-CHECK,
B1-C00728,8644,,,QURAN,QURAN,QURAN_REF,HIGH,,,44:1|38:75,CITATION_BULLET,,YES,"•  রাহাতের প্রশ্ন, বুরুল্লাহর উত্তর, সত্যের প্রতিনিধি, ৪৪:১–৪ ও ৩৮:৭৫-এর আলোচনা লেখকের নিজের খাতা থেকে।",VERIFIED,
B1-C00729,8645,,,QURAN,QURAN,QURAN_REF,HIGH,,,44:1|38:75,CITATION_BULLET|QURAN_MARKER,,YES,"•  কুরআন ৪৪:১–৪ ও ৩৮:৭৫ — api.alquran.cloud-এ মেলানো, CONFIRMED (অনুবাদ খাতার নিজের)।",VERIFIED,
B1-C00730,8646,,,SUNNI_NARRATION,SUNNI,NAMED_SOURCE,HIGH,Jami_al-Tirmidhi|Sahih_Muslim,Sahih_Muslim:2408|Sahih_Muslim:2408|Jami_al-Tirmidhi:3786|Jami_al-Tirmidhi:3786|Jami_al-Tirmidhi:3788|Jami_al-Tirmidhi:3788,,CITATION_BULLET|PAGE_CHECK_MARKER|SUNNI_BOOK,REF-242,YES,"•  সাকালাইন — সহীহ মুসলিম ২৪০৮ («أهل بيتي», CONFIRMED, সংস্করণ-পাঠ); «কখনো পথভ্রষ্ট হবে না» — জামে তিরমিযি ৩৭৮৬ (CONFIRMED, সংস্করণ-পাঠ; মান নিয়ে মতভেদ)। খাতার «তিরমিযি ৩৭৮৮» PAGE-CHECK।",CONFLICT,YES
B1-C00731,8647,,,SHIA_NARRATION,SHIA,NAMED_SOURCE,HIGH,al-Kafi,al-Kafi:1|al-Kafi:1|HADITH:4,,CITATION_BULLET|PAGE_CHECK_MARKER|SHIA_BOOK|HADITH_WORD,REF-243,YES,"•  «হা-মীম = মুহাম্মাদ ﷺ, সুস্পষ্ট কিতাব = আলী, বরকতময় রাত = ফাতিমা (আলাইহাস্ সালাম)» — খ্রিস্টান আলেমের ঘটনা, আল-কাফি খণ্ড ১, কিতাবুল হুজ্জাহ, বাব: আবুল হাসান মুসা ইবনে জাফর (আলাইহিস্ সালাম)-এর জন্ম, হাদীস ৪ (আগের পাসের পাঠ); PAGE-CHECK।",EDITION-LOCK,YES
B1-C00732,8648,,,ATTRIBUTION_ONLY,UNSPECIFIED,ATTRIBUTION_FORMULA,MEDIUM,,,,CITATION_BULLET|PAGE_CHECK_MARKER|BARNITA_MARKER,REF-244,YES,"•  «আমি, আলী, ফাতিমা, হাসান, হুসাইন আরশের কাছে ছিলাম… আদমের এক হাজার বছর আগে» — বর্ণিত আছে; PAGE-CHECK।",CONFLICT,YES
B1-C00733,8649,,,ATTRIBUTION_ONLY,UNSPECIFIED,ATTRIBUTION_FORMULA,MEDIUM,,,,CITATION_BULLET|PAGE_CHECK_MARKER|BARNITA_MARKER,REF-245,YES,"•  «আমি জ্ঞানের শহর, আলী তার দরজা» — বর্ণিত আছে; PAGE-CHECK।",CONFLICT,YES
B1-C00734,8669,,০৯  ফুঁ দিয়ে কি আল্লাহর আলো নেভানো যায়?,PROSE_ATTRIBUTION,UNSPECIFIED,NARRATIVE_ONLY,LOW,,,,RASUL_SAID,,NO,"“রাসূলুল্লাহ ﷺ বলেছেন: আমি, আলী (আলাইহিস্ সালাম), মা সাইয়্যিদা ফাতিমাতুয্ যাহরা (আলাইহাস্ সালাম), হাসান (আলাইহিস্ সালাম) ও হুসাইন (আলাইহিস্ সালাম) আরশের ছাউনিতে বসে আল্লাহর তসবিহ পাঠ করতাম, ফেরেশতারা আমাদের অনুসরণ করত। আল্লাহ আদম (আলাইহিস্ সালাম)-কে সৃষ্টি করার পর ফেরেশতাদের সিজদা করতে বললেন। এই সিজদার উদ্দেশ্য ছিল মূলত আমাদের সম্মান করা।”",PAGE-CHECK,
B1-C00735,8733,,,ATTRIBUTION_ONLY,UNSPECIFIED,ATTRIBUTION_FORMULA,MEDIUM,,,,BARNITA_MARKER,REF-246,NO,"“বর্ণিত আছে,” আমি বললাম, “তাঁকে যাহরা বলা হতো, কারণ তিনি যখন মেহরাবে ইবাদতে দাঁড়াতেন, তাঁর নূর আসমানের অধিবাসীদের কাছে ঝলমল করে উঠত, যেমন পৃথিবীর মানুষের কাছে আকাশের তারা ঝলমল করে।”",CONFLICT,YES
B1-C00736,8764,,,SOURCE_BLOCK_NOTE,UNSPECIFIED,NARRATIVE_ONLY,HIGH,,,,CITATION_BULLET,,YES,"•  ইবলিসের অহংকার, তিন রাজপুত্রের গল্প, প্রতীকধর্মী বিশ্লেষণ, «কোন ভাই», «আমি কে?» ও অন্তর্দৃষ্টির আলাপ লেখকের নিজের খাতা থেকে; গল্পটি রূপক।",PAGE-CHECK,
B1-C00737,8765,,,QURAN,QURAN,QURAN_REF,HIGH,,,38:76|6:125|61:8|33:70|2:257,CITATION_BULLET|QURAN_MARKER,,YES,"•  কুরআন ৩৮:৭৬ (ইবলিসের উক্তি), ৬:১২৫, ৬১:৮, ৩৩:৭০–৭১, ২:২৫৭ — api.alquran.cloud-এ মেলানো, CONFIRMED।",VERIFIED,
B1-C00738,8766,,,SHIA_NARRATION,SHIA,NAMED_SOURCE,HIGH,Bihar_al-Anwar|Ilal_al-Sharai,Bihar_al-Anwar:15|Bihar_al-Anwar:15|Ilal_al-Sharai:15|Ilal_al-Sharai:15,,CITATION_BULLET|PAGE_CHECK_MARKER|SHIA_BOOK,REF-247,YES,"•  «আরশের ছাউনিতে তসবিহ… সিজদার উদ্দেশ্য আমাদের সম্মান» — শায়খ সাদুক, ইলালুশ শারায়ি; বিহারুল আনওয়ার খণ্ড ১৫ (খাতামতো); PAGE-CHECK।",EDITION-LOCK,YES
B1-C00739,8767,,,ATTRIBUTION_ONLY,UNSPECIFIED,ATTRIBUTION_FORMULA,MEDIUM,,,,CITATION_BULLET|PAGE_CHECK_MARKER|BARNITA_MARKER,REF-248,YES,•  ফেরেশতাদের ইবলিসকে ঘিরে ফেলা ও সমুদ্রে নিক্ষেপ — বর্ণিত আছে; PAGE-CHECK।,PAGE-CHECK,
B1-C00740,8768,,,SHIA_NARRATION,SHIA,NAMED_SOURCE,HIGH,Ilal_al-Sharai,,,CITATION_BULLET|PAGE_CHECK_MARKER|BARNITA_MARKER,REF-249,YES,"•  «যাহরা» নামের কারণ (মেহরাবে নূর) — বর্ণিত আছে; শায়খ সাদুকের ইলালুশ শারায়ি/মাআনিল আখবারে থাকার কথা, PAGE-CHECK।",CONFLICT,YES
B1-C00741,8839,,১০  রাসূলুল্লাহ ﷺ তাঁর মেয়েকে কোন চোখে দেখতেন,PROSE_ATTRIBUTION,UNSPECIFIED,NARRATIVE_ONLY,LOW,,,,RASUL_SAID,,NO,যা কিছু রাসূলুল্লাহ ﷺ মা সাইয়্যিদা ফাতিমাতুয্ যাহরা (আলাইহাস্ সালাম) সম্পর্কে বলেছেন তা তাঁর অন্যান্য বাণীর ন্যায় ওহী হতে সংগৃহীত।,PAGE-CHECK,
B1-C00742,8861,,,SUNNI_NARRATION,SUNNI,NAMED_SOURCE,HIGH,Mustadrak_al-Hakim,,,SUNNI_BOOK|RASUL_SAID,,NO,"হাকিম নিশাবুরীসহ সুন্নি মাযহাবের উল্লেখযোগ্য সংখ্যক আলেম নিজস্ব সনদে রাসূলুল্লাহ ﷺ হতে গুরুত্বপূর্ণ ও আশ্চর্যজনক বিভিন্ন রেওয়ায়েত বর্ণনা করেছেন যে, তিনি বলেন:",EDITION-LOCK,YES
B1-C00743,8903,,,SOURCE_BLOCK_NOTE,UNSPECIFIED,NARRATIVE_ONLY,HIGH,,,,CITATION_BULLET|HADITH_WORD,,YES,•  হাদীস-সংকলনের ভূমিকা ও ব্যাখ্যা লেখকের নিজের খাতা থেকে।,PAGE-CHECK,
B1-C00744,8904,,,QURAN,QURAN,QURAN_REF,HIGH,,,53:3|33:57|21:102|2:156,CITATION_BULLET|QURAN_MARKER,,YES,"•  কুরআন ৫৩:৩–৪, ৩৩:৫৭, ২১:১০২–১০৩ (ফুরাতের বর্ণনার আয়াতাংশ), ২:১৫৬ — api.alquran.cloud-এ মেলানো, CONFIRMED।",VERIFIED,
B1-C00745,8905,,,SUNNI_NARRATION,SUNNI,NAMED_SOURCE,HIGH,Sahih_al-Bukhari,Sahih_al-Bukhari:3714|Sahih_al-Bukhari:3714,,CITATION_BULLET|PAGE_CHECK_MARKER|SUNNI_BOOK,REF-250,YES,"•  «ফাতিমা আমার অংশ, যে তাকে রাগান্বিত করে সে আমাকে রাগান্বিত করে» — সহীহ বুখারি ৩৭১৪ (শব্দ «فمن أغضبها أغضبني»; SOURCE_REGISTER CL-HAD-008); PAGE-CHECK।",CONFLICT,YES
B1-C00746,8906,,,SUNNI_NARRATION,SUNNI,NAMED_SOURCE,HIGH,Mustadrak_al-Hakim|Sahih_Muslim|Sahih_al-Bukhari,Sahih_al-Bukhari:008|Sahih_Muslim:008|Mustadrak_al-Hakim:4730|Mustadrak_al-Hakim:4730|Mustadrak_al-Hakim:008,,CITATION_BULLET|PAGE_CHECK_MARKER|SUNNI_BOOK,REF-251,YES,"•  «আল্লাহ তোমার ক্রোধে ক্রোধান্বিত হন» — আল-মুস্তাদরাক, হাকিম ৪৭৩০ (বুখারি/মুসলিমে নয়; CL-HAD-008); PAGE-CHECK।",PAGE-CHECK,
B1-C00747,8907,,,SUNNI_NARRATION,SUNNI,NAMED_SOURCE,HIGH,Jami_al-Tirmidhi|Sunan_Abu_Dawud,,,CITATION_BULLET|PAGE_CHECK_MARKER|BARNITA_MARKER|SUNNI_BOOK,REF-252,YES,"•  আয়িশার বর্ণনা (দাঁড়িয়ে যাওয়া, চুমু, আসনে বসানো) — সুনান আবু দাউদ ও তিরমিযিতে বর্ণিত; PAGE-CHECK। চাদর বিছানো — বর্ণিত আছে; PAGE-CHECK।",CONFLICT,YES
B1-C00748,8908,,,SOURCE_BLOCK_NOTE,UNSPECIFIED,NARRATIVE_ONLY,HIGH,,,,CITATION_BULLET|PAGE_CHECK_MARKER,REF-253,YES,•  মিরাজের রাতে জান্নাতের দরজার লেখা — খতিব বাগদাদী (খাতামতো); PAGE-CHECK।,PAGE-CHECK,
B1-C00749,8909,,,SOURCE_BLOCK_NOTE,UNSPECIFIED,NARRATIVE_ONLY,HIGH,,,,CITATION_BULLET|PAGE_CHECK_MARKER,REF-254,YES,•  ফুরাত ইবনে ইব্রাহিমের তাফসিরের বর্ণনা — খাতামতো; PAGE-CHECK।,PAGE-CHECK,
B1-C00750,8910,,,SHIA_NARRATION,SHIA,NAMED_SOURCE,HIGH,Bihar_al-Anwar,Bihar_al-Anwar:43|Bihar_al-Anwar:2|Bihar_al-Anwar:43|Bihar_al-Anwar:2,,CITATION_BULLET|PAGE_CHECK_MARKER|SUTRA_MARKER|SHIA_BOOK,REF-255,YES,"•  «উম্মু আবিহা» — বিহারুল আনওয়ার খণ্ড ৪৩, অধ্যায় ২ (মাকাতিলুত তালিবিয়্যিন থেকে, ইমাম জাফর আস-সাদিক (আলাইহিস্ সালাম)-এর সূত্রে), আগের পাসের পাঠ; PAGE-CHECK।",CONFLICT,YES
B1-C00751,8911,,,SOURCE_BLOCK_NOTE,UNSPECIFIED,NARRATIVE_ONLY,HIGH,,,,CITATION_BULLET|HADITH_WORD,,YES,"•  বুরুল্লাহর শেখানো দরুদ — উস্তাদের ক্লাসের আমল [লেখকের তাজরিবা], হাদীস নয়।",PAGE-CHECK,
B1-C00752,8960,,১১  আহলুল বাইত কি জাহান্নামে যেতে পারেন?,PROSE_ATTRIBUTION,UNSPECIFIED,NARRATIVE_ONLY,LOW,,,,QURAN_MARKER|HADITH_WORD|RASUL_SAID,,NO,"স্পিকারে বুরুল্লাহ বলল, “দেখো, এই প্রশ্নের উত্তর একেবারে স্পষ্টভাবে পাওয়া যায় হাদীস থেকে। রাসূলুল্লাহ ﷺ নিজেই বলেছেন: আমি তোমাদের মাঝে দুইটি ভারি জিনিস রেখে যাচ্ছি— কুরআন এবং আমার আহলুল বাইত। যতক্ষণ এদেরকে আঁকড়ে থাকবে, কখনো পথভ্রষ্ট হবে না। আর এই দুইটি কিয়ামত পর্যন্ত একসাথে থাকবে।”",PAGE-CHECK,
B1-C00753,8966,,১১  আহলুল বাইত কি জাহান্নামে যেতে পারেন?,ATTRIBUTION_ONLY,UNSPECIFIED,ATTRIBUTION_FORMULA,MEDIUM,,,,BARNITA_MARKER|RASUL_SAID,REF-256,NO,"বর্ণিত আছে, রাসূলুল্লাহ ﷺ বলেছেন: “নিশ্চয়ই আল্লাহ তোমাকে (হে ফাতেমা) এবং তোমার সন্তানদের জাহান্নামের আগুনে শাস্তি দিবেন না।”",CONFLICT,YES
B1-C00754,8995,,,ATTRIBUTION_ONLY,UNSPECIFIED,ATTRIBUTION_FORMULA,MEDIUM,,,,BARNITA_MARKER|RASUL_SAID,REF-257,NO,"«আহলুল বাইতের প্রতি ভালোবাসা শুধু আবেগ নয়, এটাই ইমানের ভিত্তি। আর তাঁদের বিরোধিতা মানেই— শয়তানী ফাঁদে পা দেওয়া। রাসূলুল্লাহ ﷺ বলেছেন বলে বর্ণিত আছে— ""আহলুল বাইত আমার, আর তাঁদের ভালোবাসা মানেই নাজাত।”»",CONFLICT,YES
B1-C00755,9000,,,PROSE_ATTRIBUTION,UNSPECIFIED,NARRATIVE_ONLY,LOW,,,,HADITH_WORD|RASUL_SAID,,NO,"“একটা হাদীস পড়লাম মোবাইলে,” রাহাত বলল, অন্ধকারে, পর্দার আলোয় পড়তে পড়তে। “আয়েশা বলেছেন— চাল-চলনে, স্বভাব-চরিত্রে, উঠা-বসায় মা সাইয়্যিদা ফাতিমাতুয্ যাহরা (আলাইহাস্ সালাম)-র মতো আর কাউকে রাসূলুল্লাহ ﷺ-এর সাথে এতটা মিলতে দেখিনি। ভাবো তো, যেন পুরো নবীর প্রতিচ্ছবি ফুটে উঠেছিল তাঁর কন্যার মাঝে।”",PAGE-CHECK,
B1-C00756,9005,,,PROSE_ATTRIBUTION,UNSPECIFIED,NARRATIVE_ONLY,LOW,,,,RASUL_SAID,,NO,"রাকিকা গভীর কণ্ঠে বলল, “কিন্তু বিষয়টা শুধু আবেগ নয়। আনাস ইবনে মালেকও বলেছেন— কোন ব্যক্তি হাসান ইবনে আলী ও মা সাইয়্যিদা ফাতেমাতুয যাহরার চেয়ে অধিক রাসূলুল্লাহ ﷺ-এর সাথে সাদৃশ্যশীল ছিলনা। অর্থাৎ, ঐতিহাসিকভাবে বলা যায় যে নবীর সবচেয়ে কাছের প্রতিচ্ছবি ছিলেন তাঁর কন্যা।”",PAGE-CHECK,
B1-C00757,9058,,,SOURCE_BLOCK_NOTE,UNSPECIFIED,NARRATIVE_ONLY,HIGH,,,,CITATION_BULLET,,YES,"•  আহলুল বাইতের পবিত্রতার আলাপ, ট্রেনের সংলাপ ও ফার্সি কবিতার ভাবার্থ-অনুবাদ লেখকের নিজের খাতা থেকে; কবিতার মূল: মাজিদ বানি ফাতিমা।",PAGE-CHECK,
B1-C00758,9059,,,QURAN,QURAN,QURAN_REF,HIGH,,,42:23|33:33|3:33|39:53|108:1,CITATION_BULLET|QURAN_MARKER,,YES,"•  কুরআন ৪২:২৩, ৩৩:৩৩ (শেষাংশ), ৩:৩৩, ৩৯:৫৩, ১০৮:১ — api.alquran.cloud-এ মেলানো, CONFIRMED।",VERIFIED,
B1-C00759,9060,,,SUNNI_NARRATION,SUNNI,NAMED_SOURCE,HIGH,Jami_al-Tirmidhi|Sahih_Muslim,Sahih_Muslim:2408|Sahih_Muslim:2408|Jami_al-Tirmidhi:3786|Jami_al-Tirmidhi:3786|Jami_al-Tirmidhi:3788|Jami_al-Tirmidhi:3788,,CITATION_BULLET|PAGE_CHECK_MARKER|SUNNI_BOOK,REF-258,YES,"•  সাকালাইন: সহীহ মুসলিম ২৪০৮ (মূল অংশ, CONFIRMED, সংস্করণ-পাঠ); «কখনো পথভ্রষ্ট হবে না» — তিরমিযি ৩৭৮৬ (CONFIRMED, সংস্করণ-পাঠ); «কিয়ামত পর্যন্ত একসাথে থাকবে» — তিরমিযি ৩৭৮৮ (PAGE-CHECK)। খাতায় পুরোটা «সহিহ মুসলিম» বলা — সংশোধিত।",CONFLICT,YES
B1-C00760,9061,,,ATTRIBUTION_ONLY,UNSPECIFIED,ATTRIBUTION_FORMULA,MEDIUM,,,,CITATION_BULLET|PAGE_CHECK_MARKER|BARNITA_MARKER,REF-259,YES,"•  «আল্লাহ তোমাকে ও তোমার সন্তানদের আগুনে শাস্তি দেবেন না»; «ফাতিমা সতীত্ব রক্ষা করেছেন, তাই আল্লাহ তাঁর সন্তানদের আগুন থেকে রক্ষা করেছেন»; «فطمها الله وفطم محبيها عن النار» — সবগুলো বর্ণিত আছে; PAGE-CHECK।",CONFLICT,YES
B1-C00761,9062,,,SUNNI_NARRATION,SUNNI,NAMED_SOURCE,HIGH,al-Tabarani,,,CITATION_BULLET|PAGE_CHECK_MARKER|SUTRA_MARKER|BARNITA_MARKER,REF-260,YES,"•  «আহলুল বাইত আমার, আর তাঁদের ভালোবাসা মানেই নাজাত» (REV1-এ ফেরানো, ¶13894) — খাতায় আত-তাবারানী, আল-মু'জামুল কাবীর, ইবনে আব্বাস সূত্র, «সনদ দুর্বল» লেখা; গল্পে «বর্ণিত আছে»; PAGE-CHECK।",CONFLICT,YES
B1-C00762,9063,,,SUNNI_NARRATION,SUNNI,NAMED_SOURCE,HIGH,Jami_al-Tirmidhi,,,CITATION_BULLET|PAGE_CHECK_MARKER|SUNNI_BOOK|HADITH_WORD,REF-261,YES,•  হাদীসে কুদসি «হে আদম সন্তান… আকাশমণ্ডলের মতো গুনাহ» — জামে তিরমিযিতে বর্ণিত; PAGE-CHECK।,CONFLICT,YES
B1-C00763,9064,,,SOURCE_BLOCK_NOTE,UNSPECIFIED,NARRATIVE_ONLY,HIGH,,,,CITATION_BULLET,,YES,•  «আমি গাদিরের উত্তরাধিকার» — «বলা হয়»; উৎস পাওয়া যায়নি।,PAGE-CHECK,
B1-C00764,9065,,,SUNNI_NARRATION,SUNNI,NAMED_SOURCE,HIGH,Sahih_Muslim|Sahih_al-Bukhari,,,CITATION_BULLET|PAGE_CHECK_MARKER|SUNNI_BOOK,REF-262,YES,"•  আয়িশার বর্ণনা (চাল-চলনে সাদৃশ্য; স্ত্রীদের মজলিসে আগমন, «স্বাগতম, হে আমার কন্যা») — সহীহ বুখারি/মুসলিম ও সুনান গ্রন্থে বর্ণিত; আনাসের বর্ণনা (হাসান ও ফাতিমার সাদৃশ্য) — PAGE-CHECK।",CONFLICT,YES
B1-C00765,9082,,০১  নামাজে আল্লাহর সঙ্গে কথা বলা,PROSE_ATTRIBUTION,UNSPECIFIED,NARRATIVE_ONLY,LOW,,,,RASUL_SAID,,NO,"কখনও আবার আল্লাহ ওহীর পর্দার আড়াল দিয়ে কথা বলেছেন। যেমন রাসূলুল্লাহ ﷺ-এর ক্ষেত্রে। তাঁর হৃদয়ে নাজিল হয়েছে সেই অমর বাণী, যা আজও পৃথিবীর প্রতিটি কোণায় আলো ছড়িয়ে দিচ্ছে।",PAGE-CHECK,
B1-C00766,9096,,০১  নামাজে আল্লাহর সঙ্গে কথা বলা,ATTRIBUTION_ONLY,UNSPECIFIED,ATTRIBUTION_FORMULA,MEDIUM,,,,BARNITA_MARKER|QURAN_MARKER,REF-263,NO,"যখন তুমি কুরআন তিলাওয়াত করো, তখন শুনছো আল্লাহর বাণী। দোয়া হলো তোমার বক্তব্য, আর কুরআন হলো তাঁর উত্তর। বর্ণিত আছে: ‘তুমি যদি চাও আল্লাহ তোমার সঙ্গে কথা বলুন, তবে কুরআন পড়ো। আর তুমি যদি আল্লাহর সঙ্গে কথা বলতে চাও, তবে তাঁর কাছে দোয়া করো।’”",CONFLICT,YES
B1-C00767,9107,,০১  নামাজে আল্লাহর সঙ্গে কথা বলা,PROSE_ATTRIBUTION,UNSPECIFIED,NARRATIVE_ONLY,LOW,,,,QURAN_MARKER|RASUL_SAID,,NO,"“হ্যাঁ। সূরা ফাতিহা কোনো নিছক পুনরাবৃত্তি নয়, বরং প্রেমের আলাপন। রাসূলুল্লাহ ﷺ বলেছেন যে, আল্লাহ বলেন:",PAGE-CHECK,
B1-C00768,9140,,০১  নামাজে আল্লাহর সঙ্গে কথা বলা,SOURCE_BLOCK_NOTE,UNSPECIFIED,NARRATIVE_ONLY,HIGH,,,,CITATION_BULLET,,YES,•  দরসের বক্তব্য লেখকের নিজের খাতা থেকে।,PAGE-CHECK,
B1-C00769,9141,,০১  নামাজে আল্লাহর সঙ্গে কথা বলা,QURAN,QURAN,QURAN_REF,HIGH,,,4:164|5:48|15:9|96:19|1:2,CITATION_BULLET|QURAN_MARKER,,YES,"•  কুরআন ৪:১৬৪, ৫:৪৮, ১৫:৯, ৯৬:১৯, ১:২–৬ — api.alquran.cloud-এ মেলানো, CONFIRMED।",VERIFIED,
B1-C00770,9142,,০১  নামাজে আল্লাহর সঙ্গে কথা বলা,SUNNI_NARRATION,SUNNI,NAMED_SOURCE,HIGH,Sahih_Muslim,Sahih_Muslim:395|Sahih_Muslim:395,,CITATION_BULLET|PAGE_CHECK_MARKER|SUNNI_BOOK|HADITH_WORD,REF-264,YES,•  ফাতিহার দুই ভাগের হাদীসে কুদসি («আমার বান্দা আমার প্রশংসা করেছে…») — সহীহ মুসলিম ৩৯৫ (খাতামতো); PAGE-CHECK।,CONFLICT,YES
B1-C00771,9143,,০১  নামাজে আল্লাহর সঙ্গে কথা বলা,ATTRIBUTION_ONLY,UNSPECIFIED,ATTRIBUTION_FORMULA,MEDIUM,,,,CITATION_BULLET|PAGE_CHECK_MARKER|BARNITA_MARKER|QURAN_MARKER,REF-265,YES,"•  «কুরআন পড়ো, আল্লাহ কথা বলবেন; দোয়া করো, তুমি কথা বলবে» — বর্ণিত আছে; PAGE-CHECK।",CONFLICT,YES
B1-C00772,9144,,০১  নামাজে আল্লাহর সঙ্গে কথা বলা,SOURCE_BLOCK_NOTE,UNSPECIFIED,NARRATIVE_ONLY,HIGH,,,,CITATION_BULLET|PAGE_CHECK_MARKER|SUTRA_MARKER|HADITH_WORD,REF-266,YES,"•  «নামাজ মুমিনের মেরাজ» — বহুল প্রচলিত উক্তি; হাদীস-গ্রন্থে সূত্র খোঁজা বাকি, তাই «বলা হয়»; PAGE-CHECK।",PAGE-CHECK,
B1-C00773,9172,,০২  নয় মাস ধরে মেয়ের দরজায় রাসূলুল্লাহ ﷺ,PROSE_ATTRIBUTION,UNSPECIFIED,NARRATIVE_ONLY,LOW,,,,RASUL_SAID,,NO,"চাচা ধীরে ধীরে বললেন— “রাসূলুল্লাহ ﷺ বলেছেন: ‘নামাজ জান্নাতের চাবি।’ আর জাবির ইবনে আবদুল্লাহ থেকে বর্ণিত— আল্লাহর রাসূল ﷺ বলেছেন: ‘জান্নাতের চাবি হলো নামাজ, আর নামাজের চাবি হলো ওজু।’”",PAGE-CHECK,
B1-C00774,9191,,০২  নয় মাস ধরে মেয়ের দরজায় রাসূলুল্লাহ ﷺ,ATTRIBUTION_ONLY,UNSPECIFIED,ATTRIBUTION_FORMULA,MEDIUM,,,,BARNITA_MARKER,REF-267,NO,"চাচা একটু ঝুঁকে বললেন— “আমাদের মাওলা আলী (আলাইহিস্ সালাম)-এর কথা বলে বর্ণিত আছে— ‘নামাজ যেদিকে, আমি সেদিকে। আর আমি যেদিকে, নামাজ সেদিকে।’ তাঁর রুকু যেদিকে, আমাদের রুকুও সেদিকে হওয়া উচিত। যদি আনুগত্য ও কায়েম ছাড়া কেবল খালি আদায় করি, তবে জান্নাতের চাবি হাতে থেকেও দরজা খোলা যাবে না।”",CONFLICT,YES
B1-C00775,9199,,০২  নয় মাস ধরে মেয়ের দরজায় রাসূলুল্লাহ ﷺ,ATTRIBUTION_ONLY,UNSPECIFIED,ATTRIBUTION_FORMULA,MEDIUM,,,,BARNITA_MARKER,REF-268,NO,"বর্ণিত আছে, ঠিক তখনই সালমান ফারসী শুনলেন। তিনি তাকে ডেকে বললেন— ‘ভাই, নবীর ব্যাপারে এভাবে বলো না। তুমি বিষয়টা ভুল বুঝেছো। এসো, আমি তোমাকে দেখাই কিভাবে করতে হয়।’",PAGE-CHECK,
B1-C00776,9218,,০২  নয় মাস ধরে মেয়ের দরজায় রাসূলুল্লাহ ﷺ,ATTRIBUTION_ONLY,UNSPECIFIED,ATTRIBUTION_FORMULA,MEDIUM,,,,BARNITA_MARKER|QURAN_MARKER,REF-269,NO,"“এই আয়াত নামার পর,” চাচা বললেন, খুব ধীরে, “বর্ণিত আছে, রাসূলুল্লাহ ﷺ প্রতিদিন ফজরের সময় মসজিদে যাওয়ার পথে মা সাইয়্যিদা ফাতিমাতুয্ যাহরা (আলাইহাস্ সালাম)-এর ঘরের দরজায় থামতেন। দরজায় দাঁড়িয়ে বলতেন, আস-সালাত, হে আহলুল বাইত। তারপর পড়তেন তাতহীরের আয়াত: আল্লাহ তো শুধু চান তোমাদের থেকে অপবিত্রতা দূর করতে, হে আহলুল বাইত, আর তোমাদের পূর্ণ পবিত্র করতে।”",CONFLICT,YES
B1-C00777,9250,,,SOURCE_BLOCK_NOTE,UNSPECIFIED,NARRATIVE_ONLY,HIGH,,,,CITATION_BULLET,,YES,"•  দরসের বক্তব্য, সাহাবি ও সালমানের ঘটনা, আনুগত্যের দাঁড়িপাল্লা লেখকের নিজের খাতা থেকে।",PAGE-CHECK,
B1-C00778,9251,,,QURAN,QURAN,QURAN_REF,HIGH,,,98:5|20:132|33:33,CITATION_BULLET|QURAN_MARKER,,YES,"•  কুরআন ৯৮:৫, ২০:১৩২, ৩৩:৩৩ (শেষাংশ) — api.alquran.cloud-এ মেলানো, CONFIRMED।",VERIFIED,
B1-C00779,9252,,,QURAN,QURAN,QURAN_REF,HIGH,,,98:5,CITATION_BULLET|PAGE_CHECK_MARKER,REF-270,YES,"•  ৯৮:৫-এর ব্যাখ্যা (সালাত = আলী, সঠিক দীন = ফাতিমা (আলাইহাস্ সালাম)) — ইমাম আল-বাকির (আলাইহিস্ সালাম) থেকে বর্ণিত; PAGE-CHECK।",VERIFIED,
B1-C00780,9253,,,SUNNI_NARRATION,SUNNI,NAMED_SOURCE,HIGH,Jami_al-Tirmidhi,,,CITATION_BULLET|PAGE_CHECK_MARKER|BARNITA_MARKER|SUNNI_BOOK,REF-271,YES,"•  «নামাজ জান্নাতের চাবি», «জান্নাতের চাবি নামাজ, নামাজের চাবি ওজু» (জাবির) — বর্ণিত আছে (মুসনাদে আহমাদ/তিরমিযিতে প্রসিদ্ধ); PAGE-CHECK।",CONFLICT,YES
B1-C00781,9254,,,ATTRIBUTION_ONLY,UNSPECIFIED,ATTRIBUTION_FORMULA,MEDIUM,,,,CITATION_BULLET|PAGE_CHECK_MARKER|BARNITA_MARKER,REF-272,YES,"•  আলী (আলাইহিস্ সালাম)-এর বাজার-পরিদর্শন — বর্ণিত আছে; PAGE-CHECK। «নামাজ যেদিকে, আমি সেদিকে» — বর্ণিত আছে; উৎস পাওয়া যায়নি।",PAGE-CHECK,
B1-C00782,9255,,,QURAN,SUNNI,QURAN_REF,HIGH,Sahih_al-Bukhari,Sahih_al-Bukhari:8|Sahih_al-Bukhari:24|Sahih_al-Bukhari:8|Sahih_al-Bukhari:24,8:24,CITATION_BULLET|PAGE_CHECK_MARKER|BARNITA_MARKER|SUNNI_BOOK,REF-273,YES,"•  নবীর ডাকে সাড়া না দেওয়া সাহাবি — সহীহ বুখারিতে আবু সাঈদ ইবনুল মুআল্লার বর্ণনা (৮:২৪ প্রসঙ্গে), খাতামতো; PAGE-CHECK। সালমানের দেখানোর অংশ — বর্ণিত আছে; উৎস পাওয়া যায়নি।",CONFLICT,YES
B1-C00783,9256,,,SUNNI_NARRATION,SUNNI,NAMED_SOURCE,HIGH,Jami_al-Tirmidhi,,,CITATION_BULLET|PAGE_CHECK_MARKER|SUNNI_BOOK,REF-274,YES,"•  ফজরে মা সাইয়্যিদা (আলাইহাস্ সালাম)-এর দরজায় «আস-সালাত, হে আহলুল বাইত» — জামে তিরমিযিতে আনাস থেকে (ছয় মাস); অন্য বর্ণনায় আট/নয় মাস; PAGE-CHECK।",CONFLICT,YES
B1-C00784,9344,,,SOURCE_BLOCK_NOTE,UNSPECIFIED,NARRATIVE_ONLY,HIGH,,,,CITATION_BULLET,,YES,"•  সময়ের ইতিহাস, তিন সময়, যোহর-আসরের পর আসরের ওয়াক্ত লেখকের নিজের খাতা থেকে।",PAGE-CHECK,
B1-C00785,9345,,,QURAN,QURAN,QURAN_REF,HIGH,,,11:114|17:78,CITATION_BULLET|QURAN_MARKER,,YES,"•  কুরআন ১১:১১৪ ও ১৭:৭৮ — api.alquran.cloud-এ মেলানো, CONFIRMED (আব্বার পড়া অনুবাদ api-র বাংলা পাঠ)।",VERIFIED,
B1-C00786,9346,,,SUNNI_NARRATION,SUNNI,NAMED_SOURCE,HIGH,Sahih_Muslim,Sahih_Muslim:705|Sahih_Muslim:705,,CITATION_BULLET|PAGE_CHECK_MARKER|SUNNI_BOOK,REF-275,YES,•  ইবনে আব্বাস: ভয় বা সফর ছাড়া মদীনায় যোহর-আসর ও মাগরিব-এশা একত্রে — সহীহ মুসলিম ৭০৫ (খাতামতো); PAGE-CHECK।,CONFLICT,YES
B1-C00787,9357,,০৪  আঠারো হাজার ওয়াক্তের পরও হারিয়ে গেল?,PROSE_ATTRIBUTION,UNSPECIFIED,NARRATIVE_ONLY,LOW,,,,RASUL_SAID,,NO,"বুরুল্লাহ বলল, গভীর স্বরে: “রাসূলুল্লাহ ﷺ বলেছেন, ‘তোমরা আমাকে যেভাবে নামাজ আদায় করতে দেখেছ, সেভাবে নামাজ আদায় করো।’ কিন্তু বলো তো, আজ কতজন ইমাম বুকের ভেতর হাত রেখে বলতে পারবেন— ‘আমার নামাজ রাসূলুল্লাহ ﷺ-এর নামাজের মতো?’”",PAGE-CHECK,
B1-C00788,9384,,০৪  আঠারো হাজার ওয়াক্তের পরও হারিয়ে গেল?,ATTRIBUTION_ONLY,UNSPECIFIED,ATTRIBUTION_FORMULA,MEDIUM,,,,BARNITA_MARKER,REF-276,NO,"“এমনকি,” বুরুল্লাহ বলল, “বর্ণিত আছে, সাহাবারা কুফার মসজিদে আলাপ করতেন, ‘এতদিন পর আমরা আলীর ইমামতে রাসূলের নামাজের রূপ ফিরে পেলাম।’”",CONFLICT,YES
B1-C00789,9391,,০৪  আঠারো হাজার ওয়াক্তের পরও হারিয়ে গেল?,PROSE_ATTRIBUTION,UNSPECIFIED,NARRATIVE_ONLY,LOW,,,,RASUL_SAID,,NO,"বুরুল্লাহ ধীরে মাথা ঝোঁকাল। “ঠিক তাই। কারণ রাসূলুল্লাহ ﷺ নিজেই বলেছেন, ‘আলী হকের সাথে এবং হক আলীর সাথে।’ তাহলে হক কোথায় থাকবে?”",PAGE-CHECK,
B1-C00790,9418,,০৪  আঠারো হাজার ওয়াক্তের পরও হারিয়ে গেল?,SOURCE_BLOCK_NOTE,UNSPECIFIED,NARRATIVE_ONLY,HIGH,,,,CITATION_BULLET|PAGE_CHECK_MARKER,REF-277,YES,•  «তোমরা আমাকে যেভাবে নামাজ আদায় করতে দেখেছ…» — সহীহ বুখারী (মালিক ইবনুল হুওয়াইরিস); খণ্ড/নম্বর PAGE-CHECK।,CONFLICT,YES
B1-C00791,9419,,০৪  আঠারো হাজার ওয়াক্তের পরও হারিয়ে গেল?,QURAN,QURAN,QURAN_REF,HIGH,,,19:59|107:4,CITATION_BULLET|QURAN_MARKER,,YES,"•  কুরআন ১৯:৫৯, ১০৭:৪–৫ — api.alquran.cloud, CONFIRMED।",VERIFIED,
B1-C00792,9420,,০৪  আঠারো হাজার ওয়াক্তের পরও হারিয়ে গেল?,SOURCE_BLOCK_NOTE,UNSPECIFIED,NARRATIVE_ONLY,HIGH,,,,CITATION_BULLET|PAGE_CHECK_MARKER,REF-278,YES,"•  আনাস ইবনে মালিকের উক্তি ও দামেশকে কান্না (যুহরীর বর্ণনা) — সহীহ বুখারী, «নামাজের ওয়াক্ত» অধ্যায় (খাতামতো); নম্বর PAGE-CHECK।",CONFLICT,YES
B1-C00793,9421,,০৪  আঠারো হাজার ওয়াক্তের পরও হারিয়ে গেল?,ATTRIBUTION_ONLY,UNSPECIFIED,ATTRIBUTION_FORMULA,MEDIUM,,,,CITATION_BULLET|PAGE_CHECK_MARKER|BARNITA_MARKER,REF-279,YES,"•  ইমরান ইবনে হুসাইন, আলী (আলাইহিস্ সালাম)-এর পেছনে নামাজ — সহীহ বুখারী (খাতামতো); নম্বর PAGE-CHECK। কুফার মসজিদের আলাপ — খাতায় «মেশকাতুল মাসাবিহ, তাজরীদুল বুখারী»; PAGE-CHECK, তাই দৃশ্যে «বর্ণিত আছে»।",CONFLICT,YES
B1-C00794,9422,,০৪  আঠারো হাজার ওয়াক্তের পরও হারিয়ে গেল?,SUNNI_NARRATION,SUNNI,NAMED_SOURCE,HIGH,Mustadrak_al-Hakim,,,CITATION_BULLET|PAGE_CHECK_MARKER|SUNNI_BOOK,REF-280,YES,"•  «আলী হকের সাথে, হক আলীর সাথে» — আল-হাকিম, আল-মুসতাদরাক (হাকিমের মতে সহীহ, যাহাবীর আপত্তি); PAGE-CHECK।",EDITION-LOCK,YES
B1-C00795,9423,,০৪  আঠারো হাজার ওয়াক্তের পরও হারিয়ে গেল?,SOURCE_BLOCK_NOTE,UNSPECIFIED,NARRATIVE_ONLY,HIGH,,,,CITATION_BULLET,,YES,•  আবদুল করিম চাচা ও হাত-বাঁধার দৃশ্য — Claude (অধ্যায় ৫-এর প্রস্তুতি)।,PAGE-CHECK,
B1-C00796,9455,,০৫  রুকু অবস্থায় যে দান করল,ATTRIBUTION_ONLY,UNSPECIFIED,ATTRIBUTION_FORMULA,MEDIUM,,,,BARNITA_MARKER|RASUL_SAID,REF-281,NO,"“আবু যার আল-গিফারী বলেন,” চাচা বললেন, “বর্ণিত আছে, সেদিন নামাজ শেষে রাসূলুল্লাহ ﷺ দুহাত তুলে আল্লাহর কাছে প্রার্থনা করলেন: ‘ইয়া প্রভু! যেমন তুমি মূসা (আলাইহিস্ সালাম)-এর জন্য তাঁর ভাই হারুনকে শক্তি ও পরামর্শদাতা হিসেবে নিয়োগ করেছিলে, তেমনি আমার জন্যও আলীকে এই ভূমিকা দাও। তার মাধ্যমে আমার দায়িত্বকে শক্তিশালী করো এবং আমার কাজ সহজ করো।’ মূসা (আলাইহিস্ সালাম)-এর সেই দোয়াটা এখানে।”",CONFLICT,YES
B1-C00797,9498,,০৫  রুকু অবস্থায় যে দান করল,QURAN,QURAN,QURAN_REF,HIGH,,,5:55|2:257|20:29|19:31|5:55,CITATION_BULLET|QURAN_MARKER,,YES,"•  কুরআন ৫:৫৫, ২:২৫৭, ২০:২৯–৩১, ১৯:৩১ — api.alquran.cloud, CONFIRMED (৫:৫৫-এর বাংলা খাতার অনুবাদ, «সালাত» → «নামাজ»; বাকিগুলো api বাংলা)।",VERIFIED,
B1-C00798,9499,,০৫  রুকু অবস্থায় যে দান করল,ATTRIBUTION_ONLY,UNSPECIFIED,ATTRIBUTION_FORMULA,MEDIUM,,,,CITATION_BULLET|PAGE_CHECK_MARKER|SUTRA_MARKER|BARNITA_MARKER,REF-282,YES,"•  আবু যার আল-গিফারীর বর্ণনা ও নবীর দোয়া — খাতামতো; সূত্র উল্লেখ নেই, তাই «বর্ণিত আছে»; PAGE-CHECK।",CONFLICT,YES
B1-C00799,9500,,০৫  রুকু অবস্থায় যে দান করল,SOURCE_BLOCK_NOTE,UNSPECIFIED,NARRATIVE_ONLY,HIGH,,,,CITATION_BULLET|PAGE_CHECK_MARKER|SUTRA_MARKER,REF-283,YES,"•  ইবনে মারদুইয়া, খাতীব বাগদাদী (ইবনে আব্বাস সূত্রে), তাবরানী (আম্মার ইবনে ইয়াসির সূত্রে) — খাতামতো; PAGE-CHECK।",PAGE-CHECK,
B1-C00800,9501,,০৫  রুকু অবস্থায় যে দান করল,SOURCE_BLOCK_NOTE,UNSPECIFIED,NARRATIVE_ONLY,HIGH,,,,CITATION_BULLET|PAGE_CHECK_MARKER,REF-284,YES,"•  ইমাম জাফর সাদিক (আলাইহিস্ সালাম): «ওলায়াহকে জানার পর…» — আল-কাফী, কিতাবুল ঈমান ওয়াল কুফর, বাবুল ওয়ালায়াহ (খাতামতো); PAGE-CHECK।",CONFLICT,YES
B1-C00801,9565,,০৬  ঘরের দরজায় নদী,SUNNI_NARRATION,SUNNI,NAMED_SOURCE,HIGH,Sahih_Muslim,Sahih_Muslim:667|Sahih_Muslim:667,,CITATION_BULLET|PAGE_CHECK_MARKER|SUNNI_BOOK,REF-285,YES,"•  নদীর উদাহরণ — সহীহ বুখারী ৫২৮, সহীহ মুসলিম ৬৬৭ (খাতামতো); PAGE-CHECK।",CONFLICT,YES
B1-C00802,9566,,০৬  ঘরের দরজায় নদী,QURAN,QURAN,QURAN_REF,HIGH,,,2:43|23:1|87:14|29:45,CITATION_BULLET|QURAN_MARKER,,YES,"•  কুরআন ২:৪৩, ২৩:১–৩, ৮৭:১৪–১৫, ২৯:৪৫ — api.alquran.cloud, CONFIRMED (বাংলা api পাঠ)।",VERIFIED,
B1-C00803,9567,,০৬  ঘরের দরজায় নদী,QURAN,QURAN,QURAN_REF,HIGH,,,28:76,CITATION_BULLET|QURAN_MARKER,,YES,•  কারুনের ধনভান্ডারের চাবি — কুরআন ২৮:৭৬-এর ইঙ্গিত (চাচার মুখে «নাকি»); আয়াত দৃশ্যে পড়া হয়নি।,VERIFIED,
B1-C00804,9568,,০৬  ঘরের দরজায় নদী,SOURCE_BLOCK_NOTE,UNSPECIFIED,NARRATIVE_ONLY,HIGH,,,,CITATION_BULLET,,YES,"•  চাবির খাঁজ, জান্নাতের দরজা — লেখকের নিজের খাতা থেকে।",PAGE-CHECK,
B1-C00805,9596,,০৮  নব্বই বছরের ইবাদত কেন হার মানল?,PROSE_ATTRIBUTION,UNSPECIFIED,NARRATIVE_ONLY,LOW,,,,RASUL_SAID,,NO,"“না, কখনোই না,” বুরুল্লাহ বলল। “আমল কখনোই কাউকে জাহান্নাম থেকে নাজাত দিতে সক্ষম হবে না। রাসূলুল্লাহ ﷺ বলেছেন, ‘কস্মিনকালেও তোমাদের কাউকে তার নিজের আমল কক্ষনো নাজাত দিবে না।’”",PAGE-CHECK,
B1-C00806,9608,,০৮  নব্বই বছরের ইবাদত কেন হার মানল?,ATTRIBUTION_ONLY,UNSPECIFIED,ATTRIBUTION_FORMULA,MEDIUM,,,,BARNITA_MARKER,REF-286,NO,"“কারণ ওই পাঁচজনের ইবাদতে লেনদেন ছিল না,” বুরুল্লাহ বলল। “আলী (আলাইহিস্ সালাম) বলেছেন, বর্ণিত আছে, এক দল জান্নাতের লোভে ইবাদত করে, সেটা ব্যবসায়ীর ইবাদত। এক দল ভয়ে করে, সেটা দাসের ইবাদত। আর এক দল কৃতজ্ঞতায় করে, সেটা মুক্ত মানুষের ইবাদত।”",PAGE-CHECK,
B1-C00807,9616,,০৮  নব্বই বছরের ইবাদত কেন হার মানল?,SUNNI_NARRATION,SUNNI,NAMED_SOURCE,HIGH,Sahih_Muslim,,,QURAN_MARKER|SUNNI_BOOK,,NO,"“মাত্র আঠারো বছরের সংক্ষিপ্ত জীবনেই মা সাইয়্যিদা ফাতিমাতুয্ যাহরা (আলাইহাস্ সালাম) এমন এক অনন্য মর্যাদায় আসীন হয়েছেন, যা চিরকাল মুসলিম উম্মাহর জন্য আলো ও পথপ্রদর্শক হয়ে থাকবে,” বুরুল্লাহ বলল। “তাঁর জীবন, তাঁর ইবাদত, তাঁর বিনয়—সব কিছুই মহান আল্লাহর একত্বের সৌন্দর্যের প্রতিফলন। তিনি এমন এক উচ্চতর আত্মিক অবস্থানে পৌঁছেছিলেন যে, স্বয়ং আল্লাহ তাআলা তাঁকে আয়াতুত তাতহির দ্বারা নিষ্কলুষতার মহামর্যাদায় ভূষিত করেছেন। তাঁর ইবাদত এতটাই গভীর ছিল যে, তা কেবল ব্যক্তিগত উপাসনা নয়, বরং আল্লাহ ও রাসূলের সন্তুষ্টির প্রতীক হয়ে উঠেছিল। তাঁর সন্তুষ্টি ছিল আল্লাহ ও তাঁর রাসূলের সন্তুষ্টির কারণ, আর তাঁর অসন্তুষ্টি ছিল আল্লাহ ও তাঁর রাসূলের অসন্তুষ্টির কারণ।”",PAGE-CHECK,
B1-C00808,9617,,০৮  নব্বই বছরের ইবাদত কেন হার মানল?,ATTRIBUTION_ONLY,UNSPECIFIED,ATTRIBUTION_FORMULA,MEDIUM,,,,BARNITA_MARKER,REF-287,NO,"একটু থেমে সে বলল, “ইমাম হাসান (আলাইহিস্ সালাম) বলেছেন, বর্ণিত আছে, ‘আমি মায়ের মতো আর কোনো ইবাদতকারী দেখিনি।’ হাসান বসরী, যিনি নিজেও বিখ্যাত ইবাদতকারী, বলেছেন, ‘ফাতিমা এত বেশি নামাজে দাঁড়িয়ে থাকতেন যে, তাঁর পদযুগলে কড়া পড়ে যেত।’”",CONFLICT,YES
B1-C00809,9619,,০৮  নব্বই বছরের ইবাদত কেন হার মানল?,ATTRIBUTION_ONLY,UNSPECIFIED,ATTRIBUTION_FORMULA,MEDIUM,,,,BARNITA_MARKER,REF-288,NO,"“তিনি শুধু নিয়মরক্ষার জন্য ইবাদত করতেন না; বরং ইবাদতের সময় তাঁর হৃদয় ছিল আল্লাহর ভয়ে কম্পমান। বর্ণিত আছে, ‘ফাতিমা (আলাইহাস্ সালাম) নামাজের সময় এতটাই গভীর ধ্যানে থাকতেন যে, আল্লাহ ফেরেশতাদের ডাক দিয়ে বলতেন—তাকিয়ে দেখো, আমার বান্দি ফাতিমা কিভাবে ভয়ে কাঁপছে আর আমার ইবাদতে আত্মনিবেদিত হচ্ছে।’” বুরুল্লাহ বলল। “মা সাইয়্যিদা ফাতিমাতুয্ যাহরা (আলাইহাস্ সালাম)-এর জন্য নামাজ ছিল এক অপার প্রেম ও বিনয়ের প্রতীক। মহান আল্লাহর সামনে দণ্ডায়মান হওয়ার জন্য তাঁর একটি নির্দিষ্ট স্থান ছিল, যেখানে তিনি বিশেষ পোশাকে, বিশেষ জায়নামাজের ওপর দাঁড়িয়ে একাগ্রচিত্তে ইবাদতে মগ্ন হতেন। তাঁর এই ইবাদতের দৃশ্য স্বয়ং আকাশের ফেরেশতাদেরকেও অভিভূত করত। এ সময়ে তাঁর অবস্থা এমনই বিনম্র ও ভয়াভিভূত থাকত যেন ঈমানের নির্যাস তাঁর প্রতিটি শিরা-উপশিরায় প্রবাহিত হচ্ছে।”",CONFLICT,YES
B1-C00810,9626,,০৮  নব্বই বছরের ইবাদত কেন হার মানল?,SHIA_NARRATION,SHIA,NAMED_SOURCE,HIGH,Ilal_al-Sharai,,,BARNITA_MARKER,REF-289,NO,"হারিকেনের কাচে একটি পোকা এসে বসল। বুরুল্লাহ সেদিকে তাকিয়ে বলল, “‘ইলালুশ শারায়ে’ গ্রন্থে বর্ণিত আছে, ‘তিনি যখন ইবাদতে দাঁড়াতেন, তখন আসমানের অধিবাসীদের জন্য এক উজ্জ্বল নক্ষত্রের মতো তাঁর পবিত্র দেহ থেকে আলো বিচ্ছুরিত হতো।’”",CONFLICT,YES
B1-C00811,9643,,০৮  নব্বই বছরের ইবাদত কেন হার মানল?,ATTRIBUTION_ONLY,UNSPECIFIED,ATTRIBUTION_FORMULA,MEDIUM,,,,CITATION_BULLET|PAGE_CHECK_MARKER|BARNITA_MARKER,REF-290,YES,•  নামাজে মা সাইয়্যিদার ভয়ে কাঁপা ও ফেরেশতাদের ডেকে দেখানো — বর্ণিত আছে; PAGE-CHECK (আমালি সাদুক সম্ভাব্য)।,PAGE-CHECK,
B1-C00812,9644,,০৮  নব্বই বছরের ইবাদত কেন হার মানল?,SHIA_NARRATION,SHIA,NAMED_SOURCE,HIGH,Ilal_al-Sharai,,,CITATION_BULLET|PAGE_CHECK_MARKER,REF-291,YES,•  «তিনি যখন ইবাদতে দাঁড়াতেন… আলো বিচ্ছুরিত হতো» — খাতায় «ইলালুশ শারায়ে»; PAGE-CHECK।,CONFLICT,YES
B1-C00813,9645,,০৮  নব্বই বছরের ইবাদত কেন হার মানল?,QURAN,QURAN,QURAN_REF,HIGH,,,3:61|20:1,CITATION_BULLET|QURAN_MARKER,,YES,"•  কুরআন ৩:৬১, ২০:১–২ — api.alquran.cloud, CONFIRMED।",VERIFIED,
B1-C00814,9646,,০৮  নব্বই বছরের ইবাদত কেন হার মানল?,SOURCE_BLOCK_NOTE,UNSPECIFIED,NARRATIVE_ONLY,HIGH,,,,CITATION_BULLET|PAGE_CHECK_MARKER|SUTRA_MARKER,REF-292,YES,"•  মুবাহালা ও নাজরানের প্রতিনিধিদল — খাতামতো; পাদ্রির «নব্বই বছর» উক্তির সূত্র খাতায় নেই, PAGE-CHECK।",PAGE-CHECK,
B1-C00815,9647,,০৮  নব্বই বছরের ইবাদত কেন হার মানল?,SUNNI_NARRATION,SUNNI,NAMED_SOURCE,HIGH,Sahih_Muslim,Sahih_Muslim:2818|Sahih_Muslim:2818,,CITATION_BULLET|PAGE_CHECK_MARKER|SUNNI_BOOK,REF-293,YES,"•  «তোমাদের কাউকে তার আমল নাজাত দেবে না» — সহীহ বুখারী ৬৪৬৩, সহীহ মুসলিম ২৮১৮ (খাতামতো); PAGE-CHECK।",CONFLICT,YES
B1-C00816,9648,,০৮  নব্বই বছরের ইবাদত কেন হার মানল?,SOURCE_BLOCK_NOTE,UNSPECIFIED,NARRATIVE_ONLY,HIGH,,,,CITATION_BULLET|PAGE_CHECK_MARKER,REF-294,YES,•  ইমাম হাসান (আলাইহিস্ সালাম) ও হাসান বসরীর উক্তি — খাতায় «Fatima Zahra in the Words of the Infallibles»; PAGE-CHECK।,CONFLICT,YES
B1-C00817,9649,,০৮  নব্বই বছরের ইবাদত কেন হার মানল?,ATTRIBUTION_ONLY,UNSPECIFIED,NO_SOURCE_STATED,MEDIUM,,,,CITATION_BULLET|PAGE_CHECK_MARKER|SUTRA_MARKER|BARNITA_MARKER,REF-295,YES,"•  রাসূলুল্লাহ ﷺ ও মা সাইয়্যিদার কথোপকথন (ইবাদতের তৌফিক) — খাতামতো; সূত্র নেই, «বর্ণিত আছে» ধাঁচে; PAGE-CHECK।",NOT_FOUND,YES
B1-C00818,9650,,,SOURCE_BLOCK_NOTE,UNSPECIFIED,NARRATIVE_ONLY,HIGH,,,,CITATION_BULLET|PAGE_CHECK_MARKER,REF-296,YES,"•  মা সাইয়্যিদার দুই রাকাত নামাজ — ইমাম জাফর সাদিক (আলাইহিস্ সালাম) থেকে, খাতায় al-islam.org; PAGE-CHECK।",PAGE-CHECK,
B1-C00819,9663,,০৯  ইবাদতকে ভালোবাসা যায় কীভাবে?,PROSE_ATTRIBUTION,UNSPECIFIED,NARRATIVE_ONLY,LOW,,,,RASUL_SAID,,NO,"“রাসূলুল্লাহ ﷺ বলেছেন, ‘মানুষের মধ্যে সেই ব্যক্তি শ্রেষ্ঠ, যে ইবাদতের প্রতি আকৃষ্ট থাকে, অন্তর দিয়ে এটিকে ভালোবাসে, উৎফুল্ল হয়ে দেহকে কাজে লাগায় এবং এর জন্য নিজেকে পুরোপুরি নিয়োজিত করে।’ আমরা যদি ইবাদতকে শুধুই কর্তব্য হিসেবে দেখি, তবে তা প্রাণহীন হয়ে যাবে। কিন্তু যদি এটিকে প্রেম ও আত্মিক প্রশান্তির উৎস হিসেবে গ্রহণ করি, তবে হৃদয় থেকেই আকৃষ্ট হবো।” একটু থেমে বলল, “ইবাদত শুধু আল্লাহর জন্য, আর এটিই সকল নবী-রাসূলের শিক্ষা। পৃথিবীর কোনো নবীই ইবাদতবিহীন জীবনযাপন করেননি। ইসলাম ধর্মেও ইবাদতই মূল ভিত্তি, তবে এটি শুধু পরকালীন বিষয় নয়। বরং এটি দুনিয়ার জীবনকেও প্রভাবিত করে।”",PAGE-CHECK,
B1-C00820,9676,,০৯  ইবাদতকে ভালোবাসা যায় কীভাবে?,PROSE_ATTRIBUTION,UNSPECIFIED,NARRATIVE_ONLY,LOW,,,,RASUL_SAID,,NO,"“রাসূলুল্লাহ ﷺ বলেছেন,” বুরুল্লাহ বলল, চুপ থাকার প্রতিজ্ঞা আবার ভেঙে, “‘ইবাদতের দশটি অংশ আছে, যার নয়টি অংশ হলো হালাল জীবিকা অন্বেষণ।’”",PAGE-CHECK,
B1-C00821,9680,,০৯  ইবাদতকে ভালোবাসা যায় কীভাবে?,PROSE_ATTRIBUTION,UNSPECIFIED,NARRATIVE_ONLY,LOW,,,,RASUL_SAID,,NO,"রাহাত বলল, “এই ব্যাপারে রাসূলুল্লাহ ﷺ একটা সুন্দর কথা বলেছেন, ‘ব্যস্ত রাখার জন্য ইবাদতই যথেষ্ট।’ মানে, ইবাদত শুধু দায়িত্ব নয়, বরং এটি আমাদের সকল কাজের বরকত এনে দেয়।”",PAGE-CHECK,
B1-C00822,9691,,০৯  ইবাদতকে ভালোবাসা যায় কীভাবে?,PROSE_ATTRIBUTION,UNSPECIFIED,NARRATIVE_ONLY,LOW,,,,RASUL_SAID,,NO,"রাহাত কাগজে চোখ রাখল। “হ্যাঁ, কিন্তু ইবাদতের মধ্যে শুধু বাহ্যিকতা থাকলে হবে না। রাসূলুল্লাহ ﷺ বলেছেন, ‘নিশ্চিত বিশ্বাস ছাড়া কোনো ইবাদত নেই।’ ইয়াকিন। অর্থাৎ, যদি আমরা আল্লাহর অস্তিত্ব ও তাঁর প্রতি বিশ্বাস সম্পর্কে সন্দিহান থাকি, তাহলে আমাদের ইবাদত অর্থহীন হয়ে যায়।” তারপর মুখ তুলে বলল, “তাই তো! কেবল নিয়ম করে নামাজ পড়লেই হবে না, বুঝতে হবে কেন পড়ছি। ইবাদত এমনভাবে করতে হবে যেন আল্লাহকে দেখতে পাচ্ছি। আর যদি না-ও দেখতে পাই, তবুও তিনি আমাকে দেখছেন।”",PAGE-CHECK,
B1-C00823,9698,,০৯  ইবাদতকে ভালোবাসা যায় কীভাবে?,PROSE_ATTRIBUTION,UNSPECIFIED,NARRATIVE_ONLY,LOW,,,,RASUL_SAID,,NO,"শামস: “রাসূলুল্লাহ ﷺ বলেছেন, ‘শ্রেষ্ঠতম ইবাদত হলো উপলব্ধি বা ধর্মীয় বিধান সম্পর্কে অনুধাবন।’”",PAGE-CHECK,
B1-C00824,9727,,০৯  ইবাদতকে ভালোবাসা যায় কীভাবে?,QURAN,QURAN,QURAN_REF,HIGH,,,51:56,CITATION_BULLET|QURAN_MARKER,,YES,"•  কুরআন ৫১:৫৬ — api.alquran.cloud, CONFIRMED (api বাংলা)।",VERIFIED,
B1-C00825,9728,,০৯  ইবাদতকে ভালোবাসা যায় কীভাবে?,SOURCE_BLOCK_NOTE,UNSPECIFIED,NARRATIVE_ONLY,HIGH,,,,CITATION_BULLET|PAGE_CHECK_MARKER|HADITH_WORD,REF-297,YES,"•  এই অধ্যায়ের হাদীস ও উক্তিগুলো খাতায় মিজানুল হিকমা, «ইবাদত» অধ্যায় (২৬১), পৃ. ৬৭৬-এর বরাতে; প্রতিটির মূল উৎস PAGE-CHECK।",PAGE-CHECK,
B1-C00826,9729,,০৯  ইবাদতকে ভালোবাসা যায় কীভাবে?,SUNNI_NARRATION,SUNNI,NAMED_SOURCE,HIGH,Sahih_Muslim,,,CITATION_BULLET|PAGE_CHECK_MARKER|SUNNI_BOOK|HADITH_WORD,REF-298,YES,"•  ইহসানের হাদীস («যেন তুমি তাঁকে দেখছ») — সহীহ মুসলিম, কিতাবুল ঈমান (জিবরাইলের হাদীস); নম্বর PAGE-CHECK।",CONFLICT,YES
B1-C00827,9730,,০৯  ইবাদতকে ভালোবাসা যায় কীভাবে?,SOURCE_BLOCK_NOTE,UNSPECIFIED,NARRATIVE_ONLY,HIGH,,,,CITATION_BULLET|PAGE_CHECK_MARKER,REF-299,YES,"•  «দাসত্ব পাঁচটি জিনিস দিয়ে গঠিত» — ইমাম আলী (আলাইহিস্ সালাম), মিজানুল হিকমার বরাতে; PAGE-CHECK।",PAGE-CHECK,
B1-C00828,9766,,"১০  ভয়ের ইবাদত, না ভালোবাসার?",ATTRIBUTION_ONLY,UNSPECIFIED,ATTRIBUTION_FORMULA,MEDIUM,,,,BARNITA_MARKER,REF-300,NO,"“আলী (আলাইহিস্ সালাম)-এর মুনাজাত,” সে বলল। “বর্ণিত আছে। ‘হে আমার ইলাহ, আমি তোমার আগুনের ভয়ে তোমার ইবাদত করিনি, তোমার জান্নাতের লোভেও না। বরং আমি তোমাকে ইবাদতের যোগ্য পেয়েছি, তাই ইবাদত করেছি।’”",PAGE-CHECK,
B1-C00829,9796,,"১০  ভয়ের ইবাদত, না ভালোবাসার?",QURAN,QURAN,QURAN_REF,HIGH,,,42:23,CITATION_BULLET|QURAN_MARKER,,YES,"•  কুরআন ৪২:২৩ — api.alquran.cloud, CONFIRMED (api বাংলা, অংশবিশেষ)।",VERIFIED,
B1-C00830,9797,,"১০  ভয়ের ইবাদত, না ভালোবাসার?",SHIA_NARRATION,SHIA,NAMED_SOURCE,HIGH,Bihar_al-Anwar,Bihar_al-Anwar:41|Bihar_al-Anwar:14|Bihar_al-Anwar:41|Bihar_al-Anwar:14,,CITATION_BULLET|PAGE_CHECK_MARKER|SHIA_BOOK,REF-301,YES,"•  আলী (আলাইহিস্ সালাম)-এর মুনাজাত «ইলাহি মা আবাদতুকা খাওফান…» — প্রচলিত বর্ণনা (ইবনে আবিল হাদীদ, শারহু নাহজিল বালাগা; আল্লামা মাজলিসী, বিহারুল আনওয়ার ৪১/১৪ হিসেবে উদ্ধৃত হয়); PAGE-CHECK।",EDITION-LOCK,YES
B1-C00831,9798,,"১০  ভয়ের ইবাদত, না ভালোবাসার?",SOURCE_BLOCK_NOTE,UNSPECIFIED,NARRATIVE_ONLY,HIGH,,,,CITATION_BULLET,,YES,"•  ভয়ের/প্রেমের ইবাদত, নদীর বৃদ্ধা — লেখকের নিজের খাতা থেকে।",PAGE-CHECK,
B1-C00832,9926,,,PROSE_ATTRIBUTION,UNSPECIFIED,NARRATIVE_ONLY,LOW,,,,RASUL_SAID,,NO,"“কারণ আল্লাহ নিজে আর তাঁর ফেরেশতারা রাসূলুল্লাহ ﷺ-এর ওপর দরুদ পাঠান, আর মুমিনদেরও তা-ই করতে বলেছেন। আমার মনে হয়, যে দরজা দিয়ে আল্লাহর রহমত নামে, সেই দরজার নাম মুহাম্মাদ ও আলে মুহাম্মাদ। দরুদ সেই দরজায় কড়া নাড়া।”",PAGE-CHECK,
B1-C00833,9928,,,ATTRIBUTION_ONLY,UNSPECIFIED,ATTRIBUTION_FORMULA,MEDIUM,,,,BARNITA_MARKER,REF-302,NO,"“উস্তাদ আরেকটা জিনিস ঠিক করে দিয়েছিলেন,” বুরুল্লাহ বলল। “আমাদের দেশে অনেকে দরুদের শেষে আলে মুহাম্মাদ বাদ দিয়ে দেন। শুধু ‘সাল্লাল্লাহু আলাইহি ওয়া সাল্লাম’। পরিবারের নাম নেই। উস্তাদ এটাকে বলতেন লেজকাটা দরুদ। বর্ণিত আছে, রাসূলুল্লাহ ﷺ নিজেই এমন দরুদ পড়তে নিষেধ করেছেন, যেখানে তাঁর পরিবারকে বাদ দেওয়া হয়।”",CONFLICT,YES
B1-C00834,9956,,,SOURCE_BLOCK_NOTE,UNSPECIFIED,NARRATIVE_ONLY,HIGH,,,,CITATION_BULLET|HADITH_WORD,,YES,"•  উস্তাদের সঙ্গে দেখা, ছয় রং, লতিফার সারণি, আমল — লেখকের নিজের খাতা থেকে; লেখকের তাজরিবা, উস্তাদের ক্লাসের আমল, হাদীস নয়।",PAGE-CHECK,
B1-C00835,9957,,,QURAN,QURAN,QURAN_REF,HIGH,,,24:35,CITATION_BULLET|QURAN_MARKER,,YES,"•  সূরা নূর ২৪:৩৫ — api.alquran.cloud, CONFIRMED।",VERIFIED,
B1-C00836,9958,,,QURAN,QURAN,QURAN_REF,HIGH,,,33:56,CITATION_BULLET|QURAN_MARKER,,YES,•  দরুদের নির্দেশ: সূরা আহযাব ৩৩:৫৬ (দৃশ্যে ভাবার্থ)।,VERIFIED,
B1-C00837,9959,,,ATTRIBUTION_ONLY,UNSPECIFIED,ATTRIBUTION_FORMULA,MEDIUM,,,,CITATION_BULLET|PAGE_CHECK_MARKER|BARNITA_MARKER,REF-303,YES,•  «লেজকাটা দরুদ» নিষেধের বর্ণনা — খাতামতো «বর্ণিত আছে»; PAGE-CHECK।,CONFLICT,YES
B1-C00838,9960,,,SOURCE_BLOCK_NOTE,UNSPECIFIED,NARRATIVE_ONLY,HIGH,,,,CITATION_BULLET,,YES,•  «আয়না বসায়ে দে মোর কলবের ভিতর» — হাসন রাজার গানের চরণ।,PAGE-CHECK,
B1-C00839,9961,,,SOURCE_BLOCK_NOTE,UNSPECIFIED,NARRATIVE_ONLY,HIGH,,,,CITATION_BULLET,,YES,"•  চল্লিশ রাতের আমল ও উড়ার স্বপ্ন — লেখকের ক্লাসের খাতা (বই ৪, JONY_CLASSES/PRE_ENTRY_40_DAYS); পুরো পাঠ বই ৪-এ।",PAGE-CHECK,
B1-C00840,10008,,০২  স্বভাব চেনার চার উপাদান,ATTRIBUTION_ONLY,UNSPECIFIED,ATTRIBUTION_FORMULA,MEDIUM,,,,BARNITA_MARKER|RASUL_SAID,REF-304,NO,"রাহাত পড়ল, আঙুল লাইনে রেখে: “বর্ণিত আছে, রাসূলুল্লাহ ﷺ বলেছেন, রাগ শয়তান থেকে, শয়তান আগুনের তৈরি, আর আগুন নেভে পানিতে। তাই রাগ উঠলে ওজু করো। দাঁড়িয়ে থাকলে বসে পড়ো, বসে থাকলে শুয়ে পড়ো।”",CONFLICT,YES
B1-C00841,10059,,,SOURCE_BLOCK_NOTE,UNSPECIFIED,NARRATIVE_ONLY,HIGH,,,,CITATION_BULLET|HADITH_WORD,,YES,"•  চার উপাদান, ১২০ দিন, আমল ও ফরিয়াদ — লেখকের নিজের খাতা (তৃতীয় পাঠ); লেখকের তাজরিবা, উস্তাদের ক্লাসের আমল, হাদীস নয়।",PAGE-CHECK,
B1-C00842,10060,,,QURAN,QURAN,QURAN_REF,HIGH,,,2:156,CITATION_BULLET|QURAN_MARKER,,YES,"•  কুরআন ২:১৫৬ («ইন্না লিল্লাহি…») — দৃশ্যে উচ্চারণ ও অর্থ; api.alquran.cloud-এ মেলানো, CONFIRMED।",VERIFIED,
B1-C00843,10061,,,SUNNI_NARRATION,SUNNI,NAMED_SOURCE,HIGH,Sunan_Abu_Dawud,,,CITATION_BULLET|PAGE_CHECK_MARKER|SUNNI_BOOK,REF-305,YES,"•  রাগ ও ওজু: সুনানে আবু দাউদ (কিতাবুল আদব, রাগের সময় যা বলতে হয়); বসা/শোয়া: একই কিতাব — নম্বর PAGE-CHECK।",CONFLICT,YES
B1-C00844,10150,,,SOURCE_BLOCK_NOTE,UNSPECIFIED,NARRATIVE_ONLY,HIGH,,,,CITATION_BULLET|HADITH_WORD,,YES,"•  শ্বাসের পাঠ, পাঁচ চল্লিশ দিন, প্রবেশের তিন শর্ত, জিকির — লেখকের নিজের খাতা (চতুর্থ পাঠ); লেখকের তাজরিবা, উস্তাদের ক্লাসের আমল, হাদীস নয়।",PAGE-CHECK,
B1-C00845,10151,,,QURAN,QURAN,QURAN_REF,HIGH,,,51:56|51:58,CITATION_BULLET|QURAN_MARKER,,YES,"•  কুরআন ৫১:৫৬, ৫১:৫৮ — api.alquran.cloud, CONFIRMED (api বাংলা)।",VERIFIED,
B1-C00846,10152,,,SOURCE_BLOCK_NOTE,UNSPECIFIED,NARRATIVE_ONLY,HIGH,,,,CITATION_BULLET,,YES,•  পুরো সময়ের দায়রা ও মিনিটের ছক — বই ৪।,PAGE-CHECK,
B1-C00847,10175,,০৪  নিদর্শন দেখেও মানুষ মুখ ফেরায় কেন?,ATTRIBUTION_ONLY,UNSPECIFIED,ATTRIBUTION_FORMULA,MEDIUM,,,,BARNITA_MARKER,REF-306,NO,"খাতা আমার হাত থেকে ফেরত নিয়ে বুরুল্লাহ পরের পাতা খুলল। “ঘটনাটা উস্তাদ যেভাবে বলেছিলেন, সেভাবেই লিখে রেখেছিলাম। বর্ণিত আছে,” সে বলল, তারপর পড়ল:",CONFLICT,YES
B1-C00848,10232,,০৪  নিদর্শন দেখেও মানুষ মুখ ফেরায় কেন?,QURAN,QURAN,QURAN_REF,HIGH,,,54:1,CITATION_BULLET|QURAN_MARKER,,YES,"•  কুরআন ৫৪:১–২ — api.alquran.cloud, CONFIRMED (api বাংলা)।",VERIFIED,
B1-C00849,10233,,০৪  নিদর্শন দেখেও মানুষ মুখ ফেরায় কেন?,SUNNI_NARRATION,SUNNI,NAMED_SOURCE,HIGH,Sahih_Muslim,,,CITATION_BULLET|PAGE_CHECK_MARKER|SUNNI_BOOK,REF-307,YES,"•  চাঁদ দ্বিখণ্ডনের ঘটনা — সহীহ বুখারী (কিতাবুল মানাকিব, ইনশিকাকুল কামার) ও সহীহ মুসলিম (সিফাতুল মুনাফিকীন); খাতার বিবরণ (আকাবা, ১৪ জন) PAGE-CHECK।",CONFLICT,YES
B1-C00850,10234,,,SOURCE_BLOCK_NOTE,UNSPECIFIED,NARRATIVE_ONLY,HIGH,,,,CITATION_BULLET|HADITH_WORD,,YES,"•  আট অভ্যাস, পঞ্চম পাঠের উক্তি — লেখকের নিজের খাতা; লেখকের তাজরিবা, উস্তাদের ক্লাসের আমল, হাদীস নয়।",PAGE-CHECK,
B1-C00851,10321,,,SOURCE_BLOCK_NOTE,UNSPECIFIED,NARRATIVE_ONLY,HIGH,,,,CITATION_BULLET|HADITH_WORD,,YES,"•  নফসের পশু-ছায়া, মুরশিদের প্রয়োজন, প্রথম মঞ্জিলের আলামত — লেখকের নিজের খাতা (ষষ্ঠ পাঠ); লেখকের তাজরিবা, উস্তাদের ক্লাসের আমল, হাদীস নয়।",PAGE-CHECK,
B1-C00852,10322,,,QURAN,QURAN,QURAN_REF,HIGH,,,7:23,CITATION_BULLET|QURAN_MARKER,,YES,"•  কুরআন ৭:২৩ — api.alquran.cloud, CONFIRMED (api বাংলা)।",VERIFIED,
B1-C00853,10323,,,SOURCE_BLOCK_NOTE,UNSPECIFIED,NARRATIVE_ONLY,HIGH,,,,CITATION_BULLET|SUTRA_MARKER,,YES,•  মানুষের হক ও ক্ষমা — অধ্যায় ৭-এর সূত্র দেখুন।,PAGE-CHECK,
B1-C00854,10375,,০৬  প্রশান্ত আত্মার দিকে পথ,ATTRIBUTION_ONLY,UNSPECIFIED,ATTRIBUTION_FORMULA,MEDIUM,,,,BARNITA_MARKER|RASUL_SAID,REF-308,NO,"রাহাত পড়ল: “বর্ণিত আছে, রাসূলুল্লাহ ﷺ বলেছেন, ‘আমি জ্ঞানের নগরী, আর আলী তার দরজা।’ যে নগরে ঢুকতে চায়, তাকে দরজা দিয়েই আসতে হবে।”",CONFLICT,YES
B1-C00855,10397,,০৬  প্রশান্ত আত্মার দিকে পথ,QURAN,QURAN,QURAN_REF,HIGH,,,12:53|75:2|89:27,CITATION_BULLET|QURAN_MARKER,,YES,"•  কুরআন ১২:৫৩, ৭৫:২, ৮৯:২৭–২৮ — api.alquran.cloud, CONFIRMED (api বাংলা)।",VERIFIED,
B1-C00856,10398,,০৬  প্রশান্ত আত্মার দিকে পথ,SUNNI_NARRATION,SUNNI,NAMED_SOURCE,HIGH,Mustadrak_al-Hakim,,,CITATION_BULLET|PAGE_CHECK_MARKER|SUNNI_BOOK,REF-309,YES,"•  «আমি জ্ঞানের নগরী, আলী তার দরজা» — আল-হাকিম, আল-মুসতাদরাক (কিতাবু মারিফাতিস সাহাবা); জামে তিরমিযী (মানাকিব, «আমি হিকমতের ঘর»); নম্বর PAGE-CHECK।",CONFLICT,YES
B1-C00857,10399,,০৬  প্রশান্ত আত্মার দিকে পথ,SOURCE_BLOCK_NOTE,UNSPECIFIED,NARRATIVE_ONLY,HIGH,,,,CITATION_BULLET|HADITH_WORD,,YES,"•  আঠারো ক্লাস ও নফসের স্তর — লেখকের নিজের খাতা; লেখকের তাজরিবা, হাদীস নয়।",PAGE-CHECK,
B1-C00858,10420,,০৭  মানুষের হক কি নামাজে মাফ হয়?,ATTRIBUTION_ONLY,UNSPECIFIED,ATTRIBUTION_FORMULA,MEDIUM,,,,BARNITA_MARKER,REF-310,NO,"“বর্ণিত আছে, একবার রাসূলুল্লাহ ﷺ সাহাবাদের বললেন, ‘তোমরা কি জানো, প্রকৃত নিঃস্ব কে?’ সাহাবিরা বললেন, ‘আমাদের মধ্যে নিঃস্ব সেই ব্যক্তি, যার কাছে কোনো ধন-সম্পদ নেই, কোনো অর্থকড়ি নেই।’”",PAGE-CHECK,
B1-C00859,10440,,০৭  মানুষের হক কি নামাজে মাফ হয়?,ATTRIBUTION_ONLY,UNSPECIFIED,ATTRIBUTION_FORMULA,MEDIUM,,,,BARNITA_MARKER|RASUL_SAID,REF-311,NO,"“এর চেয়েও কঠিন কথা আছে,” চাচা বললেন। খাতার পাতা উল্টে পড়লেন: “বর্ণিত আছে, রাসূলুল্লাহ ﷺ বলেছেন, ‘যখন দু’জন মুসলমান তরবারি হাতে একে অপরের বিরুদ্ধে লড়াই করে, তখন হত্যাকারী ও নিহত—দু’জনই দোযখের অধিকারী।’ বর্ণনাকারী সাহাবি বলেন, ‘আমি বললাম, ‘হে আল্লাহর রাসূল! হত্যাকারীর দোযখে যাওয়া তো স্বাভাবিক, কিন্তু নিহত ব্যক্তির কী অপরাধ?’’ তিনি বললেন, ‘সে-ও তার সঙ্গীকে হত্যা করতে উদগ্রীব ছিল।’”",PAGE-CHECK,
B1-C00860,10479,,০৭  মানুষের হক কি নামাজে মাফ হয়?,QURAN,QURAN,QURAN_REF,HIGH,,,53:39|4:58|5:27|14:42|6:21|2:258,CITATION_BULLET|QURAN_MARKER,,YES,"•  কুরআন ৫৩:৩৯, ৪:৫৮, ৫:২৭, ১৪:৪২, ৬:২১, ২:২৫৮ — api.alquran.cloud, CONFIRMED (api বাংলা)।",VERIFIED,
B1-C00861,10480,,০৭  মানুষের হক কি নামাজে মাফ হয়?,SUNNI_NARRATION,SUNNI,NAMED_SOURCE,HIGH,Sahih_Muslim,Sahih_Muslim:2581|Sahih_Muslim:2581,,CITATION_BULLET|PAGE_CHECK_MARKER|SUNNI_BOOK,REF-312,YES,•  «প্রকৃত নিঃস্ব কে» — সহীহ মুসলিম ২৫৮১ (খাতামতো); PAGE-CHECK।,CONFLICT,YES
B1-C00862,10481,,,SUNNI_NARRATION,SUNNI,NAMED_SOURCE,HIGH,Sahih_Muslim,Sahih_Muslim:2888|Sahih_Muslim:2888,,CITATION_BULLET|PAGE_CHECK_MARKER|SUNNI_BOOK,REF-313,YES,"•  «হত্যাকারী ও নিহত দুজনই আগুনে» — সহীহ বুখারী ৭০৮৩, সহীহ মুসলিম ২৮৮৮ (খাতামতো); PAGE-CHECK।",CONFLICT,YES
B1-C00863,10503,,০৮  যে আলেম জানে কিন্তু করে না,ATTRIBUTION_ONLY,UNSPECIFIED,ATTRIBUTION_FORMULA,MEDIUM,,,,BARNITA_MARKER,REF-314,NO,"রাহাত পকেট থেকে নিজের টিক-খাতা বের করল। এক সপ্তাহ ধরে যা শুনেছে, টুকে রেখেছে। একটি পাতা খুলে পড়ল, প্রায় নিজেকে শুনিয়ে: “বর্ণিত আছে, রাসূলুল্লাহ ﷺ তো স্বপ্নে এমন কিছু লোককে দেখেছিলেন, যাদের মুখ আগুনের কাঁচি দিয়ে কাটা হচ্ছিল! কারণ? তারা অন্যকে সৎকাজের উপদেশ দিত, অথচ নিজেরা তা করত না!”",CONFLICT,YES
B1-C00864,10511,,০৮  যে আলেম জানে কিন্তু করে না,ATTRIBUTION_ONLY,UNSPECIFIED,ATTRIBUTION_FORMULA,MEDIUM,,,,BARNITA_MARKER|RASUL_SAID,REF-315,NO,"“আর তিনজনের কথা,” বুরুল্লাহ বলল। “বর্ণিত আছে, রাসূলুল্লাহ ﷺ বলেছেন, ‘কিয়ামতের দিন তিন শ্রেণির মানুষকে বিচারকের কাঠগড়ায় দাঁড় করানো হবে এবং তাদের পরিণতি হবে ভয়াবহ। প্রথম জন—যে শহীদ হয়েছে, কিন্তু তার উদ্দেশ্য ছিল খ্যাতি। দ্বিতীয় জন—যে আলেম, কিন্তু তার ইলম শুধুই লোক দেখানোর জন্য ছিল।’”",PAGE-CHECK,
B1-C00865,10551,,০৮  যে আলেম জানে কিন্তু করে না,QURAN,QURAN,QURAN_REF,HIGH,,,61:2,CITATION_BULLET|QURAN_MARKER,,YES,"•  কুরআন ৬১:২–৩ — api.alquran.cloud, CONFIRMED।",VERIFIED,
B1-C00866,10552,,০৮  যে আলেম জানে কিন্তু করে না,SUNNI_NARRATION,SUNNI,NAMED_SOURCE,HIGH,Sahih_Muslim,Sahih_Muslim:1905|Sahih_Muslim:1905,,CITATION_BULLET|PAGE_CHECK_MARKER|SUNNI_BOOK,REF-316,YES,"•  তিন শ্রেণি (শহীদ, আলেম, দাতা) — সহীহ মুসলিম ১৯০৫ (খাতামতো); PAGE-CHECK।",CONFLICT,YES
B1-C00867,10553,,০৮  যে আলেম জানে কিন্তু করে না,SUNNI_NARRATION,SUNNI,NAMED_SOURCE,HIGH,Sahih_Muslim,Sahih_Muslim:2989|Sahih_Muslim:2989,,CITATION_BULLET|PAGE_CHECK_MARKER|SUNNI_BOOK,REF-317,YES,"•  জাঁতার গাধা — সহীহ বুখারী ৩২৬৭, সহীহ মুসলিম ২৯৮৯; PAGE-CHECK।",CONFLICT,YES
B1-C00868,10554,,০৮  যে আলেম জানে কিন্তু করে না,SOURCE_BLOCK_NOTE,UNSPECIFIED,NARRATIVE_ONLY,HIGH,,,,CITATION_BULLET|PAGE_CHECK_MARKER,REF-318,YES,"•  আগুনের কাঁচি — মুসনাদে আহমাদ (আনাস থেকে, মিরাজ প্রসঙ্গে); PAGE-CHECK।",CONFLICT,YES
B1-C00869,10634,,০৯  ভুলে যাওয়া ভুলগুলো ফিরে আসে,QURAN,QURAN,QURAN_REF,HIGH,,,99:7|2:286|18:57|58:19|41:30|23:99|2:286,CITATION_BULLET|QURAN_MARKER,,YES,"•  কুরআন ৯৯:৭–৮, ২:২৮৬, ১৮:৫৭, ৫৮:১৯, ৪১:৩০, ২৩:৯৯–১০০ — api.alquran.cloud, CONFIRMED (api বাংলা; ২:২৮৬-এর দোয়া-অংশ api অনুবাদ থেকে সংক্ষেপে)।",VERIFIED,
B1-C00870,10635,,০৯  ভুলে যাওয়া ভুলগুলো ফিরে আসে,SOURCE_BLOCK_NOTE,UNSPECIFIED,NARRATIVE_ONLY,HIGH,,,,CITATION_BULLET,,YES,•  «আত্মা ক্যামেরার মতো» — লেখকের নিজের খাতা।,PAGE-CHECK,
B1-C00871,10710,,"১৮ মাকামে তিন ধাপেতে নফসের আত্মশুদ্ধি হয়,",ATTRIBUTION_ONLY,UNSPECIFIED,ATTRIBUTION_FORMULA,MEDIUM,,,,BARNITA_MARKER|RASUL_SAID,REF-319,NO,"“গোপন শিরক,” বুরুল্লাহ বলল। “রাসূলুল্লাহ ﷺ বলেছেন, বর্ণিত আছে, আমার উম্মতের জন্য আমি সবচেয়ে বেশি ভয় পাই ছোট শিরককে। সাহাবিরা জানতে চাইলেন, ছোট শিরক কী? বললেন, রিয়া। লোক দেখানো।”",PAGE-CHECK,
B1-C00872,10766,,"১৮ মাকামে তিন ধাপেতে নফসের আত্মশুদ্ধি হয়,",SOURCE_BLOCK_NOTE,UNSPECIFIED,NARRATIVE_ONLY,HIGH,,,,CITATION_BULLET,,YES,•  কবিতা দুটি — লেখকের নিজের খাতা থেকে।,PAGE-CHECK,
B1-C00873,10767,,"১৮ মাকামে তিন ধাপেতে নফসের আত্মশুদ্ধি হয়,",SOURCE_BLOCK_NOTE,UNSPECIFIED,NARRATIVE_ONLY,HIGH,,,,CITATION_BULLET|PAGE_CHECK_MARKER,REF-320,YES,•  ছোট শিরক = রিয়া — মুসনাদে আহমাদ (মাহমূদ ইবনে লাবীদ থেকে); PAGE-CHECK।,PAGE-CHECK,
B1-C00874,10768,,"১৮ মাকামে তিন ধাপেতে নফসের আত্মশুদ্ধি হয়,",SOURCE_BLOCK_NOTE,UNSPECIFIED,NARRATIVE_ONLY,HIGH,,,,CITATION_BULLET|PAGE_CHECK_MARKER|SUTRA_MARKER,REF-321,YES,"•  «আমি বিসমিল্লাহর বা-এর নিচের বিন্দু» — আলী (আলাইহিস্ সালাম)-এর নামে প্রচলিত; নির্ভরযোগ্য সূত্র পাওয়া যায়নি, PAGE-CHECK।",CONFLICT,YES
B1-C00875,10769,,"১৮ মাকামে তিন ধাপেতে নফসের আত্মশুদ্ধি হয়,",SOURCE_BLOCK_NOTE,UNSPECIFIED,NARRATIVE_ONLY,HIGH,,,,CITATION_BULLET|PAGE_CHECK_MARKER,REF-322,YES,•  চিশতীর উক্তি — খাতামতো; উৎস (দিওয়ান) PAGE-CHECK।,PAGE-CHECK,
B1-C00876,10770,,"১৮ মাকামে তিন ধাপেতে নফসের আত্মশুদ্ধি হয়,",SOURCE_BLOCK_NOTE,UNSPECIFIED,NARRATIVE_ONLY,HIGH,,,,CITATION_BULLET|PAGE_CHECK_MARKER,REF-323,YES,•  কারবালায় দাস/প্রাক্তন দাস শহীদ (যেমন জওন) ও খ্রিস্টান থেকে আসা ওয়াহাব — খাতার টীকামতো; PAGE-CHECK।,PAGE-CHECK,
B1-C00877,10808,,১১  কাজের চেয়ে নিয়ত বড়,PROSE_ATTRIBUTION,UNSPECIFIED,NARRATIVE_ONLY,LOW,,,,HADITH_WORD|RASUL_SAID,,NO,"“এ ক্ষেত্রে আরেকটি হাদিস উল্লেখ করা যায়। রাসূলুল্লাহ ﷺ বলেছেন, ‘যে ব্যক্তি এমন মোহরের বিনিময়ে বিয়ে করেছে, যা পরিশোধ করার নিয়ত নেই, সে ব্যক্তি ব্যভিচারী। আর যে ব্যক্তি এমন ঋণ গ্রহণ করেছে, যা পরিশোধ করার ইচ্ছা নেই, সে চোর।’ এই হাদিসে স্পষ্ট, নিয়ত খারাপ হলে কাজের ফল কী হতে পারে।” ফয়সাল বলল।",PAGE-CHECK,
B1-C00878,10820,,১১  কাজের চেয়ে নিয়ত বড়,ATTRIBUTION_ONLY,UNSPECIFIED,ATTRIBUTION_FORMULA,MEDIUM,,,,BARNITA_MARKER|RASUL_SAID,REF-324,NO,"“বর্ণিত আছে, রাসূলুল্লাহ ﷺ বলেছেন,” বুরুল্লাহ বলল, “‘ইন্নামাল আ‘মালু বিন্নিয়্যাত।’ আমলসমূহ নিয়তের ওপর নির্ভরশীল। প্রতিটি ব্যক্তি তার নিয়তের ফল পাবে। সুতরাং, নিয়ত শুদ্ধ না হলে কাজও আল্লাহর কাছে গ্রহণযোগ্য হবে না। নিয়তই কর্মকে সার্থক বা ব্যর্থ করে।”",PAGE-CHECK,
B1-C00879,10824,,১১  কাজের চেয়ে নিয়ত বড়,ATTRIBUTION_ONLY,UNSPECIFIED,ATTRIBUTION_FORMULA,MEDIUM,,,,BARNITA_MARKER|HADITH_WORD,REF-325,NO,"বুরুল্লাহ বুকপকেট থেকে সেই ছেঁড়া-মলাটের খাতা বের করল। শেষের দিকের একটি পাতা খুলে পড়ল: “এটাই আত্মসমালোচনার জায়গা। আর দেখো, বর্ণিত আছে, ইমাম মূসা কাযিম (আলাইহিস্ সালাম) এক হাদীসে ব্যাখ্যা করেছেন, ফেরেশতারাও মানুষের নিয়তের গন্ধ উপলব্ধি করেন। তিনি (আলাইহিস্ সালাম) বলেছেন, ‘যখন বান্দা নেক কাজের নিয়ত করে, তখন তার নিঃশ্বাস সুগন্ধিময় হয়। ডান দিকের ফেরেশতা বাম দিকের ফেরেশতাকে বলে: ‘থামো, সে নেক কাজের ইচ্ছা করেছে।’ যখন সে তা করে, তার জিহ্বা কলম হয়, তার লালা কালি হয় এবং তারা তা লিপিবদ্ধ করে। আর যখন সে গুনাহর ইচ্ছা করে, তখন তার নিঃশ্বাস দুর্গন্ধযুক্ত হয়। তখন বাম দিকের ফেরেশতা ডান দিকের ফেরেশতাকে বলে: ‘অপেক্ষা করো, সে গুনাহের ইচ্ছা করেছে।’ আর যখন সে তা করে, তখন তার জিহ্বা কলম হয়, তার লালা কালি হয় এবং তারা তা তার নামে লিখে ফেলে।’”",PAGE-CHECK,
B1-C00880,10852,,,QURAN,QURAN,QURAN_REF,HIGH,,,2:177,CITATION_BULLET|QURAN_MARKER,,YES,"•  কুরআন ২:১৭৭ — api.alquran.cloud, CONFIRMED (api বাংলা, অংশবিশেষ)।",VERIFIED,
B1-C00881,10853,,,SUNNI_NARRATION,SUNNI,NAMED_SOURCE,HIGH,Sahih_Muslim,Sahih_Muslim:1907|Sahih_Muslim:1907,,CITATION_BULLET|PAGE_CHECK_MARKER|SUNNI_BOOK,REF-326,YES,"•  «ইন্নামাল আ‘মালু বিন্নিয়্যাত» — সহীহ বুখারী ১, সহীহ মুসলিম ১৯০৭ (খাতামতো); PAGE-CHECK।",CONFLICT,YES
B1-C00882,10854,,,SUNNI_NARRATION,SUNNI,NAMED_SOURCE,HIGH,al-Tabarani,al-Tabarani:1851|al-Tabarani:1851,,CITATION_BULLET|PAGE_CHECK_MARKER|AUS,REF-327,YES,"•  মোহর ও ঋণের নিয়ত — মুসনাদে আহমাদ; তাবারানী, আল-মু‘জামুল আওসাত ১৮৫১ (খাতামতো); PAGE-CHECK।",EDITION-LOCK,YES
B1-C00883,10855,,,SOURCE_BLOCK_NOTE,UNSPECIFIED,NARRATIVE_ONLY,HIGH,,,,CITATION_BULLET|PAGE_CHECK_MARKER,REF-328,YES,"•  ইমাম মূসা কাযিম (আলাইহিস্ সালাম): নিয়তের সুগন্ধ ও ফেরেশতা — আল-কাফী (কিতাবুল ঈমান ওয়াল কুফর, বাব «যে নেক কাজের ইচ্ছা করে») হিসেবে প্রচলিত; PAGE-CHECK।",PAGE-CHECK,
