ID,Paragraph_Index,Part,Chapter,Status,Text,Status_v1_1,Resolution_Ref,Resolution_Note,Triage,Triage_Label,Candidate_Source,Register_Key,Audit_Note
REF-001,197,1,০৩  আমার ভেতরেও একটি বন্ধ কুঠুরি,বর্ণিত আছে,"“শোন রাহাত।” গলাটা এবার নিচু, যেন কাউকে পড়ে শোনাচ্ছে। “ইমাম সাদিক (আলাইহিস্ সালাম) থেকে বর্ণিত আছে: ‘কিয়ামতের দিন হযরত মা সাইয়্যিদা ফাতিমাতুয্ যাহরা (আলাইহাস্ সালাম) ও আলী (আলাইহিস্ সালাম) এবং তাঁর অনুসারীদের আহ্বান করা হবে। তাঁরা কোনো হিসাব ছাড়াই সর্ব প্রথম জান্নাতে প্রবেশ করবে।’”",বর্ণিত আছে,,,PROSE,PROSE-LINE,,HAD-SHIA-BIGHAYR-HISAB,Prose; follows REF-002.
REF-002,233,1,০৩  আমার ভেতরেও একটি বন্ধ কুঠুরি,PAGE-CHECK; সূত্র নেই; খাতায় সূত্র নেই; বর্ণিত আছে,"•  ইমাম সাদিক (আলাইহিস্ সালাম) থেকে «বিনা হিসাবে প্রথম জান্নাতে» — খাতায় সূত্র নেই; «বর্ণিত আছে», PAGE-CHECK (উৎস খোঁজা বাকি; ছাপার আগে বই-খণ্ড-পৃষ্ঠা লাগবে)।",PAGE-CHECK; সূত্র নেই; খাতায় সূত্র নেই; বর্ণিত আছে,,,UNID,UNIDENTIFIED,Candidate family: Bihar al-Anwar vol. 65 (Shia/ahl al-wilaya enter without reckoning) and vol. 43 (Fatima at qiyama); Amali al-Saduq. Exact wording «يدخلون الجنة بغير حساب» for Fatima + Ali + followers not located.,HAD-SHIA-BIGHAYR-HISAB,SOURCE-MISSING. Keep «বর্ণিত আছে» or drop until a sanad is found.
REF-003,320,1,০৪  সাজানো ঘর পেছনে রেখে রাতের যশোরে,PAGE-CHECK; মেলানো বাকি,"•  তসবিহে মা সাইয়্যিদা ফাতিমাতুয্ যাহরা (আলাইহাস্ সালাম) ৩৪-৩৩-৩৩: আল-কাফি, খণ্ড ২, কিতাবুদ দোয়া, ঘুমের আগের দোয়ার বাব (ইমাম সাদিক (আলাইহিস্ সালাম) থেকে হিশাম ইবনে সালিমের বর্ণনা) — PAGE-CHECK (হাদীস নম্বর মেলানো বাকি)।",PAGE-CHECK; মেলানো বাকি,,,SPC,SHIA-PAGE-CHECK,"al-Kafi 2:536 (Kitab al-Du'a, bab al-du'a 'inda al-nawm; Hisham b. Salim) OR al-Kafi 3:342-343 (bab al-ta'qib). Two valid placements - lock one.",HAD-TASBIH,REF-067 cites vol. 3; REF-003 vol. 2. Both exist; choose one for the book.
REF-004,397,1,"০৫  ধন-সম্পদ, অভাব আর দানের পরীক্ষা",PAGE-CHECK; মেলানো বাকি,"•  «সাদাকাহ গুনাহ নিভিয়ে দেয়, যেমন পানি আগুন» — তিরমিযিতে বর্ণিত বলে প্রচলিত; PAGE-CHECK (নম্বর মেলানো বাকি, ছাপায় নম্বর ছাড়া)।",PAGE-CHECK; মেলানো বাকি,,,CAND,CANDIDATE,Tirmidhi 614 (Ka'b b. Ujra) and 2616 (Mu'adh): «والصدقة تطفئ الخطيئة كما يطفئ الماء النار»; Ibn Majah 3973 (Mu'adh). All VL.,HAD-SADAQA-NAR,Resolvable now: Tirmidhi 614 / 2616 (sahih per Albani).
REF-005,497,1,০৬  “জানি না” বলার সাহস,PAGE-CHECK,"•  কুঠার কিনে দেওয়ার ঘটনা: সুনানে ইবনে মাজাহ, কিতাবুত তিজারাত, হাদীস ২১৯৮ — খাতার সূত্র; PAGE-CHECK।",PAGE-CHECK,,,VL,VERIFIED-LIVE,"Ibn Majah 2198 (Anas): Ansari man, cup + blanket sold for two dirhams, axe bought. Grade: Albani da'if; Zubair Ali Zai isnad hasan.",,Number correct. Add grading note; also Abu Dawud 1641.
REF-006,498,1,০৬  “জানি না” বলার সাহস,বর্ণিত আছে,"•  চারবার বিয়ের ঘটনা — «বর্ণিত আছে»; উৎস খোঁজা বাকি, ছাপায় বইয়ের নাম ছাড়া।",বর্ণিত আছে,,,UNID,UNIDENTIFIED,«চারবার বিয়ে» story - no source in notebook.,,Keep attribution-only or drop.
REF-007,499,1,০৬  “জানি না” বলার সাহস,PAGE-CHECK; বর্ণিত আছে,"•  ইমাম আলী (আলাইহিস্ সালাম)-এর «তিন মিসকিন» ও «সমালোচনায় আনন্দ» বাণী — «বর্ণিত আছে», PAGE-CHECK।",PAGE-CHECK; বর্ণিত আছে,,,CAND,CANDIDATE,Nahj al-Balagha / Ghurar al-Hikam family (Ali a.s.). «ثلاثة مساكين» not located verbatim.,,Needs text to identify; UNID until wording supplied.
REF-008,500,1,০৬  “জানি না” বলার সাহস,PAGE-CHECK,•  «আলেমের চেহারার দিকে তাকানো ইবাদত» ও ইমাম সাদিক (আলাইহিস্ সালাম)-এর ব্যাখ্যা — PAGE-CHECK।,PAGE-CHECK,,,CAND,CANDIDATE,"«النظر في وجه العالم عبادة» - Bihar al-Anwar 1:195-205 (Kitab al-'ilm) family; weak, widely quoted.",,Attribution-only wording recommended.
REF-009,501,1,০৬  “জানি না” বলার সাহস,PAGE-CHECK,•  «জ্ঞান অর্জন ফরজ… শুকরের গলায় মণিমুক্তা» — সুনানে ইবনে মাজাহ (মুকাদ্দিমা) বলে প্রচলিত; «চীন» অংশ দুর্বল সনদের বলে আলেমদের মত। PAGE-CHECK।,PAGE-CHECK,,,MM,MISMATCH,«طلب العلم فريضة على كل مسلم وواضع العلم عند غير أهله كمقلد الخنازير الجوهر» = Ibn Majah 224 (VL; Albani: very da'if). The «اطلبوا العلم ولو بالصين» clause is NOT in Ibn Majah - Ibn Hibban and Ibn al-Jawzi (al-Mawdu'at) call it fabricated. Shia parallel: al-Kafi 1:30 «طلب العلم فريضة».,,Fix: cite Ibn Majah 224 for first clause with grade; label China clause as unsupported.
REF-010,580,1,০৭  জুমার খুতবায় যা বলা হলো না,PAGE-CHECK,"•  «হুসাইন আমার অংশ, আর আমি হুসাইনের অংশ। যে হুসাইনকে ভালোবাসে, আল্লাহ তাকে ভালোবাসেন।» — জামে তিরমিযি ৩৭৭৫ (খাতার সূত্র); PAGE-CHECK।",PAGE-CHECK,,,VL,VERIFIED-LIVE,"Tirmidhi 3775 (Ya'la b. Murra): «حسين مني وأنا من حسين أحب الله من أحب حسينا». Grade: hasan (Albani, Shakir).",HAD-HUSAYN-MINNI,Number correct.
REF-011,581,1,০৭  জুমার খুতবায় যা বলা হলো না,PRINT BLOCKED; বর্ণিত আছে,"•  «আমার আহলুল বাইত হচ্ছে নূহ (আলাইহিস্ সালাম)-এর নৌকার মতো। যারা এতে চড়ে, তারা নাজাত পায়; যারা বিমুখ হয়, তারা ডুবে যায়।» — খাতায় «মুসনাদে আহমদ ৩৭৮৬»; এই নম্বর সন্দেহজনক (তিরমিযি ৩৭৮৬ সাকালাইনের হাদীস)। PRINT BLOCKED নম্বরটি; ছাপায় «বর্ণিত আছে» যতক্ষণ সঠিক উৎস (হাকিম/তাবারানি) মেলানো না হয়।",PRINT BLOCKED; বর্ণিত আছে,,,MM,MISMATCH,"«مثل أهل بيتي فيكم كمثل سفينة نوح» is NOT Musnad Ahmad 3786. Sources: al-Hakim, al-Mustadrak 2:343 (h. 3312) and 3:151 (h. 4720); al-Tabarani, al-Awsat 5870, al-Kabir 3:45 (2636-2638); al-Bazzar. Not in the six books (corpus search 2026-10-03: none).",HAD-SAFINA,PRINT BLOCKED on the Ahmad number stays; replace with Hakim/Tabarani after page lock.
REF-012,582,1,০৭  জুমার খুতবায় যা বলা হলো না,PAGE-CHECK,"•  «আমি যার মাওলা, আলীও তার মাওলা» — জামে তিরমিযি ৩৭১৩; «হাসান ও হুসাইন জান্নাতের যুবকদের নেতা» — জামে তিরমিযি ৩৭৬৮ (খাতার সূত্র); PAGE-CHECK।",PAGE-CHECK,,,VL,VERIFIED-LIVE,Tirmidhi 3713 (Zayd b. Arqam / Abu Sariha): «من كنت مولاه فعلي مولاه» sahih; Tirmidhi 3768: «الحسن والحسين سيدا شباب أهل الجنة» sahih.,HAD-MAWLA; HAD-SHABAB-JANNA,Both numbers correct.
REF-013,815,1,১১  শুনেছি মানেই কি জেনেছি?,PAGE-CHECK,"•  «যে স্বপ্নে আমাকে দেখল সে সত্যিই আমাকে দেখল» ও স্বপ্নের তিন প্রকার — শ্রোতা ০৪-এ «আবু দাউদ, হাদিস : ৫০২১»; PAGE-CHECK।",PAGE-CHECK,,,MM,MISMATCH,"Abu Dawud 5021 is Abu Qatada «الرؤيا من الله والحلم من الشيطان» - neither claim. Correct: Abu Dawud 5019 (Abu Hurayra, «الرؤيا ثلاث») and 5023 (Abu Hurayra, «من رآني في المنام فقد رآني»). Also Bukhari 110, 6993; Muslim 2266. All VL.",HAD-RUYA,Notebook number wrong for both clauses.
REF-014,817,1,১১  শুনেছি মানেই কি জেনেছি?,PAGE-CHECK; বর্ণিত আছে,"•  চিট লিস্টের বাণীগুলো (চিন্তাহীন ইবাদত, জ্ঞানার্জন-শিক্ষাদান, চার ব্যক্তির পুরস্কার) — শ্রোতা ০৪-এ সূত্র ছাড়া; «বর্ণিত আছে», PAGE-CHECK।",PAGE-CHECK; বর্ণিত আছে,,,UNID,UNIDENTIFIED,"Cheat-list sayings (thoughtless worship, four persons' reward) - no source.",,Keep attribution-only.
REF-015,818,1,১১  শুনেছি মানেই কি জেনেছি?,মেলানো বাকি,•  খাঁজা মঈন উদ্দিন চিশতী (রহঃ)-এর কবিতা — শ্রোতা ০৪-এর উদ্ধৃতি; উৎস মেলানো বাকি।,মেলানো বাকি,,,HIST,NON-HADITH,Khwaja Mu'in al-Din Chishti poem - literary; needs diwan reference.,LIT-CHISHTI,Same item as REF-322.
REF-016,1018,2,০১  ইবাদত না করেও কি জান্নাতে যাওয়া যায়?,PAGE-CHECK; বর্ণিত আছে,•  «চিন্তাসহ দুই রাকাত সারা রাতের নফলের চেয়ে উত্তম» ও «দোয়া সর্বোচ্চ ইবাদত» — শ্রোতা ০৪-এ জনির নোট; মূল কিতাবের পৃষ্ঠা মেলানো হয়নি — «বর্ণিত আছে» / PAGE-CHECK।,PAGE-CHECK; বর্ণিত আছে,,,CAND,CANDIDATE,«ركعتان بتفكر خير من قيام ليلة» - Bihar al-Anwar 84:240 family (Shia); «الدعاء أفضل العبادة» - Kafi 2:466-467 (bab fadl al-du'a); Sunni: Tirmidhi 3370 «الدعاء هو العبادة» (Nu'man b. Bashir).,,Two separate items; second resolvable.
REF-017,1081,2,০২  আসলে ইবাদত বলতে কী বোঝায়?,PAGE-CHECK,"•  ইমাম মাহদী (আলাইহিস্ সালাম)-এর আবির্ভাবে প্রতিশ্রুতির পূর্ণতা — জনির ব্যাখ্যা, তাফসীরের পৃষ্ঠা মেলানো হয়নি — PAGE-CHECK।",PAGE-CHECK,,,HIST,NON-HADITH,Authorial tafsir note; not a citation.,,No action beyond BUG-10 separation.
REF-018,1095,2,০৩  ইবলিস চিনেও কেন সিজদা করল না,বর্ণিত আছে,"“ইবাদতের সত্য পথে বাধা হয়ে দাঁড়ায় শয়তান, যে অহংকারের অন্ধকারে ডুবে গিয়ে সত্যকে অস্বীকার করেছে। বর্ণিত আছে, যখন আল্লাহ ইবলিসকে আদম (আলাইহিস্ সালাম)-কে সিজদা করতে আদেশ দিলেন, তখন সে অহংকারে ফেটে পড়ে বলল—",বর্ণিত আছে,,,PROSE,PROSE-LINE,,,Prose; Quran 7:12 confirmed in REF-019.
REF-019,1158,2,০৩  ইবলিস চিনেও কেন সিজদা করল না,PAGE-CHECK; বর্ণিত আছে,•  ইবলিসের সিজদা-অস্বীকার: সূরা আল-আ'রাফ ৭:১২ — api.alquran.cloud — CONFIRMED। «সর্বত্র সেজদার প্রস্তাব» — তাফসীরের বর্ণনা; মূল বই-পৃষ্ঠা মেলানো হয়নি — «বর্ণিত আছে» / PAGE-CHECK।,PAGE-CHECK; বর্ণিত আছে,,,CAND,CANDIDATE,«سجدة في كل مكان» offer to Iblis - Shia tafsir family (Tafsir al-Qummi 1:42; Bihar 11:141 ff).,,Keep «বর্ণিত আছে»; lock Qummi page.
REF-020,1159,2,০৩  ইবলিস চিনেও কেন সিজদা করল না,বর্ণিত আছে,•  শো'বার কাহিনী — শ্রোতা ০৪-এ জনির নোট; মূল উৎস মেলানো হয়নি — «বর্ণিত আছে»।,বর্ণিত আছে,,,UNID,UNIDENTIFIED,Shu'ba story - notebook only.,,Attribution-only.
REF-021,1318,2,০৫  জান্নাত কি আমল দিয়ে কেনা যায়?,PAGE-CHECK; মেলানো বাকি,"•  ইমাম বাকির (আলাইহিস্ সালাম): «من كان لله مطيعا فهو لنا ولي… وما تنال ولايتنا إلا بالعمل والورع» — আল-কাফি, কিতাবুল ঈমান ওয়াল কুফর, বাবুত তাআ ওয়াত তাকওয়া — PAGE-CHECK (খণ্ড-পৃষ্ঠা মেলানো বাকি)।",PAGE-CHECK; মেলানো বাকি,,,SPC,SHIA-PAGE-CHECK,"al-Kafi 2:74 (Kitab al-Iman wal-Kufr, bab al-ta'a wal-taqwa), h. 3 - Jabir from Abu Ja'far a.s.: «...وما تنال ولايتنا إلا بالعمل والورع».",,Vol/page identified; lock edition.
REF-022,1319,2,০৫  জান্নাত কি আমল দিয়ে কেনা যায়?,PRINT BLOCKED,•  «الجنة طيبة لا يدخلها إلا الطيب» — উৎস মেলেনি; «সহিহ মুসলিম» নাম PRINT BLOCKED।,PRINT BLOCKED,,,MM,MISMATCH,«الجنة طيبة لا يدخلها إلا الطيب» is not in Sahih Muslim (corpus search 2026-10-03). Nearest canonical: Muslim 1015 «إن الله طيب لا يقبل إلا طيبا» (different meaning); Tirmidhi 3462 «الجنة طيبة التربة عذبة الماء» (different). ,,PRINT BLOCKED stays. Drop the Muslim attribution; drop or re-source the sentence.
REF-023,1425,2,০৬  আল্লাহর কাছে না পৌঁছানো নামাজ,বর্ণিত আছে,"“নিজেরাই। তাঁরা জানতেন, বিসমিল্লাহ ছাড়লে নামাজের একটা অংশ চুরি হয়ে যায়।” বুরুল্লাহ একটু থামল। “ইমাম মুহাম্মাদ আল-বাকির (আলাইহিস্ সালাম)-এর একটি কথা তাফসীরের কিতাবে বর্ণিত আছে: ‘তারা আল্লাহর কিতাবের সবচেয়ে সম্মানিত আয়াত চুরি করেছে, বিসমিল্লাহির রাহমানির রাহিম।’”",বর্ণিত আছে,,,PROSE,PROSE-LINE,,HAD-SARAQU-AYA,Prose; follows REF-032.
REF-024,1428,2,০৬  আল্লাহর কাছে না পৌঁছানো নামাজ,বর্ণিত আছে,"“আল-কাফিতে ইমাম সাদিক (আলাইহিস্ সালাম) থেকে আছে, বিসমিল্লাহর ‘বা’ হলো আল্লাহর ‘বাহা’, তাঁর সৌন্দর্য, তাঁর জ্যোতি। এটা হাদিস।” সে গলা নামাল। “আর আমাদের বুজুর্গদের মুখে শুনেছি, বর্ণিত আছে, সেই ‘বা’-এর নিচের বিন্দু হলেন আলী (আলাইহিস্ সালাম)। এটা হাদিসের কিতাবের কথা নয়, রাকিকা। এটা হৃদয়ের কথা। আমি যখন বিসমিল্লাহ পড়ি, ‘বা’-তে এসে আমার হৃদয় একটু থামে। মনে হয়, আল্লাহর সৌন্দর্যের দরজায় দাঁড়িয়ে আছি, আর দরজার চৌকাঠে কে দাঁড়িয়ে আছেন, আমি জানি।”",বর্ণিত আছে,,,PROSE,PROSE-LINE,,HAD-NUQTA,Prose; follows REF-033 / REF-321.
REF-025,1447,2,০৬  আল্লাহর কাছে না পৌঁছানো নামাজ,বর্ণিত আছে,"“হাসার মতোই শব্দ,” বুরুল্লাহও হাসল। “কিন্তু কথাটা কাঁদার মতো। বর্ণিত আছে, রাসূলুল্লাহ ﷺ বলেছেন: হে আমার উম্মতীরা তোমরা আমার উপর লেজ কাটা দরূদ পড়বে না। তখন সাহাবীরা বলল লেজকাটা দরূদ কি? তখন রাসূলুল্লাহ ﷺ বললেন, ‘আল্লাহুম্মা সাল্লে আলা মুহাম্মাদ’ বলে থেমে যাবে না। ‘আল্লাহুম্মা সাল্লে আলা মুহাম্মাদ ওয়া আলে মুহাম্মাদ’ পুরাটা বলবে। আমার সাথে আমার ‘আ’ল’ আহলুল বাইতকে সবসময় সংযুক্ত রাখবে। সাহাবারা জিজ্ঞেস করলেন, ইয়া রাসূলুল্লাহ ﷺ আপনার ‘আ’ল’ আহলুল বাইত, কারা? রাসূলুল্লাহ ﷺ বললেন, আলী, ফাতেমা, হাসান, ও হোসেইন, তিনি আরো বলেন, আল্লাহর কসম যার হস্তে আমার জীবন, যে ব্যক্তি আমার আহলুল বাইতকে শত্রু মনে করবে, সে জাহান্নামী।”",বর্ণিত আছে,,,PROSE,PROSE-LINE,,HAD-SALAT-BATRA,Prose; follows REF-034 / REF-303.
REF-026,1553,2,০৬  আল্লাহর কাছে না পৌঁছানো নামাজ,বর্ণিত আছে,“চেনা থেকে। আমিরুল মুমিনীন আলী (আলাইহিস্ সালাম) থেকে বর্ণিত আছে—,বর্ণিত আছে,,,PROSE,PROSE-LINE,,,Prose lead-in.
REF-027,1572,2,০৬  আল্লাহর কাছে না পৌঁছানো নামাজ,বর্ণিত আছে,"“বর্ণিত আছে, আল্লাহ সবার আগে সৃষ্টি করেছেন মুহাম্মাদ ও আলে মুহাম্মাদের নূর। বাকি সব সৃষ্টি তার পরে। যিনি আগে ছিলেন, তিনিই দেখেছেন পরে কী হলো। আল্লাহ সৃষ্টি করেছেন, তাঁরা সাক্ষী ছিলেন, আর তাঁরাই আমাদের শেখান।” বুরুল্লাহ বইটা বন্ধ করল। “তাই আল্লাহর পরিচয় আমাদের কাছে আনতে পারেন কেবল মুহাম্মাদ ও আলে মুহাম্মাদ। অন্য কেউ যা বলবে, সে শুনে বলবে। তাঁরা বলেন দেখে।”",বর্ণিত আছে,,,PROSE,PROSE-LINE,,HAD-NUR-AWWAL,Prose; follows REF-041 / REF-154.
REF-028,1619,2,০৬  আল্লাহর কাছে না পৌঁছানো নামাজ,PAGE-CHECK; মেলানো বাকি,"এই অধ্যায়ের দেখা ও শোনা তাহারা সেন্টারের রুহানি অভিজ্ঞতা; আয়াত ও হাদিসের সূত্র নিচে। যেখানে খণ্ড বা পৃষ্ঠার পাশে PAGE-CHECK লেখা, সেখানে পাঠ মিলেছে, কিন্তু ছাপা কপিতে পৃষ্ঠা মেলানো বাকি।",PAGE-CHECK; মেলানো বাকি,,,HIST,NON-HADITH,"Chapter-level note, not a citation.",,BUG-10: internal note text.
REF-029,1622,2,০৬  আল্লাহর কাছে না পৌঁছানো নামাজ,PAGE-CHECK,"•  বিসমিল্লাহ সাতের একটি ও সর্বশ্রেষ্ঠ (অংশ ৩২–৩৩): মুহাম্মাদ ইবনে মুসলিম, ইমাম সাদিক (আলাইহিস্ সালাম) থেকে: «…بسم الله الرحمن الرحيم من السبع؟ قال: نعم، هي أفضلهنّ»। শেখ তূসী, তাহযীবুল আহকাম, খণ্ড ২, পৃ. ২৮৯, হাদিস ১১৫৭ (PAGE-CHECK); তাফসীরে আইয়াশি, খণ্ড ১, পৃ. ১৯ (PAGE-CHECK)। অনলাইন পাঠ: https://www.alhodacenter.com/article/46546",PAGE-CHECK,,,SPC,SHIA-PAGE-CHECK,Tahdhib al-Ahkam 2:289 h. 1157; Tafsir al-Ayyashi 1:19.,,Both plausible; lock edition.
REF-030,1623,2,০৬  আল্লাহর কাছে না পৌঁছানো নামাজ,PAGE-CHECK,"•  ফাতিহা ও সূরা দুটোর সঙ্গেই বিসমিল্লাহ (অংশ ৩৫): আল-কাফি, খণ্ড ৩, কিতাবুস সালাত, বাবু কিরাআতিল কুরআন, হাদিস ১, মুয়াবিয়া ইবনে আম্মার থেকে; মজলিসী: সহিহ। https://thaqalayn.net/hadith/3/4/21/1 (ছাপা পৃষ্ঠা PAGE-CHECK)।",PAGE-CHECK,,,SPC,SHIA-PAGE-CHECK,"al-Kafi 3:312-313 (bab qira'at al-Qur'an, h. 1, Mu'awiya b. Ammar).",,thaqalayn.net link given; lock print page.
REF-031,1624,2,০৬  আল্লাহর কাছে না পৌঁছানো নামাজ,PAGE-CHECK,"•  «أسرقتَ الصلاة أم نسيت؟» (অংশ ৪৩–৪৫): আল-হাকিম, আল-মুস্তাদরাক আলাস সহিহাইন, কিতাবুল ইমামা ওয়া সালাতিল জামাআ, খণ্ড ১ (হাকিম: মুসলিমের শর্তে সহিহ), আনাস ইবনে মালিক থেকে। পাঠ অনুযায়ী মুয়াবিয়া ফাতিহার আগে বিসমিল্লাহ পড়েছিলেন, পরের সূরার আগে পড়েননি। https://www.islamweb.net/ar/library/content/74/851/ (হাদিস নম্বর PAGE-CHECK)। একই ঘটনা ইমাম শাফেয়ির আল-উম্ম ও দারাকুতনির সুনানে উদ্ধৃত বলে জানা যায় (PAGE-CHECK)।",PAGE-CHECK,,,CAND,CANDIDATE,"al-Hakim, al-Mustadrak 1:232-233 (h. 848-849 in al-Risala numbering): Anas - Mu'awiya omitted basmala, «أسرقت الصلاة أم نسيت». Also al-Shafi'i, al-Umm 1:208; Daraqutni 1:311.",,Hakim number to lock (BUG-21).
REF-032,1625,2,০৬  আল্লাহর কাছে না পৌঁছানো নামাজ,PAGE-CHECK,"•  «তারা আল্লাহর কিতাবের সবচেয়ে সম্মানিত আয়াত চুরি করেছে» (অংশ ৪৭): আবু হামযা, ইমাম বাকির (আলাইহিস্ সালাম) থেকে: «سرقوا أكرم آية في كتاب الله: بسم الله الرحمن الرحيم»। তাফসীরে আইয়াশি (সনদবিহীন, মুরসাল), বিহারুল আনওয়ার (বৈরুত/ওয়াফা) খণ্ড ৮৫, পৃ. ২০-এ উদ্ধৃত। আইয়াশির মূল পৃষ্ঠা PAGE-CHECK।",PAGE-CHECK,,,SPC,SHIA-PAGE-CHECK,Tafsir al-Ayyashi 1:21 (h. 14); Bihar al-Anwar 82:20 (Beirut ed. numbering differs: 85:20).,HAD-SARAQU-AYA,Mursal; attribution wording already correct.
REF-033,1626,2,০৬  আল্লাহর কাছে না পৌঁছানো নামাজ,PAGE-CHECK; বর্ণিত আছে,"•  «বা» (অংশ ৫০): «الباء بهاء الله، والسين سناء الله، والميم مجد الله», ইমাম সাদিক (আলাইহিস্ সালাম), আল-কাফি, খণ্ড ১, কিতাবুত তাওহীদ, পৃ. ১১৪, হাদিস ১ (PAGE-CHECK)। «আমি বা-এর নিচের বিন্দু» কথাটি পরবর্তী যুগের ইরফানি গ্রন্থে (রজব বুরসি, মাশারিকু আনওয়ারিল ইয়াকিন; কুন্দুযি, ইয়ানাবিউল মাওয়াদ্দা) পাওয়া যায়, সনদ নেই; তাই অধ্যায়ে হাদিস হিসেবে নয়, «বর্ণিত আছে» বলে।",PAGE-CHECK; বর্ণিত আছে,,,SPC,SHIA-PAGE-CHECK,"al-Kafi 1:114 h. 1 (Kitab al-Tawhid, bab ma'ani al-asma'): «الباء بهاء الله والسين سناء الله والميم مجد الله» - correct placement.",HAD-NUQTA,Nuqta saying: see REF-321 (NOT VERIFIED).
REF-034,1627,2,০৬  আল্লাহর কাছে না পৌঁছানো নামাজ,বর্ণিত আছে,"•  দরুদ কেটে না ফেলা (অংশ ৬৯): আল-কাফি, খণ্ড ২, কিতাবুদ দুআ, বাবুস সালাতি আলান নাবিয়্যি ওয়া আহলি বাইতিহি, হাদিস ২১: «يَا عَبْدَ الله لا تَبْتُرْهَا لا تَظْلِمْنَا حَقَّنَا قُلِ اللهمَّ صَلِّ عَلَى مُحَمَّدٍ وَأَهْلِ بَيْتِهِ»। https://thaqalayn.net/hadith/2/2/20/21 । আরও: শেখ সাদূক, আল-আমালী, মজলিস ৩৬, হাদিস ১২: «مَنْ صَلَّى عَلَيَّ وَلَمْ يُصَلِّ عَلَى آلِي لَمْ يَجِدْ رِيحَ الْجَنَّةِ», https://thaqalayn.net/hadith/29/1/36/12 । অংশ ৬৮-এর পূর্ণ বর্ণনাটি লেখকের পাণ্ডুলিপি থেকে, «বর্ণিত আছে» হিসেবে।",বর্ণিত আছে,,,SPC,SHIA-PAGE-CHECK,"al-Kafi 2:495 (bab al-salat 'ala al-Nabi, h. 21) «لا تبترها»; Amali al-Saduq majlis 36 h. 12.",HAD-SALAT-BATRA,Shia side located. Sunni «الصلاة البتراء» wording: see REF-303.
REF-035,1629,2,০৬  আল্লাহর কাছে না পৌঁছানো নামাজ,PAGE-CHECK,"•  আমলের সওয়াবে বেলায়াতের শর্ত (অংশ ৯৮): আল-কাফি, খণ্ড ২, কিতাবুল ঈমান ওয়াল কুফর, বাবু দাআইমিল ইসলাম, হাদিস ৫, যুরারা, ইমাম বাকির (আলাইহিস্ সালাম) থেকে; মজলিসী: সহিহ (মিরআতুল উকুল ৭/১০২): «…لَوْ أَنَّ رَجُلاً قَامَ لَيْلَهُ وَصَامَ نَهَارَهُ وَتَصَدَّقَ بِجَمِيعِ مَالِهِ وَحَجَّ جَمِيعَ دَهْرِهِ وَلَمْ يَعْرِفْ وَلايَةَ وَلِيِّ الله فَيُوَالِيَهُ وَيَكُونَ جَمِيعُ أَعْمَالِهِ بِدَلالَتِهِ إِلَيْهِ مَا كَانَ لَهُ عَلَى الله جَلَّ وَعَزَّ حَقٌّ فِي ثَوَابِهِ…»। https://thaqalayn.net/hadith/2/1/13/5 (ছাপা পৃষ্ঠা ২/১৮–১৯, PAGE-CHECK)।",PAGE-CHECK,,,SPC,SHIA-PAGE-CHECK,"al-Kafi 2:18-19 h. 5 (bab da'a'im al-islam, Zurara); Mir'at al-'Uqul 7:102.",HAD-WILAYA-KAFI,Same hadith as REF-284 - normalise.
REF-036,1630,2,০৬  আল্লাহর কাছে না পৌঁছানো নামাজ,PAGE-CHECK,"•  আমল ইমামদের সামনে পেশ (অংশ ১০৭): আল-কাফি, খণ্ড ১, কিতাবুল হুজ্জাহ, বাবু আরদিল আমাল আলান নাবিয়্যি ওয়াল আইম্মা, ৯:১০৫-এর «والمؤمنون» = ইমামগণ; খণ্ড ১, পৃ. ২১৯–২২০ (PAGE-CHECK)।",PAGE-CHECK,,,SPC,SHIA-PAGE-CHECK,al-Kafi 1:219-220 (bab 'ard al-a'mal).,,Lock edition.
REF-037,1631,2,০৬  আল্লাহর কাছে না পৌঁছানো নামাজ,PAGE-CHECK,"•  «من أصبح من هذه الأمة لا إمام له…» (অংশ ১১৫): আল-কাফি, খণ্ড ১, কিতাবুল হুজ্জাহ, বাবু মারিফাতিল ইমাম ওয়ার রাদ্দি ইলাইহি, হাদিস ৮, মুহাম্মাদ ইবনে মুসলিম, ইমাম বাকির (আলাইহিস্ সালাম) থেকে; পৃ. ১৮৩–১৮৪ (PAGE-CHECK)। পাঠ দেখা হয়েছে: https://forums.alkafeel.net/node/16377",PAGE-CHECK,,,SPC,SHIA-PAGE-CHECK,"al-Kafi 1:183-184 h. 8 (bab ma'rifat al-imam, Muhammad b. Muslim).",HAD-IMAM-JAHILIYYA,Related to REF-059/083 but different wording - keep separate.
REF-038,1634,2,০৬  আল্লাহর কাছে না পৌঁছানো নামাজ,PAGE-CHECK; বর্ণিত আছে,"•  «من عرف نفسه فقد عرف ربه» (অংশ ১২০ঝ): আমিরুল মুমিনীন আলী (আলাইহিস্ সালাম)-এর বাণী হিসেবে আমিদির গুরারুল হিকাম ওয়া দুরারুল কালিম-এ, নং ৪৬৪১ (PAGE-CHECK; সূত্র-আলোচনা: https://ar.wikishia.net/view/حديث_من_عرف_نفسه)। সনদ নিয়ে মতভেদ আছে, তাই অধ্যায়ে «বর্ণিত আছে»।",PAGE-CHECK; বর্ণিত আছে,,,CAND,CANDIDATE,Ghurar al-Hikam (al-Amidi) no. 4641 (edition numbering varies); not in classical hadith collections.,,Attribution-only correct.
REF-039,1636,2,০৬  আল্লাহর কাছে না পৌঁছানো নামাজ,PAGE-CHECK,"•  শয়তান রক্তের পথে চলে (অংশ ১১৮): «إن الشيطان يجري من ابن آدم مجرى الدم», সহিহ বুখারী (সাফিয়্যার ঘটনা; যেমন হাদিস ৭১৭১) ও সহিহ মুসলিম, হাদিস ২১৭৫ (নম্বর PAGE-CHECK)। https://hadithprophet.com/hadith-37589.html",PAGE-CHECK,,,VL,VERIFIED-LIVE,"Bukhari 7171 (Ahkam) = Safiyya story (Ali b. Husayn) - correct; parallels Bukhari 2035, 2038, 3101. Muslim 2175 (Safiyya) wording «يبلغ من الإنسان مبلغ الدم» (Bukhari: «يجري من الإنسان مجرى الدم»).",,Numbers correct; note the wording difference between Bukhari and Muslim.
REF-040,1637,2,০৬  আল্লাহর কাছে না পৌঁছানো নামাজ,PAGE-CHECK,"•  নাহজুল বালাগা, প্রথম খুতবা (অংশ ১২৩): «أَوَّلُ الدِّينِ مَعْرِفَتُهُ، وَكَمَالُ مَعْرِفَتِهِ التَّصْدِيقُ بِهِ، وَكَمَالُ التَّصْدِيقِ بِهِ تَوْحِيدُهُ» ও «أَنْشَأَ الْخَلْقَ إِنْشَاءً، وَابْتَدَأَهُ ابْتِدَاءً، بِلَا رَوِيَّةٍ أَجَالَهَا، وَلَا تَجْرِبَةٍ اسْتَفَادَهَا»। অনলাইন পাঠ: https://forums.alkafeel.net/node/84002 (সেখানে «أحالها»; অন্য সংস্করণে «أجالها»; ছাপা সংস্করণে মেলানো PAGE-CHECK)।",PAGE-CHECK,,,SPC,SHIA-PAGE-CHECK,"Nahj al-Balagha, khutba 1 (Subhi Salih ed.) - «أحالها/أجالها» variant.",,Edition lock only.
REF-041,1638,2,০৬  আল্লাহর কাছে না পৌঁছানো নামাজ,বর্ণিত আছে,•  নূরের প্রথম সৃষ্টি (অংশ ১২৬): «বর্ণিত আছে»; সনদসহ উৎস এই অধ্যায়ে দেওয়া হয়নি।,বর্ণিত আছে,,,UNID,UNIDENTIFIED,"First-created light - see REF-154 (Jabir report, disputed).",HAD-NUR-AWWAL,Normalise with REF-154.
REF-042,1640,2,০৬  আল্লাহর কাছে না পৌঁছানো নামাজ,PAGE-CHECK,"•  আয়াতুন নূরের ব্যাখ্যা (অংশ ১৩৫–১৩৭): আল-কাফি, খণ্ড ১, কিতাবুল হুজ্জাহ, বাবু আন্নাল আইম্মাতা নূরুল্লাহ, হাদিস ৫, সালিহ ইবনে সাহল, ইমাম সাদিক (আলাইহিস্ সালাম) থেকে: «كَمِشْكاةٍ فَاطِمَةُ… فَاطِمَةُ كَوْكَبٌ دُرِّيٌّ بَيْنَ نِسَاءِ أَهْلِ الدُّنْيَا… نُورٌ عَلى نُورٍ إِمَامٌ مِنْهَا بَعْدَ إِمَامٍ»। https://thaqalayn.net/hadith/1/4/13/5 (পৃ. ১/১৯৫ PAGE-CHECK; সনদে সাহল ইবনে যিয়াদ)।",PAGE-CHECK,,,SPC,SHIA-PAGE-CHECK,"al-Kafi 1:195 h. 5 (bab anna al-a'imma nur Allah, Salih b. Sahl) - correct; sanad has Sahl b. Ziyad.",,Lock page.
REF-043,1642,2,০৬  আল্লাহর কাছে না পৌঁছানো নামাজ,PAGE-CHECK,"•  সাকালাইনের (কিতাবুল্লাহ ও আহলে বাইত) সুন্নি পাঠ: জামে তিরমিযি, হাদিস ৩৭৮৬ (জাবির ইবনে আবদিল্লাহ, আরাফার খুতবা): «تركت فيكم ما إن أخذتم به لن تضلوا كتاب الله وعترتي أهل بيتي»; তিরমিযি: হাসান গরিব; মান নিয়ে মতভেদ আছে (আলবানী সহিহ, শুআইব/বাশশার হাসান, যুবাইর আলী যাঈ দাঈফ)। পাঠ খোলা হয়েছে আরবি পাঠ-সংস্করণে (hadith-api, jsDelivr; sunnah.com ৪০৩); ছাপা পাতা PAGE-CHECK। সহিহ মুসলিম ২৪০৮a-তে শব্দ «وأهل بيتي», «عترتي» নয়। দেখুন SOURCE_REGISTER.md (CL-HAD-001/002)।",PAGE-CHECK,,,VL,VERIFIED-LIVE,"Tirmidhi 3786 (Jabir, Arafa): «كتاب الله وعترتي أهل بيتي» - grades: Albani/Shakir sahih, Bashar hasan, Zubair Ali Zai da'if. Muslim 2408 (Zayd b. Arqam): «وأهل بيتي أذكركم الله في أهل بيتي» - VL.",HAD-THAQALAYN,Already correct; register key.
REF-044,1643,2,০৬  আল্লাহর কাছে না পৌঁছানো নামাজ,PAGE-CHECK,"•  ঈদের খুতবা নামাজের পরে: সহিহ বুখারী ৯৫৬ (আবু সাঈদ খুদরি; মারওয়ান আগে খুতবা দিলেন, «غيرتم والله») ও ৯৫৭ (ইবনে উমর: «يصلي في الأضحى والفطر ثم يخطب بعد الصلاة»)। অবস্থা: পাঠ খোলা ও মেলানো (আরবি পাঠ-সংস্করণে, sunnah.com ৪০৩); ছাপা পাতা PAGE-CHECK। দেখুন SOURCE_REGISTER.md (CL-HAD-005/006)।",PAGE-CHECK,,,VL,VERIFIED-LIVE,"Bukhari 956 (Abu Sa'id: Marwan, «غيرتم والله») and 957 (Ibn Umar: prayer then khutba).",,Numbers correct.
REF-045,1644,2,০৬  আল্লাহর কাছে না পৌঁছানো নামাজ,PAGE-CHECK,"•  ৬২:১১ ও বারোজন (অংশ ১৪৮): সহিহ বুখারী, হাদিস ৯৩৬ (জাবির): «…حَتَّى مَا بَقِيَ مَعَ النَّبِيِّ ﷺ إِلاَّ اثْنَا عَشَرَ رَجُلاً»; সহিহ মুসলিম (আবদুল বাকি ৮৬৩): খুতবার সময় (নম্বর PAGE-CHECK)।",PAGE-CHECK,,,VL,VERIFIED-LIVE,"Bukhari 936 (Jabir, twelve men remained); Muslim 863 (Jabir, same event).",,Numbers correct.
REF-046,1648,2,০৬  আল্লাহর কাছে না পৌঁছানো নামাজ,PAGE-CHECK,"•  রুকন ও মাকামের মাঝে ইবাদত, বেলায়াত ছাড়া (অংশ ১৭ঢ): ইমাম যাইনুল আবেদীন (আ.) থেকে আবু হামযা সুমালির বর্ণনা। পাঠ নেওয়া হয়েছে বিহারুল আনওয়ার, খণ্ড ২৭ (মুয়াসসাসাতুল ওয়াফা, বৈরুত), বাব ৭ «أنه لا تقبل الأعمال إلا بالولاية», হাদিস ১৬, পৃ. ১৭২–১৭৩ থেকে (https://lib.eshia.ir/11008/27/173), যার মূল উৎস আমালি আত-তুসি। একই বর্ণনা সাওয়াবুল আমাল (পৃ. ১৯৭; শব্দভেদ «لم ينتفع بذلك شيئا») ও আল-মাহাসিন (পৃ. ৯১)-এ আছে; এই দুটি পৃষ্ঠা বিহারের পাদটীকা থেকে নেওয়া (PAGE-CHECK)। সনদের মান কোথাও লেখা নেই।",PAGE-CHECK,,,SPC,SHIA-PAGE-CHECK,Bihar al-Anwar 27:172-173 h. 16 (Wafa ed.) ← Amali al-Tusi; Thawab al-A'mal p. 197; al-Mahasin p. 91.,HAD-WILAYA-KAFI,Lock edition.
REF-047,1650,2,০৬  আল্লাহর কাছে না পৌঁছানো নামাজ,PAGE-CHECK,"•  ইবনে মুলজিম (অংশ ১৭ণ): ৪০ হিজরির ১৯ রমজান ভোরে কুফার মসজিদে আমিরুল মুমিনীন আলী (আলাইহিস্ সালাম)-কে আঘাত, সুপরিচিত ইতিহাস (যেমন শেখ মুফিদ, আল-ইরশাদ)। বাইয়াত, দুই-তিনবার ফিরিয়ে দেওয়া ও «أريد حياته ويريد قتلي»: আবুল ফারাজ ইসফাহানি, মাকাতিলুত তালিবিয়্যিন, পৃ. ৪৫ (শামেলা); ইবনে সাদ, আত-তাবাকাতুল কুবরা ৩/২৪ (দারুল কুতুবিল ইলমিয়্যা)। চল্লিশ দিন তলোয়ার শান দেওয়া («شحذته أربعين صباحا») তার নিজের উক্তি হিসেবে বর্ণিত। মুখে সিজদার দাগ: ইবনে কাসির, আল-বিদায়া ওয়ান নিহায়া, খণ্ড ৭ (PAGE-CHECK)। «৪০ বছর ইবাদত» কোনো উৎসে পাওয়া যায়নি, তাই ব্যবহৃত হয়নি।",PAGE-CHECK,,,HIST,NON-HADITH,"Maqatil al-Talibiyyin p. 45 (Shamela); Ibn Sa'd 3:24 (DKI); Ibn Kathir, al-Bidaya 7 (vol/page to lock).",,History; «40 years worship» correctly dropped.
REF-048,1808,2,০৭  রাত পর্যন্ত: কুরআনের আলোকে ইফতার,বর্ণিত আছে,"“না। বিসাল হলো রাতকেও রোযার নিয়তে টেনে নেওয়া। এখানে রাত এসেছে, রোযা শেষ হয়ে গেছে। শুধু খাওয়া হয়নি। দুটো এক জিনিস নয়।” সে একটু হাসল। “আর বর্ণিত আছে, রাসূলুল্লাহ ﷺ পানি কিংবা খেজুর দিয়ে রোযা খুলতে বলেছেন। এক চুমুক পানি। একটা খেজুর।”",বর্ণিত আছে,,,PROSE,PROSE-LINE,,HAD-IFTAR-TAMR,Prose; follows REF-049.
REF-049,1885,2,০৭  রাত পর্যন্ত: কুরআনের আলোকে ইফতার,বর্ণিত আছে,"•  উমর ও উসমানের ইফতার: মুয়াত্তা ইমাম মালিক, কিতাবুস সিয়াম (লেখকের ব্যবহৃত বাংলা সংস্করণে ১ম খণ্ড, পৃ. ২৩৯, হাদীস ৬৯৪)। «যখন পূর্ব দিক থেকে অন্ধকার আসে…»: সহীহ বুখারী, কিতাবুস সাওম, উমর ইবনুল খাত্তাবের সূত্রে (লেখকের ব্যবহৃত আধুনিক প্রকাশনী সংস্করণে হাদীস ১৮১৫)। আনাসের দুধের ঘটনা: মূল আরবি, মাকারিমুল আখলাক (তাবরিসি), রাসূলুল্লাহ ﷺ-এর পানীয় অধ্যায়, আনাসের নিজের ভাষায়; অধ্যায়ে ঘটনাটি শুধু এই আরবি পাঠ অনুযায়ী বলা হয়েছে (আনাস রাতভর আশঙ্কা করেছিলেন রাসূলুল্লাহ ﷺ হয়তো না খেয়ে রাত কাটাবেন; তিনি কখনো এ বিষয়ে জিজ্ঞেস বা উল্লেখ করেননি)। এছাড়া: সত্য কাহিনী সম্ভার (শহীদ মুতাহহারির দাস্তানে রাস্তান-এর বাংলা অনুবাদ), ‘ইফতারি’; মূল: মাকারিমুল আখলাক (তাবরিসি), রাসূলুল্লাহ ﷺ-এর পানীয় অধ্যায়; কুহলুল বাসার পৃ. ৬৭। পানি বা খেজুর দিয়ে রোযা খোলার কথা (অংশ ১১৭গ) «বর্ণিত আছে» বলে রাখা হয়েছে; মূল কিতাবের সূত্র এখনো মেলানো হয়নি।",বর্ণিত আছে,,,EDN,EDITION-NUMBER,"Bukhari «1815» is a Bengali-edition number → standard Bukhari 1954 (Umar: «إذا أقبل الليل من ها هنا ... فقد أفطر الصائم») VL. Iftar with dates/water: Abu Dawud 2356, Tirmidhi 696 (Anas/Salman b. Amir).",HAD-IFTAR-TAMR,Map every Bengali-edition number to standard numbering (BUG-12).
REF-050,1946,2,০৮  দানবাক্সের তিনশো বিশ টাকা,বর্ণিত আছে,"আমি উৎসাহিত হয়ে বললাম, “ঠিক বলেছ, ফয়সাল। বর্ণিত আছে, ইমাম রেজা (আলাইহিস্ সালাম) বলেছেন: ‘আল্লাহ মহিমান্বিত ও পরাক্রমশালী, সাইয়্যিদা ফাতিমাতুয্ যাহরা (আলাইহাস্ সালাম)-এর মোহরানা (মাহর) হিসেবে পৃথিবীর এক-পঞ্চমাংশ নির্ধারণ করেছেন।’”",বর্ণিত আছে,,,PROSE,PROSE-LINE,,HAD-MAHR-KHUMS,Prose; follows REF-057 / REF-168.
REF-051,2064,2,০৮  দানবাক্সের তিনশো বিশ টাকা,বর্ণিত আছে,"তারপর তিনি ঘটনাটা বললেন। বর্ণিত আছে, রাসূলুল্লাহ ﷺ-এর একজন সাহাবি, হযরত আবু যার আল-গিফারী বলেন: “আমি একদিন রাসূলুল্লাহ ﷺ-এর সঙ্গে যোহরের সালাত আদায় করছিলাম। হঠাৎ একজন ভিক্ষুক মসজিদে প্রবেশ করল, কিন্তু কেউ তাকে সাহায্য করল না। সে দু’হাত তুলে আল্লাহর কাছে ফরিয়াদ করল— ‘ইয়া আল্লাহ, আমি সাহায্য চাইলাম, কিন্তু কেউ কিছু দিল না।’ সেই সময় হযরত আলী ইবনে আবু তালিব (আলাইহিস্ সালাম) রুকু অবস্থায় ছিলেন। তিনি ভিক্ষুকের দিকে ইশারা করলেন, এবং ভিক্ষুক তাঁর আঙুলের আংটি নিয়ে নিল। এই দৃশ্য রাসূলুল্লাহ ﷺ-এর চোখের সামনে ঘটল।”",বর্ণিত আছে,,,PROSE,PROSE-LINE,,HAD-KHATAM-RUKU,Prose; follows REF-056 / REF-282.
REF-052,2170,2,০৮  দানবাক্সের তিনশো বিশ টাকা,PAGE-CHECK,•  তারাবি/তারবিহা = বিশ্রাম (ر-و-ح) — লিসানুল আরব — PAGE-CHECK।,PAGE-CHECK,,,HIST,NON-HADITH,"Lisan al-'Arab, root r-w-h (تَرْوِيحَة).",,Lexical; page lock.
REF-053,2171,2,০৮  দানবাক্সের তিনশো বিশ টাকা,PAGE-CHECK,"•  রাসূলুল্লাহ ﷺ রমজানের রাতে মসজিদে কয়েক রাত নামাজ, তারপর বন্ধ («خشيت أن تفرض عليكم») — বুখারি ১১২৯ / মুসলিম ৭৬১ (আয়েশা) — PAGE-CHECK (sunnah.com 403; বাহ্যিক যাচাই তালিকায়)।",PAGE-CHECK,,,VL,VERIFIED-LIVE,Bukhari 1129 / Muslim 761 (Aisha): «خشيت أن تفرض عليكم».,,Numbers correct.
REF-054,2172,2,০৮  দানবাক্সের তিনশো বিশ টাকা,PAGE-CHECK,•  উমর: «نعمت البدعة هذه» — বুখারি ২০১০ — PAGE-CHECK।,PAGE-CHECK,,,VL,VERIFIED-LIVE,Bukhari 2010 (Abd al-Rahman b. Abd al-Qari): «نعمت البدعة هذه».,,Number correct.
REF-055,2173,2,০৮  দানবাক্সের তিনশো বিশ টাকা,PAGE-CHECK,"•  ইমাম আলী (আলাইহিস্ সালাম): «আমি যদি ফাদাক ফিরিয়ে দিই… তারাবির বিদআত মুছে দিই…» — জনির খাতা ¶২৩২৭৮–২৩২৮৭ (JONY-VERBATIM); মূল: আল-কাফি, রাওদা (খ.৮, খুতবা «لو استوت قدماي») — PAGE-CHECK; ছাপার আগে খণ্ড-পৃষ্ঠা মেলাতে হবে।",PAGE-CHECK,,,SPC,SHIA-PAGE-CHECK,"al-Kafi 8:58-63 (al-Rawda, h. 21): khutba «لو قد استوت قدماي ... لرددت فدك».",,Vol/page identified; lock edition.
REF-056,2182,2,০৮  দানবাক্সের তিনশো বিশ টাকা,বর্ণিত আছে,"•  রুকুতে দান (অংশ ১৫৪–১৫৭): আংটির বর্ণনা তাবারি, জামিউল বায়ান, ৫:৫৫ (আস-সুদ্দি, উতবা ইবনে আবি হাকিম, মুজাহিদ থেকে)। https://quran.ksu.edu.sa/tafseer/tabary/sura5-aya55.html । চাদরের (হুল্লা) বর্ণনা এবং «প্রত্যেক ইমাম এই গুণের» কথা আল-কাফি, খণ্ড ১, কিতাবুল হুজ্জাহ, বাব «ما نص الله عز وجل ورسوله على الأئمة», হাদিস ৩। https://thaqalayn.net/chapter/1/4/64 । আবু যার আল-গিফারীর বর্ণনার পাঠ লেখকের খাতা থেকে, মূল কিতাবে মেলানো হয়নি, তাই «বর্ণিত আছে»।",বর্ণিত আছে,,,SPC,SHIA-PAGE-CHECK,"Tabari, Jami' al-Bayan on 5:55; al-Kafi 1:288-289 (bab ma nassa Allah... h. 3). Abu Dharr narration: see REF-282 (CAND: al-Tha'labi).",HAD-KHATAM-RUKU,Normalise with REF-282.
REF-057,2183,2,০৮  দানবাক্সের তিনশো বিশ টাকা,বর্ণিত আছে,"•  ফাতিমা (আলাইহাস্ সালাম)-এর মোহর হিসেবে পৃথিবীর এক-পঞ্চমাংশ (অংশ ৫১) ও দর্জির সূঁচের খুমস (অংশ ৫৯): লেখকের খাতায় ফিকহুর রেজা গ্রন্থের নামে আছে; মূল পাতা মেলানো হয়নি, তাই «বর্ণিত আছে» / «এক হাদিসে বর্ণিত হয়েছে»।",বর্ণিত আছে,,,SPC,SHIA-PAGE-CHECK,"Fiqh al-Rida (p. 294 region, mahr); Bihar al-Anwar 43:105 ff (bab tazwij Fatima) carries the «خمس الدنيا» reports.",HAD-MAHR-KHUMS,Same item as REF-050/168 - normalise.
REF-058,2240,2,০৯  কার ব্যাখ্যা মেনে আমল করব?,বর্ণিত আছে,"বুরুল্লাহ মাথা নাড়ল, যেন এটাই প্রত্যাশিত। “বর্ণিত আছে, ইমাম আলী (আলাইহিস্ সালাম)-এর নামাজে তীর বের করা হয়েছিল, আর তিনি টেরও পাননি— এমন আত্মস্থতা, এমন ঈমানের গভীরতা কেবল ইমামিয় দৃষ্টিভঙ্গিতে সম্ভব।”",বর্ণিত আছে,,,PROSE,PROSE-LINE,,HAD-ARROW-SALAT,Prose; follows REF-060.
REF-059,2273,2,০৯  কার ব্যাখ্যা মেনে আমল করব?,PAGE-CHECK,"•  «من مات ولم يعرف إمام زمانه مات ميتة جاهلية» — শিয়া সূত্রে কামালুদ্দীন (শেখ সাদুক) প্রভৃতি; অনুরূপ পাঠ আল-কাফি ১, কিতাবুল হুজ্জাহ (অধ্যায় ৬-এর নমুনার সূত্র দেখুন) — PAGE-CHECK।",PAGE-CHECK,,,SPC,SHIA-PAGE-CHECK,Kamal al-Din (al-Saduq) 2:409-413 (bab 39); al-Kafi 1:376-377 (bab man dana Allah bi-ghayr imam): «من مات وليس له إمام فميتته ميتة جاهلية». Exact «من مات ولم يعرف إمام زمانه» wording: lock which book carries it.,HAD-IMAM-JAHILIYYA,Keep separate from Muslim 1851 (BUG-06).
REF-060,2274,2,০৯  কার ব্যাখ্যা মেনে আমল করব?,বর্ণিত আছে,•  ইমাম আলী (আলাইহিস্ সালাম)-এর নামাজে তীর বের করা — প্রসিদ্ধ বর্ণনা; মূল কিতাবের পৃষ্ঠা মেলানো হয়নি — «বর্ণিত আছে»।,বর্ণিত আছে,,,CAND,CANDIDATE,Arrow removed during prayer - Shia: Bihar al-Anwar 41:17 (manaqib Ali); Manaqib Ibn Shahrashub 2:124. Widely told; weak chain.,HAD-ARROW-SALAT,Attribution-only; lock Bihar page.
REF-061,2275,2,০৯  কার ব্যাখ্যা মেনে আমল করব?,PAGE-CHECK; মেলানো বাকি,•  ইমাম হুসাইন (আলাইহিস্ সালাম)-এর ৮ জিলহজ মক্কা ত্যাগ — ইতিহাস; পৃষ্ঠা মেলানো বাকি — PAGE-CHECK।,PAGE-CHECK; মেলানো বাকি,,,HIST,NON-HADITH,"Imam Husayn leaves Mecca 8 Dhu al-Hijja 60 AH - Tabari, Tarikh 5:385; al-Mufid, al-Irshad 2:67.",,History; page lock.
REF-062,2304,2,১০  মা সাইয়্যিদা যেভাবে ইবাদত করতেন,বর্ণিত আছে,"“বর্ণিত আছে, ইমাম হাসান (আলাইহিস্ সালাম) ছোটবেলায় এক জুমার রাতে দেখেছিলেন, তাঁর আম্মা মা সাইয়্যিদা ফাতিমাতুয্ যাহরা (আলাইহাস্ সালাম) সারা রাত মেহরাবে দাঁড়িয়ে আছেন। রুকু, সিজদা, তারপর দোয়া। ভোর পর্যন্ত। আর পুরো রাত তিনি দোয়া করলেন প্রতিবেশীদের জন্য, মুমিন নারী-পুরুষদের জন্য, নাম ধরে ধরে। নিজের জন্য একটি দোয়াও না। ইমাম হাসান (আলাইহিস্ সালাম) সকালে জিজ্ঞেস করলেন, আম্মা, আপনি নিজের জন্য দোয়া করলেন না কেন? তিনি বললেন, ‘বাবা, আগে প্রতিবেশী, তারপর ঘর।’”",বর্ণিত আছে,,,PROSE,PROSE-LINE,,HAD-JAR-DAR,Prose; follows REF-063.
REF-063,2355,2,১০  মা সাইয়্যিদা যেভাবে ইবাদত করতেন,PAGE-CHECK,"•  মা সাইয়্যিদা ফাতিমাতুয্ যাহরা (আলাইহাস্ সালাম)-এর জুমার রাতের দোয়া, «الجار ثم الدار» — ইলালুশ শারায়ে (শেখ সাদুক) ও বিহারুল আনওয়ার ৪৩ — PAGE-CHECK।",PAGE-CHECK,,,SPC,SHIA-PAGE-CHECK,'Ilal al-Shara'i' 1:181-182 (bab 146); Bihar al-Anwar 43:81-82: Hasan a.s. - «الجار ثم الدار».,HAD-JAR-DAR,Lock edition.
REF-064,2356,2,১০  মা সাইয়্যিদা যেভাবে ইবাদত করতেন,PAGE-CHECK,"•  তাসবিহে যাহরা ও খাদেমের ঘটনা — শিয়া সূত্রে (মান লা ইয়াহদুরুহুল ফাকিহ ১; আল-কাফি ৩) ও সুন্নি সূত্রে (সহিহ বুখারী, খাদেম চাওয়ার হাদীস) — PAGE-CHECK; ক্রম (৩৪-৩৩-৩৩) শিয়া পাঠ অনুযায়ী।",PAGE-CHECK,,,SPC,SHIA-PAGE-CHECK,Tasbih Fatima: Man la yahduruh al-faqih 1:320-321; al-Kafi 3:342-343; Sunni: Bukhari 3705 (VL) servant request.,HAD-TASBIH,Normalise with REF-003/066/067.
REF-065,2509,3,"০২  জন্মসূত্রে মুসলমান, নাকি বেছে নেওয়া?",PAGE-CHECK; মেলানো বাকি,"•  «প্রত্যেক নবজাতক ফিতরাতের ওপর জন্মায়…» — সহীহ বুখারি, কিতাবুল জানায়িয, হাদীস ১৩৮৫ — PAGE-CHECK (নম্বর নকশা থেকে; মূল পাতায় মেলানো বাকি)।",PAGE-CHECK; মেলানো বাকি,,,VL,VERIFIED-LIVE,Bukhari 1385 (Abu Hurayra): «كل مولود يولد على الفطرة». Also 1358-1359.,HAD-FITRA,Number correct.
REF-066,2528,3,০৩  ইবাদত কি আমাকে বদলাচ্ছে?,বর্ণিত আছে,"""এই তসবিহ যার, সে আমার মা। বুরুল্লাহর দাদি। প্রতি নামাজের পর তিনি তিনটি বাক্য পড়তেন। চৌত্রিশবার আল্লাহু আকবার। তেত্রিশবার আলহামদুলিল্লাহ। তেত্রিশবার সুবহানাল্লাহ। একে বলে তাসবিহে যাহরা। বর্ণিত আছে, রাসূলুল্লাহ ﷺ নিজের মেয়েকে এটি শিখিয়েছিলেন, যখন ঘরের কাজে তাঁর হাতে ফোসকা পড়েছিল।""",বর্ণিত আছে,,,PROSE,PROSE-LINE,,HAD-TASBIH,Prose; follows REF-067.
REF-067,2570,3,০৩  ইবাদত কি আমাকে বদলাচ্ছে?,PAGE-CHECK,"•  তাসবিহে যাহরা (৩৪ আল্লাহু আকবার, ৩৩ আলহামদুলিল্লাহ, ৩৩ সুবহানাল্লাহ) — আল-কাফি, খণ্ড ৩, কিতাবুস সালাত, «বাবুত তা'কীব» — PAGE-CHECK। জাঁতা ও সাহায্যকারী চাওয়ার ঘটনা: সহীহ বুখারি, কিতাবু ফাদাইলি আসহাবিন নাবী, হাদীস ৩৭০৫ (আলী আলাইহিস্ সালাম-এর বর্ণনা) — PAGE-CHECK।",PAGE-CHECK,,,VL,VERIFIED-LIVE,"Bukhari 3705 (Ali a.s.): Fatima complains of the mill → tasbih; also 5361, 6318. al-Kafi 3:342-343 bab al-ta'qib (Shia order 34-33-33).",HAD-TASBIH,Sunni number correct; Shia page lock.
REF-068,2571,3,০৩  ইবাদত কি আমাকে বদলাচ্ছে?,PAGE-CHECK,"•  «রাসূলুল্লাহ ﷺ তাঁর সম্মানে দাঁড়িয়ে যেতেন» — সুনানে আবু দাউদ, কিতাবুল আদাব, হাদীস ৫২১৭; সুনানে তিরমিযি, হাদীস ৩৮৭২ — PAGE-CHECK।",PAGE-CHECK,,,VL,VERIFIED-LIVE,Abu Dawud 5217 (Aisha; Albani sahih) and Tirmidhi 3872 (Aisha; sahih): «ما رأيت أحدا أشبه سمتا ودلا وهديا ... قام إليها».,HAD-QIYAM-FATIMA,Numbers correct. Same as REF-252/262 - normalise.
REF-069,2572,3,০৩  ইবাদত কি আমাকে বদলাচ্ছে?,বর্ণিত আছে,•  «উম্মে আবিহা» উপাধি — বর্ণিত আছে।,বর্ণিত আছে,,,CAND,CANDIDATE,"«أم أبيها» - Ibn Abd al-Barr, al-Isti'ab 4:1899; Ibn Hajar, al-Isaba 8:262 (entry Fatima); Shia: Bihar al-Anwar 43:19 (from Maqatil al-Talibiyyin).",HAD-UMM-ABIHA,Same as REF-155/255 - normalise.
REF-070,2646,3,০৪  ঘরের ভেতরে ইসার আর ভালোবাসা,PAGE-CHECK; বর্ণিত আছে,"•  কুরআন ২৫:৭৪ (وَٱلَّذِينَ يَقُولُونَ رَبَّنَا هَبْ لَنَا مِنْ أَزْوَٰجِنَا وَذُرِّيَّٰتِنَا قُرَّةَ أَعْيُنٍ وَٱجْعَلْنَا لِلْمُتَّقِينَ إِمَامًا) — api.alquran.cloud, CONFIRMED। «স্ত্রী = খাদিজা, বংশধর = ফাতিমা, চোখের আনন্দ = হাসান-হুসাইন» ব্যাখ্যা — আহলুল বাইতের বর্ণনা হিসেবে «বর্ণিত আছে» (তাফসীরে কুম্মি, ২৫:৭৪ — PAGE-CHECK)।",PAGE-CHECK; বর্ণিত আছে,,,SPC,SHIA-PAGE-CHECK,Tafsir al-Qummi 2:117 (25:74).,,Q 25:74 confirmed; tafsir page lock.
REF-071,2648,3,০৪  ঘরের ভেতরে ইসার আর ভালোবাসা,PAGE-CHECK; বর্ণিত আছে,"•  «فداك أبي وأمي» ও সফরের শুরু-শেষ ফাতিমার কাছে (ইবনে উমর; সাওবান) — সাওবানের বর্ণনা: সুনানে আবু দাউদ, কিতাবুত তারাজ্জুল, হাদীস ৪২১৩ — PAGE-CHECK; ইবনে উমরের বর্ণনা ও «ফাদাকি আবি ওয়া উম্মি» — হাকিম, আল-মুস্তাদরাক — PAGE-CHECK। ইবনে আব্বাসের চুমুর বর্ণনা — বর্ণিত আছে।",PAGE-CHECK; বর্ণিত আছে,,,VL,VERIFIED-LIVE,"Abu Dawud 4213 (Thawban) - number correct BUT graded da'if (Albani, Arnaut, Zubair Ali Zai) - add grade. Ibn Umar «فداك أبي وأمي»: al-Hakim al-Mustadrak 3:156 (h. 4737 region) - number to lock (BUG-21).",,Add grading for 4213.
REF-072,2649,3,০৪  ঘরের ভেতরে ইসার আর ভালোবাসা,বর্ণিত আছে,"•  «ফাতিমা আমার অংশ» (فاطمة بضعة مني) — সহীহ বুখারি ৩৭১৪, CONFIRMED (বাইবেল §৪)। «ফাতিমা আমার অন্তরের ধন» — বর্ণিত আছে।",বর্ণিত আছে,,,VL,VERIFIED-LIVE,Bukhari 3714 only «فاطمة بضعة مني فمن أغضبها أغضبني». «أنت أعز/ذخر» wording not canonical → attribution-only.,HAD-BIDAA-MINNI,Register key.
REF-073,2650,3,০৪  ঘরের ভেতরে ইসার আর ভালোবাসা,PAGE-CHECK; বর্ণিত আছে,"•  জুমাই ইবনে উমায়রের বর্ণনা (আয়েশা: ফাতিমা, পুরুষে তাঁর স্বামী) — সুনানে তিরমিযি, কিতাবুল মানাকিব, হাদীস ৩৮৭৪ — PAGE-CHECK। বুরাইদার বর্ণনা — তিরমিযি ৩৮৬৮ — PAGE-CHECK। উসামার বর্ণনা («ফাতিমা বিনতে মুহাম্মদ») — তিরমিযি ৩৮১৯ — PAGE-CHECK। আবু হুরাইরা ও কুফার মিম্বরের বর্ণনা («সে তোমার চেয়ে প্রিয়, তুমি তার চেয়ে স্নেহশীল») — বর্ণিত আছে (তাবারানি, আল-মু'জামুল আওসাত — PAGE-CHECK)।",PAGE-CHECK; বর্ণিত আছে,,,VL,VERIFIED-LIVE,"Tirmidhi 3874 (Jumay' b. Umayr) - VL but graded MUNKAR (Albani, Shakir); Tirmidhi 3868 (Buraydah) - MUNKAR; Tirmidhi 3819 (Usama) - da'if (Albani) / isnad hasan (Zubair). Abu Hurayra «أيهما أحب إليك» - al-Hakim 3:155 (h. 4735), Tabarani al-Awsat 7675.",HAD-AHABB-FATIMA,Numbers correct; GRADES must be printed (munkar/da'if). Same as REF-161.
REF-074,2651,3,০৪  ঘরের ভেতরে ইসার আর ভালোবাসা,PAGE-CHECK,"•  ফারসি কবিতা (খাতা ¶5003–5004): «مادی آن مرکز پرکار عشق / مادری آن کاروان سالار عشق» — খাতার বানান হুবহু; প্রথম শব্দ সম্ভবত «مادر» (ইকবাল, রুমুযে বেখুদি — PAGE-CHECK)।",PAGE-CHECK,,,HIST,NON-HADITH,"Iqbal, Rumuz-e Bekhudi, section on Sayyida Fatima: «مادر آن مرکز پرکار عشق / مادر آن کاروان سالار عشق» - first word is «مادر» (notebook «مادی» is a typo).",LIT-IQBAL,IDENTIFIED. Fix spelling; cite edition page.
REF-075,2730,3,"০৫  “রাদিয়াল্লাহু আনহা”, নাকি “আলাইহাস্ সালাম”?",PAGE-CHECK,"•  প্রমাণ ০১–০৪: সহীহ বুখারির আরবিতে «فَاطِمَةَ عَلَيْهَا السَّلاَمُ» — খাতার বাংলা-সংস্করণ নম্বর ২৮৭৪, ৩৪৪৬, ৬২৭০, ৪৯৬ — PAGE-CHECK (ছাপা ও ক্রমিক অনুযায়ী নম্বর বদলায়; sunnah.com নম্বর মেলাতে হবে)। প্রমাণ-০৪-এর আরবি অংশ: «…عَلَيْهَا السَّلاَمُ ـ وَهْىَ جُوَيْرِيَةٌ، فَأَقْبَلَتْ تَسْعَى…»।",PAGE-CHECK,,,EDN,EDITION-NUMBER,"Bengali-edition numbers 2874, 3446, 6270, 496 → map to standard. «فاطمة عليها السلام» appears in Bukhari 3092, 3093, 3110 («وهي جويرية فأقبلت تسعى» = 3110, Fard al-Khumus), 3705, 3711-3712, 4240-4241, 5361, 6318, 6726 (all VL).",,Map numbers (BUG-12).
REF-076,2731,3,"০৫  “রাদিয়াল্লাহু আনহা”, নাকি “আলাইহাস্ সালাম”?",বর্ণিত আছে,"•  «ফাতিমা আমার অংশ, যে তাকে কষ্ট দেয়…» — বুখারি ৩৭১৪ (فمن أغضبها أغضبني), CONFIRMED; «যার প্রতি সে সন্তুষ্ট…» অংশ — বর্ণিত আছে।",বর্ণিত আছে,,,VL,VERIFIED-LIVE,Bukhari 3714 - correct; «من رضيت عنه» clause not canonical.,HAD-BIDAA-MINNI,Normalise.
REF-077,2732,3,"০৫  “রাদিয়াল্লাহু আনহা”, নাকি “আলাইহাস্ সালাম”?",PAGE-CHECK,"•  আহলুস সুন্নাহর লেখকদের তালিকা (বুখারি আদাবুল মুফরাদ, নাসায়ি সুনানুল কুবরা, ইবনে হাজার আল-ইসাবা, তাহেরুল কাদরি, ওয়াহিদুজ্জামান, দেহলভি, তাফসীরে নূরুল কুরআন) — খাতা ও শ্রোতা ০৪ L667; প্রতিটির পৃষ্ঠা PAGE-CHECK।",PAGE-CHECK,,,HIST,NON-HADITH,Author list - each needs page.,,PAGE-CHECK stays.
REF-078,2762,3,"০৬  ফাদাক, আর চুপ না থাকার সাহস",বর্ণিত আছে,"ভাঙা কাপটা তিনি নিজের হাতে রাখলেন। এক চুমুক দিলেন। তারপর বললেন, ""এক নম্বর কথা। রাসূলুল্লাহ ﷺ নিজে মেয়েকে ফাদাক দিয়ে গেছেন। বর্ণিত আছে, লিখেও দিয়ে গেছেন। যাঁর কথা কুরআনের পরেই চূড়ান্ত, তাঁর দেওয়া জিনিসের জন্য আবার সাক্ষী লাগবে? এটা মেয়ের জন্য অপমান না?""",ATTRIBUTED; EDITION-LOCK PENDING,sources/S-181_UMM_AYMAN_FADAK_VERIFICATION.md §3-D; manuscript-patches/B1_P03_C06_FADAK_S-181_PATCH.md A-3,"«লিখেও দিয়ে গেছেন» = al-Ihtijaj recension (Abu Bakr writes the deed, Umar tears it). Keep «বর্ণিত আছে» in dialogue; source block must attribute to al-Tabrisi, al-Ihtijaj vol. 1 (edition/page to lock). Do not merge with Baladhuri recension.",S181,RESOLVED-S181,al-Ihtijaj recension (deed written then torn).,HAD-FADAK-TESTIMONY,See S-181.
REF-079,2814,3,"০৬  ফাদাক, আর চুপ না থাকার সাহস",PAGE-CHECK,"•  প্রমাণ ০৫–০৭ (খাতা ¶1870–1886): সহীহ বুখারি ৪২৪০–৪২৪১ (ফাতিমা আলাইহাস সালাম মদিনা, ফাদাক ও খাইবারের খুমুসের অবশিষ্ট থেকে মিরাস চাইলেন; «فَأَبَى أَبُو بَكْرٍ أَنْ يَدْفَعَ إِلَى فَاطِمَةَ…») — বাইবেল §৪-এ ৪২৪০ উল্লিখিত, CONFIRMED (একবচন «فهجرته»)। সুনানে আবু দাউদ ২৯৬৮ (একই ঘটনা, «فَاطِمَةَ عَلَيْهَا السَّلَام») ও ২৯৭২ (উমর ইবনে আব্দুল আযীযের ফাদাক ফেরত; আবু দাউদের মতে «ضعيف») — PAGE-CHECK।",VERIFIED (numbers); GRADING CORRECTED,sources/S-181_UMM_AYMAN_FADAK_VERIFICATION.md §4 (last row); manuscript-patches/B1_P03_C06_FADAK_S-181_PATCH.md B; audit BUG-01,"Abu Dawud 2968 and 2972 numbers confirmed (sunnah.com). Grading of 2972 is al-Albani's Da'if, not Abu Dawud's own — rewrite «আবু দাউদের মতে» → «আল-আলবানীর মতে». Bukhari 4240–4241 already CONFIRMED.",S181,RESOLVED-S181,"Bukhari 4240-4241, Abu Dawud 2968 (sahih), 2972 (Albani da'if) - all VL today.",HAD-BUKHARI-4240,Grading corrected (BUG-01).
REF-080,2815,3,"০৬  ফাদাক, আর চুপ না থাকার সাহস",PAGE-CHECK,"•  কুরআন ৩৩:৩৩ (আয়াতুত তাতহীর) — CONFIRMED। মুবাহালা ৩:৬১ — CONFIRMED; মুবাহালায় আলী, ফাতিমা, হাসান, হুসাইন — সহীহ মুসলিম ২৪০৪ — PAGE-CHECK।",PAGE-CHECK,,,VL,VERIFIED-LIVE,Muslim 2404 (Sa'd b. Abi Waqqas): Mubahala - «ادع لي عليا وفاطمة وحسنا وحسينا ... هؤلاء أهلي».,HAD-MUBAHALA,Number correct.
REF-081,2816,3,"০৬  ফাদাক, আর চুপ না থাকার সাহস",PAGE-CHECK; বর্ণিত আছে,"•  উম্মে আইমানের সাক্ষ্য, আলী (আলাইহিস্ সালাম)-এর সাক্ষ্য, মসজিদে আবু বকরের সাথে বিতর্ক, আউস ইবনুল হাদাসান — কিতাবু সুলাইম ইবনে কায়স; আত-তাবারসি, আল-ইহতিজাজ, খণ্ড ১ — PAGE-CHECK; খাতার নিজের নোট অনুযায়ী আউসের বিবরণ আলাদাভাবে মেলানো যায়নি, তাই ছাপার আগে পর্যন্ত «বর্ণিত আছে»।",VERIFIED (split 081a/081b); EDITION-LOCK PENDING,"sources/S-181_UMM_AYMAN_FADAK_VERIFICATION.md §3-A..3-E; manuscript-patches/B1_P03_C06_FADAK_S-181_PATCH.md A-3, B","081a Ali + Umm Ayman testimony: VERIFIED in Sunni primary (Baladhuri, Futuh al-Buldan, two recensions) and Shia (al-Ihtijaj 1; Kitab Sulaym; Ibn Abi al-Hadid, Sharh 16/213-214, 216, 225, 273-275). 081b Aus ibn al-Hadathan: NOT Umm Ayman's witness — counter-testimony with Aisha and Hafsa on «لا نورث» (Qurb al-Isnad; Bihar 22/101 h.59). Separate in prose and source block. Edition pages to lock.",S181,RESOLVED-S181,Baladhuri (Sunni) + al-Ihtijaj / Sulaym / Ibn Abi al-Hadid (Shia); Aus ibn al-Hadathan = counter-testimony.,HAD-FADAK-TESTIMONY,See S-181.
REF-082,2817,3,"০৬  ফাদাক, আর চুপ না থাকার সাহস",PAGE-CHECK,"•  «উম্মে আইমান জান্নাতি» — ইবনে সা'দ, আত-তাবাকাত — PAGE-CHECK।",FOUND — MURSAL (Ibn Sa'd); Bihar 29 VERIFIED; Hakim NOT VERIFIED,"sources/S-181_UMM_AYMAN_FADAK_VERIFICATION.md §2; manuscript-patches/B1_P03_C06_FADAK_S-181_PATCH.md A-2, B; audit BUG-03","Wording «من سره أن يتزوج امرأة من أهل الجنة فليتزوج أم أيمن» exists in Ibn Sa'd, Tabaqat (Sufyan ibn Uqbah; mursal; al-Suyuti mursal, al-Albani da'if). Must be written as «ইবনে সা'দের একটি মুরসাল বর্ণনায়», never as sahih. Shia wording «إن أم أيمن امرأة من أهل الجنة» VERIFIED in Bihar vol. 29 (p.128/176 — pick one edition). Hakim/Mustadrak: no reference found — PRINT BLOCKED for any Hakim attribution.",S181,RESOLVED-S181,Ibn Sa'd (mursal); Bihar 29; Hakim NOT VERIFIED.,HAD-UMM-AYMAN-JANNA,See S-181.
REF-083,2879,3,০৭  আমার যুগের ইমাম কে?,PAGE-CHECK,"•  «যে ইমামকে না চিনে মারা যায়, তার মৃত্যু জাহিলিয়াতের মৃত্যু»: খাতায় সূত্র «সহীহ মুসলিম, খণ্ড ৩, পৃ. ১৪৭৮»। মুসলিমের কিতাবুল ইমারাহ (হাদীস ১৮৫১)-এ শব্দ «مَنْ مَاتَ وَلَيْسَ فِي عُنُقِهِ بَيْعَةٌ مَاتَ مِيتَةً جَاهِلِيَّةً» (গলায় বাইয়াত না থাকা) — PAGE-CHECK। «ইমামকে না চিনে» শব্দে: আল-কাফি, খণ্ড ১, কিতাবুল হুজ্জাহ («مَنْ مَاتَ لَا يَعْرِفُ إِمَامَهُ مَاتَ مِيتَةً جَاهِلِيَّةً») — PAGE-CHECK। দুই উৎসের শব্দ ও নম্বর এক করা হয়নি।",PAGE-CHECK,,,VL,VERIFIED-LIVE,Muslim 1851 (Ibn Umar): «من مات وليس في عنقه بيعة مات ميتة جاهلية» - allegiance wording. Shia «لا يعرف إمامه»: see REF-059.,HAD-IMAM-JAHILIYYA,Keep the two wordings separate (BUG-06).
REF-084,2880,3,০৭  আমার যুগের ইমাম কে?,মেলানো বাকি; বর্ণিত আছে,•  সালমানের প্রশ্ন ও «মুশরিক/জাহিল» ভাগ — বর্ণিত আছে (মূল কিতাব মেলানো বাকি)।,মেলানো বাকি; বর্ণিত আছে,,,UNID,UNIDENTIFIED,"Salman's question, mushrik/jahil division - no source.",,Attribution-only.
REF-085,2988,3,০৯  শাফায়াত কি আমলের বদলি?,PAGE-CHECK,"•  «ফাতিমা জান্নাতি নারীদের সর্দার» (سَيِّدَةُ نِسَاءِ أَهْلِ الْجَنَّةِ) — সহীহ বুখারি, কিতাবুল মানাকিব, হাদীস ৩৬২৪ — PAGE-CHECK। «হাসান ও হুসাইন জান্নাতের যুবকদের সর্দার» — সুনানে তিরমিযি ৩৭৬৮ — PAGE-CHECK।",PAGE-CHECK,,,VL,VERIFIED-LIVE,"Bukhari 3624 (Aisha, Masruq): «سيدة نساء أهل الجنة / نساء المؤمنين» - VL; Tirmidhi 3768 - VL.",HAD-SAYYIDA-NISA; HAD-SHABAB-JANNA,Pick one canonical reference per wording (BUG-05).
REF-086,3494,4,০৫  ইবাদত কীভাবে ভেতরটা বদলায়,PAGE-CHECK,"•  «إن الله فطم ابنتي فاطمة…» — খাতায় কানযুল উম্মাল, খণ্ড ৬, পৃ. ২১৯; খণ্ড/পৃষ্ঠা মেলানো হয়নি — PAGE-CHECK।",PAGE-CHECK,,,EDN,EDITION-NUMBER,"Kanz al-'Ummal «6/219» = Hyderabad edition; al-Risala ed. 12:109 (h. 34227): «إن الله فطم ابنتي فاطمة وولدها ومن أحبهم من النار». Also Tabarani, al-Awsat; Ibn Asakir.",HAD-FATIMA-NAR,Edition lock; normalise with REF-259.
REF-087,3495,4,০৫  ইবাদত কীভাবে ভেতরটা বদলায়,বর্ণিত আছে,•  «অন্তরে সরিষা দানা পরিমাণ অহংকার» — এই শব্দে সূত্র খাতায় নেই — «বর্ণিত আছে»।,বর্ণিত আছে,,,MM,MISMATCH,"Notebook says no source - there is one: Muslim 91 (Ibn Mas'ud): «لا يدخل الجنة من كان في قلبه مثقال حبة من خردل من كبر» (VL); also Abu Dawud 4091, Tirmidhi 1998, Ibn Majah 59/4173.",,Resolvable now.
REF-088,3597,4,০৬  প্রকৃত মুমিনকে চেনা যায় কীভাবে?,PAGE-CHECK,"•  ইমাম জাফর আস-সাদিক (আলাইহিস্ সালাম)-এর «মুমিনের বৈশিষ্ট্য» (দীর্ঘ তালিকা) — আল-কাফি, কিতাবুল ঈমান ওয়াল কুফর (সিফাতুল মুমিন) অধ্যায়ের সাথে মিল; শব্দে মেলানো হয়নি — PAGE-CHECK।",PAGE-CHECK,,,SPC,SHIA-PAGE-CHECK,"al-Kafi 2:226-241 (Kitab al-Iman wal-Kufr, bab al-mu'min wa 'alamatuh wa sifatuh).",,Lock hadith number.
REF-089,3598,4,০৬  প্রকৃত মুমিনকে চেনা যায় কীভাবে?,PAGE-CHECK,"•  ইমাম রেযা (আলাইহিস্ সালাম): «মুমিন হবে না যতক্ষণ না তিন সুন্নাত — রবের, নবীর, ওলীর» — আল-কাফি খণ্ড ২ ও উয়ুন আখবারির রিদা-য় বর্ণিত বলে জানা; পৃষ্ঠা মেলানো হয়নি — PAGE-CHECK।",PAGE-CHECK,,,SPC,SHIA-PAGE-CHECK,al-Kafi 2:241 h. 39 (bab al-mu'min...): «لا يكون المؤمن مؤمنا حتى يكون فيه ثلاث خصال: سنة من ربه وسنة من نبيه وسنة من وليه»; 'Uyun Akhbar al-Rida 1:256; al-Khisal p. 82.,HAD-RIDA-3SUNAN,Same as REF-216/220 - normalise.
REF-090,3599,4,০৬  প্রকৃত মুমিনকে চেনা যায় কীভাবে?,বর্ণিত আছে,"•  «তিনটি গুণ… ঈমান পূর্ণ হবে», «আমানতদার… প্রাচুর্যকে বিপদ», «সবকিছুই তাকে ভয় করে», «ফেরেশতারা মুমিনদের নূর দেখে» — খাতায় সূত্রহীন — «বর্ণিত আছে»।",বর্ণিত আছে,,,UNID,UNIDENTIFIED,Four generic sayings - no source.,,Attribution-only or drop.
REF-091,3600,4,০৬  প্রকৃত মুমিনকে চেনা যায় কীভাবে?,বর্ণিত আছে,•  «আল্লাহ মুমিনকে দুনিয়ার বিপদ থেকে মুক্ত রাখেননি…» — খাতায় সূত্রহীন — «বর্ণিত আছে»।,বর্ণিত আছে,,,UNID,UNIDENTIFIED,«لم يؤمّن الله المؤمن من بلايا الدنيا» type saying - no source.,,Attribution-only.
REF-092,3706,4,০৭  মুত্তাকীর পরিচয়,বর্ণিত আছে,•  ২:৩-এর «অদৃশ্য» = ইমাম মাহদী (আলাইহিস্ সালাম)-এর গায়বত — শিয়া রেওয়ায়েতে বর্ণিত (কামালুদ্দীন ধাঁচের); নির্দিষ্ট খণ্ড-পৃষ্ঠা মেলানো হয়নি — «বর্ণিত আছে»।,বর্ণিত আছে,,,SPC,SHIA-PAGE-CHECK,Kamal al-Din 2:340 (bab 33) - «يؤمنون بالغيب» = the Qa'im.,,Lock page.
REF-093,3707,4,০৭  মুত্তাকীর পরিচয়,PAGE-CHECK,"•  সাফা পাহাড়ের বাণী — খাতায় সনদ: মুহাম্মাদ ইবনে মুসা ইবনুল মুতাওয়াক্কিল ← মুহাম্মাদ ইবনে জাফর আল-হিমইয়ারী ← আহমাদ ইবনে মুহাম্মাদ ইবনে আলী ← হাসান ইবনে মাহবুব ← আলী ইবনে রিয়াব ← আবু উবাইদা আল-হাজ্জা ← ইমাম জাফর আস-সাদিক (আলাইহিস্ সালাম); শায়খ সাদুকের সনদ-ধারা, কিতাবের নাম-পৃষ্ঠা মেলানো হয়নি — PAGE-CHECK।",PAGE-CHECK,,,CAND,CANDIDATE,Sanad chain is al-Saduq's standard chain (Ibn al-Mutawakkil ← al-Himyari ← Ahmad b. Muhammad b. Isa ← Ibn Mahbub ← Ali b. Ri'ab ← Abu Ubayda al-Hadhdha') → al-Khisal or Amali al-Saduq. Locate by the Safa speech text.,,Book identified by chain; page to lock.
REF-094,3828,4,০৮  ইবনে রাজ্জাক কীভাবে বদলে গেলেন,PAGE-CHECK,"•  «নিজের নফসের বিরুদ্ধে জিহাদই সর্বশ্রেষ্ঠ জিহাদ» — খাতায়: আল-বায়হাকী, আল-যুহদ আল-কাবীর, হাদীস ৩৭৩ (জাবির থেকে); মেলানো হয়নি — PAGE-CHECK।",PAGE-CHECK,,,CAND,CANDIDATE,"al-Bayhaqi, al-Zuhd al-Kabir no. 373 (Jabir: «قدمتم خير مقدم من الجهاد الأصغر إلى الجهاد الأكبر») - plausible number; chain weak. Sunni canonical: Tirmidhi 1621 «المجاهد من جاهد نفسه» (VL, sahih).",,Add Tirmidhi 1621 as the sound parallel.
REF-095,3829,4,০৮  ইবনে রাজ্জাক কীভাবে বদলে গেলেন,বর্ণিত আছে,•  «তোমার সবচেয়ে বড় শত্রু… তোমার নফস» — ইমাম আলী (আলাইহিস্ সালাম)-এর নামে প্রচলিত; সূত্র খাতায় নেই — «বর্ণিত আছে»।,বর্ণিত আছে,,,CAND,CANDIDATE,«أعدى عدوك نفسك التي بين جنبيك» - Bayhaqi al-Zuhd 343; al-Daylami; Shia: 'Uddat al-Da'i; Bihar 70:64. Weak.,,Attribution-only correct.
REF-096,4017,5,০২  চাদরের নিচে কারা ছিলেন?,PAGE-CHECK; বর্ণিত আছে,"•  চাদরের হাদীস (হাদীসে কিসা, জাবির ইবনে আব্দুল্লাহ আনসারীর বর্ণনা) — শ্রোতা ০৪ L478; জনির নোটে আহলে সুন্নাহর একাধিক উৎসের তালিকা (সহীহ মুসলিম, তিরমিযি…) — এই দীর্ঘ পাঠের শব্দে মেলানো হয়নি — «বর্ণিত আছে»; সংক্ষিপ্ত চাদর-রেওয়ায়েত সহীহ মুসলিমে (ফাযায়েলুস সাহাবা) — PAGE-CHECK।",PAGE-CHECK; বর্ণিত আছে,,,VL,VERIFIED-LIVE,"Short kisa report: Muslim 2424 (Aisha, «مرط مرحل») - VL. Long Jabir version: Shia compilations (REF-190).",HAD-KISA,Resolvable: Muslim 2424.
REF-097,4018,5,০২  চাদরের নিচে কারা ছিলেন?,বর্ণিত আছে,"•  তাসনিম-সংক্রান্ত হাদীসগুলো (ক্ষুধার্তকে খাওয়ানো, মাদক পরিত্যাগ, «আমি প্রথম ব্যক্তি হব», আবু জাফর ও ইমাম সাদিক (আলাইহিমাস্ সালাম)-এর ব্যাখ্যা) — খাতায় সূত্রহীন — «বর্ণিত আছে»।",বর্ণিত আছে,,,UNID,UNIDENTIFIED,Tasnim-related sayings - no source.,,Attribution-only.
REF-098,4091,5,০৩  ভালোবাসা কি শুধু অনুভূতি?,PAGE-CHECK,"•  «আলে মুহাম্মাদের ভালবাসার ওপর মৃত্যু… শহীদের মৃত্যু» — জনির নোটে তাফসীরে কাশ্শাফ, রুহুল বায়ান, তাফসীরে কাবীর, দুররে মানসূর-এর নাম; খণ্ড-পৃষ্ঠা মেলানো হয়নি — PAGE-CHECK।",PAGE-CHECK,,,CAND,CANDIDATE,"«من مات على حب آل محمد مات شهيدا» - al-Zamakhshari, al-Kashshaf on 42:23 (Egypt ed. 3:467); al-Razi, Mafatih al-Ghayb 27:166; al-Qurtubi 16:22. Not in six books (corpus: none).",,Page lock; tafsir attribution correct.
REF-099,4092,5,০৩  ভালোবাসা কি শুধু অনুভূতি?,PAGE-CHECK,•  ৯৮:৭ ও «খাইরুল বারিয়্যাহ» — জাবির (রা.)-এর বর্ণনা; সুয়ুতির দুররে মানসূর-এ ৯৮:৭-এর অধীনে বর্ণিত বলে প্রচলিত — PAGE-CHECK।,PAGE-CHECK,,,CAND,CANDIDATE,"98:7 «أنت يا علي وشيعتك» - al-Suyuti, al-Durr al-Manthur 6:379 (from Ibn Asakir, Jabir); al-Tabari, Jami' al-Bayan 30:171. NB: Muslim 2369 «يا خير البرية - ذاك إبراهيم» is a different hadith.",,Page lock.
REF-100,4093,5,০৩  ভালোবাসা কি শুধু অনুভূতি?,সূত্র নেই; বর্ণিত আছে,"•  «সর্বপ্রথম জান্নাতে… আশেকরা পশ্চাতে», «আশেকরা একই স্থানে… পানাহার একত্রে» — খাতায় আরবি পাঠ আছে, সূত্র নেই — «বর্ণিত আছে»।",সূত্র নেই; বর্ণিত আছে,,,UNID,UNIDENTIFIED,Arabic texts about 'ashiqun - no source.,,Attribution-only or drop.
REF-101,4178,5,০৪  সূরা কাওসার নতুন করে পড়া,বর্ণিত আছে,"•  বিদ্রূপকারী আমর ইবনুল আস («হে আবুল আবতার»), মসজিদে, হাকাম ইবনুল আসের সাথে — তাফসীরে হুব্বে আলী, সূরা আল-কাউসার, হা. ১০ (ইবনে বাবুওয়াইহ; হুবেআলী.কম হা. ৯৪৯৯) — VERIFIED (স্থানীয় কপি: F:\HZ Fatima Zahra SA Nobuwat & Imamat Bondhon\__REWRITTEN\Tafseer e Hubbe Ali en to Bn\hubbe_ali_ch108_আল-কাউসার_bangla.md ল. ২৪৬–২৪৯); পিতা আস ইবনে ওয়াইল — একই তাফসীর হা. ১১ (আল-ইহতিজাজ)। «পুত্র ইব্রাহিম» প্রসঙ্গ — খাতা; «বর্ণিত আছে»।",বর্ণিত আছে,,,MM,MISMATCH,"Local Windows path used as citation (BUG-07). Replace with: Tafsir Hubb-e Ali, Surat al-Kawthar h. 10-11 (hubbeali.com h. 9499); al-Ihtijaj for h. 11.",,Remove F:\ path from manuscript.
REF-102,4179,5,০৪  সূরা কাওসার নতুন করে পড়া,PAGE-CHECK,"•  তিন ভবিষ্যদ্বাণী ও বংশহীন শত্রু — খাতায়: আলোকিত তাফসীর (An Enlightening Commentary into the Light of the Holy Quran), খণ্ড ২০, সূরা কাওসার — PAGE-CHECK।",PAGE-CHECK,,,HIST,NON-HADITH,"An Enlightening Commentary vol. 20, Surat al-Kawthar.",,Page lock.
REF-103,4180,5,০৪  সূরা কাওসার নতুন করে পড়া,সূত্র নেই; বর্ণিত আছে,•  «আল্লাহ সকল নবির বংশ তাঁদের ঔরসে… আমার বংশ আলীর ঔরসে» — আহলুস সুন্নাহর কিতাবে (তাবারানী ধাঁচের) বর্ণিত বলে খাতায়; নির্দিষ্ট সূত্র নেই — «বর্ণিত আছে»।,সূত্র নেই; বর্ণিত আছে,,,CAND,CANDIDATE,"«إن الله جعل ذرية كل نبي في صلبه وجعل ذريتي في صلب علي» - al-Tabarani, al-Kabir 3:43 (h. 2630); al-Khatib, Tarikh Baghdad 1:316-317; Kanz al-'Ummal 11:600. Not in six books.",,Page lock.
REF-104,4181,5,০৪  সূরা কাওসার নতুন করে পড়া,বর্ণিত আছে,•  আবু আবদুল্লাহ (আলাইহিস্ সালাম): নামাজে কাওসার পাঠের ফজিলত; «আত্মার সন্তান» — খাতায় সূত্রহীন — «বর্ণিত আছে»।,বর্ণিত আছে,,,CAND,CANDIDATE,Virtue of reciting al-Kawthar - Thawab al-A'mal (al-Saduq) p. 126 region.,,Lock.
REF-105,4182,5,০৪  সূরা কাওসার নতুন করে পড়া,বর্ণিত আছে,•  ইবনে আব্বাস: «আল কাওসার কী?» — খাতায় সূত্রহীন — «বর্ণিত আছে»।,বর্ণিত আছে,,,MM,MISMATCH,Notebook says no source - Bukhari 4966 (Ibn Abbas via Sa'id b. Jubayr): «الكوثر الخير الذي أعطاه الله إياه» VL.,,Resolvable now.
REF-106,4271,5,০৫  মুবাহালার দিন রাসূলুল্লাহ ﷺ কাদের ডাকলেন,PAGE-CHECK,"•  মুবাহালার ঘটনা (হুসাইন কোলে, হাসান হাত ধরে, পেছনে ফাতিমা ও আলী (আলাইহিমুস্ সালাম), খ্রিস্টান যাজকের উক্তি, «বানর-শূকর») — জনির নোটে: তাফসিরে জালালাইন ১/৬০, বায়দ্বাভী ১/১১৮, দুররুল মানসুর ২/৩৯ (মিশর মুদ্রণ) — PAGE-CHECK।",PAGE-CHECK,,,CAND,CANDIDATE,"Mubahala narrative: al-Durr al-Manthur 2:38-39 (Egypt ed.) on 3:61; al-Baydawi; al-Jalalayn; al-Zamakhshari, al-Kashshaf 1:368-370 (the «banar/khinzir» warning).",HAD-MUBAHALA,Page lock.
REF-107,4272,5,০৫  মুবাহালার দিন রাসূলুল্লাহ ﷺ কাদের ডাকলেন,PAGE-CHECK,"•  সা’দ ইবনে আবি ওয়াক্কাসের হাদীস (তিন কথা; মুবাহালার আয়াতে আলী, ফাতিমা, হাসান, হুসাইনকে ডাকা — «এরাই আমার পরিবার») — সহীহ মুসলিম, ফাযায়েলুস সাহাবা (আন্তর্জাতিক নম্বর ২৪০৪); জনির নোটে বাংলা সংস্করণ পৃ. ৯১৭, হাদীস ৬০৬২ — PAGE-CHECK।",PAGE-CHECK,,,EDN,EDITION-NUMBER,Muslim 2404 (VL) standard; Bengali ed. «6062 / p. 917» is edition-specific.,HAD-MUBAHALA,Use 2404.
REF-108,4351,5,০৬  নিজে ক্ষুধার্ত থেকেও অন্যকে খাওয়ানো,বর্ণিত আছে,"•  «আমি ইলমের পাল্লা, আলী তার বাটখারা… ফাতেমা দস্তা…» — খাতা ১ ¶4809–4811 (ইবনে আব্বাস থেকে); কিতাবের নাম খাতায় নেই — «বর্ণিত আছে»।",বর্ণিত আছে,,,CAND,CANDIDATE,"«أنا ميزان العلم وعلي كفتاه والحسن والحسين خيوطه وفاطمة علاقته...» - Ibn Shahrashub, al-Manaqib 3:? / Bihar al-Anwar 40:? ; Qunduzi, Yanabi' al-Mawadda. Weak, late.",,Attribution-only.
REF-109,4352,5,০৬  নিজে ক্ষুধার্ত থেকেও অন্যকে খাওয়ানো,বর্ণিত আছে,•  ৭৬:৮–৯-এর নাজিল আহলে বাইতের তিন দিনের রোজা ও দানের প্রসঙ্গে — শিয়া ও সুন্নি তাফসিরে বর্ণিত; এখানে শুধু ইঙ্গিত — «বর্ণিত আছে»।,বর্ণিত আছে,,,CAND,CANDIDATE,"76:8-9 nuzul story - al-Zamakhshari, al-Kashshaf 4:670; al-Tabrisi, Majma' al-Bayan 10:209; Shawahid al-Tanzil 2:393 ff.",,Page lock.
REF-110,4353,5,০৬  নিজে ক্ষুধার্ত থেকেও অন্যকে খাওয়ানো,বর্ণিত আছে,•  «ক্ষুধার্তকে আহার করানো → জান্নাতের ফল» ও «আশেকদের পানাহার একত্রে» — অধ্যায় ২ ও ৩-এর সূত্র দেখো («বর্ণিত আছে»)।,বর্ণিত আছে,,,DUP,DUPLICATE,Cross-reference to REF-097/100.,,No separate action.
REF-111,4620,6,০১  ইতিহাসে আমরা কী খুঁজতে যাচ্ছি?,বর্ণিত আছে,"•  মসজিদে নববীর গা-ঘেঁষা মা সাইয়্যিদা (আলাইহাস্ সালাম)-এর ঘরের দরজা ও বাকির কিনারের ছোট ঘর — বর্ণিত আছে; মানচিত্রটি গল্পের ভেতরে বোঝার জন্য আঁকা, মাপজোখ নয়।",বর্ণিত আছে,,,HIST,NON-HADITH,Topography of Fatima's house; map is illustrative.,,Already labelled.
REF-112,4711,6,০২  যেদিন মদিনা দুই ভাগ হলো,বর্ণিত আছে,"“আমিরুল মুমিনীন (আলাইহিস্ সালাম) প্রথম জনের হাত ধরে দেখালেন, এমন বর্ণিত আছে।” বুরুল্লাহ বোর্ডের দিকে পিঠ দিয়ে দাঁড়াল। “তুই হাফেজ, ফয়সাল। একশো উনসত্তর তো তোর মুখস্থ। আল্লাহর পথে যারা নিহত, তাদের মৃত বলো না, তারা জীবিত। শহীদ জীবিত, আর যিনি সব শহীদের নেতা, তিনি?”",বর্ণিত আছে,,,PROSE,PROSE-LINE,,,Prose; follows REF-115 (UNID).
REF-113,4749,6,০২  যেদিন মদিনা দুই ভাগ হলো,PAGE-CHECK; মেলানো বাকি,•  রাসূলুল্লাহ ﷺ-কে বিষ দেওয়ার রেওয়ায়েত (ইমাম জাফর সাদিক (আলাইহিস্ সালাম) থেকে) — খাতায়: তাফসীরে কুম্মী (সূরা তাহরীম প্রসঙ্গে); বিহারুল আনওয়ার খণ্ড ২২ — PAGE-CHECK (খণ্ড-পৃষ্ঠা ও শব্দ মেলানো বাকি)।,PAGE-CHECK; মেলানো বাকি,,,SPC,SHIA-PAGE-CHECK,Tafsir al-Qummi 2:376 (Surat al-Tahrim); Bihar al-Anwar 22:516-517.,,Lock page/wording.
REF-114,4750,6,০২  যেদিন মদিনা দুই ভাগ হলো,PAGE-CHECK; বর্ণিত আছে,"•  দশজন দশজন করে জানাজার নামাজ, দাফনের স্থান (ইমাম বাকির (আলাইহিস্ সালাম)) — বর্ণিত আছে; আল-কাফি খণ্ড ১ (রাসূলুল্লাহ ﷺ-এর জন্ম-অধ্যায়) — PAGE-CHECK।",PAGE-CHECK; বর্ণিত আছে,,,SPC,SHIA-PAGE-CHECK,"al-Kafi 1:451-452 (bab mawlid al-Nabi, burial ten by ten).",,Lock.
REF-115,4751,6,০২  যেদিন মদিনা দুই ভাগ হলো,PAGE-CHECK; সূত্র নেই; খাতায় সূত্র নেই; বর্ণিত আছে,•  আমিরুল মুমিনীন (আলাইহিস্ সালাম) আবু বকরের হাত ধরে দেখান — বর্ণিত আছে; PAGE-CHECK (খাতায় সূত্র নেই)।,PAGE-CHECK; সূত্র নেই; খাতায় সূত্র নেই; বর্ণিত আছে,,,UNID,UNIDENTIFIED,Ali shows Abu Bakr «by the hand» (Q 3:169) - no source.,,Attribution-only or drop.
REF-116,4900,6,"০৩  দুই খাতা, এক জমি",PAGE-CHECK; বর্ণিত আছে,"•  ফাদাকের খেজুরবাগান মুসা (আলাইহিস্ সালাম)-এর অনুসারীদের রোপণ, মদিনা থেকে «প্রায় ১৫৩ কিলোমিটার», নূহ (আলাইহিস্ সালাম)-এর পুত্র হামের উত্তরাধিকার — বর্ণিত আছে; PAGE-CHECK।",PAGE-CHECK; বর্ণিত আছে,,,HIST,NON-HADITH,"Fadak: Yaqut, Mu'jam al-Buldan 4:238 (entry فدك); distance figure modern.",,Geography; cite Yaqut.
REF-117,5160,6,০৪  পর্দার আড়াল থেকে খুতবা,PAGE-CHECK; মেলানো বাকি,"•  ফাদাকের খুতবা — আল-ইহতিজাজ (তাবারসি), খণ্ড ১, মা সাইয়্যিদা (আলাইহাস্ সালাম)-এর ইহতিজাজ-অধ্যায়; বালাগাতুন নিসা (ইবনে তাইফুর)-তেও আছে — PAGE-CHECK (খণ্ড-পৃষ্ঠা ও বাংলা অনুবাদের উৎস মেলানো বাকি)।",PAGE-CHECK; মেলানো বাকি,,,SPC,SHIA-PAGE-CHECK,al-Ihtijaj (al-Khurasan ed.) 1:131-149 (khutbat Fadak); Balaghat al-Nisa' (Ibn Tayfur) pp. 23-30.,HAD-FADAK-KHUTBA,Lock edition; link S-181 §3-D edition choice.
REF-118,5162,6,০৪  পর্দার আড়াল থেকে খুতবা,PAGE-CHECK,•  আবদুল্লাহ ইবনে হাসান থেকে «পর্দা গ্রহণ করে মসজিদে আসা» — আল-ইহতিজাজ খণ্ড ১ — PAGE-CHECK।,PAGE-CHECK,,,SPC,SHIA-PAGE-CHECK,al-Ihtijaj 1:131 (Abdullah b. al-Hasan: she came veiled).,HAD-FADAK-KHUTBA,Lock.
REF-119,5163,6,০৪  পর্দার আড়াল থেকে খুতবা,PAGE-CHECK,•  ক্রন্দনের ঘর (বাইতুল আহযান) — বিহারুল আনওয়ার খণ্ড ৪৩ (শোক-অধ্যায়) — PAGE-CHECK।,PAGE-CHECK,,,SPC,SHIA-PAGE-CHECK,Bihar al-Anwar 43:177 (Bayt al-Ahzan).,,Lock.
REF-120,5164,6,০৪  পর্দার আড়াল থেকে খুতবা,PAGE-CHECK; বর্ণিত আছে,"•  মুসা (আলাইহিস্ সালাম)-কে «যে জবান কখনো অবাধ্য হয়নি» — বর্ণিত আছে (উদ্দাতুদ দাঈ, ইবনে ফাহদ হিল্লি) — PAGE-CHECK; শেখ আবদুল করিম হামেদ ও তলবে ইলমের স্বপ্ন — বুজুর্গদের মুখে শোনা, বর্ণিত আছে।",PAGE-CHECK; বর্ণিত আছে,,,CAND,CANDIDATE,Musa's tongue that never disobeyed - 'Uddat al-Da'i (Ibn Fahd al-Hilli); other items oral.,,Attribution-only.
REF-121,5290,6,"০৫  উত্তরাধিকার, উপহার, নাকি ব্যবস্থাপনা?",PAGE-CHECK,"•  খাইবারের পরে ফাদাক দান (১৭:২৬ প্রসঙ্গে) — খাতায়: তাবারানী, আল-মু‘জামুল কাবীর; সুয়ূতী, আদ-দুররুল মানসূর — PAGE-CHECK।",PAGE-CHECK,,,CAND,CANDIDATE,"17:26 → Fadak given to Fatima (Abu Sa'id): al-Durr al-Manthur 4:177 (Egypt ed.) from al-Bazzar, Abu Ya'la, Ibn Abi Hatim, Ibn Mardawayh; Tabarani not the primary carrier.",HAD-FADAK-1726,Same chain as REF-137/138 - normalise.
REF-122,5291,6,"০৫  উত্তরাধিকার, উপহার, নাকি ব্যবস্থাপনা?",PAGE-CHECK,"•  আবু বকরের রাষ্ট্রীয় সম্পত্তি ঘোষণা — খাতায়: বালাযুরী, ফুতুহুল বুলদান; তাবারী — PAGE-CHECK। দলিল ছিঁড়ে ফেলা — খাতায়: সুয়ূতী, তারিখুল খুলাফা; ইবনে আবিল হাদীদ, শারহু নাহজিল বালাগা খণ্ড ১৬ — PAGE-CHECK।",PAGE-CHECK,,,S181,RESOLVED-S181,"Baladhuri Futuh; Tabari; Ibn Abi al-Hadid, Sharh 16:213-216 (deed torn). «Suyuti, Tarikh al-Khulafa» for the tearing - not located; drop unless page found.",HAD-FADAK-TESTIMONY,See S-181 §3.
REF-123,5292,6,"০৫  উত্তরাধিকার, উপহার, নাকি ব্যবস্থাপনা?",PAGE-CHECK,"•  «আমরা নবীগণ উত্তরাধিকার রেখে যাই না» — খাতায়: বুখারি (খুমুস/ফারায়িদ), মুসলিম ১৭৫৯ — PAGE-CHECK।",PAGE-CHECK,,,VL,VERIFIED-LIVE,Muslim 1759 (Aisha) VL; Bukhari 3093 (Khumus) and 6726 (Fara'id) VL: «لا نورث ما تركنا صدقة».,HAD-LA-NURITH,Numbers correct.
REF-124,5293,6,"০৫  উত্তরাধিকার, উপহার, নাকি ব্যবস্থাপনা?",PAGE-CHECK,"•  সন্দেহ ও কুফরের হাদীস (মানসুর ইবনে হাযিম; মুহাম্মাদ ইবনে মুসলিম, যুরারা, আবু বাসির) — আল-কাফি খণ্ড ২, বাবুশ শাক্ক — PAGE-CHECK।",PAGE-CHECK,,,SPC,SHIA-PAGE-CHECK,al-Kafi 2:399-400 (bab al-shakk).,,Lock.
REF-125,5294,6,"০৫  উত্তরাধিকার, উপহার, নাকি ব্যবস্থাপনা?",বর্ণিত আছে,•  ফাদাক সাইয়্যেদা খাদিজা (আলাইহাস্ সালাম)-এর মোহরানা — বর্ণিত আছে; সূত্র খোলা।,বর্ণিত আছে,,,UNID,UNIDENTIFIED,Fadak as Khadija's mahr - no classical source known.,,Recommend removal or «কেউ কেউ বলেন».
REF-126,5369,6,০৬  বারবার ফাদাকে ফেরা কেন?,PAGE-CHECK,"•  সহীহ বুখারি ৪২৪০ (কিতাবুল মাগাযি, খায়বার অধ্যায়, আয়িশা থেকে): «فَوَجَدَتْ فَاطِمَةُ عَلَى أَبِي بَكْرٍ فِي ذَلِكَ فَهَجَرَتْهُ فَلَمْ تُكَلِّمْهُ حَتَّى تُوُفِّيَتْ، وَعَاشَتْ بَعْدَ النَّبِيِّ صلى الله عليه وسلم سِتَّةَ أَشْهُرٍ» — CONFIRMED (SECOND_NOTEBOOK/CITATION_RISK #১৩; একবচন «فهجرته»); বাংলা অর্থ এখানে Claude-এর অর্থানুবাদ; বাংলা সংস্করণের নম্বর PAGE-CHECK।",PAGE-CHECK,,,VL,VERIFIED-LIVE,Bukhari 4240 - text VL incl. «فهجرته فلم تكلمه حتى توفيت».,HAD-BUKHARI-4240,Bengali ed. number to map.
REF-127,5447,6,০৭  তাঁর শেষ ইচ্ছা,PAGE-CHECK,"•  কুরআন ৩০:৩৮ — api.alquran.cloud-এ মেলানো, CONFIRMED (খাতায় «وَآتِ»; মুসহাফে ৩০:৩৮ «فَآتِ», ১৭:২৬ «وَآتِ» — দুটোর পার্থক্য PAGE-CHECK)।",PAGE-CHECK,,,Q,QURAN-TEXT,30:38 «فَآتِ ذَا الْقُرْبَى» vs 17:26 «وَآتِ ذَا الْقُرْبَى» - correct distinction.,,Quran text only.
REF-128,5448,6,০৭  তাঁর শেষ ইচ্ছা,PAGE-CHECK,"•  ৩০:৩৮ নাযিলে ফাদাক দান (ইবনে আব্বাস) — হাকিম হাসকানী, শাওয়াহিদুত তানযীল — PAGE-CHECK।",PAGE-CHECK,,,SPC,SHIA-PAGE-CHECK,"al-Hasakani, Shawahid al-Tanzil 1:570-575 (h. 606-611) on 30:38.",,Lock.
REF-129,5449,6,০৭  তাঁর শেষ ইচ্ছা,PAGE-CHECK; বর্ণিত আছে,•  «আমার উপর যে দুর্যোগ নেমে এসেছে…» — মা সাইয়্যিদা (আলাইহাস্ সালাম)-এর শোকগাথা হিসেবে বর্ণিত আছে; PAGE-CHECK।,PAGE-CHECK; বর্ণিত আছে,,,CAND,CANDIDATE,Fatima's elegy «صبت علي مصائب لو أنها...» - Bihar al-Anwar 43:175-176; Manaqib Ibn Shahrashub 3:?,,Attribution-only; lock.
REF-130,5450,6,০৭  তাঁর শেষ ইচ্ছা,PAGE-CHECK,•  ওফাতের পরে সময়কাল ও বয়সে ভিন্ন বর্ণনা (৪০ দিন থেকে ৮ মাস; ১৮ থেকে ২৮) — খাতায়: বিহারুল আনওয়ার খণ্ড ৪৩ — PAGE-CHECK।,PAGE-CHECK,,,SPC,SHIA-PAGE-CHECK,"Bihar al-Anwar 43:6-9 (age), 43:212-215 (duration after the Prophet).",HAD-BIHAR43-AGE,Same as REF-135 - normalise.
REF-131,5451,6,০৭  তাঁর শেষ ইচ্ছা,PAGE-CHECK; বর্ণিত আছে,"•  ফুপুর না-পড়া লাইন — সহীহ বুখারি ৪২৪০-এর পরের অংশ (CITATION_RISK #১৩-এর একই হাদীস), CONFIRMED; রাতে গোসল-কাফন-দাফন ও কবর গোপন রাখার ওসিয়ত — বর্ণিত আছে, PAGE-CHECK (খাতায় বুখারি ৪২৪০ লেখা, কিন্তু সেখানে গোপনের ওসিয়তের শব্দ নেই)।",PAGE-CHECK; বর্ণিত আছে,,,MM,MISMATCH,Audit note over-corrects: Bukhari 4240 DOES contain «فلما توفيت دفنها زوجها علي ليلا ولم يؤذن بها أبا بكر وصلى عليها» (VL 2026-10-03). Only the wasiyya-to-conceal-the-grave wording is absent (Shia: Bihar 43:183 ff).,HAD-BUKHARI-4240,Night burial + not informing Abu Bakr → CONFIRMED from 4240; concealment wasiyya → Shia source.
REF-132,5619,6,০৯  ওলায়াত মানে আমানত,PAGE-CHECK; মেলানো বাকি,"•  গোপন কথা, কান্না ও হাসি (আয়িশা থেকে) — সহীহ বুখারি ৩৬২৩–৩৬২৪, সহীহ মুসলিম ২৪৫০ — PAGE-CHECK (শব্দ মেলানো বাকি)।",PAGE-CHECK; মেলানো বাকি,,,VL,VERIFIED-LIVE,"Bukhari 3623-3624; Muslim 2450 (Aisha, Masruq) - VL.",,Wording check only.
REF-133,5620,6,০৯  ওলায়াত মানে আমানত,PAGE-CHECK; বর্ণিত আছে,•  ইমাম মুসা কাজিম (আলাইহিস্ সালাম) ও হারুনের সামনে ফাদাকের সীমানা — বর্ণিত আছে; PAGE-CHECK।,PAGE-CHECK; বর্ণিত আছে,,,CAND,CANDIDATE,Imam Kazim and Harun on Fadak's borders - Bihar al-Anwar 48:144 (from Manaqib Ibn Shahrashub 4:320).,,Lock.
REF-134,5621,6,০৯  ওলায়াত মানে আমানত,PAGE-CHECK; বর্ণিত আছে,•  কাগজ-কলম ও «কোরআনই আমাদের জন্য যথেষ্ট» (বৃহস্পতিবারের ঘটনা) — সহীহ বুখারি (কিতাবুল ইলম ও মাগাযি) — PAGE-CHECK; «কাবা মানুষের কাছে যায় না» — বর্ণিত আছে।,PAGE-CHECK; বর্ণিত আছে,,,VL,VERIFIED-LIVE,"Pen-and-paper: Bukhari 114, 4431 (VL), also 3053, 4432, 5669, 7366; Muslim 1637 (VL). «Ka'ba does not go to people» - saying, no source.",HAD-QALAM,Resolvable.
REF-135,5622,6,০৯  ওলায়াত মানে আমানত,PAGE-CHECK,•  বয়স ও সময়কালের ভিন্নতা — খাতায়: বিহারুল আনওয়ার খণ্ড ৪৩ — PAGE-CHECK।,PAGE-CHECK,,,DUP,DUPLICATE,Same as REF-130.,HAD-BIHAR43-AGE,Normalise.
REF-136,5755,6,১০  এবার নিজের ঘরে,PAGE-CHECK; বর্ণিত আছে,•  ইমাম সাদিক (আলাইহিস্ সালাম) থেকে ১৭:২৬ ও ফাদাক — বর্ণিত আছে; PAGE-CHECK।,PAGE-CHECK; বর্ণিত আছে,,,SPC,SHIA-PAGE-CHECK,al-Kafi 1:543 h. 5 (bab al-fay' wal-anfal): Imam Sadiq on 17:26 and Fadak.,HAD-FADAK-1726,Lock.
REF-137,5756,6,১০  এবার নিজের ঘরে,PAGE-CHECK,"•  ইমাম যায়নুল আবেদীন (আলাইহিস্ সালাম) ও শামদেশীয় লোক — খাতায়: ইবনে জারীর তাবারী; বাজ্জার, আবু ইয়ালা, ইবনে আবি হাতিম, ইবনে মারদুইয়্যা (আবু সাঈদ খুদরী ও ইবনে আব্বাস); মিরাজুন নাবুয়্যাত — PAGE-CHECK।",PAGE-CHECK,,,CAND,CANDIDATE,"Same Abu Sa'id chain (Bazzar, Abu Ya'la, Ibn Abi Hatim, Ibn Mardawayh) = al-Durr al-Manthur 4:177 on 17:26; Zayn al-Abidin and the Syrian: Tabari? → more likely Majma' al-Bayan 6:634 / Bihar 45:?; Mi'raj al-Nubuwwa is a Persian secondary.",HAD-FADAK-1726,Normalise with REF-121.
REF-138,5757,6,১০  এবার নিজের ঘরে,PAGE-CHECK,•  আতিয়্যা আল-আউফির বর্ণনা ও আবু সাঈদ খুদরী পর্যন্ত সনদ — PAGE-CHECK; তাবারসী (মাজমাউল বায়ান) — PAGE-CHECK।,PAGE-CHECK,,,CAND,CANDIDATE,Atiyya al-Awfi ← Abu Sa'id: same chain; Majma' al-Bayan 6:634.,HAD-FADAK-1726,Normalise.
REF-139,5758,6,১০  এবার নিজের ঘরে,PAGE-CHECK,•  ইমাম রেযা (আলাইহিস্ সালাম)-এর «ইস্তিফা»-র হাদীস — উয়ূনু আখবারির রিদা (রাইয়ান ইবনে সালত থেকে) — PAGE-CHECK।,PAGE-CHECK,,,SPC,SHIA-PAGE-CHECK,'Uyun Akhbar al-Rida 1:228-239 (bab 23; Rayyan b. al-Salt; the «اصطفى» debate with al-Ma'mun).,,Lock.
REF-140,5759,6,১০  এবার নিজের ঘরে,PAGE-CHECK,•  আবান ইবনে তাগলিবের দুটি বর্ণনা — PAGE-CHECK (খাতায় কিতাবের নাম নেই)।,PAGE-CHECK,,,UNID,UNIDENTIFIED,Aban b. Taghlib reports - book not named.,,Needs text.
REF-141,5760,6,১০  এবার নিজের ঘরে,PAGE-CHECK; মেলানো বাকি,"•  উম্মে হানী ও আবু বকরের কথোপকথন — খাতায়: জাওহারী, আস-সাকিফা ওয়া ফাদাক, «খণ্ড ৪, পৃষ্ঠা ৮১» — PAGE-CHECK (এই খণ্ড-নম্বর সম্ভবত শারহু নাহজিল বালাগার; মেলানো বাকি)।",PAGE-CHECK; মেলানো বাকি,,,CAND,CANDIDATE,"Umm Hani / Abu Bakr - the «vol. 4 p. 81» is Sharh Nahj al-Balagha numbering (Ibn Abi al-Hadid quoting al-Jawhari, al-Saqifa wa Fadak); check Sharh 16:214-215 and al-Jawhari (ed. Amini) pp. 103-104.",HAD-FADAK-TESTIMONY,Link S-181.
REF-142,5947,7,"০২  যে লাইনটা পড়ে অস্বস্তি লাগবে, ওটাই তোমার",PAGE-CHECK,"•  «ফাতিমা আমার অংশ; যে তাকে রাগান্বিত করে সে আমাকে রাগান্বিত করে» — সহীহ বুখারি ৩৭১৪ («فمن أغضبها أغضبني») — CONFIRMED (STYLE §৪ ফাঁদ-তালিকা); «যে তাকে খুশি করে…» অংশ — অন্য বর্ণনায়, PAGE-CHECK।",PAGE-CHECK,,,VL,VERIFIED-LIVE,Bukhari 3714 - VL. «ويسرني ما يسرها» family: Muslim 2449 / Bukhari 5230 «يريبني ما أرابها / يؤذيني ما آذاها» (VL).,HAD-BIDAA-MINNI,Normalise.
REF-143,6047,7,০৩  কুরআনই কি যথেষ্ট নয়?,PAGE-CHECK; মেলানো বাকি,"•  বারো খলিফা — সহীহ মুসলিম (কিতাবুল ইমারাহ), বুখারি ৭২২২ — PAGE-CHECK (খাতার শব্দ ও নম্বর মেলানো বাকি)।",PAGE-CHECK; মেলানো বাকি,,,VL,VERIFIED-LIVE,Bukhari 7222 (Jabir b. Samura: «اثنا عشر أميرا ... كلهم من قريش»); Muslim 1821-1822 («اثنا عشر خليفة») - VL.,HAD-12-KHALIFA,Resolvable.
REF-144,6048,7,০৩  কুরআনই কি যথেষ্ট নয়?,PAGE-CHECK,"•  ছয় মাস ফজরে দরজায় ৩৩:৩৩ পাঠ (আনাস) — জামে তিরমিযি — PAGE-CHECK; কুরআন ৩৩:৩৩ — api.alquran.cloud, CONFIRMED।",PAGE-CHECK,,,VL,VERIFIED-LIVE,Tirmidhi 3206 (Anas): «كان يمر بباب فاطمة ستة أشهر ... الصلاة يا أهل البيت» - VL; grade da'if (Albani/Shakir/Zubair).,HAD-BAB-FATIMA-SALAT,Add grade; normalise with REF-187/189/269/274.
REF-145,6117,7,০৪  এক বিয়ের ছয়টি বর্ণনা,PAGE-CHECK,"•  নিচের আরবি পাঠ খাতা থেকে (¶3852–3877; খাতার কয়েকটি মুদ্রণ-ত্রুটি এখানে ঠিক করে লেখা — ছাপার আগে মূল কিতাবে মেলাতে হবে), বইয়ের নাম খাতায় নেই — PAGE-CHECK:",PAGE-CHECK,,,MM,MISMATCH,Audit-note language inside source block (BUG-09).,,Move cleanup note to ledger.
REF-146,6119,7,০৪  এক বিয়ের ছয়টি বর্ণনা,PAGE-CHECK,•  ৬৩ — ইবনে মাসউদ: «إِنَّ اللَّهَ أَمَرَنِي أَنْ أُزَوِّجَ فَاطِمَةَ مِنْ عَلِيٍّ» — PAGE-CHECK।,PAGE-CHECK,,,CAND,CANDIDATE,"Ibn Mas'ud «إن الله أمرني أن أزوج فاطمة من علي» - al-Tabarani, al-Kabir 10:156 (h. 10305); al-Khatib, Tarikh Baghdad 4:195; Kanz 13:?",HAD-TAZWIJ,Page lock; weak chains.
REF-147,6120,7,০৪  এক বিয়ের ছয়টি বর্ণনা,PAGE-CHECK,•  ৬৪ — আনাস: «يَا أَنَسُ! أَتَدْرِي مَا جَاءَنِي بِهِ جِبْرِيلُ مِنْ عِنْدِ صَاحِبِ الْعَرْشِ؟ قَالَ: إِنَّ اللَّهَ أَمَرَنِي أَنْ أُزَوِّجَ فَاطِمَةَ مِنْ عَلِيٍّ» — PAGE-CHECK।,PAGE-CHECK,,,CAND,CANDIDATE,"Anas «أتدري ما جاءني به جبريل» - al-Khwarizmi, al-Manaqib; Ibn Hajar al-Haytami, al-Sawa'iq; Qunduzi, Yanabi' 2:? Late Sunni compilations.",HAD-TAZWIJ,Attribution-only.
REF-148,6121,7,০৪  এক বিয়ের ছয়টি বর্ণনা,PAGE-CHECK,"•  ৬৫ — আনাস: চল্লিশ হাজার ফেরেশতা সাক্ষী, তুবা বৃক্ষ («…وَأَشْهَدُ عَلَى تَزْوِيجِكَ أَرْبَعِينَ أَلْفَ مَلَكٍ…») — PAGE-CHECK।",PAGE-CHECK,,,CAND,CANDIDATE,"40,000 angels / Tuba tree - al-Khwarizmi, al-Manaqib; Yanabi' al-Mawadda; Shia: Bihar 43:103 ff.",HAD-TAZWIJ,Attribution-only.
REF-149,6122,7,০৪  এক বিয়ের ছয়টি বর্ণনা,PAGE-CHECK,•  ৬৬ — আলী (আলাইহিস্ সালাম): «إِنِّي قَدْ زَوَّجْتُ فَاطِمَةَ ابْنَتَكَ مِنْ عَلِيِّ بْنِ أَبِي طَالِبٍ فِي الْمَلَأِ الْأَعْلَى فَزَوِّجْهَا مِنْهُ فِي الْأَرْضِ» — PAGE-CHECK।,PAGE-CHECK,,,CAND,CANDIDATE,«زوجتها من علي في الملأ الأعلى» - Yanabi' al-Mawadda; Bihar 43:?,HAD-TAZWIJ,Attribution-only.
REF-150,6123,7,০৪  এক বিয়ের ছয়টি বর্ণনা,PAGE-CHECK,•  ৬৭ — আনাস: «اللَّهُمَّ إِنِّي أُعِيذُهَا بِكَ وَذُرِّيَّتَهَا مِنَ الشَّيْطَانِ الرَّجِيمِ» — PAGE-CHECK।,PAGE-CHECK,,,CAND,CANDIDATE,«اللهم إني أعيذها بك وذريتها من الشيطان الرجيم» - Abd al-Razzaq / Ibn Sa'd 8:24 (Asma'); Kanz; Bihar 43:?,HAD-TAZWIJ,Lock.
REF-151,6124,7,০৪  এক বিয়ের ছয়টি বর্ণনা,PAGE-CHECK,•  ৬৮ — ইবনে বুরাইদা: «اللَّهُمَّ بَارِكْ فِيهِمَا، وَبَارِكْ عَلَيْهِمَا، وَبَارِكْ لَهُمَا فِي شِبْلِهِمَا» (অন্য বর্ণনায় «فِي نَسْلِهِمَا») — PAGE-CHECK।,PAGE-CHECK,,,CAND,CANDIDATE,"Buraydah «اللهم بارك فيهما وبارك عليهما وبارك لهما في شبليهما» - al-Tabarani, al-Kabir 2:20 (h. 1153); al-Haythami, Majma' al-Zawa'id 9:209.",HAD-TAZWIJ,Lock.
REF-152,6243,7,"০৫  বারোজন কারা, নূরের তাক কে?",PAGE-CHECK,"•  বারো খলিফা — সহীহ মুসলিম (কিতাবুল ইমারাহ), বুখারি ৭২২২ — PAGE-CHECK।",PAGE-CHECK,,,DUP,DUPLICATE,Same as REF-143.,HAD-12-KHALIFA,Normalise.
REF-153,6244,7,"০৫  বারোজন কারা, নূরের তাক কে?",PAGE-CHECK,"•  «ফাতিমা আমার অংশ…» — বুখারি ৩৭১৪ (শুধু «فمن أغضبها أغضبني»), বাকি অংশ — PAGE-CHECK।",PAGE-CHECK,,,DUP,DUPLICATE,Same as REF-072/142.,HAD-BIDAA-MINNI,Normalise.
REF-154,6245,7,"০৫  বারোজন কারা, নূরের তাক কে?",PAGE-CHECK; বর্ণিত আছে,•  «সর্বপ্রথম আল্লাহ নূরকে সৃষ্টি করেছেন… সকল বস্তু আমার নূর থেকে» — বর্ণিত আছে (জাবির থেকে); PAGE-CHECK।,PAGE-CHECK; বর্ণিত আছে,,,CAND,CANDIDATE,"Jabir «أول ما خلق الله نور نبيك» - attributed to Abd al-Razzaq (lost part of the Musannaf); quoted by al-Qastallani, al-Mawahib 1:71 and al-Zurqani; disputed/absent in extant works. Shia: Bihar 15:24, 25:21-22.",HAD-NUR-AWWAL,Attribution-only wording mandatory.
REF-155,6246,7,"০৫  বারোজন কারা, নূরের তাক কে?",PAGE-CHECK; বর্ণিত আছে,•  উম্মে আবিহা — বর্ণিত আছে; PAGE-CHECK।,PAGE-CHECK; বর্ণিত আছে,,,DUP,DUPLICATE,Same as REF-069.,HAD-UMM-ABIHA,Normalise.
REF-156,6392,7,০৬  মসজিদে বুরুল্লাহর আব্বুর সেই সকাল,PAGE-CHECK,"•  «কিতাবুল্লাহ ও সুন্নাতি» — মুয়াত্তা মালিক (বালাগ), হাকিম, মুস্তাদরাক ৩১৮/৩১৯ — PAGE-CHECK (STYLE §৪ ফাঁদ-তালিকা)।",PAGE-CHECK,,,CAND,CANDIDATE,"«كتاب الله وسنتي» - al-Hakim, al-Mustadrak 1:93 (h. 318-319; Ibn Abbas, weak chain); Malik, al-Muwatta' (balaghan) 2:899 (h. 1395 Risala numbering).",HAD-KITAB-SUNNA,Numbers plausible; lock edition (BUG-21).
REF-157,6393,7,০৬  মসজিদে বুরুল্লাহর আব্বুর সেই সকাল,PAGE-CHECK,"•  সাকালাইন («কিতাবুল্লাহ ও আমার ইতরাত, আহলুল বাইত») — মুসলিম ২৪০৮ (যায়েদ ইবনে আরকাম), তিরমিযি ৩৭৮৬ (জাবির), ৩৭৮৮ — CONFIRMED (S-173); আবু সাঈদ ও যায়েদ ইবনে সাবিতের বর্ণনা — PAGE-CHECK।",PAGE-CHECK,,,VL,VERIFIED-LIVE,"Muslim 2408, Tirmidhi 3786, 3788 - all VL. Abu Sa'id and Zayd b. Thabit versions: Ahmad 11104, 21578 (lock).",HAD-THAQALAYN,Normalise.
REF-158,6395,7,০৬  মসজিদে বুরুল্লাহর আব্বুর সেই সকাল,PAGE-CHECK,"•  কাগজ-কলমের ঘটনা — সহীহ বুখারি (কিতাবুল ইলম, মাগাযি, মারাদুন নবী), মুসলিম; মুসনাদে আহমাদ ৩/৩৬৪; বিহারুল আনওয়ার ২২/৪৬৯; শেখ মুফিদ, আল-ইরশাদ — শ্রোতা ০৪-এর তালিকা, PAGE-CHECK।",PAGE-CHECK,,,VL,VERIFIED-LIVE,"Bukhari 114, 4431 VL; Muslim 1637 VL; Ahmad 3/346; Bihar 22:468-469; al-Irshad 1:184.",HAD-QALAM,Normalise with REF-134.
REF-159,6396,7,০৬  মসজিদে বুরুল্লাহর আব্বুর সেই সকাল,PAGE-CHECK; বর্ণিত আছে,"•  হুজরাত ১–১০ ও প্রথম দুই খলিফা — শ্রোতা ০৪ (আব্বুর মুখে), বর্ণিত আছে; PAGE-CHECK।",PAGE-CHECK; বর্ণিত আছে,,,UNID,UNIDENTIFIED,Oral exegesis (father) - not a citation.,,Attribution-only.
REF-160,6495,7,০৭  সূরা ফুরকানের দোয়ায় বংশধর ও ইমাম,PAGE-CHECK; মেলানো বাকি,•  মিসওয়ারের বর্ণনা («ফাতেমা আমার ফলবান বৃক্ষের শাখা…») — PAGE-CHECK (মুস্তাদরাক হাকিম/মুসনাদে আহমাদে মেলানো বাকি)।,PAGE-CHECK; মেলানো বাকি,,,CAND,CANDIDATE,Miswar «فاطمة شجنة مني» - al-Hakim 3:154 (h. 4732 region); Ahmad 18913 (Miswar: «يقبضني ما يقبضها»). Six-book corpus: «شجنة» only in unrelated hadith (Bukhari 5989).,,Hakim number lock (BUG-21).
REF-161,6496,7,০৭  সূরা ফুরকানের দোয়ায় বংশধর ও ইমাম,PAGE-CHECK,•  ইবনে আবী নুজাইহ — কুফার মিম্বরে আলী (আলাইহিস্ সালাম): «আমি অধিক প্রিয় নাকি ফাতেমা?» — PAGE-CHECK।,PAGE-CHECK,,,CAND,CANDIDATE,Abu Hurayra: Ali asked «أيما أحب إليك أنا أو فاطمة» → «فاطمة أحب إلي منك وأنت أعز علي منها» - al-Hakim 3:155 (h. 4735); Tabarani al-Awsat 7675. «Ibn Abi Nujayh» in notebook is probably a garbled rawi name.,HAD-AHABB-FATIMA,Normalise with REF-073.
REF-162,6511,7,০৮  কিতাবের জ্ঞান আছে কার কাছে?,বর্ণিত আছে,"“সা’লাবীর তাফসিরে বর্ণিত আছে, আবদুল্লাহ ইবনে আতা বলেন—আবদুল্লাহ বিন সালাম ঘোষণা দিতেন, ‘যার কাছে কিতাবের পূর্ণ জ্ঞান আছে’—এটি ইমাম আলী (আলাইহিস্ সালাম)। তাই তো তিনি বলতেন, ‘আমার মৃত্যুর পূর্বে যা চাও, জিজ্ঞেস করো।’ তাঁর জ্ঞানের গভীরতা ছিল এক সাগরের মতো, যেখানে প্রতিটি বিন্দুই মহাবিশ্বের একেকটি রহস্য।”",বর্ণিত আছে,,,PROSE,PROSE-LINE,,,Prose; follows REF-163.
REF-163,6581,7,০৮  কিতাবের জ্ঞান আছে কার কাছে?,PAGE-CHECK,"•  সা’লাবীর তাফসির (আল-কাশফ ওয়াল-বায়ান), ১৩:৪৩ — আবদুল্লাহ ইবনে আতার বর্ণনা — PAGE-CHECK।",PAGE-CHECK,,,CAND,CANDIDATE,"al-Tha'labi, al-Kashf wal-Bayan 5:303 on 13:43 (Abdullah b. Ata ← Abdullah b. Salam); Shawahid al-Tanzil 1:400-405.",,Lock.
REF-164,6582,7,০৮  কিতাবের জ্ঞান আছে কার কাছে?,PAGE-CHECK; মেলানো বাকি,"•  «আমি জ্ঞানের শহর, আলী তার দরজা» — PAGE-CHECK (তিরমিযি/হাকিম; নম্বর মেলানো বাকি)।",PAGE-CHECK; মেলানো বাকি,,,CAND,CANDIDATE,"«أنا مدينة العلم وعلي بابها» - al-Hakim 3:126-127 (h. 4637-4639); al-Tabarani, al-Kabir 11:65 (h. 11061); al-Khatib, Tarikh Baghdad 11:48-50. NOT in Tirmidhi; Tirmidhi 3723 is «أنا دار الحكمة وعلي بابها» (VL; da'if). Corpus 2026-10-03: «مدينة العلم» absent from six books.",HAD-MADINAT-ILM,Five rows (164/207/240/245/309) - one register entry.
REF-165,6583,7,০৮  কিতাবের জ্ঞান আছে কার কাছে?,PAGE-CHECK; বর্ণিত আছে,"•  ইবনে আব্বাস ও যাবের — আহলুয যিকর = আহলুল বাইত; ইমাম জাফর সাদিক ও ইমাম রেযা (আলাইহিমাস্ সালাম)-এর বাণী — বর্ণিত আছে, PAGE-CHECK।",PAGE-CHECK; বর্ণিত আছে,,,SPC,SHIA-PAGE-CHECK,Ahl al-dhikr = the Imams: al-Kafi 1:210-212 (bab anna ahl al-dhikr ... hum al-a'imma).,,Lock.
REF-166,6584,7,০৮  কিতাবের জ্ঞান আছে কার কাছে?,PAGE-CHECK,•  এক মহিলার প্রশ্ন ও মুক্তার প্রতিদান — ইমাম হাসান আসকারি (আলাইহিস্ সালাম)-এর তাফসির (বিহারুল আনওয়ার ২-এ উদ্ধৃত) — PAGE-CHECK।,PAGE-CHECK,,,SPC,SHIA-PAGE-CHECK,Tafsir al-Imam al-Askari (attributed) p. 345 region; Bihar al-Anwar 2:3-4.,,Lock; note attribution dispute.
REF-167,6655,7,০৯  “ঈমানেরও কি দাম দিতে হয়?”,বর্ণিত আছে,"হাদিসে বর্ণিত আছে—একজন ব্যক্তি তার মাকে কাঁধে করে কাবার চারপাশে তাওয়াফ করালেন। তিনি ভাবলেন, হয়তো এভাবে তিনি তার মায়ের ঋণ শোধ করতে পারলেন। কিন্তু রাসূলুল্লাহ ﷺ বললেন, “না, এমনকি মায়ের এক মুহূর্তের কষ্টের প্রতিদানও হয়নি।” এটি এক মহাসত্য—সন্তান চাইলেও মায়ের ঋণ পরিশোধ করতে পারবে না।",বর্ণিত আছে,,,PROSE,PROSE-LINE,,HAD-UMM-TAWAF,Prose; follows REF-171.
REF-168,6673,7,০৯  “ঈমানেরও কি দাম দিতে হয়?”,PAGE-CHECK,•  মা সাইয়্যিদার মোহর পৃথিবীর এক-পঞ্চমাংশ; জিবরাঈলের পায়ের আঘাতে পাঁচ নদী — ফিকহুর রেজা (খাতার উল্লেখ) — PAGE-CHECK।,PAGE-CHECK,,,DUP,DUPLICATE,Same as REF-057.,HAD-MAHR-KHUMS,Normalise.
REF-169,6674,7,০৯  “ঈমানেরও কি দাম দিতে হয়?”,PAGE-CHECK; বর্ণিত আছে,"•  «এতিমের এক দিরহাম… আমরাই সেই এতিম» — ইমাম রেজা (আলাইহিস্ সালাম) — বর্ণিত আছে, PAGE-CHECK।",PAGE-CHECK; বর্ণিত আছে,,,SPC,SHIA-PAGE-CHECK,al-Kafi 1:537-538 (bab silat al-imam).,HAD-DIRHAM-YATIM,Same as REF-170.
REF-170,6675,7,০৯  “ঈমানেরও কি দাম দিতে হয়?”,PAGE-CHECK,"•  ৫৭:১১-এর ব্যাখ্যায় ইমাম কাযিম, ইমাম সাদিক (আলাইহিমাস্ সালাম)-এর হাদিস; «এক দিরহাম ওহুদের চেয়ে ভারী» (মায়াহ); «তোমাদের পবিত্র করার জন্য গ্রহণ করি» — আল-কাফি, কিতাবুল হুজ্জা (বাবু সিলাতিল ইমাম) — PAGE-CHECK।",PAGE-CHECK,,,SPC,SHIA-PAGE-CHECK,al-Kafi 1:537-538 (bab silat al-imam) - 57:11 exegesis; «درهم ... أعظم من أحد».,HAD-DIRHAM-YATIM,Lock.
REF-171,6676,7,০৯  “ঈমানেরও কি দাম দিতে হয়?”,PAGE-CHECK; বর্ণিত আছে,"•  মাকে কাঁধে নিয়ে তাওয়াফ — বর্ণিত আছে, PAGE-CHECK।",PAGE-CHECK; বর্ণিত আছে,,,CAND,CANDIDATE,"Mother on shoulders at tawaf «ولا بزفرة واحدة» - Shia: al-Kafi 2:162-163 (bab al-birr bil-walidayn); Sunni: al-Bayhaqi, Shu'ab al-Iman 7:502 (h. 7905 region); al-Bazzar. Not in six books (corpus: none).",HAD-UMM-TAWAF,Lock.
REF-172,6724,7,১০  রোজ নামাজে কেন সরল পথ চাই,বর্ণিত আছে,"বুরুল্লাহ আস্তে যোগ করল, “বর্ণিত আছে, কিয়ামতের দিন রাসূলুল্লাহ ﷺ এবং ইমাম আলী (আলাইহিস্ সালাম) সেই সেতুর উপর থাকবেন এবং কেবল তাঁদের ওয়ালিয়াতের উপর দৃঢ়পদে বহাল থাকা ব্যক্তিদেরই পার হতে দেবেন।",বর্ণিত আছে,,,PROSE,PROSE-LINE,,HAD-SIRAT-ALI,Prose; see REF-173-175.
REF-173,6737,7,১০  রোজ নামাজে কেন সরল পথ চাই,PAGE-CHECK,"•  হাসকানী, শাওয়াহিদুত তানযীল (১:৬) — PAGE-CHECK। সা’লাবী, ইবনে বুরাইদা ও ইবনে আব্বাসের বর্ণনা — PAGE-CHECK।",PAGE-CHECK,,,SPC,SHIA-PAGE-CHECK,Shawahid al-Tanzil 1:66 ff (on 1:6).,HAD-SIRAT-ALI,Lock.
REF-174,6738,7,১০  রোজ নামাজে কেন সরল পথ চাই,PAGE-CHECK,"•  ইমাম বাকির (আ.): «আমরা স্পষ্ট পথ…»; ইমাম সাদিক (আ.): সেতু চুলের চেয়ে সূক্ষ্ম; ইমাম কাযিম (আ.) — ৬৭:২২-এর ব্যাখ্যা — তাফসীরে কুম্মী/আইয়াশী, মাআনিল আখবার (খাতার উল্লেখ) — PAGE-CHECK।",PAGE-CHECK,,,SPC,SHIA-PAGE-CHECK,Ma'ani al-Akhbar (al-Saduq) p. 32-33 (الصراط: two paths; thinner than a hair); Tafsir al-Qummi / al-Ayyashi on 67:22.,HAD-SIRAT-ALI,Lock.
REF-175,6739,7,১০  রোজ নামাজে কেন সরল পথ চাই,PAGE-CHECK; বর্ণিত আছে,"•  «সূর্য, চাঁদ, শুক্রতারা, দুই তারকা» — বর্ণিত আছে, PAGE-CHECK।",PAGE-CHECK; বর্ণিত আছে,,,UNID,UNIDENTIFIED,"«sun, moon, Venus, two stars» - no source.",,Attribution-only.
REF-176,6758,7,১১  আল্লাহর সরল পথ কোনটি?,বর্ণিত আছে,"বুরুল্লাহ বলল, “বর্ণিত আছে, আবু আবদুল্লাহ (আলাইহিস্ সালাম)-কে আয়াতের এই অংশটি, “এবং নিশ্চয়ই এটি আমার সরল পথ, সুতরাং এ পথ অনুসরণ করো, ” সম্পর্কে জিজ্ঞাসা করা হলে, তিনি বললেন: “আল্লাহর কসম, এটি আলী (আলাইহিস্ সালাম)-কে বোঝায়। আল্লাহর কসম, তিনিই সরল পথ এবং মিজান (মানদণ্ড)।”",বর্ণিত আছে,,,PROSE,PROSE-LINE,,HAD-SIRAT-ALI,Prose; follows REF-178.
REF-177,6787,7,১১  আল্লাহর সরল পথ কোনটি?,PAGE-CHECK,"•  কান্দুযী, ইয়ানাবিউল মাওয়াদ্দা (আল-মানাকিব থেকে) — ইমাম বাকির ও ইমাম সাদিক (আলাইহিমাস্ সালাম) — PAGE-CHECK।",PAGE-CHECK,,,CAND,CANDIDATE,Yanabi' al-Mawadda (Qunduzi) quoting al-Manaqib - late Sunni compilation.,HAD-SIRAT-ALI,Lock vol/page.
REF-178,6788,7,১১  আল্লাহর সরল পথ কোনটি?,PAGE-CHECK,"•  আবু আবদুল্লাহ (আ.): «আল্লাহর কসম, তিনিই সরল পথ ও মিজান»; বুরাইদ আল-আজালির সূত্রে আবু জাফর (আ.) — তাফসীরে আইয়াশী — PAGE-CHECK।",PAGE-CHECK,,,SPC,SHIA-PAGE-CHECK,Tafsir al-Ayyashi 1:383-384 on 6:153: «هو والله علي، هو والله الصراط والميزان».,HAD-SIRAT-ALI,Lock.
REF-179,6907,8,০১  প্রত্যেক যুগের পথপ্রদর্শক কে?,PAGE-CHECK,"•  «আমিই সতর্ককারী… হে আলী, তুমিই পথপ্রদর্শক» — ইবনে মারদুইয়া, ইবনে জারীর (তাবারী), আবু নুআইম, ইবনে আসাকির, দাইলামী, ইবনুন নাজ্জার (খাতার উল্লেখ) — PAGE-CHECK।",PAGE-CHECK,,,CAND,CANDIDATE,"«أنا المنذر وعلي الهادي» (13:7) - al-Tabari, Jami' al-Bayan 13:72 (Ibn Abbas); Shawahid al-Tanzil 1:381-395; Ibn Asakir, Tarikh Dimashq 42:359; Ibn Mardawayh.",HAD-ANA-MUNDHIR,Lock.
REF-180,6908,8,০১  প্রত্যেক যুগের পথপ্রদর্শক কে?,PAGE-CHECK,•  ১৩:৭-এর তিন মত (আল্লাহ / প্রত্যেক নবী / আলী) — তাফসীরে তাবারীতে একত্রে — PAGE-CHECK।,PAGE-CHECK,,,CAND,CANDIDATE,Three views on 13:7 - al-Tabari 13:72.,HAD-ANA-MUNDHIR,Lock.
REF-181,6975,8,"০২  সায়েম কাকা জানতে চাইলেন, সত্যবাদী কারা",PAGE-CHECK,"•  আবু বকর হাযরামী শাফেয়ী, রাশফাতুস সাদী — আবুল আলিয়ার বর্ণনা — PAGE-CHECK। মাআনিল আখবার — ইমাম সাদিক (আ.) — PAGE-CHECK।",PAGE-CHECK,,,CAND,CANDIDATE,"Abu Bakr al-Hadrami al-Shafi'i, Rashfat al-Sadi (Abu al-Aliya); Ma'ani al-Akhbar.",,Lock.
REF-182,6976,8,"০২  সায়েম কাকা জানতে চাইলেন, সত্যবাদী কারা",PAGE-CHECK,"•  ইমাম বাকির (আ.): সত্যবাদীরা আলী, ফাতিমা, হাসান, হুসাইন (আলাইহিমুস সালাম) ও তাঁদের বংশধর — PAGE-CHECK।",PAGE-CHECK,,,SPC,SHIA-PAGE-CHECK,al-Kafi 1:208 h. 1-2 (bab anna ahl al-dhikr / «كونوا مع الصادقين»: «إيانا عنى»).,,Lock.
REF-183,6977,8,"০২  সায়েম কাকা জানতে চাইলেন, সত্যবাদী কারা",PAGE-CHECK,"•  «ঈমান হলো লাভের মিথ্যার ওপর ক্ষতির সত্যকে প্রাধান্য দেওয়া» — নাহজুল বালাগা, হিকমত ৪৫৫ (খাতার উল্লেখ; সংস্করণভেদে ৪৫৮) — PAGE-CHECK।",PAGE-CHECK,,,SPC,SHIA-PAGE-CHECK,"Nahj al-Balagha, hikma 458 (Subhi Salih) / 455 other eds.",,Edition lock.
REF-184,6978,8,"০২  সায়েম কাকা জানতে চাইলেন, সত্যবাদী কারা",PAGE-CHECK,•  «লা তানযুরু ইলা কাসরাতি সালাতিহিম… সিদকিল হাদিস ওয়া আদায়িল আমানাহ» — খাতার উল্লেখ: উয়ূনু আখবারির রিদা খ. ২ পৃ. ৫১ হা. ১৯৭; মিশকাতুল আনওয়ার (তাবারসী) খ. ১ পৃ. ১১৬ — PAGE-CHECK।,PAGE-CHECK,,,SPC,SHIA-PAGE-CHECK,'Uyun Akhbar al-Rida 2:51 h. 197; Mishkat al-Anwar 1:116.,,Lock edition.
REF-185,6979,8,"০২  সায়েম কাকা জানতে চাইলেন, সত্যবাদী কারা",PAGE-CHECK,•  ঢাকা আলিয়া মাদ্রাসার প্রথম অধ্যক্ষরা (১৮৫০–১৯২৭) — মাদ্রাসা-ই-আলিয়ার ইতিহাস (ইসলামিক ফাউন্ডেশন) — PAGE-CHECK।,PAGE-CHECK,,,HIST,NON-HADITH,Madrasa-i-Aliya history (Islamic Foundation).,,Page lock.
REF-186,7045,8,"০৩  আহলুল বাইত কারা, রাসূলুল্লাহ ﷺ নিজেই দেখালেন",PAGE-CHECK; মেলানো বাকি,"•  উম্মে সালামার ঘরে চাদর; «তুমি স্বস্থানে, কল্যাণের মধ্যে» — উমর ইবনে আবি সালামার সূত্রে জামে তিরমিযি — PAGE-CHECK (নম্বর মেলানো বাকি)।",PAGE-CHECK; মেলানো বাকি,,,VL,VERIFIED-LIVE,"Umm Salama «أنت على مكانك وأنت على خير» - Tirmidhi 3871 (Umm Salama, sahih) VL; Tirmidhi 3205 & 3787 (Umar b. Abi Salama) VL.",HAD-KISA,Resolvable.
REF-187,7046,8,"০৩  আহলুল বাইত কারা, রাসূলুল্লাহ ﷺ নিজেই দেখালেন",PAGE-CHECK,"•  ইবনে আব্বাস: নয় মাস প্রতি নামাজে আলীর ঘরের দরজায় সালাম — PAGE-CHECK; আনাস, আবু বারযা, আবুল হামরা, আবু সাঈদের অনুরূপ বর্ণনা — PAGE-CHECK।",PAGE-CHECK,,,CAND,CANDIDATE,"Ibn Abbas nine months: Shawahid al-Tanzil 2:11-14; Abu al-Hamra: al-Tabarani, al-Kabir 22:200; Anas: Tirmidhi 3206 (VL, da'if).",HAD-BAB-FATIMA-SALAT,Normalise.
REF-188,7109,8,০৪  মা সাইয়্যিদা ফাতিমাতুয্ যাহরা (আলাইহাস্ সালাম)-এর মুখে চাদরের ঘটনা,PAGE-CHECK,"•  কিসার সংক্ষিপ্ত রূপ (উম্মে সালামা ও আয়িশার সূত্রে) — সহীহ মুসলিম ২৪২৪ — CONFIRMED (SECOND_NOTEBOOK/CITATION_RISK; D-017); তিরমিযি, মুস্তাদরাক, বায়হাকী, দুররে মানসুর, শাওয়াহিদুত তানযীল, মুসনাদে আহমাদ (খাতার তালিকা) — PAGE-CHECK।",PAGE-CHECK,,,VL,VERIFIED-LIVE,Muslim 2424 (Aisha) VL - CONFIRMED stands; others lock.,HAD-KISA,Normalise.
REF-189,7110,8,০৪  মা সাইয়্যিদা ফাতিমাতুয্ যাহরা (আলাইহাস্ সালাম)-এর মুখে চাদরের ঘটনা,PAGE-CHECK,"•  আনাস: ফজরের আগে আলী ও ফাতিমার দরজায় «আস-সালাত, ইয়া আহলাল বাইত» — শাওয়াহিদুত তানযীল — PAGE-CHECK।",PAGE-CHECK,,,CAND,CANDIDATE,Anas at the door - Shawahid al-Tanzil 2:11 ff; Tirmidhi 3206 (VL).,HAD-BAB-FATIMA-SALAT,Normalise.
REF-190,7111,8,০৪  মা সাইয়্যিদা ফাতিমাতুয্ যাহরা (আলাইহাস্ সালাম)-এর মুখে চাদরের ঘটনা,PAGE-CHECK,•  জাবিরের সূত্রে মা সাইয়্যিদার জবানিতে হাদিসে কিসা (দীর্ঘ রূপ) — আওয়ালিমুল উলুম / মাফাতিহুল জিনান-এ সংকলিত — PAGE-CHECK।,PAGE-CHECK,,,SPC,SHIA-PAGE-CHECK,Long Jabir kisa: 'Awalim al-'Ulum 11:930-934; Mafatih al-Jinan.,HAD-KISA,Lock.
REF-191,7112,8,০৪  মা সাইয়্যিদা ফাতিমাতুয্ যাহরা (আলাইহাস্ সালাম)-এর মুখে চাদরের ঘটনা,PAGE-CHECK; বর্ণিত আছে,"•  আবু যারের কাবার দরজায় বাণী: «আমার আহলুল বাইত নূহের কিস্তির মতো» — বর্ণিত আছে, PAGE-CHECK (মুস্তাদরাক হাকিম)।",PAGE-CHECK; বর্ণিত আছে,,,CAND,CANDIDATE,Abu Dharr at the Ka'ba door - al-Hakim 2:343 (h. 3312) & 3:151 (h. 4720); Tabarani.,HAD-SAFINA,Normalise with REF-011/208.
REF-192,7222,8,০৬  “দ্বীনের খুঁটি কয়টা?”,PAGE-CHECK; বর্ণিত আছে,"•  ৯৮:৫-এর ব্যাখ্যায় ইমাম বাকির (আ.): নামাজ = আমিরুল মুমিনীন, দ্বীনুল কাইয়্যিমা = মা সাইয়্যিদা — বর্ণিত আছে, PAGE-CHECK (তাফসীরে কুম্মী/তাবিলুল আয়াত)।",PAGE-CHECK; বর্ণিত আছে,,,SPC,SHIA-PAGE-CHECK,98:5 ta'wil - Ta'wil al-Ayat 2:813; Bihar 24:?,HAD-98-5,Same as REF-270.
REF-193,7348,8,"০৮  কেউ কাছে আসে, কেউ দূরে সরে",PAGE-CHECK; বর্ণিত আছে,"•  আমিরুল মুমিনীন (আ.): «لَا خَیْرَ فِی مَنْ لَا یَتَحَبَّبُ وَ لَا یَتَبَغَّضُ» — বর্ণিত আছে, PAGE-CHECK (গুরারুল হিকাম?)।",PAGE-CHECK; বর্ণিত আছে,,,CAND,CANDIDATE,«لا خير فيمن لا يتحبب ولا يتبغض» - Ghurar al-Hikam / Tuhaf al-'Uqul family.,,Lock.
REF-194,7349,8,"০৮  কেউ কাছে আসে, কেউ দূরে সরে",PAGE-CHECK,"•  «আমি এমন আল্লাহর ইবাদত করি না যাঁকে দেখি না» — নাহজুল বালাগা, খুতবা ১৭৯ (জি'লিব আল-ইয়ামানির প্রশ্ন) — PAGE-CHECK (অধ্যায় ৯-এ বিস্তারিত)।",PAGE-CHECK,,,SPC,SHIA-PAGE-CHECK,Nahj al-Balagha khutba 179 (Dhi'lib al-Yamani).,HAD-NAHJ-179,Same as REF-195.
REF-195,7420,8,"০৯  “আমি কি এমন কারও ইবাদত করব, যাঁকে দেখিনি?”",PAGE-CHECK,"•  «যাঁকে দেখিনি, তাঁর ইবাদত করি না… চোখ নয়, অন্তর ঈমানের বাস্তবতায় তাঁকে দেখে» — নাহজুল বালাগা, খুতবা ১৭৯ (যি’লিব আল-ইয়ামানির প্রশ্ন) — PAGE-CHECK (সংস্করণভেদে নম্বর)।",PAGE-CHECK,,,SPC,SHIA-PAGE-CHECK,Nahj al-Balagha khutba 179 (Subhi Salih).,HAD-NAHJ-179,Edition lock.
REF-196,7421,8,"০৯  “আমি কি এমন কারও ইবাদত করব, যাঁকে দেখিনি?”",PAGE-CHECK; বর্ণিত আছে,"•  «সাত আসমানের আড়ালে লুক্কায়িত» শপথকারীকে তিরস্কার — বর্ণিত আছে, PAGE-CHECK।",PAGE-CHECK; বর্ণিত আছে,,,UNID,UNIDENTIFIED,Rebuke of the «behind seven heavens» oath - no source.,,Attribution-only.
REF-197,7422,8,"০৯  “আমি কি এমন কারও ইবাদত করব, যাঁকে দেখিনি?”",PAGE-CHECK; বর্ণিত আছে,"•  ইহুদি আলেমের প্রশ্ন «আল্লাহ কখন থেকে আছেন?» — বর্ণিত আছে (আল-কাফি, কিতাবুত তাওহিদ?) — PAGE-CHECK।",PAGE-CHECK; বর্ণিত আছে,,,SPC,SHIA-PAGE-CHECK,"al-Kafi 1:89 h. 5 (Kitab al-Tawhid, bab al-kawn wal-makan): the Jewish scholar «متى كان ربنا».",,Lock.
REF-198,7477,8,১০  রাসূলুল্লাহ ﷺ-এর বিছানায় ইমাম আলী (আলাইহিস্ সালাম),PAGE-CHECK,"•  লাইলাতুল মাবিত — ইবনে হিশাম, আস-সিরাতুন নাবাবিয়্যা, ১ম খণ্ড (খাতার উল্লেখ) — PAGE-CHECK।",PAGE-CHECK,,,HIST,NON-HADITH,"Ibn Hisham, al-Sira 1:482-483 (laylat al-mabit).",,Page lock.
REF-199,7478,8,১০  রাসূলুল্লাহ ﷺ-এর বিছানায় ইমাম আলী (আলাইহিস্ সালাম),PAGE-CHECK,"•  কুরাইশদের ভুলের কারণ «একই নূর» — বিহারুল আনওয়ার, ৫ম খণ্ড (খাতার উল্লেখ) — PAGE-CHECK।",PAGE-CHECK,,,UNID,UNIDENTIFIED,«same light» reason - Bihar vol. 5 citation unclear.,,Needs text.
REF-200,7479,8,১০  রাসূলুল্লাহ ﷺ-এর বিছানায় ইমাম আলী (আলাইহিস্ সালাম),PAGE-CHECK; বর্ণিত আছে,"•  ৩:১৯৫ «পুরুষটি তুমি, হে আলী; নারীটি ফাতিমা»; ৩:১৯৮ «হে আলী, তুমিই সেই পুরস্কার» — বর্ণিত আছে, PAGE-CHECK।",PAGE-CHECK; বর্ণিত আছে,,,CAND,CANDIDATE,3:195 «الذكر علي والأنثى فاطمة» - Shia tafsir (Bihar 36:?; Manaqib Ibn Shahrashub).,,Attribution-only.
REF-201,7522,8,১১  স্বপ্নে রাসূলুল্লাহ ﷺ-কে দেখলে কী হয়?,PAGE-CHECK; মেলানো বাকি; বর্ণিত আছে,"•  «যে স্বপ্নে আমাকে দেখল, সে সত্যিই আমাকে দেখল» — বর্ণিত আছে, PAGE-CHECK (বুখারি/মুসলিম; নম্বর মেলানো বাকি)।",PAGE-CHECK; মেলানো বাকি; বর্ণিত আছে,,,VL,VERIFIED-LIVE,"«من رآني في المنام فقد رآني» - Bukhari 110, 6993 VL; Muslim 2266 VL; Abu Dawud 5023 VL.",HAD-RUYA,Resolvable; normalise with REF-013.
REF-202,7523,8,১১  স্বপ্নে রাসূলুল্লাহ ﷺ-কে দেখলে কী হয়?,PAGE-CHECK,"•  আবদুল্লাহ ইবনে উবাইকে জামা দান ও জানাজা — সহীহ বুখারি, কিতাবুল জানাইয (খাতার উল্লেখ ১৩৫০) — PAGE-CHECK; «এক হাজার খাযরাজি» — PAGE-CHECK।",PAGE-CHECK,,,VL,VERIFIED-LIVE,"Bukhari 1350 (Jabir: Abdullah b. Ubayy, shirt) VL; «1000 Khazraji» - no source.",,Number correct.
REF-203,7524,8,১১  স্বপ্নে রাসূলুল্লাহ ﷺ-কে দেখলে কী হয়?,PAGE-CHECK,"•  রাসূলুল্লাহ ﷺ-কে হত্যার জন্য গোত্রগুলোর একত্র হওয়া — ইবনে হিশাম, আস-সিরাতুন নাবাবিয়্যা (খাতার উল্লেখ) — PAGE-CHECK।",PAGE-CHECK,,,HIST,NON-HADITH,"Ibn Hisham, al-Sira 1:480 ff.",,Page lock.
REF-204,7581,8,১২  আল্লাহ কি দেখতে মানুষের মতো?,PAGE-CHECK,"•  ইউনুস ইবনে যিবইয়ানের রেওয়ায়েত (আল্লাহর ‘চেহারা’ ও ‘হাত’; বারো ইমাম; «প্রতিটি সময়ের জন্য একটি হাদিস») — শাইখ সাদুক, কামালুদ্দীন ওয়া তামামুন নি'মা; খাযযায কুম্মী, কিফায়াতুল আসার (খাতার উল্লেখ) — PAGE-CHECK (নকশার নির্দেশ: যাচাই)।",PAGE-CHECK,,,SPC,SHIA-PAGE-CHECK,Kamal al-Din (Yunus b. Zibyan); Kifayat al-Athar (al-Khazzaz) - lock pages; chain weak.,,Lock; flag chain.
REF-205,7687,9,০১  হেদায়াত দেখতে কেমন?,বর্ণিত আছে,"“বর্ণিত আছে, আল্লাহ বলেছেন— আমাকে ভালোবাসো, তার আগে আমার রাসূলকে ভালোবাসো, আর রাসূলকে ভালোবাসো, তার আগে আমার ওলিকে ভালোবাসো।”",বর্ণিত আছে,,,PROSE,PROSE-LINE,,,Prose; follows REF-209 (UNID).
REF-206,7731,9,০১  হেদায়াত দেখতে কেমন?,PAGE-CHECK,"•  সাকালাইনের হাদীস: «কিতাবুল্লাহ ও আহলুল বাইত» সহীহ মুসলিম ২৪০৮ (শব্দ «أهل بيتي»; CONFIRMED, সংস্করণ-পাঠ); «যদি আঁকড়ে ধরো, কখনো বিভ্রান্ত হবে না» অংশটি জামে তিরমিযি ৩৭৮৬ («كتاب الله وعترتي أهل بيتي», হাসান গরিব; CONFIRMED, সংস্করণ-পাঠ; মান নিয়ে মতভেদ আছে)। খাতার «তিরমিযি ৩৭৮৮» PAGE-CHECK।",PAGE-CHECK,,,VL,VERIFIED-LIVE,Muslim 2408; Tirmidhi 3786; Tirmidhi 3788 VL (Albani sahih; Zubair da'if).,HAD-THAQALAYN,3788 PAGE-CHECK → VERIFIED.
REF-207,7732,9,০১  হেদায়াত দেখতে কেমন?,PAGE-CHECK; বর্ণিত আছে,"•  «আমি জ্ঞানের শহর, আলী তার দরজা» — বর্ণিত আছে; PAGE-CHECK (কিতাব-খণ্ড-পৃষ্ঠা লাগবে)।",PAGE-CHECK; বর্ণিত আছে,,,DUP,DUPLICATE,See REF-164.,HAD-MADINAT-ILM,Normalise.
REF-208,7733,9,০১  হেদায়াত দেখতে কেমন?,PAGE-CHECK; বর্ণিত আছে,"•  কিশতীর হাদীস («যে চড়বে, সে নাজাত পাবে») — বর্ণিত আছে; PAGE-CHECK।",PAGE-CHECK; বর্ণিত আছে,,,DUP,DUPLICATE,See REF-011/191.,HAD-SAFINA,Normalise.
REF-209,7735,9,০১  হেদায়াত দেখতে কেমন?,PAGE-CHECK; বর্ণিত আছে,"•  «আমাকে ভালোবাসো, তার আগে আমার রাসূলকে… ওলিকে» — বর্ণিত আছে; উৎস পাওয়া যায়নি, PAGE-CHECK।",PAGE-CHECK; বর্ণিত আছে,,,UNID,UNIDENTIFIED,«أحبوني ... أحبوا وليي» - not located.,,Attribution-only or drop.
REF-210,7736,9,০১  হেদায়াত দেখতে কেমন?,PAGE-CHECK,•  কুরআন ৪২:২৩ (REV1-এ যোগ) — PAGE-CHECK: api.alquran.cloud-এ বাংলা পাঠ মেলাতে হবে।,PAGE-CHECK,,,Q,QURAN-TEXT,42:23 Bengali rendering check.,,Quran text.
REF-211,7789,9,০২  চোখের সামনের জিনিসও আমরা দেখি না কেন?,বর্ণিত আছে,"বুরুল্লাহ সোজা হয়ে বসল। হাত বাড়িয়ে আমার খাতাটা নিল; এই আয়াতের নিচে আমি একটি বর্ণনা টুকে রেখেছিলাম, সে জানত। মোবাইলের আলো পাতায় ফেলে পড়ল, “এই আয়াতের তাফসিরে ইমাম সাদিক (আলাইহিস্ সালাম) বলেছেন বলে বর্ণিত আছে— যেহেতু উল্লেখিত ‘গভীর অন্ধকার’ বলতে প্রথমজনকে এবং তার সঙ্গীদেরকে বোঝানো হয়েছে, ‘যাকে আচ্ছন্ন করে রেখেছে ঢেউয়ের উপরে ঢেউ’ বলতে তৃতীয়জনকে— ‘তার উপরে মেঘ, একের পর এক অন্ধকারের স্তর’ বলতে মোয়াবিয়াকে (আল্লাহর লানত তার উপর) এবং বনী উমাইয়াদের ফিতনাকে বোঝানো হয়েছে। ফিতনার অন্ধকার থেকে বিশ্বাসী ব্যক্তি যখন তার হাত বাড়িয়ে দেয়, তখন সে তা একেবারেই দেখতে পায় না।",বর্ণিত আছে,,,PROSE,PROSE-LINE,,,Prose; follows REF-212.
REF-212,7877,9,০২  চোখের সামনের জিনিসও আমরা দেখি না কেন?,PAGE-CHECK; বর্ণিত আছে,"•  ২৪:৪০-এর তাফসিরে ইমাম জাফর আস-সাদিক (আলাইহিস্ সালাম)-এর ব্যাখ্যা — বর্ণিত আছে; PAGE-CHECK (তাফসিরে কুম্মি বলে অনুমান, খোলা হয়নি)।",PAGE-CHECK; বর্ণিত আছে,,,SPC,SHIA-PAGE-CHECK,Tafsir al-Qummi 2:106-107 on 24:40 («الظلمات الأول وصاحبه ... سحاب معاوية وفتن بني أمية»).,,Lock.
REF-213,7878,9,০২  চোখের সামনের জিনিসও আমরা দেখি না কেন?,PAGE-CHECK,"•  «ফিতনা শুরু হয় খেয়াল-খুশির অনুসরণ ও নতুন বিধান উদ্ভাবনে… মিশ্রিত সত্য-মিথ্যায় শয়তান বেঁধে ফেলে» — আমিরুল মুমিনিন (আলাইহিস্ সালাম)-এর বাণী, নাহজুল বালাগা খুতবা ৫০-এর ভাব; PAGE-CHECK।",PAGE-CHECK,,,SPC,SHIA-PAGE-CHECK,Nahj al-Balagha khutba 50.,,Edition lock.
REF-214,7879,9,০২  চোখের সামনের জিনিসও আমরা দেখি না কেন?,PAGE-CHECK,"•  নাহরাওয়ানের পর «আমি ফিতনার চোখ অন্ধ করেছি… আহলুল বাইতের দিকে তাকিয়ে থাকো… তাদের আগে এগিয়ো না» — নাহজুল বালাগা খুতবা ৯৩-এর অংশবিশেষের ভাব; খাতার বর্ণনা নাটকীয় পুনর্কথন, PAGE-CHECK (খুতবা নম্বর সংস্করণভেদে ভিন্ন)।",PAGE-CHECK,,,SPC,SHIA-PAGE-CHECK,Nahj al-Balagha khutba 93 («فقأت عين الفتنة»).,,Edition lock.
REF-215,7917,9,০৩  জন্মদিনের কেক কি বিদআত?,বর্ণিত আছে,"“বর্ণিত আছে, একবার অতীতের যুগে এক ব্যক্তি হালাল উপায়ে দুনিয়া অর্জনের চেষ্টা করল, কিন্তু তাতে সফল হতে পারল না। সে হারাম উপায়েও চেষ্টা করল, কিন্তু তাতেও সফল হলো না।",বর্ণিত আছে,,,UNID,UNIDENTIFIED,Story of halal/haram seeker - no source.,,Attribution-only.
REF-216,7936,9,০৩  জন্মদিনের কেক কি বিদআত?,বর্ণিত আছে,"“বর্ণিত আছে, ইমাম আল-রেযা (আলাইহিস্ সালাম)-এর সেবা করতেন এমন একজন বর্ণনা করেছেন, ইমাম বলেছেন— ‘একজন মুমিন কখনোই পরিপূর্ণ মুমিন হতে পারে না, যতক্ষণ না তার মধ্যে তিনটি গুণাবলি থাকে— তার প্রতিপালকের (আল্লাহ) একটি সুন্নাহ, তার নবীর একটি সুন্নাহ, তার ইমামের (আলাইহিস্ সালাম) একটি সুন্নাহ।’”",বর্ণিত আছে,,,PROSE,PROSE-LINE,,HAD-RIDA-3SUNAN,Prose; follows REF-089/220.
REF-217,8008,9,০৩  জন্মদিনের কেক কি বিদআত?,PAGE-CHECK,"•  «প্রত্যেক বিদআত পথভ্রষ্টতা, প্রত্যেক পথভ্রষ্টতা আগুনে» — আল-কাফি, খণ্ড ১, কিতাবু ফাদলিল ইলম, বাব: বিদআত, নিজস্ব মত ও কিয়াস, হাদীস ৮; «আল্লাহ বিদআতির তওবা গ্রহণে অস্বীকার করেন» — একই বাব, হাদীস ৪; «বিদআতকারীকে সম্মান দেখানো ইসলাম ধ্বংসের চেষ্টা» — একই বাব, হাদীস ৩; «প্রতিটি বিদআতের সামনে আমার আহলুল বাইত থেকে একজন অভিভাবক» — একই বাব, হাদীস ৫। আগের পাসে মেলানো (BOOK_1_The_Door/PART_09 লগ B3); পৃষ্ঠা-নম্বর PAGE-CHECK।",PAGE-CHECK,,,SPC,SHIA-PAGE-CHECK,"al-Kafi 1:54-58 (bab al-bida' wal-ra'y wal-maqayis): h. 3, 4, 5, 8 as listed.",HAD-BIDAA-KAFI,Lock page.
REF-218,8009,9,০৩  জন্মদিনের কেক কি বিদআত?,PAGE-CHECK; বর্ণিত আছে,•  «বান্দার কাফের হওয়ার ন্যূনতম কারণ» — বর্ণিত আছে; PAGE-CHECK (আল-কাফি খণ্ড ২-এ খুঁজতে হবে)।,PAGE-CHECK; বর্ণিত আছে,,,SPC,SHIA-PAGE-CHECK,al-Kafi 2:415-416 (bab al-kufr) «أدنى ما يخرج به الرجل من الإيمان...».,,Lock.
REF-219,8010,9,০৩  জন্মদিনের কেক কি বিদআত?,PAGE-CHECK; বর্ণিত আছে,"•  শিকল-পরা লোকের ঘটনা — বর্ণিত আছে; আল-কাফিতে পাওয়া যায়নি (লগ B3), উৎস PAGE-CHECK।",PAGE-CHECK; বর্ণিত আছে,,,UNID,UNIDENTIFIED,Man in chains story - not in al-Kafi (log B3).,,Attribution-only.
REF-220,8011,9,০৩  জন্মদিনের কেক কি বিদআত?,PAGE-CHECK; বর্ণিত আছে,•  ইমাম আল-রেযা (আলাইহিস্ সালাম)-এর «তিন সুন্নাহ» — বর্ণিত আছে; PAGE-CHECK।,PAGE-CHECK; বর্ণিত আছে,,,DUP,DUPLICATE,See REF-089.,HAD-RIDA-3SUNAN,Normalise.
REF-221,8012,9,০৩  জন্মদিনের কেক কি বিদআত?,PAGE-CHECK; বর্ণিত আছে,•  «মুহাম্মাদের হালাল কিয়ামত পর্যন্ত হালাল…» — বর্ণিত আছে; PAGE-CHECK।,PAGE-CHECK; বর্ণিত আছে,,,SPC,SHIA-PAGE-CHECK,al-Kafi 1:58 h. 19: «حلال محمد حلال أبدا إلى يوم القيامة وحرامه حرام أبدا».,,Lock.
REF-222,8050,9,"০৪  যা বলি, তা কি নিজে করি?",বর্ণিত আছে,"ইবনু আব্বাস হতে বর্ণিত আছে, রাসূলুল্লাহ ﷺ বলেন: নিশ্চিতভাবে যা তোমাদের জানা আছে তা ব্যতীত আমার নিকট হতে হাদীস বর্ণনা করা থেকে তোমরা নিবৃত্ত থাকবে। কারণ যে ব্যক্তি ইচ্ছাকৃতভাবে আমার প্রতি মিথ্যা আরোপ করে সে যেন জাহান্নামকে নিজের আবাস বানিয়ে নিল। আর যে ব্যক্তি নিজের খেয়াল মর্জিমত কুরআন প্রসঙ্গে কথা বলে সেও যেন জাহান্নামকে নিজের গৃহ বানিয়ে নিল।",বর্ণিত আছে,,,PROSE,PROSE-LINE,,,Prose; follows REF-223.
REF-223,8109,9,"০৪  যা বলি, তা কি নিজে করি?",PAGE-CHECK,"•  ইবনে আব্বাসের হাদীস («যা জানা আছে তা ছাড়া হাদীস বর্ণনা থেকে বিরত থাকো… খেয়াল মর্জিমত কুরআন প্রসঙ্গে কথা বলে») — জামে তিরমিযি, তাফসির অধ্যায় (২৯৫০/২৯৫১, সংস্করণভেদে); PAGE-CHECK।",PAGE-CHECK,,,VL,VERIFIED-LIVE,Tirmidhi 2951 (Ibn Abbas): «اتقوا الحديث عني إلا ما علمتم ... ومن قال في القرآن برأيه» VL; grade da'if (Albani).,,Add grade.
REF-224,8110,9,"০৪  যা বলি, তা কি নিজে করি?",PAGE-CHECK; বর্ণিত আছে,"•  «যে ব্যক্তি সঠিক ইলম ব্যতীত কুরআন প্রসঙ্গে কোন কথা বলে…» (REV1-এ ফেরানো, ¶12200) — বর্ণিত আছে; PAGE-CHECK (তিরমিযি তাফসির অধ্যায় হতে পারে)।",PAGE-CHECK; বর্ণিত আছে,,,DUP,DUPLICATE,Same hadith as REF-223 (Tirmidhi 2951).,,Normalise.
REF-225,8111,9,"০৪  যা বলি, তা কি নিজে করি?",PAGE-CHECK,•  যুনদুবের হাদীস («মনগড়া ব্যাখ্যা সঠিক হলেও ভুল») — সুনান আবু দাউদ ৩৬৫২ (খাতামতো) ও তিরমিযি; PAGE-CHECK।,PAGE-CHECK,,,VL,VERIFIED-LIVE,Abu Dawud 3652 (Jundub) VL - da'if; Tirmidhi 2952 VL - da'if.,,Add grades.
REF-226,8112,9,"০৪  যা বলি, তা কি নিজে করি?",PAGE-CHECK,"•  «আল্লাহর কাছে সবচেয়ে ঘৃণিত… জ্ঞানের নামে মূর্খতা বিক্রি করে» — আমিরুল মুমিনিন (আলাইহিস্ সালাম)-এর বাণী, নাহজুল বালাগা খুতবা ১৭-এর ভাব; আল-কাফি খণ্ড ১, বাব: বিদআত…, হাদীস ৬ (আগের পাসের যাচাই, PART_09 লগ B5); PAGE-CHECK।",PAGE-CHECK,,,SPC,SHIA-PAGE-CHECK,al-Kafi 1:54 h. 6 = Nahj khutba 17 («رجلان ... أبغض الخلائق»).,HAD-BIDAA-KAFI,Lock.
REF-227,8206,9,০৫  এক গ্রামের দুই আলেম,PAGE-CHECK,•  ৫:১৫-এর «আলো» = আলী (আলাইহিস্ সালাম)-এর ওসিয়ত — তাফসীর নূরুস সাকালাইন (খাতামতো); «আলো ও সরল পথ দুটোই আলী» — তাফসির আল-আয়্যাশী (খাতামতো); দুটোই PAGE-CHECK।,PAGE-CHECK,,,SPC,SHIA-PAGE-CHECK,Nur al-Thaqalayn 1:607 (5:15); Tafsir al-Ayyashi 1:323.,,Lock.
REF-228,8207,9,০৫  এক গ্রামের দুই আলেম,PAGE-CHECK; বর্ণিত আছে,"•  «রাসূলুল্লাহ ﷺ জাবিরকে বলেছিলেন… জ্ঞান-দ্বার» (REV1-এ ফেরানো, ¶12313–12315) — বর্ণিত আছে; PAGE-CHECK।",PAGE-CHECK; বর্ণিত আছে,,,UNID,UNIDENTIFIED,Prophet to Jabir «باب العلم» - not located.,,Attribution-only.
REF-229,8208,9,০৫  এক গ্রামের দুই আলেম,PAGE-CHECK; বর্ণিত আছে,"•  «তুমি স্পষ্ট পথ, সরল পথ, মুমিনদের ইয়াকুব» — বর্ণিত আছে; PAGE-CHECK।",PAGE-CHECK; বর্ণিত আছে,,,CAND,CANDIDATE,«أنت الطريق الواضح والصراط المستقيم ويعسوب المؤمنين» - Amali al-Tusi / Bihar al-Anwar 38:?,,Lock.
REF-230,8209,9,০৫  এক গ্রামের দুই আলেম,PAGE-CHECK; বর্ণিত আছে,"•  «আমরাই আল্লাহর সরল পথ, আমরাই তাঁর রহমত» (ইমাম আল-বাকির (আলাইহিস্ সালাম)) — বর্ণিত আছে; PAGE-CHECK।",PAGE-CHECK; বর্ণিত আছে,,,CAND,CANDIDATE,«نحن الصراط» - Ma'ani al-Akhbar p. 35; Bihar 24:11.,HAD-SIRAT-ALI,Lock.
REF-231,8210,9,০৫  এক গ্রামের দুই আলেম,PAGE-CHECK,"•  «আল্লাহর কাছে সবচেয়ে ঘৃণিত দুই মানুষ» — আল-কাফি খণ্ড ১, বাব: বিদআত…, হাদীস ৬ = নাহজুল বালাগা খুতবা ১৭ (আগের পাসের যাচাই, PART_09 লগ B5); PAGE-CHECK।",PAGE-CHECK,,,DUP,DUPLICATE,Same as REF-226.,HAD-BIDAA-KAFI,Normalise.
REF-232,8211,9,০৫  এক গ্রামের দুই আলেম,PAGE-CHECK,•  ইমাম হুসাইন (আলাইহিস্ সালাম)-এর «সৎকাজের আদেশ দিতে বের হয়েছি» — মুহাম্মাদ ইবনুল হানাফিয়্যাকে লেখা অসিয়তের অংশ বলে প্রসিদ্ধ; PAGE-CHECK।,PAGE-CHECK,,,CAND,CANDIDATE,"Imam Husayn's wasiyya to Muhammad b. al-Hanafiyya («إنما خرجت لطلب الإصلاح...») - Bihar al-Anwar 44:329-330; al-Khwarizmi, Maqtal 1:188.",,Lock.
REF-233,8262,9,০৬  কুরআনে খলিফা কাকে বলা হয়েছে?,বর্ণিত আছে,"“আর তুমি গাদিরের কথা তো শুনেছ।” চাচা ডান হাতের তর্জনী বাঁ হাতের কড়ে আঙুলে রাখলেন। “যার মাওলা আমি, আলী তার মাওলা। রাসূলুল্লাহ ﷺ বিদায় হজ থেকে ফেরার পথে, রোদের মধ্যে থেমে, আলী (আলাইহিস্ সালাম)-এর হাত তুলে এই কথা বলেছিলেন। বর্ণিত আছে, এরপর সাহাবিরা ইমাম আলী (আলাইহিস্ সালাম)-কে অভিনন্দন জানিয়েছিলেন— অভিনন্দন হোক হে আবু তালিবের পুত্র! তুমি আমার এবং প্রতিটি মুমিন নরনারীর মাওলা হয়ে গেছো।”",বর্ণিত আছে,,,PROSE,PROSE-LINE,,HAD-MAWLA,Prose; follows REF-237.
REF-234,8268,9,০৬  কুরআনে খলিফা কাকে বলা হয়েছে?,বর্ণিত আছে,"“একটা কথা আছে,” চাচা বললেন, স্লেটের দিকে পিঠ রেখে। “বর্ণিত আছে, কেউ কেউ বলত, যে আমাকে চতুর্থ খলিফা স্বীকার করবে না, তার ওপর আল্লাহর লানত। মানুষ ভাবে, চতুর্থ মানে কারও পরে তিন জন শাসক। কিন্তু…”",বর্ণিত আছে,,,PROSE,PROSE-LINE,,,Prose; follows REF-239 (UNID).
REF-235,8348,9,০৬  কুরআনে খলিফা কাকে বলা হয়েছে?,PAGE-CHECK; বর্ণিত আছে,•  ৩২:২৪ মা সাইয়্যিদা (আলাইহাস্ সালাম)-এর সন্তানদের সম্পর্কে (ইমাম আল-বাকির (আলাইহিস্ সালাম)) — বর্ণিত আছে; PAGE-CHECK।,PAGE-CHECK; বর্ণিত আছে,,,SPC,SHIA-PAGE-CHECK,32:24 on Fatima's descendants - Tafsir al-Qummi 2:170; Bihar 24:?,,Lock.
REF-236,8349,9,০৬  কুরআনে খলিফা কাকে বলা হয়েছে?,PAGE-CHECK,"•  মানযিলাতের হাদীস («হারুন মূসার কাছে যে মর্যাদায়…») — সহীহ বুখারি ৩৭০৬, সহীহ মুসলিম ২৪০৪ (খাতামতো); PAGE-CHECK।",PAGE-CHECK,,,VL,VERIFIED-LIVE,Bukhari 3706 (Sa'd): «أما ترضى أن تكون مني بمنزلة هارون من موسى» VL; Muslim 2404 VL.,HAD-MANZILA,Numbers correct.
REF-237,8350,9,০৬  কুরআনে খলিফা কাকে বলা হয়েছে?,PAGE-CHECK,"•  «যার মাওলা আমি, আলী তার মাওলা» — জামে তিরমিযি ৩৭১৩ (CONFIRMED, সংস্করণ-পাঠ; SOURCE_REGISTER CL-HAD-003); গাদিরের অভিনন্দন-বাক্য — মুসনাদে আহমাদ (খাতামতো), PAGE-CHECK।",PAGE-CHECK,,,VL,VERIFIED-LIVE,Tirmidhi 3713 VL. Congratulation «بخ بخ لك يا ابن أبي طالب»: Ahmad 18479/18502 (al-Bara'); Ibn Majah 116 lacks it. Six-book corpus: not found.,HAD-MAWLA,Lock Ahmad number.
REF-238,8351,9,০৬  কুরআনে খলিফা কাকে বলা হয়েছে?,PAGE-CHECK,"•  আদম (আলাইহিস্ সালাম)-এর খিলাফত = ইলম ও হেদায়াতের প্রতিনিধিত্ব — তাফসিরে কুম্মি ও নূরুস সাকালাইন (খাতামতো); হারুনের স্থলাভিষিক্তি আধ্যাত্মিক — আল-কাফি খণ্ড ১, কিতাবুল হুজ্জাহ (খাতামতো); দুটোই PAGE-CHECK।",PAGE-CHECK,,,SPC,SHIA-PAGE-CHECK,Tafsir al-Qummi 1:36; Nur al-Thaqalayn 1:52; al-Kafi 1 (Hujja).,,Lock.
REF-239,8352,9,০৬  কুরআনে খলিফা কাকে বলা হয়েছে?,বর্ণিত আছে,•  «চতুর্থ খলিফা» উক্তি — বর্ণিত আছে; উৎস পাওয়া যায়নি।,বর্ণিত আছে,,,UNID,UNIDENTIFIED,«fourth khalifa» saying - not located.,,Attribution-only or drop.
REF-240,8353,9,০৬  কুরআনে খলিফা কাকে বলা হয়েছে?,PAGE-CHECK; বর্ণিত আছে,"•  «আমার পর বারো জন খলিফা, সবাই কুরাইশ» — সহীহ বুখারি ও মুসলিমে প্রসিদ্ধ; «খিলাফত ৩০ বছর» — সুনান আবু দাউদ/তিরমিযি; «তুমি আমার ওসী ও খলিফা», «প্রত্যেক নবীর ওসী আছে, আমার ওসী আলী», «আমি জ্ঞানের নগরী, আলী তার দরজা» — সবগুলো বর্ণিত আছে; নম্বর-পৃষ্ঠা PAGE-CHECK (তাকাভির তালিকা)।",PAGE-CHECK; বর্ণিত আছে,,,VL,VERIFIED-LIVE,"«اثنا عشر خليفة كلهم من قريش» Bukhari 7222 / Muslim 1821 VL; «خلافة النبوة ثلاثون سنة» Abu Dawud 4646 VL, Tirmidhi 2226 VL. «أنت وصيي وخليفتي», «لكل نبي وصي» - Shia sources + late Sunni (Tabarani, Daylami) - CAND; madinat al-ilm - see HAD-MADINAT-ILM.",HAD-12-KHALIFA; HAD-MADINAT-ILM,"Split: two VL, rest CAND."
REF-241,8354,9,০৬  কুরআনে খলিফা কাকে বলা হয়েছে?,PAGE-CHECK,•  জামাখশারীর কাশশাফ (৩২:২৩–২৪-এর তাফসির) — খাতামতো; PAGE-CHECK।,PAGE-CHECK,,,CAND,CANDIDATE,"al-Zamakhshari, al-Kashshaf 3:514 (32:23-24).",,Lock.
REF-242,8557,9,০৮  সূরা দুখানের বরকতময় রাত কোনটি?,PAGE-CHECK,"•  সাকালাইন — সহীহ মুসলিম ২৪০৮ («أهل بيتي», CONFIRMED, সংস্করণ-পাঠ); «কখনো পথভ্রষ্ট হবে না» — জামে তিরমিযি ৩৭৮৬ (CONFIRMED, সংস্করণ-পাঠ; মান নিয়ে মতভেদ)। খাতার «তিরমিযি ৩৭৮৮» PAGE-CHECK।",PAGE-CHECK,,,VL,VERIFIED-LIVE,Thaqalayn - see REF-206.,HAD-THAQALAYN,Normalise.
REF-243,8558,9,০৮  সূরা দুখানের বরকতময় রাত কোনটি?,PAGE-CHECK,"•  «হা-মীম = মুহাম্মাদ ﷺ, সুস্পষ্ট কিতাব = আলী, বরকতময় রাত = ফাতিমা (আলাইহাস্ সালাম)» — খ্রিস্টান আলেমের ঘটনা, আল-কাফি খণ্ড ১, কিতাবুল হুজ্জাহ, বাব: আবুল হাসান মুসা ইবনে জাফর (আলাইহিস্ সালাম)-এর জন্ম, হাদীস ৪ (আগের পাসের পাঠ); PAGE-CHECK।",PAGE-CHECK,,,SPC,SHIA-PAGE-CHECK,al-Kafi 1:478-479 h. 4 (bab mawlid Abi al-Hasan Musa a.s.) - the Christian scholar: «حم محمد ... الكتاب المبين أمير المؤمنين ... الليلة المباركة فاطمة».,,Lock.
REF-244,8559,9,০৮  সূরা দুখানের বরকতময় রাত কোনটি?,PAGE-CHECK; বর্ণিত আছে,"•  «আমি, আলী, ফাতিমা, হাসান, হুসাইন আরশের কাছে ছিলাম… আদমের এক হাজার বছর আগে» — বর্ণিত আছে; PAGE-CHECK।",PAGE-CHECK; বর্ণিত আছে,,,UNID,UNIDENTIFIED,«كنت أنا وعلي وفاطمة والحسن والحسين ... قبل آدم بألف عام» - not located verbatim; nur hadith family.,HAD-NUR-AWWAL,Attribution-only.
REF-245,8560,9,০৮  সূরা দুখানের বরকতময় রাত কোনটি?,PAGE-CHECK; বর্ণিত আছে,"•  «আমি জ্ঞানের শহর, আলী তার দরজা» — বর্ণিত আছে; PAGE-CHECK।",PAGE-CHECK; বর্ণিত আছে,,,DUP,DUPLICATE,See REF-164.,HAD-MADINAT-ILM,Normalise.
REF-246,8643,9,০৯  ফুঁ দিয়ে কি আল্লাহর আলো নেভানো যায়?,বর্ণিত আছে,"“বর্ণিত আছে,” আমি বললাম, “তাঁকে যাহরা বলা হতো, কারণ তিনি যখন মেহরাবে ইবাদতে দাঁড়াতেন, তাঁর নূর আসমানের অধিবাসীদের কাছে ঝলমল করে উঠত, যেমন পৃথিবীর মানুষের কাছে আকাশের তারা ঝলমল করে।”",বর্ণিত আছে,,,PROSE,PROSE-LINE,,HAD-ZAHRA-NAME,Prose; follows REF-249/291.
REF-247,8676,9,০৯  ফুঁ দিয়ে কি আল্লাহর আলো নেভানো যায়?,PAGE-CHECK,"•  «আরশের ছাউনিতে তসবিহ… সিজদার উদ্দেশ্য আমাদের সম্মান» — শায়খ সাদুক, ইলালুশ শারায়ি; বিহারুল আনওয়ার খণ্ড ১৫ (খাতামতো); PAGE-CHECK।",PAGE-CHECK,,,SPC,SHIA-PAGE-CHECK,'Ilal al-Shara'i' 1:5-6 (bab 2?); Bihar 15:?,,Lock.
REF-248,8677,9,০৯  ফুঁ দিয়ে কি আল্লাহর আলো নেভানো যায়?,PAGE-CHECK; বর্ণিত আছে,•  ফেরেশতাদের ইবলিসকে ঘিরে ফেলা ও সমুদ্রে নিক্ষেপ — বর্ণিত আছে; PAGE-CHECK।,PAGE-CHECK; বর্ণিত আছে,,,UNID,UNIDENTIFIED,"Angels surround Iblis, throw into sea - not located.",,Attribution-only.
REF-249,8678,9,০৯  ফুঁ দিয়ে কি আল্লাহর আলো নেভানো যায়?,PAGE-CHECK; বর্ণিত আছে,"•  «যাহরা» নামের কারণ (মেহরাবে নূর) — বর্ণিত আছে; শায়খ সাদুকের ইলালুশ শারায়ি/মাআনিল আখবারে থাকার কথা, PAGE-CHECK।",PAGE-CHECK; বর্ণিত আছে,,,SPC,SHIA-PAGE-CHECK,'Ilal al-Shara'i' 1:180-181 (bab 142: «لم سميت فاطمة الزهراء»); Bihar al-Anwar 43:12.,HAD-ZAHRA-NAME,Lock; normalise with REF-289/291.
REF-250,8814,9,১০  রাসূলুল্লাহ ﷺ তাঁর মেয়েকে কোন চোখে দেখতেন,PAGE-CHECK,"•  «ফাতিমা আমার অংশ, যে তাকে রাগান্বিত করে সে আমাকে রাগান্বিত করে» — সহীহ বুখারি ৩৭১৪ (শব্দ «فمن أغضبها أغضبني»; SOURCE_REGISTER CL-HAD-008); PAGE-CHECK।",PAGE-CHECK,,,VL,VERIFIED-LIVE,Bukhari 3714 VL.,HAD-BIDAA-MINNI,Normalise.
REF-251,8815,9,১০  রাসূলুল্লাহ ﷺ তাঁর মেয়েকে কোন চোখে দেখতেন,PAGE-CHECK,"•  «আল্লাহ তোমার ক্রোধে ক্রোধান্বিত হন» — আল-মুস্তাদরাক, হাকিম ৪৭৩০ (বুখারি/মুসলিমে নয়; CL-HAD-008); PAGE-CHECK।",PAGE-CHECK,,,CAND,CANDIDATE,«إن الله يغضب لغضبك ويرضى لرضاك» - al-Hakim 3:154 (h. 4730) - number plausible; lock edition (BUG-21). Six-book corpus: none.,,Lock.
REF-252,8816,9,১০  রাসূলুল্লাহ ﷺ তাঁর মেয়েকে কোন চোখে দেখতেন,PAGE-CHECK; বর্ণিত আছে,"•  আয়িশার বর্ণনা (দাঁড়িয়ে যাওয়া, চুমু, আসনে বসানো) — সুনান আবু দাউদ ও তিরমিযিতে বর্ণিত; PAGE-CHECK। চাদর বিছানো — বর্ণিত আছে; PAGE-CHECK।",PAGE-CHECK; বর্ণিত আছে,,,VL,VERIFIED-LIVE,"Aisha standing/kissing/seating - Abu Dawud 5217, Tirmidhi 3872 VL.",HAD-QIYAM-FATIMA,Normalise with REF-068.
REF-253,8817,9,১০  রাসূলুল্লাহ ﷺ তাঁর মেয়েকে কোন চোখে দেখতেন,PAGE-CHECK,•  মিরাজের রাতে জান্নাতের দরজার লেখা — খতিব বাগদাদী (খাতামতো); PAGE-CHECK।,PAGE-CHECK,,,CAND,CANDIDATE,"Gate of Paradise inscription - al-Khatib, Tarikh Baghdad 7:387 region; weak.",,Attribution-only.
REF-254,8818,9,১০  রাসূলুল্লাহ ﷺ তাঁর মেয়েকে কোন চোখে দেখতেন,PAGE-CHECK,•  ফুরাত ইবনে ইব্রাহিমের তাফসিরের বর্ণনা — খাতামতো; PAGE-CHECK।,PAGE-CHECK,,,SPC,SHIA-PAGE-CHECK,Tafsir Furat al-Kufi - lock page.,,Lock.
REF-255,8819,9,১০  রাসূলুল্লাহ ﷺ তাঁর মেয়েকে কোন চোখে দেখতেন,PAGE-CHECK,"•  «উম্মু আবিহা» — বিহারুল আনওয়ার খণ্ড ৪৩, অধ্যায় ২ (মাকাতিলুত তালিবিয়্যিন থেকে, ইমাম জাফর আস-সাদিক (আলাইহিস্ সালাম)-এর সূত্রে), আগের পাসের পাঠ; PAGE-CHECK।",PAGE-CHECK,,,DUP,DUPLICATE,See REF-069.,HAD-UMM-ABIHA,Normalise.
REF-256,8874,9,১১  আহলুল বাইত কি জাহান্নামে যেতে পারেন?,বর্ণিত আছে,"বর্ণিত আছে, রাসূলুল্লাহ ﷺ বলেছেন: “নিশ্চয়ই আল্লাহ তোমাকে (হে ফাতেমা) এবং তোমার সন্তানদের জাহান্নামের আগুনে শাস্তি দিবেন না।”",বর্ণিত আছে,,,PROSE,PROSE-LINE,,HAD-FATIMA-NAR,Prose; follows REF-259.
REF-257,8903,9,১১  আহলুল বাইত কি জাহান্নামে যেতে পারেন?,বর্ণিত আছে,"«আহলুল বাইতের প্রতি ভালোবাসা শুধু আবেগ নয়, এটাই ইমানের ভিত্তি। আর তাঁদের বিরোধিতা মানেই— শয়তানী ফাঁদে পা দেওয়া। রাসূলুল্লাহ ﷺ বলেছেন বলে বর্ণিত আছে— ""আহলুল বাইত আমার, আর তাঁদের ভালোবাসা মানেই নাজাত।”»",বর্ণিত আছে,,,PROSE,PROSE-LINE,,,Prose; follows REF-260.
REF-258,8968,9,১১  আহলুল বাইত কি জাহান্নামে যেতে পারেন?,PAGE-CHECK,"•  সাকালাইন: সহীহ মুসলিম ২৪০৮ (মূল অংশ, CONFIRMED, সংস্করণ-পাঠ); «কখনো পথভ্রষ্ট হবে না» — তিরমিযি ৩৭৮৬ (CONFIRMED, সংস্করণ-পাঠ); «কিয়ামত পর্যন্ত একসাথে থাকবে» — তিরমিযি ৩৭৮৮ (PAGE-CHECK)। খাতায় পুরোটা «সহিহ মুসলিম» বলা — সংশোধিত।",PAGE-CHECK,,,VL,VERIFIED-LIVE,Tirmidhi 3788 VL (contains «لن يتفرقا حتى يردا علي الحوض»).,HAD-THAQALAYN,PAGE-CHECK → VERIFIED.
REF-259,8969,9,১১  আহলুল বাইত কি জাহান্নামে যেতে পারেন?,PAGE-CHECK; বর্ণিত আছে,"•  «আল্লাহ তোমাকে ও তোমার সন্তানদের আগুনে শাস্তি দেবেন না»; «ফাতিমা সতীত্ব রক্ষা করেছেন, তাই আল্লাহ তাঁর সন্তানদের আগুন থেকে রক্ষা করেছেন»; «فطمها الله وفطم محبيها عن النار» — সবগুলো বর্ণিত আছে; PAGE-CHECK।",PAGE-CHECK; বর্ণিত আছে,,,CAND,CANDIDATE,"«إن الله غير معذبك ولا ولدك» - al-Tabarani, al-Kabir 11:263 (h. 11685 region), Majma' al-Zawa'id 9:202; «أحصنت فرجها فحرمها الله وذريتها على النار» - al-Hakim 3:152 (h. 4726), Tabarani; «فطمها الله وفطم محبيها» - Kanz 12:109. None in six books (corpus).",HAD-FATIMA-NAR,Lock; normalise with REF-086.
REF-260,8970,9,১১  আহলুল বাইত কি জাহান্নামে যেতে পারেন?,PAGE-CHECK; বর্ণিত আছে,"•  «আহলুল বাইত আমার, আর তাঁদের ভালোবাসা মানেই নাজাত» (REV1-এ ফেরানো, ¶13894) — খাতায় আত-তাবারানী, আল-মু'জামুল কাবীর, ইবনে আব্বাস সূত্র, «সনদ দুর্বল» লেখা; গল্পে «বর্ণিত আছে»; PAGE-CHECK।",PAGE-CHECK; বর্ণিত আছে,,,CAND,CANDIDATE,"Tabarani, al-Kabir (Ibn Abbas) - weak; keep attribution.",,Lock number.
REF-261,8971,9,১১  আহলুল বাইত কি জাহান্নামে যেতে পারেন?,PAGE-CHECK,•  হাদীসে কুদসি «হে আদম সন্তান… আকাশমণ্ডলের মতো গুনাহ» — জামে তিরমিযিতে বর্ণিত; PAGE-CHECK।,PAGE-CHECK,,,VL,VERIFIED-LIVE,Hadith qudsi «يا ابن آدم ... عنان السماء» - Tirmidhi 3540 (Anas) VL; sahih (Albani).,,Resolvable.
REF-262,8973,9,১১  আহলুল বাইত কি জাহান্নামে যেতে পারেন?,PAGE-CHECK,"•  আয়িশার বর্ণনা (চাল-চলনে সাদৃশ্য; স্ত্রীদের মজলিসে আগমন, «স্বাগতম, হে আমার কন্যা») — সহীহ বুখারি/মুসলিম ও সুনান গ্রন্থে বর্ণিত; আনাসের বর্ণনা (হাসান ও ফাতিমার সাদৃশ্য) — PAGE-CHECK।",PAGE-CHECK,,,VL,VERIFIED-LIVE,Aisha resemblance - Abu Dawud 5217 / Tirmidhi 3872 VL; «مرحبا بابنتي» Bukhari 3623-3624 VL; Hasan resembles the Prophet - Bukhari 3752 VL.,HAD-QIYAM-FATIMA,Resolvable.
REF-263,9003,10,০১  নামাজে আল্লাহর সঙ্গে কথা বলা,বর্ণিত আছে,"যখন তুমি কুরআন তিলাওয়াত করো, তখন শুনছো আল্লাহর বাণী। দোয়া হলো তোমার বক্তব্য, আর কুরআন হলো তাঁর উত্তর। বর্ণিত আছে: ‘তুমি যদি চাও আল্লাহ তোমার সঙ্গে কথা বলুন, তবে কুরআন পড়ো। আর তুমি যদি আল্লাহর সঙ্গে কথা বলতে চাও, তবে তাঁর কাছে দোয়া করো।’”",বর্ণিত আছে,,,PROSE,PROSE-LINE,,,Prose; follows REF-265 (UNID).
REF-264,9049,10,০১  নামাজে আল্লাহর সঙ্গে কথা বলা,PAGE-CHECK,•  ফাতিহার দুই ভাগের হাদীসে কুদসি («আমার বান্দা আমার প্রশংসা করেছে…») — সহীহ মুসলিম ৩৯৫ (খাতামতো); PAGE-CHECK।,PAGE-CHECK,,,VL,VERIFIED-LIVE,Muslim 395 (Abu Hurayra): «قسمت الصلاة بيني وبين عبدي نصفين» VL.,,Number correct.
REF-265,9050,10,০১  নামাজে আল্লাহর সঙ্গে কথা বলা,PAGE-CHECK; বর্ণিত আছে,"•  «কুরআন পড়ো, আল্লাহ কথা বলবেন; দোয়া করো, তুমি কথা বলবে» — বর্ণিত আছে; PAGE-CHECK।",PAGE-CHECK; বর্ণিত আছে,,,UNID,UNIDENTIFIED,«إذا أردت أن يحدثك الله فاقرأ القرآن» - not located.,,Attribution-only.
REF-266,9051,10,০১  নামাজে আল্লাহর সঙ্গে কথা বলা,PAGE-CHECK; সূত্র খোঁজা বাকি,"•  «নামাজ মুমিনের মেরাজ» — বহুল প্রচলিত উক্তি; হাদীস-গ্রন্থে সূত্র খোঁজা বাকি, তাই «বলা হয়»; PAGE-CHECK।",PAGE-CHECK; সূত্র খোঁজা বাকি,,,UNID,UNIDENTIFIED,«الصلاة معراج المؤمن» - no hadith source (later saying).,,Keep «বলা হয়».
REF-267,9097,10,০২  নয় মাস ধরে মেয়ের দরজায় রাসূলুল্লাহ ﷺ,বর্ণিত আছে,"চাচা একটু ঝুঁকে বললেন— “আমাদের মাওলা আলী (আলাইহিস্ সালাম)-এর কথা বলে বর্ণিত আছে— ‘নামাজ যেদিকে, আমি সেদিকে। আর আমি যেদিকে, নামাজ সেদিকে।’ তাঁর রুকু যেদিকে, আমাদের রুকুও সেদিকে হওয়া উচিত। যদি আনুগত্য ও কায়েম ছাড়া কেবল খালি আদায় করি, তবে জান্নাতের চাবি হাতে থেকেও দরজা খোলা যাবে না।”",বর্ণিত আছে,,,PROSE,PROSE-LINE,,,Prose; follows REF-272 (UNID).
REF-268,9105,10,০২  নয় মাস ধরে মেয়ের দরজায় রাসূলুল্লাহ ﷺ,বর্ণিত আছে,"বর্ণিত আছে, ঠিক তখনই সালমান ফারসী শুনলেন। তিনি তাকে ডেকে বললেন— ‘ভাই, নবীর ব্যাপারে এভাবে বলো না। তুমি বিষয়টা ভুল বুঝেছো। এসো, আমি তোমাকে দেখাই কিভাবে করতে হয়।’",বর্ণিত আছে,,,PROSE,PROSE-LINE,,,Prose; follows REF-273.
REF-269,9124,10,০২  নয় মাস ধরে মেয়ের দরজায় রাসূলুল্লাহ ﷺ,বর্ণিত আছে,"“এই আয়াত নামার পর,” চাচা বললেন, খুব ধীরে, “বর্ণিত আছে, রাসূলুল্লাহ ﷺ প্রতিদিন ফজরের সময় মসজিদে যাওয়ার পথে মা সাইয়্যিদা ফাতিমাতুয্ যাহরা (আলাইহাস্ সালাম)-এর ঘরের দরজায় থামতেন। দরজায় দাঁড়িয়ে বলতেন, আস-সালাত, হে আহলুল বাইত। তারপর পড়তেন তাতহীরের আয়াত: আল্লাহ তো শুধু চান তোমাদের থেকে অপবিত্রতা দূর করতে, হে আহলুল বাইত, আর তোমাদের পূর্ণ পবিত্র করতে।”",বর্ণিত আছে,,,PROSE,PROSE-LINE,,HAD-BAB-FATIMA-SALAT,Prose; follows REF-274.
REF-270,9158,10,০২  নয় মাস ধরে মেয়ের দরজায় রাসূলুল্লাহ ﷺ,PAGE-CHECK,"•  ৯৮:৫-এর ব্যাখ্যা (সালাত = আলী, সঠিক দীন = ফাতিমা (আলাইহাস্ সালাম)) — ইমাম আল-বাকির (আলাইহিস্ সালাম) থেকে বর্ণিত; PAGE-CHECK।",PAGE-CHECK,,,SPC,SHIA-PAGE-CHECK,98:5 - Ta'wil al-Ayat 2:813.,HAD-98-5,Normalise with REF-192.
REF-271,9159,10,০২  নয় মাস ধরে মেয়ের দরজায় রাসূলুল্লাহ ﷺ,PAGE-CHECK; বর্ণিত আছে,"•  «নামাজ জান্নাতের চাবি», «জান্নাতের চাবি নামাজ, নামাজের চাবি ওজু» (জাবির) — বর্ণিত আছে (মুসনাদে আহমাদ/তিরমিযিতে প্রসিদ্ধ); PAGE-CHECK।",PAGE-CHECK; বর্ণিত আছে,,,VL,VERIFIED-LIVE,«مفتاح الجنة الصلاة ومفتاح الصلاة الوضوء» - Tirmidhi 4 (Jabir) VL (Albani sahih; Zubair da'if); Ahmad 14662.,,Resolvable with grade.
REF-272,9160,10,০২  নয় মাস ধরে মেয়ের দরজায় রাসূলুল্লাহ ﷺ,PAGE-CHECK; বর্ণিত আছে,"•  আলী (আলাইহিস্ সালাম)-এর বাজার-পরিদর্শন — বর্ণিত আছে; PAGE-CHECK। «নামাজ যেদিকে, আমি সেদিকে» — বর্ণিত আছে; উৎস পাওয়া যায়নি।",PAGE-CHECK; বর্ণিত আছে,,,UNID,UNIDENTIFIED,"«الصلاة حيث أنا» - not located; bazaar inspection - Sunni/Shia history (Kanz, Bihar 40).",,Attribution-only.
REF-273,9161,10,০২  নয় মাস ধরে মেয়ের দরজায় রাসূলুল্লাহ ﷺ,PAGE-CHECK; বর্ণিত আছে,"•  নবীর ডাকে সাড়া না দেওয়া সাহাবি — সহীহ বুখারিতে আবু সাঈদ ইবনুল মুআল্লার বর্ণনা (৮:২৪ প্রসঙ্গে), খাতামতো; PAGE-CHECK। সালমানের দেখানোর অংশ — বর্ণিত আছে; উৎস পাওয়া যায়নি।",PAGE-CHECK; বর্ণিত আছে,,,VL,VERIFIED-LIVE,"Abu Sa'id b. al-Mu'alla - Bukhari 4474 VL (also 4703, 5006). Salman part - not located.",,Resolvable.
REF-274,9162,10,০২  নয় মাস ধরে মেয়ের দরজায় রাসূলুল্লাহ ﷺ,PAGE-CHECK,"•  ফজরে মা সাইয়্যিদা (আলাইহাস্ সালাম)-এর দরজায় «আস-সালাত, হে আহলুল বাইত» — জামে তিরমিযিতে আনাস থেকে (ছয় মাস); অন্য বর্ণনায় আট/নয় মাস; PAGE-CHECK।",PAGE-CHECK,,,VL,VERIFIED-LIVE,Tirmidhi 3206 VL (six months; da'if).,HAD-BAB-FATIMA-SALAT,Normalise.
REF-275,9251,10,০৩  যোহর-আসর কি একসাথে পড়া যায়?,PAGE-CHECK,•  ইবনে আব্বাস: ভয় বা সফর ছাড়া মদীনায় যোহর-আসর ও মাগরিব-এশা একত্রে — সহীহ মুসলিম ৭০৫ (খাতামতো); PAGE-CHECK।,PAGE-CHECK,,,VL,VERIFIED-LIVE,Muslim 705 (Ibn Abbas): joined prayers in Madina VL.,,Number correct.
REF-276,9288,10,০৪  আঠারো হাজার ওয়াক্তের পরও হারিয়ে গেল?,বর্ণিত আছে,"“এমনকি,” বুরুল্লাহ বলল, “বর্ণিত আছে, সাহাবারা কুফার মসজিদে আলাপ করতেন, ‘এতদিন পর আমরা আলীর ইমামতে রাসূলের নামাজের রূপ ফিরে পেলাম।’”",বর্ণিত আছে,,,PROSE,PROSE-LINE,,HAD-BASRA-SALAT,Prose; follows REF-279 - LOCATION ERROR (see REF-279).
REF-277,9322,10,০৪  আঠারো হাজার ওয়াক্তের পরও হারিয়ে গেল?,PAGE-CHECK,•  «তোমরা আমাকে যেভাবে নামাজ আদায় করতে দেখেছ…» — সহীহ বুখারী (মালিক ইবনুল হুওয়াইরিস); খণ্ড/নম্বর PAGE-CHECK।,PAGE-CHECK,,,VL,VERIFIED-LIVE,Bukhari 631 (Malik b. al-Huwayrith): «صلوا كما رأيتموني أصلي» VL; also 6008.,,Resolvable.
REF-278,9324,10,০৪  আঠারো হাজার ওয়াক্তের পরও হারিয়ে গেল?,PAGE-CHECK,"•  আনাস ইবনে মালিকের উক্তি ও দামেশকে কান্না (যুহরীর বর্ণনা) — সহীহ বুখারী, «নামাজের ওয়াক্ত» অধ্যায় (খাতামতো); নম্বর PAGE-CHECK।",PAGE-CHECK,,,VL,VERIFIED-LIVE,Bukhari 530 (al-Zuhri: Anas weeping in Damascus) VL.,,Resolvable.
REF-279,9325,10,০৪  আঠারো হাজার ওয়াক্তের পরও হারিয়ে গেল?,PAGE-CHECK; বর্ণিত আছে,"•  ইমরান ইবনে হুসাইন, আলী (আলাইহিস্ সালাম)-এর পেছনে নামাজ — সহীহ বুখারী (খাতামতো); নম্বর PAGE-CHECK। কুফার মসজিদের আলাপ — খাতায় «মেশকাতুল মাসাবিহ, তাজরীদুল বুখারী»; PAGE-CHECK, তাই দৃশ্যে «বর্ণিত আছে»।",PAGE-CHECK; বর্ণিত আছে,,,MM,MISMATCH,"Bukhari 784 (Imran b. Husayn) and 786 (Mutarrif) VL - the prayer behind Ali was in BASRA («صلى مع علي بالبصرة»), not Kufa. Manuscript prose says Kufa mosque → correct to Basra, or re-source the Kufa claim. «Mishkat / Tajrid al-Bukhari» are secondary.",HAD-BASRA-SALAT,Factual correction required in prose (REF-276).
REF-280,9326,10,০৪  আঠারো হাজার ওয়াক্তের পরও হারিয়ে গেল?,PAGE-CHECK,"•  «আলী হকের সাথে, হক আলীর সাথে» — আল-হাকিম, আল-মুসতাদরাক (হাকিমের মতে সহীহ, যাহাবীর আপত্তি); PAGE-CHECK।",PAGE-CHECK,,,MM,MISMATCH,"al-Hakim's wording is «رحم الله عليا، اللهم أدر الحق معه حيث دار» (Mustadrak 3:124 h. 4629; Tirmidhi 3714 VL - very da'if). «علي مع الحق والحق مع علي» wording: al-Khatib, Tarikh Baghdad 14:321; Ibn Qutayba, al-Imama wal-Siyasa. Lock which wording the book quotes.",HAD-HAQQ-ALI,Wording ≠ source cited.
REF-281,9358,10,০৫  রুকু অবস্থায় যে দান করল,বর্ণিত আছে,"“আবু যার আল-গিফারী বলেন,” চাচা বললেন, “বর্ণিত আছে, সেদিন নামাজ শেষে রাসূলুল্লাহ ﷺ দুহাত তুলে আল্লাহর কাছে প্রার্থনা করলেন: ‘ইয়া প্রভু! যেমন তুমি মূসা (আলাইহিস্ সালাম)-এর জন্য তাঁর ভাই হারুনকে শক্তি ও পরামর্শদাতা হিসেবে নিয়োগ করেছিলে, তেমনি আমার জন্যও আলীকে এই ভূমিকা দাও। তার মাধ্যমে আমার দায়িত্বকে শক্তিশালী করো এবং আমার কাজ সহজ করো।’ মূসা (আলাইহিস্ সালাম)-এর সেই দোয়াটা এখানে।”",বর্ণিত আছে,,,PROSE,PROSE-LINE,,HAD-KHATAM-RUKU,Prose; follows REF-282.
REF-282,9402,10,০৫  রুকু অবস্থায় যে দান করল,PAGE-CHECK; বর্ণিত আছে,"•  আবু যার আল-গিফারীর বর্ণনা ও নবীর দোয়া — খাতামতো; সূত্র উল্লেখ নেই, তাই «বর্ণিত আছে»; PAGE-CHECK।",PAGE-CHECK; বর্ণিত আছে,,,CAND,CANDIDATE,"Abu Dharr narration with the du'a «اللهم اشرح لي صدري...» - al-Tha'labi, al-Kashf wal-Bayan on 5:55 (4:80); Shawahid al-Tanzil 1:230; Ibn Shahrashub.",HAD-KHATAM-RUKU,Lock.
REF-283,9403,10,০৫  রুকু অবস্থায় যে দান করল,PAGE-CHECK,"•  ইবনে মারদুইয়া, খাতীব বাগদাদী (ইবনে আব্বাস সূত্রে), তাবরানী (আম্মার ইবনে ইয়াসির সূত্রে) — খাতামতো; PAGE-CHECK।",PAGE-CHECK,,,CAND,CANDIDATE,Ibn Mardawayh; al-Khatib (Ibn Abbas); Tabarani (Ammar) on 5:55 - via al-Durr al-Manthur 2:293.,HAD-KHATAM-RUKU,Lock.
REF-284,9404,10,০৫  রুকু অবস্থায় যে দান করল,PAGE-CHECK,"•  ইমাম জাফর সাদিক (আলাইহিস্ সালাম): «ওলায়াহকে জানার পর…» — আল-কাফী, কিতাবুল ঈমান ওয়াল কুফর, বাবুল ওয়ালায়াহ (খাতামতো); PAGE-CHECK।",PAGE-CHECK,,,SPC,SHIA-PAGE-CHECK,al-Kafi 2:18-19 h. 5 (bab da'a'im al-islam) - same as REF-035.,HAD-WILAYA-KAFI,Normalise.
REF-285,9467,10,০৬  ঘরের দরজায় নদী,PAGE-CHECK,"•  নদীর উদাহরণ — সহীহ বুখারী ৫২৮, সহীহ মুসলিম ৬৬৭ (খাতামতো); PAGE-CHECK।",PAGE-CHECK,,,VL,VERIFIED-LIVE,"Bukhari 528 / Muslim 667 (Abu Hurayra, river) VL.",,Numbers correct.
REF-286,9509,10,০৮  নব্বই বছরের ইবাদত কেন হার মানল?,বর্ণিত আছে,"“কারণ ওই পাঁচজনের ইবাদতে লেনদেন ছিল না,” বুরুল্লাহ বলল। “আলী (আলাইহিস্ সালাম) বলেছেন, বর্ণিত আছে, এক দল জান্নাতের লোভে ইবাদত করে, সেটা ব্যবসায়ীর ইবাদত। এক দল ভয়ে করে, সেটা দাসের ইবাদত। আর এক দল কৃতজ্ঞতায় করে, সেটা মুক্ত মানুষের ইবাদত।”",বর্ণিত আছে,,,SPC,SHIA-PAGE-CHECK,"Nahj al-Balagha, hikma 237 (Subhi Salih): «إن قوما عبدوا الله رغبة فتلك عبادة التجار...».",,Resolvable.
REF-287,9518,10,০৮  নব্বই বছরের ইবাদত কেন হার মানল?,বর্ণিত আছে,"একটু থেমে সে বলল, “ইমাম হাসান (আলাইহিস্ সালাম) বলেছেন, বর্ণিত আছে, ‘আমি মায়ের মতো আর কোনো ইবাদতকারী দেখিনি।’ হাসান বসরী, যিনি নিজেও বিখ্যাত ইবাদতকারী, বলেছেন, ‘ফাতিমা এত বেশি নামাজে দাঁড়িয়ে থাকতেন যে, তাঁর পদযুগলে কড়া পড়ে যেত।’”",বর্ণিত আছে,,,PROSE,PROSE-LINE,,HAD-FATIMA-IBADA,Prose; follows REF-294.
REF-288,9520,10,০৮  নব্বই বছরের ইবাদত কেন হার মানল?,বর্ণিত আছে,"“তিনি শুধু নিয়মরক্ষার জন্য ইবাদত করতেন না; বরং ইবাদতের সময় তাঁর হৃদয় ছিল আল্লাহর ভয়ে কম্পমান। বর্ণিত আছে, ‘ফাতিমা (আলাইহাস্ সালাম) নামাজের সময় এতটাই গভীর ধ্যানে থাকতেন যে, আল্লাহ ফেরেশতাদের ডাক দিয়ে বলতেন—তাকিয়ে দেখো, আমার বান্দি ফাতিমা কিভাবে ভয়ে কাঁপছে আর আমার ইবাদতে আত্মনিবেদিত হচ্ছে।’” বুরুল্লাহ বলল। “মা সাইয়্যিদা ফাতিমাতুয্ যাহরা (আলাইহাস্ সালাম)-এর জন্য নামাজ ছিল এক অপার প্রেম ও বিনয়ের প্রতীক। মহান আল্লাহর সামনে দণ্ডায়মান হওয়ার জন্য তাঁর একটি নির্দিষ্ট স্থান ছিল, যেখানে তিনি বিশেষ পোশাকে, বিশেষ জায়নামাজের ওপর দাঁড়িয়ে একাগ্রচিত্তে ইবাদতে মগ্ন হতেন। তাঁর এই ইবাদতের দৃশ্য স্বয়ং আকাশের ফেরেশতাদেরকেও অভিভূত করত। এ সময়ে তাঁর অবস্থা এমনই বিনম্র ও ভয়াভিভূত থাকত যেন ঈমানের নির্যাস তাঁর প্রতিটি শিরা-উপশিরায় প্রবাহিত হচ্ছে।”",বর্ণিত আছে,,,PROSE,PROSE-LINE,,HAD-FATIMA-IBADA,Prose; follows REF-290.
REF-289,9527,10,০৮  নব্বই বছরের ইবাদত কেন হার মানল?,বর্ণিত আছে,"হারিকেনের কাচে একটি পোকা এসে বসল। বুরুল্লাহ সেদিকে তাকিয়ে বলল, “‘ইলালুশ শারায়ে’ গ্রন্থে বর্ণিত আছে, ‘তিনি যখন ইবাদতে দাঁড়াতেন, তখন আসমানের অধিবাসীদের জন্য এক উজ্জ্বল নক্ষত্রের মতো তাঁর পবিত্র দেহ থেকে আলো বিচ্ছুরিত হতো।’”",বর্ণিত আছে,,,PROSE,PROSE-LINE,,HAD-ZAHRA-NAME,Prose; follows REF-291.
REF-290,9544,10,০৮  নব্বই বছরের ইবাদত কেন হার মানল?,PAGE-CHECK; বর্ণিত আছে,•  নামাজে মা সাইয়্যিদার ভয়ে কাঁপা ও ফেরেশতাদের ডেকে দেখানো — বর্ণিত আছে; PAGE-CHECK (আমালি সাদুক সম্ভাব্য)।,PAGE-CHECK; বর্ণিত আছে,,,CAND,CANDIDATE,«يا ملائكتي انظروا إلى أمتي فاطمة» - Bihar al-Anwar 43:172 (from Amali al-Saduq).,HAD-FATIMA-IBADA,Lock.
REF-291,9545,10,০৮  নব্বই বছরের ইবাদত কেন হার মানল?,PAGE-CHECK,•  «তিনি যখন ইবাদতে দাঁড়াতেন… আলো বিচ্ছুরিত হতো» — খাতায় «ইলালুশ শারায়ে»; PAGE-CHECK।,PAGE-CHECK,,,SPC,SHIA-PAGE-CHECK,'Ilal al-Shara'i' 1:180-181 (bab 142).,HAD-ZAHRA-NAME,Normalise with REF-249.
REF-292,9547,10,০৮  নব্বই বছরের ইবাদত কেন হার মানল?,PAGE-CHECK,"•  মুবাহালা ও নাজরানের প্রতিনিধিদল — খাতামতো; পাদ্রির «নব্বই বছর» উক্তির সূত্র খাতায় নেই, PAGE-CHECK।",PAGE-CHECK,,,UNID,UNIDENTIFIED,Najran priest «ninety years» - no source.,,Attribution-only or drop.
REF-293,9548,10,০৮  নব্বই বছরের ইবাদত কেন হার মানল?,PAGE-CHECK,"•  «তোমাদের কাউকে তার আমল নাজাত দেবে না» — সহীহ বুখারী ৬৪৬৩, সহীহ মুসলিম ২৮১৮ (খাতামতো); PAGE-CHECK।",PAGE-CHECK,,,VL,VERIFIED-LIVE,Bukhari 6463 VL; Muslim 2816-2818 VL: «لن ينجي أحدا منكم عمله».,,Numbers correct.
REF-294,9549,10,০৮  নব্বই বছরের ইবাদত কেন হার মানল?,PAGE-CHECK,•  ইমাম হাসান (আলাইহিস্ সালাম) ও হাসান বসরীর উক্তি — খাতায় «Fatima Zahra in the Words of the Infallibles»; PAGE-CHECK।,PAGE-CHECK,,,CAND,CANDIDATE,Hasan al-Basri «ما كان في هذه الأمة أعبد من فاطمة كانت تقوم حتى تتورم قدماها» - Bihar al-Anwar 43:76 (from Manaqib Ibn Shahrashub 3:341); Imam Hasan - same bab.,HAD-FATIMA-IBADA,Replace secondary English book with primary.
REF-295,9550,10,০৮  নব্বই বছরের ইবাদত কেন হার মানল?,PAGE-CHECK; সূত্র নেই; বর্ণিত আছে,"•  রাসূলুল্লাহ ﷺ ও মা সাইয়্যিদার কথোপকথন (ইবাদতের তৌফিক) — খাতামতো; সূত্র নেই, «বর্ণিত আছে» ধাঁচে; PAGE-CHECK।",PAGE-CHECK; সূত্র নেই; বর্ণিত আছে,,,UNID,UNIDENTIFIED,Prophet-Fatima dialogue on tawfiq - no source.,,Attribution-only.
REF-296,9551,10,০৮  নব্বই বছরের ইবাদত কেন হার মানল?,PAGE-CHECK,"•  মা সাইয়্যিদার দুই রাকাত নামাজ — ইমাম জাফর সাদিক (আলাইহিস্ সালাম) থেকে, খাতায় al-islam.org; PAGE-CHECK।",PAGE-CHECK,,,CAND,CANDIDATE,"Salat Fatima (two rak'a) - al-Tusi, Misbah al-Mutahajjid p. 300 region; Ibn Tawus, Jamal al-Usbu'.",,Replace al-islam.org with primary.
REF-297,9628,10,০৯  ইবাদতকে ভালোবাসা যায় কীভাবে?,PAGE-CHECK,"•  এই অধ্যায়ের হাদীস ও উক্তিগুলো খাতায় মিজানুল হিকমা, «ইবাদত» অধ্যায় (২৬১), পৃ. ৬৭৬-এর বরাতে; প্রতিটির মূল উৎস PAGE-CHECK।",PAGE-CHECK,,,HIST,NON-HADITH,Mizan al-Hikma ch. 261 p. 676 - secondary; each item needs primary.,,Secondary source.
REF-298,9629,10,০৯  ইবাদতকে ভালোবাসা যায় কীভাবে?,PAGE-CHECK,"•  ইহসানের হাদীস («যেন তুমি তাঁকে দেখছ») — সহীহ মুসলিম, কিতাবুল ঈমান (জিবরাইলের হাদীস); নম্বর PAGE-CHECK।",PAGE-CHECK,,,VL,VERIFIED-LIVE,Hadith Jibril (ihsan) - Muslim 8 VL; Bukhari 50.,,Resolvable.
REF-299,9630,10,০৯  ইবাদতকে ভালোবাসা যায় কীভাবে?,PAGE-CHECK,"•  «দাসত্ব পাঁচটি জিনিস দিয়ে গঠিত» — ইমাম আলী (আলাইহিস্ সালাম), মিজানুল হিকমার বরাতে; PAGE-CHECK।",PAGE-CHECK,,,CAND,CANDIDATE,«العبودية خمسة أشياء» - via Mizan al-Hikma → Misbah al-Shari'a (attributed).,,Attribution-only.
REF-300,9665,10,"১০  ভয়ের ইবাদত, না ভালোবাসার?",বর্ণিত আছে,"“আলী (আলাইহিস্ সালাম)-এর মুনাজাত,” সে বলল। “বর্ণিত আছে। ‘হে আমার ইলাহ, আমি তোমার আগুনের ভয়ে তোমার ইবাদত করিনি, তোমার জান্নাতের লোভেও না। বরং আমি তোমাকে ইবাদতের যোগ্য পেয়েছি, তাই ইবাদত করেছি।’”",বর্ণিত আছে,,,PROSE,PROSE-LINE,,HAD-MUNAJAT-ALI,Prose; follows REF-301.
REF-301,9696,10,"১০  ভয়ের ইবাদত, না ভালোবাসার?",PAGE-CHECK,"•  আলী (আলাইহিস্ সালাম)-এর মুনাজাত «ইলাহি মা আবাদতুকা খাওফান…» — প্রচলিত বর্ণনা (ইবনে আবিল হাদীদ, শারহু নাহজিল বালাগা; আল্লামা মাজলিসী, বিহারুল আনওয়ার ৪১/১৪ হিসেবে উদ্ধৃত হয়); PAGE-CHECK।",PAGE-CHECK,,,CAND,CANDIDATE,"«ما عبدتك خوفا من نارك ولا طمعا في جنتك» - Bihar al-Anwar 41:14 and 70:186; Ibn Abi al-Hadid, Sharh 10:157.",HAD-MUNAJAT-ALI,Lock.
REF-302,9825,11,"০১  তুমি কাকে খুঁজছ, বাবা?",বর্ণিত আছে,"“উস্তাদ আরেকটা জিনিস ঠিক করে দিয়েছিলেন,” বুরুল্লাহ বলল। “আমাদের দেশে অনেকে দরুদের শেষে আলে মুহাম্মাদ বাদ দিয়ে দেন। শুধু ‘সাল্লাল্লাহু আলাইহি ওয়া সাল্লাম’। পরিবারের নাম নেই। উস্তাদ এটাকে বলতেন লেজকাটা দরুদ। বর্ণিত আছে, রাসূলুল্লাহ ﷺ নিজেই এমন দরুদ পড়তে নিষেধ করেছেন, যেখানে তাঁর পরিবারকে বাদ দেওয়া হয়।”",বর্ণিত আছে,,,PROSE,PROSE-LINE,,HAD-SALAT-BATRA,Prose; follows REF-303.
REF-303,9856,11,"০১  তুমি কাকে খুঁজছ, বাবা?",PAGE-CHECK; বর্ণিত আছে,•  «লেজকাটা দরুদ» নিষেধের বর্ণনা — খাতামতো «বর্ণিত আছে»; PAGE-CHECK।,PAGE-CHECK; বর্ণিত আছে,,,CAND,CANDIDATE,"«لا تصلوا علي الصلاة البتراء» - Ibn Hajar al-Haytami, al-Sawa'iq al-Muhriqa (Egypt ed. p. 146); Qunduzi, Yanabi' 1:37. Not in six books (corpus: none). Shia: al-Kafi 2:495 «لا تبترها».",HAD-SALAT-BATRA,Attribution-only wording; lock pages.
REF-304,9904,11,০২  স্বভাব চেনার চার উপাদান,বর্ণিত আছে,"রাহাত পড়ল, আঙুল লাইনে রেখে: “বর্ণিত আছে, রাসূলুল্লাহ ﷺ বলেছেন, রাগ শয়তান থেকে, শয়তান আগুনের তৈরি, আর আগুন নেভে পানিতে। তাই রাগ উঠলে ওজু করো। দাঁড়িয়ে থাকলে বসে পড়ো, বসে থাকলে শুয়ে পড়ো।”",বর্ণিত আছে,,,PROSE,PROSE-LINE,,HAD-GHADAB-WUDU,Prose; follows REF-305.
REF-305,9957,11,০২  স্বভাব চেনার চার উপাদান,PAGE-CHECK,"•  রাগ ও ওজু: সুনানে আবু দাউদ (কিতাবুল আদব, রাগের সময় যা বলতে হয়); বসা/শোয়া: একই কিতাব — নম্বর PAGE-CHECK।",PAGE-CHECK,,,VL,VERIFIED-LIVE,"Anger→wudu: Abu Dawud 4784 VL - graded DA'IF (Albani, Arnaut); sit/lie: Abu Dawud 4782 VL - sahih (Abu Dharr).",HAD-GHADAB-WUDU,Print grade for 4784.
REF-306,10069,11,০৪  নিদর্শন দেখেও মানুষ মুখ ফেরায় কেন?,বর্ণিত আছে,"খাতা আমার হাত থেকে ফেরত নিয়ে বুরুল্লাহ পরের পাতা খুলল। “ঘটনাটা উস্তাদ যেভাবে বলেছিলেন, সেভাবেই লিখে রেখেছিলাম। বর্ণিত আছে,” সে বলল, তারপর পড়ল:",বর্ণিত আছে,,,PROSE,PROSE-LINE,,,Prose; follows REF-307.
REF-307,10127,11,০৪  নিদর্শন দেখেও মানুষ মুখ ফেরায় কেন?,PAGE-CHECK,"•  চাঁদ দ্বিখণ্ডনের ঘটনা — সহীহ বুখারী (কিতাবুল মানাকিব, ইনশিকাকুল কামার) ও সহীহ মুসলিম (সিফাতুল মুনাফিকীন); খাতার বিবরণ (আকাবা, ১৪ জন) PAGE-CHECK।",PAGE-CHECK,,,VL,VERIFIED-LIVE,"Moon splitting - Bukhari 3636 VL (also 3637-3638, 4864-4868); Muslim 2800-2802.",,"Resolvable; «Aqaba, 14 persons» detail → sira sources."
REF-308,10267,11,০৬  প্রশান্ত আত্মার দিকে পথ,বর্ণিত আছে,"রাহাত পড়ল: “বর্ণিত আছে, রাসূলুল্লাহ ﷺ বলেছেন, ‘আমি জ্ঞানের নগরী, আর আলী তার দরজা।’ যে নগরে ঢুকতে চায়, তাকে দরজা দিয়েই আসতে হবে।”",বর্ণিত আছে,,,PROSE,PROSE-LINE,,HAD-MADINAT-ILM,Prose; follows REF-309.
REF-309,10290,11,০৬  প্রশান্ত আত্মার দিকে পথ,PAGE-CHECK,"•  «আমি জ্ঞানের নগরী, আলী তার দরজা» — আল-হাকিম, আল-মুসতাদরাক (কিতাবু মারিফাতিস সাহাবা); জামে তিরমিযী (মানাকিব, «আমি হিকমতের ঘর»); নম্বর PAGE-CHECK।",PAGE-CHECK,,,MM,MISMATCH,"Tirmidhi does NOT carry «مدينة العلم»; Tirmidhi 3723 = «أنا دار الحكمة» (VL, da'if). «مدينة العلم»: al-Hakim 3:126-127 (h. 4637-4639) etc. - see REF-164.",HAD-MADINAT-ILM,Separate the two wordings.
REF-310,10311,11,০৭  মানুষের হক কি নামাজে মাফ হয়?,বর্ণিত আছে,"“বর্ণিত আছে, একবার রাসূলুল্লাহ ﷺ সাহাবাদের বললেন, ‘তোমরা কি জানো, প্রকৃত নিঃস্ব কে?’ সাহাবিরা বললেন, ‘আমাদের মধ্যে নিঃস্ব সেই ব্যক্তি, যার কাছে কোনো ধন-সম্পদ নেই, কোনো অর্থকড়ি নেই।’”",বর্ণিত আছে,,,PROSE,PROSE-LINE,,,Prose; follows REF-312.
REF-311,10331,11,০৭  মানুষের হক কি নামাজে মাফ হয়?,বর্ণিত আছে,"“এর চেয়েও কঠিন কথা আছে,” চাচা বললেন। খাতার পাতা উল্টে পড়লেন: “বর্ণিত আছে, রাসূলুল্লাহ ﷺ বলেছেন, ‘যখন দু’জন মুসলমান তরবারি হাতে একে অপরের বিরুদ্ধে লড়াই করে, তখন হত্যাকারী ও নিহত—দু’জনই দোযখের অধিকারী।’ বর্ণনাকারী সাহাবি বলেন, ‘আমি বললাম, ‘হে আল্লাহর রাসূল! হত্যাকারীর দোযখে যাওয়া তো স্বাভাবিক, কিন্তু নিহত ব্যক্তির কী অপরাধ?’’ তিনি বললেন, ‘সে-ও তার সঙ্গীকে হত্যা করতে উদগ্রীব ছিল।’”",বর্ণিত আছে,,,PROSE,PROSE-LINE,,,Prose; follows REF-313.
REF-312,10371,11,০৭  মানুষের হক কি নামাজে মাফ হয়?,PAGE-CHECK,•  «প্রকৃত নিঃস্ব কে» — সহীহ মুসলিম ২৫৮১ (খাতামতো); PAGE-CHECK।,PAGE-CHECK,,,VL,VERIFIED-LIVE,Muslim 2581 (Abu Hurayra): «أتدرون ما المفلس» VL.,,Number correct.
REF-313,10372,11,০৭  মানুষের হক কি নামাজে মাফ হয়?,PAGE-CHECK,"•  «হত্যাকারী ও নিহত দুজনই আগুনে» — সহীহ বুখারী ৭০৮৩, সহীহ মুসলিম ২৮৮৮ (খাতামতো); PAGE-CHECK।",PAGE-CHECK,,,VL,VERIFIED-LIVE,Bukhari 7083 / Muslim 2888 (Abu Bakra): «إذا التقى المسلمان بسيفيهما» VL.,,Numbers correct.
REF-314,10393,11,০৮  যে আলেম জানে কিন্তু করে না,বর্ণিত আছে,"রাহাত পকেট থেকে নিজের টিক-খাতা বের করল। এক সপ্তাহ ধরে যা শুনেছে, টুকে রেখেছে। একটি পাতা খুলে পড়ল, প্রায় নিজেকে শুনিয়ে: “বর্ণিত আছে, রাসূলুল্লাহ ﷺ তো স্বপ্নে এমন কিছু লোককে দেখেছিলেন, যাদের মুখ আগুনের কাঁচি দিয়ে কাটা হচ্ছিল! কারণ? তারা অন্যকে সৎকাজের উপদেশ দিত, অথচ নিজেরা তা করত না!”",বর্ণিত আছে,,,PROSE,PROSE-LINE,,,Prose; follows REF-318.
REF-315,10401,11,০৮  যে আলেম জানে কিন্তু করে না,বর্ণিত আছে,"“আর তিনজনের কথা,” বুরুল্লাহ বলল। “বর্ণিত আছে, রাসূলুল্লাহ ﷺ বলেছেন, ‘কিয়ামতের দিন তিন শ্রেণির মানুষকে বিচারকের কাঠগড়ায় দাঁড় করানো হবে এবং তাদের পরিণতি হবে ভয়াবহ। প্রথম জন—যে শহীদ হয়েছে, কিন্তু তার উদ্দেশ্য ছিল খ্যাতি। দ্বিতীয় জন—যে আলেম, কিন্তু তার ইলম শুধুই লোক দেখানোর জন্য ছিল।’”",বর্ণিত আছে,,,PROSE,PROSE-LINE,,,Prose; follows REF-316.
REF-316,10442,11,০৮  যে আলেম জানে কিন্তু করে না,PAGE-CHECK,"•  তিন শ্রেণি (শহীদ, আলেম, দাতা) — সহীহ মুসলিম ১৯০৫ (খাতামতো); PAGE-CHECK।",PAGE-CHECK,,,VL,VERIFIED-LIVE,Muslim 1905 (Abu Hurayra: first three judged) VL.,,Number correct.
REF-317,10443,11,০৮  যে আলেম জানে কিন্তু করে না,PAGE-CHECK,"•  জাঁতার গাধা — সহীহ বুখারী ৩২৬৭, সহীহ মুসলিম ২৯৮৯; PAGE-CHECK।",PAGE-CHECK,,,VL,VERIFIED-LIVE,Bukhari 3267 (Usama) VL; Muslim 2989 - standard concordance number; wording «أقتاب» not surfaced by corpus search → PAGE-CHECK.,,Bukhari confirmed.
REF-318,10444,11,০৮  যে আলেম জানে কিন্তু করে না,PAGE-CHECK,"•  আগুনের কাঁচি — মুসনাদে আহমাদ (আনাস থেকে, মিরাজ প্রসঙ্গে); PAGE-CHECK।",PAGE-CHECK,,,CAND,CANDIDATE,"Lips cut with scissors of fire - Ahmad 12856 (Anas, Mi'raj); Bayhaqi, Shu'ab 1773. Not in six books.",,Lock number.
REF-319,10598,11,"১৮ মাকামে তিন ধাপেতে নফসের আত্মশুদ্ধি হয়,",বর্ণিত আছে,"“গোপন শিরক,” বুরুল্লাহ বলল। “রাসূলুল্লাহ ﷺ বলেছেন, বর্ণিত আছে, আমার উম্মতের জন্য আমি সবচেয়ে বেশি ভয় পাই ছোট শিরককে। সাহাবিরা জানতে চাইলেন, ছোট শিরক কী? বললেন, রিয়া। লোক দেখানো।”",বর্ণিত আছে,,,PROSE,PROSE-LINE,,,Prose; follows REF-320.
REF-320,10655,11,"১৮ মাকামে তিন ধাপেতে নফসের আত্মশুদ্ধি হয়,",PAGE-CHECK,•  ছোট শিরক = রিয়া — মুসনাদে আহমাদ (মাহমূদ ইবনে লাবীদ থেকে); PAGE-CHECK।,PAGE-CHECK,,,CAND,CANDIDATE,«أخوف ما أخاف عليكم الشرك الأصغر ... الرياء» - Ahmad 23630 (Mahmud b. Labid); Bayhaqi Shu'ab 6831. Not in six books (corpus: none).,,Lock number.
REF-321,10656,11,"১৮ মাকামে তিন ধাপেতে নফসের আত্মশুদ্ধি হয়,",PAGE-CHECK,"•  «আমি বিসমিল্লাহর বা-এর নিচের বিন্দু» — আলী (আলাইহিস্ সালাম)-এর নামে প্রচলিত; নির্ভরযোগ্য সূত্র পাওয়া যায়নি, PAGE-CHECK।",PAGE-CHECK,,,UNID,UNIDENTIFIED,«أنا النقطة تحت الباء» - no reliable chain (later Sufi/irfani attribution). NOT VERIFIED.,HAD-NUQTA,"Keep as irfani saying, never as hadith."
REF-322,10657,11,"১৮ মাকামে তিন ধাপেতে নফসের আত্মশুদ্ধি হয়,",PAGE-CHECK,•  চিশতীর উক্তি — খাতামতো; উৎস (দিওয়ান) PAGE-CHECK।,PAGE-CHECK,,,HIST,NON-HADITH,Chishti saying - diwan reference.,LIT-CHISHTI,Same as REF-015.
REF-323,10658,11,"১৮ মাকামে তিন ধাপেতে নফসের আত্মশুদ্ধি হয়,",PAGE-CHECK,•  কারবালায় দাস/প্রাক্তন দাস শহীদ (যেমন জওন) ও খ্রিস্টান থেকে আসা ওয়াহাব — খাতার টীকামতো; PAGE-CHECK।,PAGE-CHECK,,,HIST,NON-HADITH,"Jawn (freed slave of Abu Dharr) and Wahb - Abu Mikhnaf, Maqtal; Bihar al-Anwar 45:22-23.",,Page lock.
REF-324,10707,11,১১  কাজের চেয়ে নিয়ত বড়,বর্ণিত আছে,"“বর্ণিত আছে, রাসূলুল্লাহ ﷺ বলেছেন,” বুরুল্লাহ বলল, “‘ইন্নামাল আ‘মালু বিন্নিয়্যাত।’ আমলসমূহ নিয়তের ওপর নির্ভরশীল। প্রতিটি ব্যক্তি তার নিয়তের ফল পাবে। সুতরাং, নিয়ত শুদ্ধ না হলে কাজও আল্লাহর কাছে গ্রহণযোগ্য হবে না। নিয়তই কর্মকে সার্থক বা ব্যর্থ করে।”",বর্ণিত আছে,,,PROSE,PROSE-LINE,,,Prose; follows REF-326.
REF-325,10711,11,১১  কাজের চেয়ে নিয়ত বড়,বর্ণিত আছে,"বুরুল্লাহ বুকপকেট থেকে সেই ছেঁড়া-মলাটের খাতা বের করল। শেষের দিকের একটি পাতা খুলে পড়ল: “এটাই আত্মসমালোচনার জায়গা। আর দেখো, বর্ণিত আছে, ইমাম মূসা কাযিম (আলাইহিস্ সালাম) এক হাদীসে ব্যাখ্যা করেছেন, ফেরেশতারাও মানুষের নিয়তের গন্ধ উপলব্ধি করেন। তিনি (আলাইহিস্ সালাম) বলেছেন, ‘যখন বান্দা নেক কাজের নিয়ত করে, তখন তার নিঃশ্বাস সুগন্ধিময় হয়। ডান দিকের ফেরেশতা বাম দিকের ফেরেশতাকে বলে: ‘থামো, সে নেক কাজের ইচ্ছা করেছে।’ যখন সে তা করে, তার জিহ্বা কলম হয়, তার লালা কালি হয় এবং তারা তা লিপিবদ্ধ করে। আর যখন সে গুনাহর ইচ্ছা করে, তখন তার নিঃশ্বাস দুর্গন্ধযুক্ত হয়। তখন বাম দিকের ফেরেশতা ডান দিকের ফেরেশতাকে বলে: ‘অপেক্ষা করো, সে গুনাহের ইচ্ছা করেছে।’ আর যখন সে তা করে, তখন তার জিহ্বা কলম হয়, তার লালা কালি হয় এবং তারা তা তার নামে লিখে ফেলে।’”",বর্ণিত আছে,,,PROSE,PROSE-LINE,,HAD-NIYYA-KAZIM,Prose; follows REF-328.
REF-326,10740,11,১১  কাজের চেয়ে নিয়ত বড়,PAGE-CHECK,"•  «ইন্নামাল আ‘মালু বিন্নিয়্যাত» — সহীহ বুখারী ১, সহীহ মুসলিম ১৯০৭ (খাতামতো); PAGE-CHECK।",PAGE-CHECK,,,VL,VERIFIED-LIVE,Bukhari 1 / Muslim 1907 VL.,,Numbers correct.
REF-327,10741,11,১১  কাজের চেয়ে নিয়ত বড়,PAGE-CHECK,"•  মোহর ও ঋণের নিয়ত — মুসনাদে আহমাদ; তাবারানী, আল-মু‘জামুল আওসাত ১৮৫১ (খাতামতো); PAGE-CHECK।",PAGE-CHECK,,,CAND,CANDIDATE,"Mahr/debt intention - Tabarani, al-Awsat 1851 (plausible); Ahmad.",,Lock.
REF-328,10742,11,১১  কাজের চেয়ে নিয়ত বড়,PAGE-CHECK,"•  ইমাম মূসা কাযিম (আলাইহিস্ সালাম): নিয়তের সুগন্ধ ও ফেরেশতা — আল-কাফী (কিতাবুল ঈমান ওয়াল কুফর, বাব «যে নেক কাজের ইচ্ছা করে») হিসেবে প্রচলিত; PAGE-CHECK।",PAGE-CHECK,,,SPC,SHIA-PAGE-CHECK,al-Kafi 2:429 h. 3 (bab man yahummu bil-hasana aw al-sayyi'a) - Imam Kazim: «إذا هم العبد بالحسنة خرج نفسه طيب الريح...».,HAD-NIYYA-KAZIM,Lock.
