Claim_ID,Para_Index,Claim_Family,Tradition,Support_Class,Register_Keys,Evidence_IDs,Verification_Status,Ledger_Row_IDs,Human_Decision,Text_Excerpt
B1-C00001,92,QURAN,QURAN,QURAN_REF,QUR-2-255,E-00001,VERIFIED,,,•  এই অধ্যায়ে কোনো আয়াত বা হাদীস উদ্ধৃত হয়নি। আয়াতুল কুরসি (২:২৫৫) শুধু নামে।
B1-C00002,144,FADAK,UNSPECIFIED,NARRATIVE_ONLY,,E-00002,PAGE-CHECK,,,"“খালা তো ওয়েটিং রুমে বসে ছিল, সাদিক ভাই। আমরা কেউ জানতাম না। সে নিজেও জানত না।” রাহাত একটু থামল। “খালা মা ফাতিমার শোক পালন করত। ফাদাকের শোক। রাসূলুল্লাহর শোক। সেই শোকের দিনেই দুই ডেক খাবার রান্না করল, সবাইকে ডেকে বসাল, দোয়া পড়ল, বলল, ‘খা"
B1-C00003,157,QURAN,QURAN,QURAN_REF,QUR-33-33,E-00003,VERIFIED,,,"•  কুরআন ৩৩:৩৩ (আয়াতে তাতহীর) — api.alquran.cloud-এ মেলানো, CONFIRMED। আহলুল বাইতের সাথে যুক্ত ব্যাখ্যা তাফসীরের; আয়াতে নাম নেই।"
B1-C00004,199,ATTRIBUTION_ONLY,UNSPECIFIED,ATTRIBUTION_FORMULA,,E-00004,PAGE-CHECK,REF-001,,"“শোন রাহাত।” গলাটা এবার নিচু, যেন কাউকে পড়ে শোনাচ্ছে। “ইমাম সাদিক (আলাইহিস্ সালাম) থেকে বর্ণিত আছে: ‘কিয়ামতের দিন হযরত মা সাইয়্যিদা ফাতিমাতুয্ যাহরা (আলাইহাস্ সালাম) ও আলী (আলাইহিস্ সালাম) এবং তাঁর অনুসারীদের আহ্বান করা হবে। তাঁরা কোনো হ"
B1-C00005,233,SOURCE_BLOCK_NOTE,UNSPECIFIED,NARRATIVE_ONLY,,E-00005,PAGE-CHECK,,,•  এই অধ্যায়ের দেখা ও শোনা রাহাতের নিজের অভিজ্ঞতা; আয়াত ও হাদীসের সূত্র নিচে।
B1-C00006,234,QURAN,QURAN,QURAN_REF,QUR-3-185,E-00006,VERIFIED,,,"•  কুরআন ৩:১৮৫ — api.alquran.cloud-এ মেলানো, CONFIRMED।"
B1-C00007,235,ATTRIBUTION_ONLY,UNSPECIFIED,NO_SOURCE_STATED,,E-00007,NOT_FOUND,REF-002,YES,"•  ইমাম সাদিক (আলাইহিস্ সালাম) থেকে «বিনা হিসাবে প্রথম জান্নাতে» — খাতায় সূত্র নেই; «বর্ণিত আছে», PAGE-CHECK (উৎস খোঁজা বাকি; ছাপার আগে বই-খণ্ড-পৃষ্ঠা লাগবে)।"
B1-C00008,323,SHIA_NARRATION,SHIA,NAMED_SOURCE,SRC-al-Kafi-2|SRC-al-Kafi-2,E-00008,CONFLICT,REF-003,YES,"•  তসবিহে মা সাইয়্যিদা ফাতিমাতুয্ যাহরা (আলাইহাস্ সালাম) ৩৪-৩৩-৩৩: আল-কাফি, খণ্ড ২, কিতাবুদ দোয়া, ঘুমের আগের দোয়ার বাব (ইমাম সাদিক (আলাইহিস্ সালাম) থেকে হিশাম ইবনে সালিমের বর্ণনা) — PAGE-CHECK (হাদীস নম্বর মেলানো বাকি)।"
B1-C00009,324,SOURCE_BLOCK_NOTE,UNSPECIFIED,NARRATIVE_ONLY,,E-00009,PAGE-CHECK,,,"•  দরুদ দিনে ৩৬০ বার: উস্তাদ আল-মালিকের অভিজ্ঞতা (S-148, S-149) — রুহানি শিক্ষা, কোনো কিতাবি দাবি নয়।"
B1-C00010,399,QURAN,QURAN,QURAN_REF,QUR-8-28,E-00010,VERIFIED,,,•  কুরআন ৮:২৮ (ধন-সম্পদ ও সন্তান পরীক্ষা) — CONFIRMED (api.alquran.cloud)।
B1-C00011,400,QURAN,QURAN,QURAN_REF,QUR-2-261,E-00011,VERIFIED,,,"•  কুরআন ২:২৬১ (সাত শীষ, একশত দানা) — CONFIRMED (api.alquran.cloud)।"
B1-C00012,401,SUNNI_NARRATION,SUNNI,NAMED_SOURCE,,E-00012,CONFLICT,REF-004,YES,"•  «সাদাকাহ গুনাহ নিভিয়ে দেয়, যেমন পানি আগুন» — তিরমিযিতে বর্ণিত বলে প্রচলিত; PAGE-CHECK (নম্বর মেলানো বাকি, ছাপায় নম্বর ছাড়া)।"
B1-C00013,434,SHIA_NARRATION,SHIA,NAMED_SOURCE,,E-00013,EDITION-LOCK,,YES,‘সে অস্বীকার করলো ও অহংকার করলো এবং কাফিরদের অন্তর্ভুক্ত হলো।’
B1-C00014,465,PROSE_ATTRIBUTION,UNSPECIFIED,NARRATIVE_ONLY,,E-00014,PAGE-CHECK,,,"রাসূলুল্লাহ ﷺ বলেন— ‘কোনো আলেমকে ভালোবেসে তার চেহারার দিকে তাকানো ইবাদত।’ ইমাম আস-সাদিক (আলাইহিস্ সালাম)-এর কাছে যখন আলেমের চেহারায় তাকানো ইবাদতের ব্যাপারে প্রশ্ন করা হলো, তিনি বলেছেন— ‘একজন আলেম সেই ব্যক্তি, যার দিকে তাকালে সে তোমাকে পরকা"
B1-C00015,469,SUNNI_NARRATION,SUNNI,NAMED_SOURCE,,E-00015,PAGE-CHECK,,,"বুরুল্লাহ উঠে দাঁড়াতে দাঁড়াতে বলল, “রাসূলুল্লাহ ﷺ বলেছেন— ‘জ্ঞান অর্জন করো, যদিও তা চীনের মতো দূর দেশেই হোক। প্রত্যেক মুসলমানের ওপর জ্ঞান অর্জন করা ফরজ।’ আরেক বর্ণনায়— ‘জ্ঞান অর্জন করা প্রত্যেক মুসলিম—পুরুষ ও নারীর—উপর ফরয।’ ঐ একই হাদীসে"
B1-C00016,501,QURAN,QURAN,QURAN_REF,QUR-18-50|QUR-17-36|QUR-2-34|QUR-7-12|QUR-2-269,E-00016,VERIFIED,,,"•  কুরআন ১৮:৫০ (ইবলিস জিনদের একজন), ১৭:৩৬, ২:৩৪, ৭:১২, ২:২৬৯ — সব CONFIRMED (api.alquran.cloud)।"
B1-C00017,502,SUNNI_NARRATION,SUNNI,NAMED_SOURCE,HAD-IBNMAJAH-2198|HAD-IBNMAJAH-2198|SRC-HADITH-2198,E-00017,CONFLICT,REF-005,YES,"•  কুঠার কিনে দেওয়ার ঘটনা: সুনানে ইবনে মাজাহ, কিতাবুত তিজারাত, হাদীস ২১৯৮ — খাতার সূত্র; PAGE-CHECK।"
B1-C00018,503,ATTRIBUTION_ONLY,UNSPECIFIED,ATTRIBUTION_FORMULA,,E-00018,PAGE-CHECK,REF-006,,"•  চারবার বিয়ের ঘটনা — «বর্ণিত আছে»; উৎস খোঁজা বাকি, ছাপায় বইয়ের নাম ছাড়া।"
B1-C00019,504,ATTRIBUTION_ONLY,UNSPECIFIED,ATTRIBUTION_FORMULA,,E-00019,PAGE-CHECK,REF-007,,"•  ইমাম আলী (আলাইহিস্ সালাম)-এর «তিন মিসকিন» ও «সমালোচনায় আনন্দ» বাণী — «বর্ণিত আছে», PAGE-CHECK।"
B1-C00020,505,SOURCE_BLOCK_NOTE,UNSPECIFIED,NARRATIVE_ONLY,,E-00020,PAGE-CHECK,REF-008,,•  «আলেমের চেহারার দিকে তাকানো ইবাদত» ও ইমাম সাদিক (আলাইহিস্ সালাম)-এর ব্যাখ্যা — PAGE-CHECK।
B1-C00021,506,SUNNI_NARRATION,SUNNI,NAMED_SOURCE,,E-00021,PAGE-CHECK,REF-009,,•  «জ্ঞান অর্জন ফরজ… শুকরের গলায় মণিমুক্তা» — সুনানে ইবনে মাজাহ (মুকাদ্দিমা) বলে প্রচলিত; «চীন» অংশ দুর্বল সনদের বলে আলেমদের মত। PAGE-CHECK।
B1-C00022,507,SOURCE_BLOCK_NOTE,UNSPECIFIED,NARRATIVE_ONLY,,E-00022,PAGE-CHECK,,,•  এই অধ্যায়ের স্বপ্নের ইশারা ও দরুদ দিনে ৩৬০ বার — উস্তাদের রুহানি শিক্ষা (S-148)।
B1-C00023,542,PROSE_ATTRIBUTION,UNSPECIFIED,NARRATIVE_ONLY,,E-00023,PAGE-CHECK,,,"রাহাত নিজেই খুতবাটি বয়ে আনল হৃদয় থেকে, বলল: “রাসূলুল্লাহ ﷺ বলেছেন: ‘আমি যাহার মাওলা, আলীও তাহার মাওলা।’ তিনি আরও ঘোষণা করেছেন: ‘হাসান ও হুসাইন (আলাইহিস্ সালাম) বেহেশতের যুবকদের নেতা।’ এবং সেই মহীয়সী নারী—নবীর প্রাণপ্রিয় অংশ, যাঁর জন্য র"
B1-C00024,576,SUNNI_NARRATION,SUNNI,NAMED_SOURCE,,E-00024,PAGE-CHECK,,,"আমি এঁটো হাত ধুয়ে ফোনে নোট খুললাম। “তিরমিযিতে আছে। ‘আমি যার মাওলা, আলীও তার মাওলা’, ‘হাসান-হুসাইন জান্নাতের যুবকদের নেতা’, ‘হুসাইন আমার থেকে, আমি হুসাইন থেকে’। নম্বর তোমার খাতায় লিখে দেব।”"
B1-C00025,584,SOURCE_BLOCK_NOTE,UNSPECIFIED,NARRATIVE_ONLY,,E-00025,PAGE-CHECK,,,"•  খাতা ¶১৩১৭–১৩২৫-এর আয়াত-হাদীস অংশ (দৃশ্য থেকে সরানো, হুবহু):"
B1-C00026,585,QURAN,QURAN,QURAN_REF,QUR-33-33,E-00026,VERIFIED,,,"•  কুরআন ৩৩:৩৩ — «إِنَّمَا يُرِيدُ ٱللَّهُ لِيُذْهِبَ عَنكُمُ ٱلرِّجْسَ أَهْلَ ٱلْبَيْتِ وَيُطَهِّرَكُمْ تَطْهِيرًۭا» — “নিশ্চয়ই আল্লাহ চান, হে আহলুল বাইত, যেন তিনি তোমাদের থেকে অপবিত্রতা দূর করেন এবং তোমাদের সম্পূর্ণরূপে পবিত্র করে দেন।” "
B1-C00027,586,SUNNI_NARRATION,SUNNI,NAMED_SOURCE,HAD-TIRMIDHI-3775|HAD-TIRMIDHI-3775,E-00027,CONFLICT,REF-010,YES,"•  «হুসাইন আমার অংশ, আর আমি হুসাইনের অংশ। যে হুসাইনকে ভালোবাসে, আল্লাহ তাকে ভালোবাসেন।» — জামে তিরমিযি ৩৭৭৫ (খাতার সূত্র); PAGE-CHECK।"
B1-C00028,587,SUNNI_NARRATION,SUNNI,NAMED_SOURCE,HAD-TIRMIDHI-3786|HAD-TIRMIDHI-3786|SRC-Musnad_Ahmad-3786|SRC-Musnad_Ahmad-3786|SRC-Musnad_Ahmad-3786|SRC-Musnad_Ahmad-3786,E-00028,CONFLICT,REF-011,YES,"•  «আমার আহলুল বাইত হচ্ছে নূহ (আলাইহিস্ সালাম)-এর নৌকার মতো। যারা এতে চড়ে, তারা নাজাত পায়; যারা বিমুখ হয়, তারা ডুবে যায়।» — খাতায় «মুসনাদে আহমদ ৩৭৮৬»; এই নম্বর সন্দেহজনক (তিরমিযি ৩৭৮৬ সাকালাইনের হাদীস)। PRINT BLOCKED নম্বরটি; ছাপায় «ব"
B1-C00029,588,SUNNI_NARRATION,SUNNI,NAMED_SOURCE,HAD-TIRMIDHI-3713|HAD-TIRMIDHI-3713|HAD-TIRMIDHI-3768|HAD-TIRMIDHI-3768,E-00029,CONFLICT,REF-012,YES,"•  «আমি যার মাওলা, আলীও তার মাওলা» — জামে তিরমিযি ৩৭১৩; «হাসান ও হুসাইন জান্নাতের যুবকদের নেতা» — জামে তিরমিযি ৩৭৬৮ (খাতার সূত্র); PAGE-CHECK।"
B1-C00030,627,SUNNI_NARRATION,SUNNI,NAMED_SOURCE,,E-00030,PAGE-CHECK,,,"“যে হৃদয় নিঃশেষ আত্মসমর্পণে আল্লাহর প্রেমে নিজেকে বিলিয়ে দেয়, সে দেহের কারাগার ভেঙে মুক্ত বিহঙ্গের মতো উড়ে চলে অনন্ত আলোর রাজ্যে। তার আত্মা ভেসে চলে এক বিশুদ্ধ নিসর্গে— যেখানে কেবল প্রভুর দীপ্তি, ভালোবাসা আর অন্তহীন প্রশান্তি প্রবাহিত। "
B1-C00031,648,SOURCE_BLOCK_NOTE,UNSPECIFIED,NARRATIVE_ONLY,,E-00031,PAGE-CHECK,,,•  এই অধ্যায়ের দেখা ও শোনা তাহারা সেন্টারের রুহানি অভিজ্ঞতা; আয়াতের সূত্র নিচে।
B1-C00032,649,QURAN,QURAN,QURAN_REF,QUR-2-124,E-00032,VERIFIED,,,•  কুরআন ২:১২৪ — CONFIRMED (api.alquran.cloud)।
B1-C00033,650,SOURCE_BLOCK_NOTE,UNSPECIFIED,NARRATIVE_ONLY,,E-00033,PAGE-CHECK,,,•  নাবুয়্যাত-ইমামত ও মা সাইয়্যিদা ফাতিমাতুয্ যাহরা (আলাইহাস্ সালাম)-এর মর্যাদা নিয়ে বুরুল্লাহর কথা জনির খাতার শিক্ষা; কোনো কিতাবি উদ্ধৃতি দাবি করা হয়নি।
B1-C00034,700,QURAN,QURAN,QURAN_REF,QUR-35-19,E-00034,VERIFIED,,,"•  খাতার আরবি (দৃশ্য থেকে সরানো, হুবহু): «وَمَا یَسْتَوِی الْاَعْمٰی وَالْبَصِیْرُ، وَلَا الظُّلُمٰتُ وَلَا النُّوْرُ، وَلَا الظِّلُّ وَلَا الْحَرُوْرُ، وَمَا یَسْتَوِی الْاَحْیَآءُ وَلَا الْاَمْوَاتُ» — কুরআন ৩৫:১৯–২২, CONFIRMED (api.alqur"
B1-C00035,701,QURAN,QURAN,QURAN_REF,QUR-22-46,E-00035,VERIFIED,,,"•  «فَاِنَّهَا لَا تَعْمَی الْاَبْصَارُ وَلٰكِنْ تَعْمَی الْقُلُوْبُ الَّتِیْ فِی الصُّدُوْرِ» — কুরআন ২২:৪৬, CONFIRMED (api.alquran.cloud)।"
B1-C00036,702,QURAN,QURAN,QURAN_REF,QUR-35-19,E-00036,VERIFIED,,,•  ৩৫:১৯–২২ এখানে আলো-অন্ধকারের উপমা হিসেবে; আয়াতে মা সাইয়্যিদা (আলাইহাস্ সালাম)-এর নাম নেই।
B1-C00037,753,SOURCE_BLOCK_NOTE,UNSPECIFIED,NARRATIVE_ONLY,,E-00037,PAGE-CHECK,,,"•  এই অধ্যায়ের স্বপ্ন ফয়সালের রুহানি অভিজ্ঞতা, স্বপ্ন-সাক্ষ্য; এতে কোনো হাদীস-সূত্র দাবি করা হয়নি।"
B1-C00038,825,SUNNI_NARRATION,SUNNI,NAMED_SOURCE,HAD-ABUDAWUD-5021|HAD-ABUDAWUD-5021,E-00038,CONFLICT,REF-013,YES,"•  «যে স্বপ্নে আমাকে দেখল সে সত্যিই আমাকে দেখল» ও স্বপ্নের তিন প্রকার — শ্রোতা ০৪-এ «আবু দাউদ, হাদিস : ৫০২১»; PAGE-CHECK।"
B1-C00039,826,QURAN,QURAN,QURAN_REF,QUR-29-45|QUR-2-183|QUR-9-103,E-00039,VERIFIED,,,"•  কুরআন ২৯:৪৫, ২:১৮৩, ৯:১০৩ — CONFIRMED (api.alquran.cloud)।"
B1-C00040,827,ATTRIBUTION_ONLY,UNSPECIFIED,ATTRIBUTION_FORMULA,,E-00040,PAGE-CHECK,REF-014,,"•  চিট লিস্টের বাণীগুলো (চিন্তাহীন ইবাদত, জ্ঞানার্জন-শিক্ষাদান, চার ব্যক্তির পুরস্কার) — শ্রোতা ০৪-এ সূত্র ছাড়া; «বর্ণিত আছে», PAGE-CHECK।"
B1-C00041,828,SOURCE_BLOCK_NOTE,UNSPECIFIED,NARRATIVE_ONLY,,E-00041,PAGE-CHECK,REF-015,,•  খাঁজা মঈন উদ্দিন চিশতী (রহঃ)-এর কবিতা — শ্রোতা ০৪-এর উদ্ধৃতি; উৎস মেলানো বাকি।
B1-C00042,903,SOURCE_BLOCK_NOTE,UNSPECIFIED,NARRATIVE_ONLY,,E-00042,PAGE-CHECK,,,"•  এই অধ্যায়ের স্বপ্ন ফয়সালের রুহানি অভিজ্ঞতা, স্বপ্ন-সাক্ষ্য; কোনো হাদীস-সূত্র দাবি করা হয়নি।"
B1-C00043,1029,QURAN,QURAN,QURAN_REF,QUR-51-56,E-00043,VERIFIED,,,•  সূরা আয-যারিয়াত ৫১:৫৬ — api.alquran.cloud — CONFIRMED।
B1-C00044,1030,ATTRIBUTION_ONLY,UNSPECIFIED,ATTRIBUTION_FORMULA,,E-00044,CONFLICT,REF-016,YES,•  «চিন্তাসহ দুই রাকাত সারা রাতের নফলের চেয়ে উত্তম» ও «দোয়া সর্বোচ্চ ইবাদত» — শ্রোতা ০৪-এ জনির নোট; মূল কিতাবের পৃষ্ঠা মেলানো হয়নি — «বর্ণিত আছে» / PAGE-CHECK।
B1-C00045,1031,SOURCE_BLOCK_NOTE,UNSPECIFIED,NARRATIVE_ONLY,,E-00045,PAGE-CHECK,,,•  «পাঁচ শর্ত» — বুরুল্লাহর মুখে «এক আলেমের» কথা হিসেবে; কোনো হাদীস-সূত্র দাবি করা হয়নি।
B1-C00046,1052,SUNNI_NARRATION,SUNNI,NAMED_SOURCE,,E-00046,PAGE-CHECK,,,"ইসলাম অর্থ ‘আত্মসমর্পন।’ ইসলাম আরবী শব্দ যার অর্থ “আনুগত্য করা বা আত্মসমর্পন করা”। স্রষ্টার ইচ্ছার কাছে নিজেকে আত্মসমর্পন করা ও তার আনুগত্য করা। কুরআন ও সুন্নাহর পরিভাষায় নিজের ইচ্ছা, খায়েশ তথা নিজেকে, আল্লাহ ও তার পক্ষ থেকে প্রেরিত রাসূল"
B1-C00047,1093,QURAN,QURAN,QURAN_REF,QUR-21-105,E-00047,VERIFIED,,,•  সূরা আল-আম্বিয়া ২১:১০৫ — api.alquran.cloud — CONFIRMED (অনুবাদ জনির খাতার)।
B1-C00048,1094,SOURCE_BLOCK_NOTE,UNSPECIFIED,NARRATIVE_ONLY,,E-00048,PAGE-CHECK,REF-017,,"•  ইমাম মাহদী (আলাইহিস্ সালাম)-এর আবির্ভাবে প্রতিশ্রুতির পূর্ণতা — জনির ব্যাখ্যা, তাফসীরের পৃষ্ঠা মেলানো হয়নি — PAGE-CHECK।"
B1-C00049,1095,SOURCE_BLOCK_NOTE,UNSPECIFIED,NARRATIVE_ONLY,,E-00049,PAGE-CHECK,,,"•  «ইসলাম» শব্দের অর্থ (আত্মসমর্পণ) — শ্রোতা ০৪-এ জনির নোট; ভাষাগত ব্যাখ্যা, হাদীস-দাবি নয়।"
B1-C00050,1109,ATTRIBUTION_ONLY,UNSPECIFIED,ATTRIBUTION_FORMULA,,E-00050,PAGE-CHECK,REF-018,,"“ইবাদতের সত্য পথে বাধা হয়ে দাঁড়ায় শয়তান, যে অহংকারের অন্ধকারে ডুবে গিয়ে সত্যকে অস্বীকার করেছে। বর্ণিত আছে, যখন আল্লাহ ইবলিসকে আদম (আলাইহিস্ সালাম)-কে সিজদা করতে আদেশ দিলেন, তখন সে অহংকারে ফেটে পড়ে বলল—"
B1-C00051,1148,SUNNI_NARRATION,SUNNI,NAMED_SOURCE,,E-00051,PAGE-CHECK,,,"“এখন যুদ্ধের ময়দান বইয়ের পাতায়, ইউটিউবের স্ক্রিপ্টে,” বুরুল্লাহ বলল, “বক্তৃতার শব্দে, ফেসবুকের স্ট্যাটাসে, পাঠ্যবইয়ের লাইনে, নাটকের সংলাপে। এখনকার শত্রু বললো না ‘মুসলিম হওয়া বাদ দাও’, বললো— ‘তোমার ধর্ম নিয়ে একটু আধুনিক হও!’ এই আধুনিকত"
B1-C00052,1172,QURAN,QURAN,QURAN_REF,QUR-7-12,E-00052,CONFLICT,REF-019,YES,•  ইবলিসের সিজদা-অস্বীকার: সূরা আল-আ'রাফ ৭:১২ — api.alquran.cloud — CONFIRMED। «সর্বত্র সেজদার প্রস্তাব» — তাফসীরের বর্ণনা; মূল বই-পৃষ্ঠা মেলানো হয়নি — «বর্ণিত আছে» / PAGE-CHECK।
B1-C00053,1173,ATTRIBUTION_ONLY,UNSPECIFIED,ATTRIBUTION_FORMULA,,E-00053,PAGE-CHECK,REF-020,,•  শো'বার কাহিনী — শ্রোতা ০৪-এ জনির নোট; মূল উৎস মেলানো হয়নি — «বর্ণিত আছে»।
B1-C00054,1174,QURAN,QURAN,QURAN_REF,QUR-18-50,E-00054,VERIFIED,,,•  শো'বার কাহিনীর «শয়তানের বংশধর»-এর আয়াত: সূরা আল-কাহফ ১৮:৫০ («أَفَتَتَّخِذُونَهُ وَذُرِّيَّتَهُ أَوْلِيَاءَ») — api.alquran.cloud — CONFIRMED (REV1)।
B1-C00055,1248,QURAN,QURAN,QURAN_REF,QUR-14-22,E-00055,VERIFIED,,,"•  সূরা ইবরাহীম ১৪:২২ (শয়তানের ভাষণ, «فلا تلوموني ولوموا أنفسكم», «ما أنا بمصرخكم», «إن الظالمين لهم عذاب أليم») — api.alquran.cloud — CONFIRMED। দৃশ্যের মানুষগুলোর সংলাপ জনির কল্পনা-দৃশ্য, আয়াতের ব্যাখ্যা।"
B1-C00056,1249,SOURCE_BLOCK_NOTE,UNSPECIFIED,NARRATIVE_ONLY,,E-00056,PAGE-CHECK,,,•  «সিনেমার টিকিট/মসজিদের ডাক» — শ্রোতা ০৪-এ জনির নোট; হাদীস-দাবি নয়।
B1-C00057,1333,QURAN,QURAN,QURAN_REF,QUR-2-2|QUR-13-28|QUR-107-4,E-00057,VERIFIED,,,"•  সূরা আল-বাকারা ২:২, সূরা আর-রা'দ ১৩:২৮, সূরা আল-মাউন ১০৭:৪–৫ — api.alquran.cloud — CONFIRMED।"
B1-C00058,1334,SHIA_NARRATION,SHIA,NAMED_SOURCE,,E-00058,EDITION-LOCK,REF-021,YES,"•  ইমাম বাকির (আলাইহিস্ সালাম): «من كان لله مطيعا فهو لنا ولي… وما تنال ولايتنا إلا بالعمل والورع» — আল-কাফি, কিতাবুল ঈমান ওয়াল কুফর, বাবুত তাআ ওয়াত তাকওয়া — PAGE-CHECK (খণ্ড-পৃষ্ঠা মেলানো বাকি)।"
B1-C00059,1335,SUNNI_NARRATION,SUNNI,NAMED_SOURCE,,E-00059,PAGE-CHECK,REF-022,,•  «الجنة طيبة لا يدخلها إلا الطيب» — উৎস মেলেনি; «সহিহ মুসলিম» নাম PRINT BLOCKED।
B1-C00060,1336,SOURCE_BLOCK_NOTE,UNSPECIFIED,NARRATIVE_ONLY,,E-00060,PAGE-CHECK,,,"•  ২০১৪-এর চাঁদ: ২৮ জুন সন্ধ্যায় দেখা, ১ রমজান = ২৯ জুন (STORY_LOCKS, S-173)।"
B1-C00061,1423,SUNNI_NARRATION,SUNNI,NAMED_SOURCE,,E-00061,PAGE-CHECK,,,"“ইমাম জাফর আস-সাদিক (আলাইহিস্ সালাম)-কে মুহাম্মাদ ইবনে মুসলিম জিজ্ঞেস করেছিলেন, ‘সাবআ মাসানি আর মহান কুরআন, এটা কি ফাতিহা?’ ইমাম বললেন, ‘হ্যাঁ।’ তিনি আবার জিজ্ঞেস করলেন, ‘বিসমিল্লাহির রাহমানির রাহিম কি এই সাতের একটি?’ ইমাম বললেন—”"
B1-C00062,1442,ATTRIBUTION_ONLY,UNSPECIFIED,ATTRIBUTION_FORMULA,,E-00062,CONFLICT,REF-023,YES,"“নিজেরাই। তাঁরা জানতেন, বিসমিল্লাহ ছাড়লে নামাজের একটা অংশ চুরি হয়ে যায়।” বুরুল্লাহ একটু থামল। “ইমাম মুহাম্মাদ আল-বাকির (আলাইহিস্ সালাম)-এর একটি কথা তাফসীরের কিতাবে বর্ণিত আছে: ‘তারা আল্লাহর কিতাবের সবচেয়ে সম্মানিত আয়াত চুরি করেছে, বিসম"
B1-C00063,1445,SHIA_NARRATION,SHIA,NAMED_SOURCE,,E-00063,CONFLICT,REF-024,YES,"“আল-কাফিতে ইমাম সাদিক (আলাইহিস্ সালাম) থেকে আছে, বিসমিল্লাহর ‘বা’ হলো আল্লাহর ‘বাহা’, তাঁর সৌন্দর্য, তাঁর জ্যোতি। এটা হাদিস।” সে গলা নামাল। “আর আমাদের বুজুর্গদের মুখে শুনেছি, বর্ণিত আছে, সেই ‘বা’-এর নিচের বিন্দু হলেন আলী (আলাইহিস্ সালাম)। এ"
B1-C00064,1464,ATTRIBUTION_ONLY,UNSPECIFIED,ATTRIBUTION_FORMULA,,E-00064,CONFLICT,REF-025,YES,"“হাসার মতোই শব্দ,” বুরুল্লাহও হাসল। “কিন্তু কথাটা কাঁদার মতো। বর্ণিত আছে, রাসূলুল্লাহ ﷺ বলেছেন: হে আমার উম্মতীরা তোমরা আমার উপর লেজ কাটা দরূদ পড়বে না। তখন সাহাবীরা বলল লেজকাটা দরূদ কি? তখন রাসূলুল্লাহ ﷺ বললেন, ‘আল্লাহুম্মা সাল্লে আলা মুহাম"
B1-C00065,1465,SHIA_NARRATION,SHIA,NAMED_SOURCE,,E-00065,EDITION-LOCK,,YES,"“আল-কাফিতেও আছে,” সে যোগ করল। “ইমাম সাদিক (আলাইহিস্ সালাম) বলেছেন, তাঁর আব্বা ইমাম বাকির (আলাইহিস্ সালাম) কাবার গিলাফ ধরে থাকা এক লোককে শুনলেন, সে বলছে শুধু ‘আল্লাহুম্মা সাল্লি আলা মুহাম্মাদ’। ইমাম তাকে বললেন, ‘হে আল্লাহর বান্দা, একে কেটে ফ"
B1-C00066,1519,SHIA_NARRATION,SHIA,NAMED_SOURCE,,E-00066,EDITION-LOCK,,YES,"“আল-কাফিতে ইমাম বাকির (আলাইহিস্ সালাম)-এর একটা কথা আছে,” বুরুল্লাহ বলল, যেন রাহাতের মনের কথা শুনে ফেলেছে। “ইমাম বলেছেন, কেউ যদি সারা রাত নামাজে দাঁড়িয়ে থাকে, সারা দিন রোযা রাখে, সব সম্পদ দান করে দেয়, সারা জীবন হজ করে, কিন্তু আল্লাহর ওলীর"
B1-C00067,1531,SHIA_NARRATION,SHIA,NAMED_SOURCE,,E-00067,EDITION-LOCK,,YES,"“‘আর বলো, তোমরা আমল করো। আল্লাহ তোমাদের আমল দেখবেন, তাঁর রাসূল দেখবেন, আর মুমিনরা দেখবেন।’ আল-কাফিতে একটা পুরো অধ্যায় আছে, আমল রাসূলুল্লাহ ﷺ আর ইমামদের সামনে পেশ করা হয়। সেখানে ইমামগণ বলেছেন, এই আয়াতের ‘মুমিনরা’ হলাম আমরা। মানে, প্রতিদিন"
B1-C00068,1543,SHIA_NARRATION,SHIA,NAMED_SOURCE,,E-00068,EDITION-LOCK,,YES,"“না, রাকিকা। ওভাবে কোনো হাদিস আমি পাইনি। ওটা অন্য জায়গার কথা, পীরদের মুখে শোনা একটা বাক্যের ছাঁচে বানানো। আমি যা বললাম, সেটা আমার নিজের বোঝা, আর তার নিচে যে ভিত, সেগুলো তোমার সামনে রাখলাম: সূরা যুখরুফের আয়াত, সূরা তাওবার আয়াত আর আমল পেশ "
B1-C00069,1553,PROSE_ATTRIBUTION,UNSPECIFIED,NARRATIVE_ONLY,,E-00069,PAGE-CHECK,,,"“ঘরের ভেতর না, রাকিকা। আরও ভেতরে।” বুরুল্লাহ কবজিটা আবার আলোয় ধরল। “রাসূলুল্লাহ ﷺ বলেছেন, শয়তান আদম সন্তানের ভেতরে চলে রক্ত চলার পথে। এই শিরায় শিরায়।” সে আঙুল দিয়ে একটা শিরা ছুঁল। “এখন বলো, ফয়সাল, আমি যদি শয়তানকে বের করতে এই শিরাগুলো"
B1-C00070,1570,ATTRIBUTION_ONLY,UNSPECIFIED,ATTRIBUTION_FORMULA,,E-00070,PAGE-CHECK,REF-026,,“চেনা থেকে। আমিরুল মুমিনীন আলী (আলাইহিস্ সালাম) থেকে বর্ণিত আছে—
B1-C00071,1581,SHIA_NARRATION,SHIA,NAMED_SOURCE,,E-00071,EDITION-LOCK,,YES,বুরুল্লাহ উঠে গিয়ে তাক থেকে নাহজুল বালাগা নামাল। পাতাগুলো বহু ব্যবহারে নরম। প্রথম খুতবা।
B1-C00072,1589,ATTRIBUTION_ONLY,UNSPECIFIED,ATTRIBUTION_FORMULA,,E-00072,CONFLICT,REF-027,YES,"“বর্ণিত আছে, আল্লাহ সবার আগে সৃষ্টি করেছেন মুহাম্মাদ ও আলে মুহাম্মাদের নূর। বাকি সব সৃষ্টি তার পরে। যিনি আগে ছিলেন, তিনিই দেখেছেন পরে কী হলো। আল্লাহ সৃষ্টি করেছেন, তাঁরা সাক্ষী ছিলেন, আর তাঁরাই আমাদের শেখান।” বুরুল্লাহ বইটা বন্ধ করল। “তাই আ"
B1-C00073,1592,SHIA_NARRATION,SHIA,NAMED_SOURCE,,E-00073,EDITION-LOCK,,YES,"“আরেকটা কথা না বললে আজকের কথা অপূর্ণ থাকে,” সে বলল। “আল-কাফিতে রাসূলুল্লাহ ﷺ থেকে আছে: যে মারা গেল আর তার ওপর কোনো ইমাম নেই, তার মৃত্যু জাহেলিয়াতের মৃত্যু। মীতাতান জাহিলিয়্যাহ। আরেক বর্ণনায় ইমামকে জিজ্ঞেস করা হলো, কোন জাহেলিয়াত? ইমাম বল"
B1-C00074,1601,SHIA_NARRATION,SHIA,NAMED_SOURCE,,E-00074,EDITION-LOCK,,YES,"আল-কাফিতে ইমাম জাফর আস-সাদিক (আলাইহিস্ সালাম) এই আয়াতের ব্যাখ্যা দিয়েছেন। মিশকাত, যে দীপাধারে আলো রাখা থাকে, তিনি হলেন মা সাইয়্যিদা ফাতিমাতুয্ যাহরা (আলাইহাস্ সালাম)। প্রদীপ ইমাম হাসান (আলাইহিস্ সালাম)। কাচ ইমাম হুসাইন (আলাইহিস্ সালাম)। "
B1-C00075,1636,PROSE_ATTRIBUTION,UNSPECIFIED,NARRATIVE_ONLY,,E-00075,PAGE-CHECK,REF-028,,"এই অধ্যায়ের দেখা ও শোনা তাহারা সেন্টারের রুহানি অভিজ্ঞতা; আয়াত ও হাদিসের সূত্র নিচে। যেখানে খণ্ড বা পৃষ্ঠার পাশে PAGE-CHECK লেখা, সেখানে পাঠ মিলেছে, কিন্তু ছাপা কপিতে পৃষ্ঠা মেলানো বাকি।"
B1-C00076,1637,QURAN,QURAN,QURAN_REF,QUR-1-1|QUR-2-257|QUR-5-55|QUR-9-105|QUR-15-87|QUR-17-71|QUR-24-35|QUR-29-45|QUR-35-10|QUR-43-36|QUR-62-11,E-00076,VERIFIED,,,"•  কুরআনের আরবি পাঠ: api.alquran.cloud (quran-uthmani, হাফস/কুফি গণনা)। ব্যবহৃত আয়াত: ১:১, ২:২৫৭ (মর্ম), ৫:৫৫, ৯:১০৫, ১৫:৮৭, ১৭:৭১, ২৪:৩৫, ২৯:৪৫, ৩৫:১০, ৪৩:৩৬, ৬২:১১। কুফি গণনায় বিসমিল্লাহ ফাতিহার ১ নম্বর আয়াত, আর «সিরাতাল্লাযীনা… ওয়ালা"
B1-C00077,1638,SUNNI_NARRATION,SUNNI,NAMED_SOURCE,,E-00077,EDITION-LOCK,,YES,"•  বাংলা ছাপা (অংশ ২৭): কানযুল ঈমান ও নূরুল ইরফান, বঙ্গানুবাদ মাওলানা মুহাম্মদ আবদুল মান্নান (ইমাম আহমদ রেযা রিসার্চ একাডেমি, চট্টগ্রাম), পারা ১, পৃ. ৪–৫: বিসমিল্লাহ নম্বরহীন শিরোনাম, ১ = «সমস্ত প্রশংসা আল্লাহর», শেষ আয়াত ৬ ও ৭-এ ভাগ। তুলন"
B1-C00078,1639,SUNNI_NARRATION,SUNNI,NAMED_SOURCE,,E-00078,PAGE-CHECK,REF-029,,"•  বিসমিল্লাহ সাতের একটি ও সর্বশ্রেষ্ঠ (অংশ ৩২–৩৩): মুহাম্মাদ ইবনে মুসলিম, ইমাম সাদিক (আলাইহিস্ সালাম) থেকে: «…بسم الله الرحمن الرحيم من السبع؟ قال: نعم، هي أفضلهنّ»। শেখ তূসী, তাহযীবুল আহকাম, খণ্ড ২, পৃ. ২৮৯, হাদিস ১১৫৭ (PAGE-CHECK); তাফসী"
B1-C00079,1640,SHIA_NARRATION,SHIA,NAMED_SOURCE,SRC-al-Kafi-3|SRC-al-Kafi-3,E-00079,EDITION-LOCK,REF-030,YES,"•  ফাতিহা ও সূরা দুটোর সঙ্গেই বিসমিল্লাহ (অংশ ৩৫): আল-কাফি, খণ্ড ৩, কিতাবুস সালাত, বাবু কিরাআতিল কুরআন, হাদিস ১, মুয়াবিয়া ইবনে আম্মার থেকে; মজলিসী: সহিহ। https://thaqalayn.net/hadith/3/4/21/1 (ছাপা পৃষ্ঠা PAGE-CHECK)।"
B1-C00080,1641,SUNNI_NARRATION,SUNNI,NAMED_SOURCE,,E-00080,PAGE-CHECK,REF-031,,"•  «أسرقتَ الصلاة أم نسيت؟» (অংশ ৪৩–৪৫): আল-হাকিম, আল-মুস্তাদরাক আলাস সহিহাইন, কিতাবুল ইমামা ওয়া সালাতিল জামাআ, খণ্ড ১ (হাকিম: মুসলিমের শর্তে সহিহ), আনাস ইবনে মালিক থেকে। পাঠ অনুযায়ী মুয়াবিয়া ফাতিহার আগে বিসমিল্লাহ পড়েছিলেন, পরের সূরার"
B1-C00081,1642,SHIA_NARRATION,SHIA,NAMED_SOURCE,SRC-Bihar_al-Anwar-85|SRC-Bihar_al-Anwar-20|SRC-Bihar_al-Anwar-85|SRC-Bihar_al-Anwar-20,E-00081,CONFLICT,REF-032,YES,"•  «তারা আল্লাহর কিতাবের সবচেয়ে সম্মানিত আয়াত চুরি করেছে» (অংশ ৪৭): আবু হামযা, ইমাম বাকির (আলাইহিস্ সালাম) থেকে: «سرقوا أكرم آية في كتاب الله: بسم الله الرحمن الرحيم»। তাফসীরে আইয়াশি (সনদবিহীন, মুরসাল), বিহারুল আনওয়ার (বৈরুত/ওয়াফা) খণ্"
B1-C00082,1643,SHIA_NARRATION,SHIA,NAMED_SOURCE,SRC-al-Kafi-1|SRC-al-Kafi-114|SRC-al-Kafi-1|SRC-al-Kafi-114,E-00082,CONFLICT,REF-033,YES,"•  «বা» (অংশ ৫০): «الباء بهاء الله، والسين سناء الله، والميم مجد الله», ইমাম সাদিক (আলাইহিস্ সালাম), আল-কাফি, খণ্ড ১, কিতাবুত তাওহীদ, পৃ. ১১৪, হাদিস ১ (PAGE-CHECK)। «আমি বা-এর নিচের বিন্দু» কথাটি পরবর্তী যুগের ইরফানি গ্রন্থে (রজব বুরসি, মাশ"
B1-C00083,1644,SHIA_NARRATION,SHIA,NAMED_SOURCE,SRC-al-Kafi-2|SRC-al-Kafi-2|SRC-al-Amali-36|SRC-al-Amali-12|SRC-al-Amali-36|SRC-al-Amali-12,E-00083,CONFLICT,REF-034,YES,"•  দরুদ কেটে না ফেলা (অংশ ৬৯): আল-কাফি, খণ্ড ২, কিতাবুদ দুআ, বাবুস সালাতি আলান নাবিয়্যি ওয়া আহলি বাইতিহি, হাদিস ২১: «يَا عَبْدَ الله لا تَبْتُرْهَا لا تَظْلِمْنَا حَقَّنَا قُلِ اللهمَّ صَلِّ عَلَى مُحَمَّدٍ وَأَهْلِ بَيْتِهِ»। https://tha"
B1-C00084,1645,SOURCE_BLOCK_NOTE,UNSPECIFIED,NARRATIVE_ONLY,,E-00084,PAGE-CHECK,,,"•  «ওয়া আ-লি» আর «ওয়ালা» (অংশ ৬৪): আরবি ব্যাকরণ। «وَ» = এবং; «آلِ» (দীর্ঘ আ) = পরিবার, «على»-এর অধীনে «محمد»-এর সঙ্গে যুক্ত; টান কেটে «وَلا» হলে অর্থ «এবং না»।"
B1-C00085,1646,SHIA_NARRATION,SHIA,NAMED_SOURCE,SRC-al-Kafi-2|SRC-al-Kafi-2,E-00085,CONFLICT,REF-035,YES,"•  আমলের সওয়াবে বেলায়াতের শর্ত (অংশ ৯৮): আল-কাফি, খণ্ড ২, কিতাবুল ঈমান ওয়াল কুফর, বাবু দাআইমিল ইসলাম, হাদিস ৫, যুরারা, ইমাম বাকির (আলাইহিস্ সালাম) থেকে; মজলিসী: সহিহ (মিরআতুল উকুল ৭/১০২): «…لَوْ أَنَّ رَجُلاً قَامَ لَيْلَهُ وَصَامَ نَهَا"
B1-C00086,1647,QURAN,SHIA,QURAN_REF,SRC-al-Kafi-1|SRC-al-Kafi-1|QUR-9-105,E-00086,VERIFIED,REF-036,,"•  আমল ইমামদের সামনে পেশ (অংশ ১০৭): আল-কাফি, খণ্ড ১, কিতাবুল হুজ্জাহ, বাবু আরদিল আমাল আলান নাবিয়্যি ওয়াল আইম্মা, ৯:১০৫-এর «والمؤمنون» = ইমামগণ; খণ্ড ১, পৃ. ২১৯–২২০ (PAGE-CHECK)।"
B1-C00087,1648,MIXED_CITATION,SHIA|SUNNI,NAMED_SOURCE,SRC-al-Kafi-1|SRC-al-Kafi-1,E-00087,CONFLICT,REF-037,YES,"•  «من أصبح من هذه الأمة لا إمام له…» (অংশ ১১৫): আল-কাফি, খণ্ড ১, কিতাবুল হুজ্জাহ, বাবু মারিফাতিল ইমাম ওয়ার রাদ্দি ইলাইহি, হাদিস ৮, মুহাম্মাদ ইবনে মুসলিম, ইমাম বাকির (আলাইহিস্ সালাম) থেকে; পৃ. ১৮৩–১৮৪ (PAGE-CHECK)। পাঠ দেখা হয়েছে: https:/"
B1-C00088,1649,SOURCE_BLOCK_NOTE,UNSPECIFIED,NARRATIVE_ONLY,,E-00088,PAGE-CHECK,,,•  «যার ইমাম নেই শয়তান তার ইমাম» (অংশ ১১৪–১১৫): কোনো হাদিস-উৎস পাওয়া যায়নি; এটি «من لا شيخ له فشيخه الشيطان» বাক্যের ছাঁচ। অংশ ১১৩–১২০-এর শিক্ষা লেখকের নিজের উপলব্ধি।
B1-C00089,1650,QURAN,QURAN,QURAN_REF,QUR-7-16|QUR-4-119|QUR-17-62|QUR-17-64|QUR-12-53|QUR-91-9|QUR-79-40|QUR-45-23|QUR-25-43|QUR-89-27|QUR-2-34|QUR-7-11|QUR-38-71,E-00089,VERIFIED,,,"•  নফসের সিঁড়ির আয়াত (অংশ ১১৮–১২০ঢ), আরবি api.alquran.cloud থেকে: ৭:১৬–১৭, ৪:১১৯, ১৭:৬২, ১৭:৬৪, ১২:৫৩, ৯১:৯–১০, ৭৯:৪০–৪১, ৪৫:২৩, ২৫:৪৩, ৮৯:২৭–৩০; ইবলিসের সেজদা না করা: ২:৩৪, ৭:১১–১২, ৩৮:৭১–৭৬। আয়াতগুলো একসঙ্গে সাজানো লেখকের শিক্ষা; কোনো "
B1-C00090,1651,ATTRIBUTION_ONLY,UNSPECIFIED,ATTRIBUTION_FORMULA,,E-00090,PAGE-CHECK,REF-038,,"•  «من عرف نفسه فقد عرف ربه» (অংশ ১২০ঝ): আমিরুল মুমিনীন আলী (আলাইহিস্ সালাম)-এর বাণী হিসেবে আমিদির গুরারুল হিকাম ওয়া দুরারুল কালিম-এ, নং ৪৬৪১ (PAGE-CHECK; সূত্র-আলোচনা: https://ar.wikishia.net/view/حديث_من_عرف_نفسه)। সনদ নিয়ে মতভেদ আছে, ত"
B1-C00091,1652,SUNNI_NARRATION,SUNNI,NAMED_SOURCE,HAD-MUSLIM-2985|HAD-MUSLIM-2985,E-00091,PAGE-CHECK,,,"•  শরিকের আমল (অংশ ১১৩): সহিহ মুসলিম, হাদিস ২৯৮৫, আবু হুরায়রা থেকে, হাদিসে কুদসি। https://hadeethenc.com/en/browse/hadith/3342"
B1-C00092,1653,SUNNI_NARRATION,SUNNI,NAMED_SOURCE,HAD-MUSLIM-2175|HAD-MUSLIM-2175,E-00092,CONFLICT,REF-039,YES,"•  শয়তান রক্তের পথে চলে (অংশ ১১৮): «إن الشيطان يجري من ابن آدم مجرى الدم», সহিহ বুখারী (সাফিয়্যার ঘটনা; যেমন হাদিস ৭১৭১) ও সহিহ মুসলিম, হাদিস ২১৭৫ (নম্বর PAGE-CHECK)। https://hadithprophet.com/hadith-37589.html"
B1-C00093,1654,SHIA_NARRATION,SHIA,NAMED_SOURCE,SRC-Nahj_al-Balagha-123|SRC-Nahj_al-Balagha-123,E-00093,EDITION-LOCK,REF-040,YES,"•  নাহজুল বালাগা, প্রথম খুতবা (অংশ ১২৩): «أَوَّلُ الدِّينِ مَعْرِفَتُهُ، وَكَمَالُ مَعْرِفَتِهِ التَّصْدِيقُ بِهِ، وَكَمَالُ التَّصْدِيقِ بِهِ تَوْحِيدُهُ» ও «أَنْشَأَ الْخَلْقَ إِنْشَاءً، وَابْتَدَأَهُ ابْتِدَاءً، بِلَا رَوِيَّةٍ أَجَالَهَ"
B1-C00094,1655,ATTRIBUTION_ONLY,UNSPECIFIED,ATTRIBUTION_FORMULA,,E-00094,CONFLICT,REF-041,YES,•  নূরের প্রথম সৃষ্টি (অংশ ১২৬): «বর্ণিত আছে»; সনদসহ উৎস এই অধ্যায়ে দেওয়া হয়নি।
B1-C00095,1656,SHIA_NARRATION,SHIA,NAMED_SOURCE,SRC-al-Kafi-1|SRC-al-Kafi-1|SRC-Bihar_al-Anwar-23|SRC-Bihar_al-Anwar-76|SRC-Bihar_al-Anwar-23|SRC-Bihar_al-Anwar-76,E-00095,EDITION-LOCK,,YES,"•  জাহেলিয়াতের মৃত্যু (অংশ ১২৮): আল-কাফি, খণ্ড ১, কিতাবুল হুজ্জাহ, বাবু মান মাতা ওয়া লাইসা লাহু ইমামুন মিন আইম্মাতিল হুদা: হাদিস ১ «مَنْ مَاتَ وَلَيْسَ عَلَيْهِ إِمَامٌ فَمِيتَتُهُ مِيتَةُ جَاهِلِيَّةٍ», https://thaqalayn.net/hadith/1/4/8"
B1-C00096,1657,SHIA_NARRATION,SHIA,NAMED_SOURCE,SRC-al-Kafi-1|SRC-al-Kafi-1,E-00096,EDITION-LOCK,REF-042,YES,"•  আয়াতুন নূরের ব্যাখ্যা (অংশ ১৩৫–১৩৭): আল-কাফি, খণ্ড ১, কিতাবুল হুজ্জাহ, বাবু আন্নাল আইম্মাতা নূরুল্লাহ, হাদিস ৫, সালিহ ইবনে সাহল, ইমাম সাদিক (আলাইহিস্ সালাম) থেকে: «كَمِشْكاةٍ فَاطِمَةُ… فَاطِمَةُ كَوْكَبٌ دُرِّيٌّ بَيْنَ نِسَاءِ أَهْلِ "
B1-C00097,1658,SHIA_NARRATION,SHIA,NAMED_SOURCE,SRC-al-Kafi-3|SRC-al-Kafi-3|SRC-al-Kafi-3|SRC-al-Kafi-3,E-00097,EDITION-LOCK,,YES,"•  ঈদে আগে নামাজ, পরে খুতবা; পরে উল্টানো (অংশ ১৪৪–১৪৬): আল-কাফি, খণ্ড ৩, বাবু সালাতিল ঈদাইন, হাদিস ৩ (মজলিসী: বাহ্যত সহিহ): «…وَالْخُطْبَةُ بَعْدَ الصَّلاَةِ إِنَّمَا أَحْدَثَ الْخُطْبَةَ قَبْلَ الصَّلاَةِ عُثْمَانُ…», https://thaqalayn.net"
B1-C00098,1659,SUNNI_NARRATION,SUNNI,NAMED_SOURCE,HAD-MUSLIM-2408|HAD-TIRMIDHI-3786|HAD-TIRMIDHI-3786,E-00098,CONFLICT,REF-043,YES,"•  সাকালাইনের (কিতাবুল্লাহ ও আহলে বাইত) সুন্নি পাঠ: জামে তিরমিযি, হাদিস ৩৭৮৬ (জাবির ইবনে আবদিল্লাহ, আরাফার খুতবা): «تركت فيكم ما إن أخذتم به لن تضلوا كتاب الله وعترتي أهل بيتي»; তিরমিযি: হাসান গরিব; মান নিয়ে মতভেদ আছে (আলবানী সহিহ, শুআইব/ব"
B1-C00099,1660,SOURCE_BLOCK_NOTE,UNSPECIFIED,NARRATIVE_ONLY,,E-00099,CONFLICT,REF-044,YES,"•  ঈদের খুতবা নামাজের পরে: সহিহ বুখারী ৯৫৬ (আবু সাঈদ খুদরি; মারওয়ান আগে খুতবা দিলেন, «غيرتم والله») ও ৯৫৭ (ইবনে উমর: «يصلي في الأضحى والفطر ثم يخطب بعد الصلاة»)। অবস্থা: পাঠ খোলা ও মেলানো (আরবি পাঠ-সংস্করণে, sunnah.com ৪০৩); ছাপা পাতা PAGE"
B1-C00100,1661,QURAN,SUNNI,QURAN_REF,HAD-MUSLIM-863|HAD-MUSLIM-863|QUR-62-11,E-00100,CONFLICT,REF-045,YES,"•  ৬২:১১ ও বারোজন (অংশ ১৪৮): সহিহ বুখারী, হাদিস ৯৩৬ (জাবির): «…حَتَّى مَا بَقِيَ مَعَ النَّبِيِّ ﷺ إِلاَّ اثْنَا عَشَرَ رَجُلاً»; সহিহ মুসলিম (আবদুল বাকি ৮৬৩): খুতবার সময় (নম্বর PAGE-CHECK)।"
B1-C00101,1662,QURAN,QURAN,QURAN_REF,QUR-33-56|QUR-55-29,E-00101,VERIFIED,,,"•  দরুদ ও আল্লাহর চলমান কাজ (অংশ ১৭ক–১৭থ): ৩৩:৫৬ ও ৫৫:২৯, আরবি api.alquran.cloud (quran-uthmani) থেকে। «আল্লাহ নিজে যে কাজ করছেন, দরুদে আমরা তাতে যোগ দিই» শিক্ষাটি লেখকের নিজের উপলব্ধি (S-122)।"
B1-C00102,1663,SHIA_NARRATION,SHIA,NAMED_SOURCE,SRC-al-Kafi-2|SRC-al-Kafi-2,E-00102,EDITION-LOCK,,YES,"•  «لا يزال الدعاء محجوبا حتى يصلى على محمد وآل محمد» (অংশ ১৭ঠ): আল-কাফি, খণ্ড ২, কিতাবুদ দুআ, বাবুস সালাতি আলান নাবিয়্যি ওয়া আহলি বাইতিহি, হাদিস ১, হিশাম ইবনে সালিম, ইমাম সাদিক (আলাইহিস্ সালাম) থেকে। https://thaqalayn.net/hadith/2/2/20/1"
B1-C00103,1664,SHIA_NARRATION,SHIA,NAMED_SOURCE,SRC-al-Kafi-2|SRC-al-Kafi-16|SRC-al-Kafi-2|SRC-al-Kafi-16,E-00103,EDITION-LOCK,,YES,"•  «إن الله عز وجل أكرم من أن يقبل الطرفين ويدع الوسط» (অংশ ১৭ঠ): আল-কাফি, খণ্ড ২, একই বাব, হাদিস ১৬, ইমাম সাদিক (আলাইহিস্ সালাম) থেকে (সনদ মুরসাল: «عن رجاله»)। https://thaqalayn.net/hadith/2/2/20/16"
B1-C00104,1665,SHIA_NARRATION,SHIA,NAMED_SOURCE,SRC-Bihar_al-Anwar-27|SRC-Bihar_al-Anwar-27,E-00104,CONFLICT,REF-046,YES,"•  রুকন ও মাকামের মাঝে ইবাদত, বেলায়াত ছাড়া (অংশ ১৭ঢ): ইমাম যাইনুল আবেদীন (আ.) থেকে আবু হামযা সুমালির বর্ণনা। পাঠ নেওয়া হয়েছে বিহারুল আনওয়ার, খণ্ড ২৭ (মুয়াসসাসাতুল ওয়াফা, বৈরুত), বাব ৭ «أنه لا تقبل الأعمال إلا بالولاية», হাদিস ১৬, পৃ."
B1-C00105,1666,SHIA_NARRATION,SHIA,NAMED_SOURCE,SRC-al-Kafi-2|SRC-al-Kafi-5|SRC-al-Kafi-2|SRC-al-Kafi-5,E-00105,EDITION-LOCK,,YES,"•  বেলায়াত ছাড়া ইবাদত (অংশ ১৭ঢ): অংশ ৯৮-এর সূত্র দেখুন (আল-কাফি ২, বাবু দাআইমিল ইসলাম, হাদিস ৫, সহিহ)। «ইবাদতের একটা শরীর আছে… প্রাণও আছে» বাক্যটি গ্রন্থ ১, দ্বিতীয় অংশ, অধ্যায় ১ থেকে নেওয়া।"
B1-C00106,1667,SUNNI_NARRATION,SUNNI,NAMED_SOURCE,SRC-Ibn_Saad_Tabaqat-3|SRC-Ibn_Saad_Tabaqat-24|SRC-Ibn_Saad_Tabaqat-3|SRC-Ibn_Saad_Tabaqat-24,E-00106,EDITION-LOCK,REF-047,YES,"•  ইবনে মুলজিম (অংশ ১৭ণ): ৪০ হিজরির ১৯ রমজান ভোরে কুফার মসজিদে আমিরুল মুমিনীন আলী (আলাইহিস্ সালাম)-কে আঘাত, সুপরিচিত ইতিহাস (যেমন শেখ মুফিদ, আল-ইরশাদ)। বাইয়াত, দুই-তিনবার ফিরিয়ে দেওয়া ও «أريد حياته ويريد قتلي»: আবুল ফারাজ ইসফাহানি, মাকাত"
B1-C00107,1668,SOURCE_BLOCK_NOTE,UNSPECIFIED,NARRATIVE_ONLY,,E-00107,PAGE-CHECK,,,"•  লেখকের পাণ্ডুলিপি: অংশ ৭–১৭ (মিরাজের সংযোগ), ৬২, ৬৬, ৬৮, ৭২ (দরুদ), ৭৫ (স্বপ্ন), ৭৭ (খাতা), ৮৪–৯২, ৯৫–৯৬।"
B1-C00108,1718,PROSE_ATTRIBUTION,UNSPECIFIED,NARRATIVE_ONLY,,E-00108,PAGE-CHECK,,,"“থাকুক কিছুক্ষণ। প্রশ্নটা ধরে রাখ।” বুরুল্লাহ কুরআন শরীফটা কোলে টেনে নিল, কিন্তু খুলল না। “আমি তোকে আমার মত দেব না, রাহাত। চারটা জিনিস সামনে রাখব, একটার পর একটা। আকাশ কী বলে। কুরআন কী বলে। রাসূলুল্লাহ ﷺ-এর হাদিস কী বলে। আর আমাদের ইমামগণ (আল"
B1-C00109,1732,SHIA_NARRATION,SHIA,NAMED_SOURCE,,E-00109,EDITION-LOCK,,YES,রাহাত নোটবুকে লিখল: ইলাল লাইল। রাত পর্যন্ত।
B1-C00110,1748,SUNNI_NARRATION,SUNNI,NAMED_SOURCE,,E-00110,PAGE-CHECK,,,“পরের মুসলিম অনুবাদকেরা?”
B1-C00111,1757,QURAN,QURAN,QURAN_REF,QUR-84-16,E-00111,VERIFIED,,,"“শপথ শাফাকের, সন্ধ্যার লাল আভার! আর রাতের, যখন সে যা কিছু আচ্ছাদিত করে।” (৮৪:১৬–১৭)"
B1-C00112,1762,QURAN,QURAN,QURAN_REF,QUR-76-25,E-00112,VERIFIED,,,"“আর সকালে ও সন্ধ্যায় তোমার রবের নাম স্মরণ করো। আর রাতের কিছু অংশে তাঁকে সিজদা করো, আর দীর্ঘ রাত ধরে তাঁর পবিত্রতা ঘোষণা করো।” (৭৬:২৫–২৬)"
B1-C00113,1765,QURAN,QURAN,QURAN_REF,QUR-2-187,E-00113,VERIFIED,,,"সূরা আল-বাকারা (২: ১৮৭)-এর নির্দেশ হলো, “. . . রাত পর্যন্ত রোযা পূর্ণ করো।” এই ‘রাত পর্যন্ত’ শব্দটি (إِلَى اللَّيْلِ) স্পষ্ট নির্দেশ করে যে, রোযার শেষ সময় সন্ধ্যা নয়, বরং রাতের আগমন।"
B1-C00114,1767,QURAN,QURAN,QURAN_REF,QUR-25-5|QUR-24-36|QUR-7-205,E-00114,VERIFIED,,,"রাহাত তার খাতার একটি কোনায় ছোট করে লিখল: ২৫:৫, ২৪:৩৬, ৭:২০৫।"
B1-C00115,1769,QURAN,QURAN,QURAN_REF,QUR-24-24,E-00115,VERIFIED,,,“আর ২৪:২৪?”
B1-C00116,1775,QURAN,QURAN,QURAN_REF,QUR-6-45,E-00116,VERIFIED,,,"“মনে কর তোর হাতে ঘড়ি নেই, আশেপাশে মাইকওয়ালা মসজিদ নেই। রোজা রেখেছিস, এমতাবস্থায় কি ঠিক ৬:৪৫ বা কাঁটায় কাঁটায় সময় ঠিক করে ইফতার করা সম্ভব? কোনোভাবেই সম্ভব নয়। কিন্তু কেউ যদি বলতে চায় যে, দুই মিনিটও বিলম্ব করলে ইহুদি-খ্রিস্টানদের অনুস"
B1-C00117,1810,SHIA_NARRATION,SHIA,NAMED_SOURCE,,E-00117,EDITION-LOCK,,YES,"পবিত্র কুরআনও বলে, “আতিম্মুছ ছিয়ামা ইলাল লাইল।” অর্থাৎ, “রাত্রি না আসা পর্যন্ত সিয়াম পূর্ণ করো।” এখান থেকে সুস্পষ্ট, কুরআন ও সুন্নাহতে ইফতারের প্রকৃত সময় হলো রাতের অন্ধকার, কেবল সূর্যাস্তের লাল আভা নয়।"
B1-C00118,1814,SHIA_NARRATION,SHIA,NAMED_SOURCE,,E-00118,EDITION-LOCK,,YES,"সে ভেতর থেকে একটি মোটা বই আনল। মলাটের কোনা ছেঁড়া, পাতার ফাঁকে ফাঁকে কাগজের টুকরো গোঁজা। আল-কাফি, রোযার অধ্যায়। একটি টুকরো ধরে পাতাটা খুলল। “পরে পেলাম এইটা। ইমাম জাফর আস-সাদিক (আলাইহিস্ সালাম)-এর কথা।”"
B1-C00119,1827,ATTRIBUTION_ONLY,UNSPECIFIED,ATTRIBUTION_FORMULA,,E-00119,CONFLICT,REF-048,YES,"“না। বিসাল হলো রাতকেও রোযার নিয়তে টেনে নেওয়া। এখানে রাত এসেছে, রোযা শেষ হয়ে গেছে। শুধু খাওয়া হয়নি। দুটো এক জিনিস নয়।” সে একটু হাসল। “আর বর্ণিত আছে, রাসূলুল্লাহ ﷺ পানি কিংবা খেজুর দিয়ে রোযা খুলতে বলেছেন। এক চুমুক পানি। একটা খেজুর।”"
B1-C00120,1832,SHIA_NARRATION,SHIA,NAMED_SOURCE,,E-00120,EDITION-LOCK,,YES,"বুরুল্লাহ রাহাতের খাতার পাতাটা আবার খুলল, আর আল-কাফির খোলা পাতাটা রাখল ঠিক তার পাশে। একদিকে আকাশের ঘড়ি, আরেকদিকে ইমামের কথা। দ্বিতীয় লাইনে আঙুল রাখল, সাতটা সাত। “পুবের লালিমা মাথার ওপর দিয়ে পার হয়ে যাওয়া। ফিকহের ন্যূনতম সীমা এটাই। এর আ"
B1-C00121,1899,SOURCE_BLOCK_NOTE,UNSPECIFIED,NARRATIVE_ONLY,,E-00121,PAGE-CHECK,,,"•  এই অধ্যায়ের শিক্ষার অংশ লেখকের নিজের লেখা থেকে নেওয়া: পাণ্ডুলিপির ইফতার অধ্যায় (অনুচ্ছেদ ৮৮৭৯–৯০১৫), «কুরআন ও হাদিসের আলোকে সেহরি ও ইফতারের সময়» (২০১২ সালের খসড়া ও ২০১৩ সালের লিফলেট), পাক্ষিক ফজর (খুলনা, ৩০ আগস্ট ২০০৮)-এ প্রকাশিত প্"
B1-C00122,1900,SOURCE_BLOCK_NOTE,UNSPECIFIED,NARRATIVE_ONLY,,E-00122,PAGE-CHECK,,,"•  মুয়াজ্জিনের ঘটনা সত্য ঘটনা, লেখকের নিজের বর্ণনা থেকে; বুরুল্লাহর আব্বা রাহাতের সফরের সময় জীবিত ছিলেন এবং গল্পটা নিজে বলেছেন।"
B1-C00123,1901,QURAN,QURAN,QURAN_REF,QUR-2-187|QUR-84-16|QUR-76-25|QUR-36-37|QUR-92-1|QUR-11-114|QUR-6-164|QUR-17-15,E-00123,VERIFIED,,,"•  আয়াত (আরবি পাঠ api.alquran.cloud, উসমানি পাঠ থেকে মিলিয়ে নেওয়া): সূরা আল-বাকারা ২:১৮৭; সূরা আল-ইনশিকাক ৮৪:১৬–১৭; সূরা আদ-দাহর ৭৬:২৫–২৬; সূরা ইয়াসীন ৩৬:৩৭; সূরা আল-লাইল ৯২:১; সূরা হূদ ১১:১১৪। «প্রত্যেকে নিজের কর্মের দায়ভার বহন করবে» "
B1-C00124,1902,QURAN,QURAN,QURAN_REF,QUR-25-5|QUR-24-36|QUR-7-205|QUR-24-24,E-00124,VERIFIED,,,"•  কুরআনে রাতের শব্দ: ليل ৮০ বার, ليلة ৮ বার, ليال ৪ বার, মোট ৯২ বার (api.alquran.cloud-এর পাঠ থেকে গোনা)। লিফলেটের «১৬২» সংখ্যাটি এখানে সংশোধিত। ২৫:৫, ২৪:৩৬ ও ৭:২০৫-এ সকাল-সন্ধ্যার শব্দ আছে (بُكْرَةً وَأَصِيلًا, بِٱلْغُدُوِّ وَٱلْءَاصَالِ)"
B1-C00125,1903,SUNNI_NARRATION,SUNNI,NAMED_SOURCE,,E-00125,PAGE-CHECK,,,"•  গিরিশচন্দ্র সেনের অনুবাদ: ৩য় (সংশোধিত) সংস্করণের পুনর্মুদ্রণ, ঝিনুক পুস্তিকা, ঢাকা, «অতঃপর সন্ধ্যা পর্য্যন্ত রোজা পূর্ণ কর» (archive.org: in.ernet.dli.2015.356313); ৪র্থ সংস্করণ, ১৯৩৬, নববিধান পাবলিকেশন কমিটি, কলিকাতা, «অতঃপর সায়ংকাল প"
B1-C00126,1904,ATTRIBUTION_ONLY,UNSPECIFIED,ATTRIBUTION_FORMULA,SRC-HADITH-694|SRC-HADITH-1815,E-00126,CONFLICT,REF-049,YES,"•  উমর ও উসমানের ইফতার: মুয়াত্তা ইমাম মালিক, কিতাবুস সিয়াম (লেখকের ব্যবহৃত বাংলা সংস্করণে ১ম খণ্ড, পৃ. ২৩৯, হাদীস ৬৯৪)। «যখন পূর্ব দিক থেকে অন্ধকার আসে…»: সহীহ বুখারী, কিতাবুস সাওম, উমর ইবনুল খাত্তাবের সূত্রে (লেখকের ব্যবহৃত আধুনিক প্রকাশ"
B1-C00127,1905,SOURCE_BLOCK_NOTE,UNSPECIFIED,NARRATIVE_ONLY,,E-00127,PAGE-CHECK,,,"•  আহলে বাইতের ফিকহে মাগরিবের সময়: আয়াতুল্লাহ সাইয়্যেদ আলী সিস্তানি, Islamic Laws (sistani.org), রুলিং ৭২২: পূর্ব আকাশের লালিমা মাথার ওপর দিয়ে পার না হওয়া পর্যন্ত মাগরিব না পড়া (বাধ্যতামূলক সতর্কতা হিসেবে)।"
B1-C00128,1906,SHIA_NARRATION,SHIA,NAMED_SOURCE,SRC-al-Kafi-4|SRC-al-Kafi-4,E-00128,EDITION-LOCK,,YES,"•  ইফতারের সময় নিয়ে ইমামগণের (আলাইহিমুস সালাম) হাদিস: আল-কাফি (শেখ কুলাইনি), কিতাবুস সিয়াম, «ইফতারের সময়» অধ্যায় (باب وقت الإفطار), হাদিস ১, ইমাম জাফর আস-সাদিক (আলাইহিস্ সালাম): কিবলামুখী দাঁড়িয়ে পূর্ব থেকে ওঠা লালিমা লক্ষ করা, তা মা"
B1-C00129,1907,SOURCE_BLOCK_NOTE,UNSPECIFIED,NARRATIVE_ONLY,,E-00129,PAGE-CHECK,,,"•  «ইচ্ছাকৃত ভঙ্গ» (অংশ ১৪৭) লেখকের নিজস্ব উপলব্ধি, মারজার ফতোয়া নয়। পাশে মারজার ফতোয়া: আয়াতুল্লাহ সাইয়্যেদ আলী সিস্তানির দপ্তরের আরবি প্রশ্নোত্তর «الصوم - وقت الإفطار»: ইফতারের সময় পূর্বাকাশের লালিমা দূর হওয়া (সতর্কতামূলক); এর আগে ই"
B1-C00130,1908,QURAN,QURAN,QURAN_REF,QUR-6-51|QUR-7-07|QUR-7-17|QUR-7-46|QUR-8-17,E-00130,VERIFIED,,,"•  গোধূলির সময় (যশোর, ২৩.১৭° উ, ৮৯.২১° পূ; রমজানের মাঝামাঝি একটি সন্ধ্যা, ১৪ জুলাই ২০১৪-এর হিসাব): NOAA সূর্য-অবস্থান অ্যালগরিদমে (Python astral) গোনা; সূর্যাস্ত ৬:৫১, সূর্য ৪° নিচে ৭:০৭, সিভিল গোধূলির শেষ (৬°) ৭:১৭, নটিক্যাল (১২°) ৭:৪৬, অ"
B1-C00131,1909,QURAN,QURAN,QURAN_REF,QUR-2-187,E-00131,VERIFIED,,,•  ২:১৮৭-এ «সাদা রেখা» ও «কালো রেখা»: الْخَيْطُ الْأَبْيَضُ / الْخَيْطِ الْأَسْوَدِ; খাইত শব্দের অর্থ সুতো।
B1-C00132,1910,SOURCE_BLOCK_NOTE,UNSPECIFIED,NARRATIVE_ONLY,,E-00132,PAGE-CHECK,,,"•  সওমে বিসাল (রাত পার করে রোযা জুড়ে দেওয়া) হারাম: Islamic Laws of Fasting, According to the Rulings of Grand Ayatullah al-Sayyid Ali al-Husseini al-Sistani, I.M.A.M. (Imam Mahdi Association of Marjaeya), 2022, অধ্যায় ৩ «Types of Fasting"
B1-C00133,1966,ATTRIBUTION_ONLY,UNSPECIFIED,ATTRIBUTION_FORMULA,,E-00133,CONFLICT,REF-050,YES,"আমি উৎসাহিত হয়ে বললাম, “ঠিক বলেছ, ফয়সাল। বর্ণিত আছে, ইমাম রেজা (আলাইহিস্ সালাম) বলেছেন: ‘আল্লাহ মহিমান্বিত ও পরাক্রমশালী, সাইয়্যিদা ফাতিমাতুয্ যাহরা (আলাইহাস্ সালাম)-এর মোহরানা (মাহর) হিসেবে পৃথিবীর এক-পঞ্চমাংশ নির্ধারণ করেছেন।’”"
B1-C00134,2017,FADAK,UNSPECIFIED,NARRATIVE_ONLY,,E-00134,PAGE-CHECK,,,"“এই আয়াত যখন নাজিল হলো,” বুরুল্লাহ বলল, “রাসূলুল্লাহ ﷺ জানতে চাইলেন, নিকটাত্মীয় কে, তার হক কী। আল্লাহ জানালেন, ফাদাক দিয়ে দাও ফাতিমাকে। ফাদাক মানে মদিনা থেকে দূরের একটা গ্রাম, খেজুরের বাগান। বিনা যুদ্ধে এসেছিল, তাই ওটা ছিল রাসূলুল্লাহ ﷺ-"
B1-C00135,2028,FADAK,UNSPECIFIED,NARRATIVE_ONLY,,E-00135,PAGE-CHECK,,,"ছেলেটি অভিজাত লোকটির হাত আরো শক্ত করে ধরে এবার বলতে লাগলো,“আল্লাহর কসম!! আমাদের সকলের মা, মা ফাতেমাতুজ্জোহরা (আলাইহাস্ সালাম) ফাদাকের সম্পত্তির জন্য দরবারে গিয়েছিল। তাকেও আমার মতো বলা হয়েছিল এ সামান্য ফাদাকের জন্য তুমি দরবারে এসেছো। অনেকে"
B1-C00136,2029,FADAK,UNSPECIFIED,NARRATIVE_ONLY,,E-00136,PAGE-CHECK,,,উত্তরে আমি এটাই বলবো ফাদাক ও আমার পেয়ারা তো বাহানা ছিল। আমি সারা জাহানকে দেখাতে চেয়েছি যারা ন্যায়বিচারক সেজে বসে আছেন তারা ভেতরে আসলে কি?? আর বাইরে কি?
B1-C00137,2040,FADAK,UNSPECIFIED,NARRATIVE_ONLY,,E-00137,PAGE-CHECK,,,"“লোকে এই প্রশ্ন তাঁকেও করেছিল।” বুরুল্লাহর গলা নেমে এল, যেন কারও কবরের পাশে দাঁড়িয়ে। “ইমাম আলী (আলাইহিস্ সালাম)-এর উত্তর ছিল হৃদয়বিদারক। তিনি বলেন, ‘আমার পূর্ববর্তী নেতারা জেনে শুনে মুহাম্মদ (সাল্লাল্লাহু আলাইহি ওয়া আলিহি ওয়া সাল্লাম)-"
B1-C00138,2041,FADAK,UNSPECIFIED,NARRATIVE_ONLY,,E-00138,PAGE-CHECK,,,ফাদাক। শব্দটা শুনে রাহাতের মুঠো আবার পাথরে চেপে বসল।
B1-C00139,2084,ATTRIBUTION_ONLY,UNSPECIFIED,ATTRIBUTION_FORMULA,,E-00139,CONFLICT,REF-051,YES,"তারপর তিনি ঘটনাটা বললেন। বর্ণিত আছে, রাসূলুল্লাহ ﷺ-এর একজন সাহাবি, হযরত আবু যার আল-গিফারী বলেন: “আমি একদিন রাসূলুল্লাহ ﷺ-এর সঙ্গে যোহরের সালাত আদায় করছিলাম। হঠাৎ একজন ভিক্ষুক মসজিদে প্রবেশ করল, কিন্তু কেউ তাকে সাহায্য করল না। সে দু’হাত তুল"
B1-C00140,2122,FADAK,UNSPECIFIED,NARRATIVE_ONLY,,E-00140,PAGE-CHECK,,,রাহাতের কানে বেজে উঠল পুকুরঘাটের সেই কথা। এ সামান্য ফাদাকের জন্য তুমি দরবারে এসেছো।
B1-C00141,2129,FADAK,UNSPECIFIED,NARRATIVE_ONLY,,E-00141,PAGE-CHECK,,,"“আম্মু,” রাহাত বলল। গলা থেকে শব্দটা ঠিকমতো বেরোল না। “আমার রক্তেই ফাদাক।”"
B1-C00142,2136,FADAK,UNSPECIFIED,NARRATIVE_ONLY,,E-00142,PAGE-CHECK,,,"“তোর ঘরের কথা জানতাম না,” বুরুল্লাহ বলল। “শুধু জানতাম, প্রায় সব ঘরেই কোথাও না কোথাও একটা ফাদাক চাপা পড়ে আছে। চল, নিচে চল। কাল ঈদ। কাল তোকে একটা গল্প বলব।”"
B1-C00143,2184,FADAK,UNSPECIFIED,NARRATIVE_ONLY,,E-00143,PAGE-CHECK,,,নূরুন আলা নূর। এক আলোর ওপর আরেক আলো। এক ইমামের পর আরেক ইমাম। রুকুতে বাড়ানো একটা হাত থেকে কারবালার মাটি পর্যন্ত। ফাদাকের খেজুরবাগান থেকে ব্রহ্মপুত্রের চরের একফালি ধানক্ষেত পর্যন্ত। একটা হক ফিরিয়ে দিলে অন্ধকার এক আঙুল সরে যায়।
B1-C00144,2190,SOURCE_BLOCK_NOTE,UNSPECIFIED,NARRATIVE_ONLY,,E-00144,PAGE-CHECK,REF-052,,•  তারাবি/তারবিহা = বিশ্রাম (ر-و-ح) — লিসানুল আরব — PAGE-CHECK।
B1-C00145,2191,SUNNI_NARRATION,SUNNI,NAMED_SOURCE,HAD-BUKHARI-1129|HAD-BUKHARI-761|HAD-BUKHARI-1129|HAD-BUKHARI-761|HAD-MUSLIM-761|HAD-MUSLIM-761|HAD-MUSLIM-4,E-00145,CONFLICT,REF-053,YES,"•  রাসূলুল্লাহ ﷺ রমজানের রাতে মসজিদে কয়েক রাত নামাজ, তারপর বন্ধ («خشيت أن تفرض عليكم») — বুখারি ১১২৯ / মুসলিম ৭৬১ (আয়েশা) — PAGE-CHECK (sunnah.com 403; বাহ্যিক যাচাই তালিকায়)।"
B1-C00146,2192,SUNNI_NARRATION,SUNNI,NAMED_SOURCE,HAD-BUKHARI-2010|HAD-BUKHARI-2010,E-00146,CONFLICT,REF-054,YES,•  উমর: «نعمت البدعة هذه» — বুখারি ২০১০ — PAGE-CHECK।
B1-C00147,2193,FADAK,SHIA,NAMED_SOURCE,SRC-al-Kafi-8|SRC-al-Kafi-8,E-00147,EDITION-LOCK,REF-055,YES,"•  ইমাম আলী (আলাইহিস্ সালাম): «আমি যদি ফাদাক ফিরিয়ে দিই… তারাবির বিদআত মুছে দিই…» — জনির খাতা ¶২৩২৭৮–২৩২৮৭ (JONY-VERBATIM); মূল: আল-কাফি, রাওদা (খ.৮, খুতবা «لو استوت قدماي») — PAGE-CHECK; ছাপার আগে খণ্ড-পৃষ্ঠা মেলাতে হবে।"
B1-C00148,2194,QURAN,QURAN,QURAN_REF,QUR-8-41|QUR-59-7|QUR-17-26|QUR-5-55|QUR-24-35|QUR-22-37|QUR-9-11,E-00148,VERIFIED,,,"•  কুরআনের সব আরবি api.alquran.cloud (quran-uthmani) থেকে নেওয়া: ৮:৪১ (অংশ ৪৪, প্রথম অংশ), ৫৯:৭ (অংশ ৮১, প্রথম অংশ), ১৭:২৬ (অংশ ৯৮), ৫:৫৫ (অংশ ১৫১), ২৪:৩৫ (অংশ ২৫০, প্রথম অংশ)। অংশ ৬৩-এর বাক্য ২২:৩৭-এর অর্থ, লেখকের খাতা থেকে। অংশ ১৬৩-এর উদ"
B1-C00149,2195,SHIA_NARRATION,SHIA,NAMED_SOURCE,SRC-al-Kafi-1|SRC-al-Kafi-1,E-00149,EDITION-LOCK,,YES,"•  খুমসের হাদিস «لا يحل لأحد أن يشتري من الخمس شيئا حتى يصل إلينا حقنا» (অংশ ৬৬–৬৭): আল-কাফি, খণ্ড ১, কিতাবুল হুজ্জাহ, বাব «الفيء والأنفال وتفسير الخمس», হাদিস ১৪, আবু বাসির, ইমাম বাকির (আলাইহিস্ সালাম) থেকে। https://thaqalayn.net/chapter/1"
B1-C00150,2196,QURAN,SUNNI,QURAN_REF,QUR-8-41,E-00150,VERIFIED,,,"•  ইবনে আব্বাস ও নজদার চিঠি (অংশ ৮৫–৮৭): ইবনে কাসির, তাফসির, ৮:৪১-এর ব্যাখ্যা, যেখানে তিনি জানান বর্ণনাটি সহিহ মুসলিম, আবু দাউদ, তিরমিজি ও নাসাঈতে আছে। «حتى الخيط والمخيط» (সুতো ও সূঁচ) একই পাতায় ইবনে কাসিরের নিজের কথা। https://quran.ksu.e"
B1-C00151,2197,FADAK,SHIA,QURAN_REF,SRC-al-Kafi-1|SRC-al-Kafi-1|QUR-17-26,E-00151,VERIFIED,,,"•  ফাদাক ও ১৭:২৬, ইমাম মূসা কাযিম (আলাইহিস্ সালাম)-এর বর্ণনা (অংশ ১০০–১০২): আল-কাফি, খণ্ড ১, কিতাবুল হুজ্জাহ, একই বাব, হাদিস ৫ (আলী ইবনে আসবাত)। https://thaqalayn.net/chapter/1/4/130 । লেখকের খাতায় বর্ণনাকারী হিসেবে ইমাম সাদিক (আলাইহিস্ সা"
B1-C00152,2198,FADAK,QURAN,QURAN_REF,QUR-17-26|QUR-17-26,E-00152,VERIFIED,,,"•  ইমাম যায়নুল আবেদীন (আলাইহিস্ সালাম) ও শামদেশীয় লোক (অংশ ১০২): তাবারি, জামিউল বায়ান, ১৭:২৬-এর ব্যাখ্যা। https://quran.ksu.edu.sa/tafseer/tabary/sura17-aya26.html । আয়াত নাজিলের পর রাসূলুল্লাহ ﷺ-এর ফাতিমা (আলাইহাস্ সালাম)-কে ফাদাক দেওয"
B1-C00153,2199,SOURCE_BLOCK_NOTE,UNSPECIFIED,NARRATIVE_ONLY,,E-00153,PAGE-CHECK,,,"•  «না, বরং আল্লাহই তাঁকে দান করেছেন» (অংশ ১০৩): আবান ইবনে তাগলিবের বর্ণনা হিসেবে লেখকের খাতায় আছে; মূল কিতাবে মেলানো যায়নি, তাই «বর্ণনায় আছে»।"
B1-C00154,2200,SHIA_NARRATION,SHIA,NAMED_SOURCE,SRC-al-Kafi-1|SRC-al-Kafi-1|SRC-al-Kafi-1|SRC-al-Kafi-1,E-00154,EDITION-LOCK,,YES,"•  «মানুষের হাতের ময়লা» (অংশ ১১৬): আমিরুল মুমিনীন আলী (আলাইহিস্ সালাম)-এর কথা, সুলাইম ইবনে কায়েসের সূত্রে, আল-কাফি, খণ্ড ১, একই বাব, হাদিস ১: «…وَلَمْ يَجْعَلْ لَنَا سَهْماً فِي الصَّدَقَةِ أَكْرَمَ الله نَبِيَّهُ وَأَكْرَمَنَا أَنْ يُطْع"
B1-C00155,2201,SHIA_NARRATION,SHIA,NAMED_SOURCE,SRC-al-Kafi-2|SRC-al-Kafi-2,E-00155,EDITION-LOCK,,YES,"•  বেলায়াত ছাড়া আমলের হাদিস (অংশ ১৩৫–১৩৬): আল-কাফি, খণ্ড ২, কিতাবুল ঈমান ওয়াল কুফর, বাবু দাআইমিল ইসলাম, হাদিস ৫, যুরারা, ইমাম বাকির (আলাইহিস্ সালাম) থেকে। https://thaqalayn.net/chapter/2/1/13"
B1-C00156,2202,QURAN,SHIA|SUNNI,QURAN_REF,SRC-al-Kafi-1|SRC-al-Kafi-1|QUR-5-55,E-00156,CONFLICT,REF-056,YES,"•  রুকুতে দান (অংশ ১৫৪–১৫৭): আংটির বর্ণনা তাবারি, জামিউল বায়ান, ৫:৫৫ (আস-সুদ্দি, উতবা ইবনে আবি হাকিম, মুজাহিদ থেকে)। https://quran.ksu.edu.sa/tafseer/tabary/sura5-aya55.html । চাদরের (হুল্লা) বর্ণনা এবং «প্রত্যেক ইমাম এই গুণের» কথা আল-কাফি"
B1-C00157,2203,ATTRIBUTION_ONLY,UNSPECIFIED,ATTRIBUTION_FORMULA,,E-00157,CONFLICT,REF-057,YES,"•  ফাতিমা (আলাইহাস্ সালাম)-এর মোহর হিসেবে পৃথিবীর এক-পঞ্চমাংশ (অংশ ৫১) ও দর্জির সূঁচের খুমস (অংশ ৫৯): লেখকের খাতায় ফিকহুর রেজা গ্রন্থের নামে আছে; মূল পাতা মেলানো হয়নি, তাই «বর্ণিত আছে» / «এক হাদিসে বর্ণিত হয়েছে»।"
B1-C00158,2204,SOURCE_BLOCK_NOTE,UNSPECIFIED,NARRATIVE_ONLY,,E-00158,PAGE-CHECK,,,"•  লেখকের পাণ্ডুলিপি ও নিজের লেখা: অংশ ৯, ২৩–২৪, ৩৯–৪১, ৪৫, ৪৭–৫৪, ৫৭–৬৩, ৮৫, ৯৯, ১০২, ১০৭–১১৩, ১১৬, ১২৭–১৩১, ১৫৩–১৫৫, ১৫৮–১৬৩, ১৬৫, ২১৪, ২১৭–২২১, ২২৫, ২২৯–২৩০, ২৪৬। ফয়সালের স্বপ্ন লেখকের খাতায় যেমন আছে তেমন, স্বপ্নের সাক্ষ্য হিসেবে।"
B1-C00159,2261,ATTRIBUTION_ONLY,UNSPECIFIED,ATTRIBUTION_FORMULA,,E-00159,PAGE-CHECK,REF-058,,"বুরুল্লাহ মাথা নাড়ল, যেন এটাই প্রত্যাশিত। “বর্ণিত আছে, ইমাম আলী (আলাইহিস্ সালাম)-এর নামাজে তীর বের করা হয়েছিল, আর তিনি টেরও পাননি— এমন আত্মস্থতা, এমন ঈমানের গভীরতা কেবল ইমামিয় দৃষ্টিভঙ্গিতে সম্ভব।”"
B1-C00160,2293,QURAN,QURAN,QURAN_REF,QUR-4-59|QUR-5-55,E-00160,VERIFIED,,,"•  সূরা আন-নিসা ৪:৫৯, সূরা আল-মায়িদা ৫:৫৫ — api.alquran.cloud — CONFIRMED।"
B1-C00161,2294,SHIA_NARRATION,SHIA,NAMED_SOURCE,SRC-al-Kafi-1|SRC-al-Kafi-6|SRC-al-Kafi-1|SRC-al-Kafi-6,E-00161,CONFLICT,REF-059,YES,"•  «من مات ولم يعرف إمام زمانه مات ميتة جاهلية» — শিয়া সূত্রে কামালুদ্দীন (শেখ সাদুক) প্রভৃতি; অনুরূপ পাঠ আল-কাফি ১, কিতাবুল হুজ্জাহ (অধ্যায় ৬-এর নমুনার সূত্র দেখুন) — PAGE-CHECK।"
B1-C00162,2295,ATTRIBUTION_ONLY,UNSPECIFIED,ATTRIBUTION_FORMULA,,E-00162,PAGE-CHECK,REF-060,,•  ইমাম আলী (আলাইহিস্ সালাম)-এর নামাজে তীর বের করা — প্রসিদ্ধ বর্ণনা; মূল কিতাবের পৃষ্ঠা মেলানো হয়নি — «বর্ণিত আছে»।
B1-C00163,2296,SOURCE_BLOCK_NOTE,UNSPECIFIED,NARRATIVE_ONLY,,E-00163,PAGE-CHECK,REF-061,,•  ইমাম হুসাইন (আলাইহিস্ সালাম)-এর ৮ জিলহজ মক্কা ত্যাগ — ইতিহাস; পৃষ্ঠা মেলানো বাকি — PAGE-CHECK।
B1-C00164,2297,SOURCE_BLOCK_NOTE,UNSPECIFIED,NARRATIVE_ONLY,,E-00164,PAGE-CHECK,,,•  «আমল তখনই গৃহীত হবে…» — ইমামদের শিক্ষার সারকথা হিসেবে জনির বাক্য; নির্দিষ্ট হাদীস-দাবি নয়।
B1-C00165,2326,ATTRIBUTION_ONLY,UNSPECIFIED,ATTRIBUTION_FORMULA,,E-00165,PAGE-CHECK,REF-062,,"“বর্ণিত আছে, ইমাম হাসান (আলাইহিস্ সালাম) ছোটবেলায় এক জুমার রাতে দেখেছিলেন, তাঁর আম্মা মা সাইয়্যিদা ফাতিমাতুয্ যাহরা (আলাইহাস্ সালাম) সারা রাত মেহরাবে দাঁড়িয়ে আছেন। রুকু, সিজদা, তারপর দোয়া। ভোর পর্যন্ত। আর পুরো রাত তিনি দোয়া করলেন প্রত"
B1-C00166,2377,SHIA_NARRATION,SHIA,NAMED_SOURCE,SRC-Bihar_al-Anwar-43|SRC-Bihar_al-Anwar-43,E-00166,CONFLICT,REF-063,YES,"•  মা সাইয়্যিদা ফাতিমাতুয্ যাহরা (আলাইহাস্ সালাম)-এর জুমার রাতের দোয়া, «الجار ثم الدار» — ইলালুশ শারায়ে (শেখ সাদুক) ও বিহারুল আনওয়ার ৪৩ — PAGE-CHECK।"
B1-C00167,2378,SHIA_NARRATION,SHIA,NAMED_SOURCE,SRC-al-Kafi-3|SRC-al-Kafi-3,E-00167,CONFLICT,REF-064,YES,"•  তাসবিহে যাহরা ও খাদেমের ঘটনা — শিয়া সূত্রে (মান লা ইয়াহদুরুহুল ফাকিহ ১; আল-কাফি ৩) ও সুন্নি সূত্রে (সহিহ বুখারী, খাদেম চাওয়ার হাদীস) — PAGE-CHECK; ক্রম (৩৪-৩৩-৩৩) শিয়া পাঠ অনুযায়ী।"
B1-C00168,2402,SUNNI_NARRATION,SUNNI,NAMED_SOURCE,,E-00168,PAGE-CHECK,,,"আমি রাহাতের দিকে ফিরলাম। ""রাহাত ভাই, একটা সরল কিন্তু ভীষণ জটিল প্রশ্ন করি— আমরা যারা নামাজ পড়ি, রোজা রাখি, হালাল-হারাম মেনে চলি, নামের পাশে ‘মুসলিম’ লিখি—আমরা কি সত্যিই ‘প্রকৃত মুসলমান’? আর যদি মনে করো, ‘হ্যাঁ, আমি মুসলমান’—তাহলে বলো তো এর"
B1-C00169,2407,SUNNI_NARRATION,SUNNI,NAMED_SOURCE,,E-00169,PAGE-CHECK,,,"বুরুল্লাহ আলতো হাসল, কিন্তু সুর গম্ভীর। ""এই ধারণাটাই আমাদের আত্মার আত্মসমার্পনের পথের সবচেয়ে বড় বাধা। মুসলমান হওয়া জন্মগত পরিচয় নয়, ফয়সাল। এটা আত্মার পরিচয়—যেটা কাগজে লেখা যায় না, মুখে বলা যায় না। অনেক সময় নামাজী মুখে 'মুসলিম', কি"
B1-C00170,2462,SOURCE_BLOCK_NOTE,UNSPECIFIED,NARRATIVE_ONLY,,E-00170,PAGE-CHECK,,,•  এই অধ্যায়ে কোনো আয়াত বা হাদীস উদ্ধৃত হয়নি। «জান্নাতের সর্দার» কথাটির হাদীস-সূত্র অধ্যায় ৯-এর শেষে।
B1-C00171,2483,SUNNI_NARRATION,SUNNI,NAMED_SOURCE,,E-00171,PAGE-CHECK,,,"বুরুল্লাহ বলল, ""এবার কুরআনের দিক থেকে দেখ। আল্লাহ বলেন— “আল্লাহ তোমাদেরকে তোমাদের মায়ের পেট থেকে বের করেন, তোমরা কিছুই জানতে না। তিনি তোমাদেরকে শোনার শক্তি, দেখার শক্তি আর অন্তর দান করেছেন যাতে তোমরা শোকর আদায় করতে পার।” এই আয়াত ঘোষণা কর"
B1-C00172,2490,SUNNI_NARRATION,SUNNI,NAMED_SOURCE,,E-00172,PAGE-CHECK,,,"শামস আবার ভ্রু কুঁচকাল। ""তাহলে প্রশ্ন— যদি কেউ জন্ম থেকেই মুসলিম হতো, তবে পরীক্ষা কিসের? কে কার জন্য কষ্ট করে দাওয়াত দিতো?"""
B1-C00173,2528,SOURCE_BLOCK_NOTE,UNSPECIFIED,NARRATIVE_ONLY,,E-00173,PAGE-CHECK,,,•  এই অধ্যায়ের আলাপ তাহারা সেন্টারের বন্ধুদের; আয়াত ও হাদীসের সূত্র নিচে।
B1-C00174,2529,QURAN,QURAN,QURAN_REF,QUR-30-30,E-00174,VERIFIED,,,"•  কুরআন ৩০:৩০ (فِطْرَتَ ٱللَّهِ ٱلَّتِى فَطَرَ ٱلنَّاسَ عَلَيْهَا ۚ لَا تَبْدِيلَ لِخَلْقِ ٱللَّهِ) — api.alquran.cloud, CONFIRMED।"
B1-C00175,2530,QURAN,QURAN,QURAN_REF,QUR-16-78,E-00175,VERIFIED,,,"•  কুরআন ১৬:৭৮ (মায়ের পেট থেকে বের করা, কিছুই না জানা; শোনা, দেখা, অন্তর) — api.alquran.cloud, CONFIRMED।"
B1-C00176,2531,QURAN,QURAN,QURAN_REF,QUR-67-2,E-00176,VERIFIED,,,"•  কুরআন ৬৭:২ (মরণ ও জীবনের সৃষ্টি পরীক্ষার জন্য) — api.alquran.cloud, CONFIRMED।"
B1-C00177,2532,QURAN,QURAN,QURAN_REF,QUR-8-2,E-00177,VERIFIED,,,"•  কুরআন ৮:২ (إِذَا ذُكِرَ ٱللَّهُ وَجِلَتْ قُلُوبُهُمْ) — api.alquran.cloud, CONFIRMED।"
B1-C00178,2533,SUNNI_NARRATION,SUNNI,NAMED_SOURCE,HAD-BUKHARI-1385|HAD-BUKHARI-1385|SRC-HADITH-1385,E-00178,CONFLICT,REF-065,YES,"•  «প্রত্যেক নবজাতক ফিতরাতের ওপর জন্মায়…» — সহীহ বুখারি, কিতাবুল জানায়িয, হাদীস ১৩৮৫ — PAGE-CHECK (নম্বর নকশা থেকে; মূল পাতায় মেলানো বাকি)।"
B1-C00179,2553,ATTRIBUTION_ONLY,UNSPECIFIED,ATTRIBUTION_FORMULA,,E-00179,CONFLICT,REF-066,YES,"""এই তসবিহ যার, সে আমার মা। বুরুল্লাহর দাদি। প্রতি নামাজের পর তিনি তিনটি বাক্য পড়তেন। চৌত্রিশবার আল্লাহু আকবার। তেত্রিশবার আলহামদুলিল্লাহ। তেত্রিশবার সুবহানাল্লাহ। একে বলে তাসবিহে যাহরা। বর্ণিত আছে, রাসূলুল্লাহ ﷺ নিজের মেয়েকে এটি শিখিয়েছি"
B1-C00180,2594,SOURCE_BLOCK_NOTE,UNSPECIFIED,NARRATIVE_ONLY,,E-00180,PAGE-CHECK,,,•  এই অধ্যায়ের কথাবার্তা তাহারা সেন্টারের লাইব্রেরির; সূত্র নিচে।
B1-C00181,2595,MIXED_CITATION,SHIA|SUNNI,NAMED_SOURCE,HAD-BUKHARI-370|HAD-BUKHARI-370|SRC-al-Kafi-3|SRC-al-Kafi-3|SRC-HADITH-3705,E-00181,CONFLICT,REF-067,YES,"•  তাসবিহে যাহরা (৩৪ আল্লাহু আকবার, ৩৩ আলহামদুলিল্লাহ, ৩৩ সুবহানাল্লাহ) — আল-কাফি, খণ্ড ৩, কিতাবুস সালাত, «বাবুত তা'কীব» — PAGE-CHECK। জাঁতা ও সাহায্যকারী চাওয়ার ঘটনা: সহীহ বুখারি, কিতাবু ফাদাইলি আসহাবিন নাবী, হাদীস ৩৭০৫ (আলী আলাইহিস্ সালা"
B1-C00182,2596,SUNNI_NARRATION,SUNNI,NAMED_SOURCE,HAD-TIRMIDHI-3872|HAD-TIRMIDHI-3872|HAD-ABUDAWUD-5217|HAD-ABUDAWUD-5217|SRC-HADITH-5217|SRC-HADITH-3872,E-00182,CONFLICT,REF-068,YES,"•  «রাসূলুল্লাহ ﷺ তাঁর সম্মানে দাঁড়িয়ে যেতেন» — সুনানে আবু দাউদ, কিতাবুল আদাব, হাদীস ৫২১৭; সুনানে তিরমিযি, হাদীস ৩৮৭২ — PAGE-CHECK।"
B1-C00183,2597,ATTRIBUTION_ONLY,UNSPECIFIED,ATTRIBUTION_FORMULA,,E-00183,CONFLICT,REF-069,YES,•  «উম্মে আবিহা» উপাধি — বর্ণিত আছে।
B1-C00184,2598,SOURCE_BLOCK_NOTE,UNSPECIFIED,NARRATIVE_ONLY,,E-00184,PAGE-CHECK,,,•  দরুদ দিনে ৩৬০ বার — সিরিজের স্থির নিয়ম (S-148)।
B1-C00185,2639,PROSE_ATTRIBUTION,UNSPECIFIED,NARRATIVE_ONLY,,E-00185,PAGE-CHECK,,,"ফয়সাল আঙুল গুনে বলতে শুরু করল। ""রাসূলুল্লাহ ﷺ তো স্পষ্টতই বলে গেছেন— ‘ফাতিমা আমার অংশ।’ আবার তিনি বলেছেন, ‘ফাতিমা আমার অন্তরের ধন।’"""
B1-C00186,2646,PROSE_ATTRIBUTION,UNSPECIFIED,NARRATIVE_ONLY,,E-00186,PAGE-CHECK,,,"আরেক বর্ণনায় ইমাম আলী (আলাইহিস্ সালাম) কুফার মিম্বরে বলেছেন, রাসূলুল্লাহ ﷺ আমাদের ঘরে এলেন, আমাদের শিয়রে বসে পানির পাত্র চাইলেন। পানিতে বরকতের দোয়া পড়ে আমাদের ওপর ছিটিয়ে দিলেন। আমি আরজ করলাম, হে রাসূলুল্লাহ! আপনার নিকট আমি অধিক প্রিয় "
B1-C00187,2671,SOURCE_BLOCK_NOTE,UNSPECIFIED,NARRATIVE_ONLY,,E-00187,PAGE-CHECK,,,•  এই অধ্যায়ের আলাপ ফয়সালদের ছাদের; আয়াত ও হাদীসের সূত্র নিচে।
B1-C00188,2672,QURAN,QURAN,QURAN_REF,QUR-25-74|QUR-25-74,E-00188,CONFLICT,REF-070,YES,"•  কুরআন ২৫:৭৪ (وَٱلَّذِينَ يَقُولُونَ رَبَّنَا هَبْ لَنَا مِنْ أَزْوَٰجِنَا وَذُرِّيَّٰتِنَا قُرَّةَ أَعْيُنٍ وَٱجْعَلْنَا لِلْمُتَّقِينَ إِمَامًا) — api.alquran.cloud, CONFIRMED। «স্ত্রী = খাদিজা, বংশধর = ফাতিমা, চোখের আনন্দ = হাসান-হুসাই"
B1-C00189,2673,QURAN,QURAN,QURAN_REF,QUR-59-9,E-00189,VERIFIED,,,"•  কুরআন ৫৯:৯ (وَيُؤْثِرُونَ عَلَىٰٓ أَنفُسِهِمْ وَلَوْ كَانَ بِهِمْ خَصَاصَةٌ) — api.alquran.cloud, CONFIRMED।"
B1-C00190,2674,FADAK,SUNNI,NAMED_SOURCE,HAD-ABUDAWUD-4213|HAD-ABUDAWUD-4213|SRC-HADITH-4213,E-00190,CONFLICT,REF-071,YES,"•  «فداك أبي وأمي» ও সফরের শুরু-শেষ ফাতিমার কাছে (ইবনে উমর; সাওবান) — সাওবানের বর্ণনা: সুনানে আবু দাউদ, কিতাবুত তারাজ্জুল, হাদীস ৪২১৩ — PAGE-CHECK; ইবনে উমরের বর্ণনা ও «ফাদাকি আবি ওয়া উম্মি» — হাকিম, আল-মুস্তাদরাক — PAGE-CHECK। ইবনে আব্বাস"
B1-C00191,2675,SUNNI_NARRATION,SUNNI,NAMED_SOURCE,HAD-BUKHARI-3714|HAD-BUKHARI-4|HAD-BUKHARI-3714|HAD-BUKHARI-4,E-00191,CONFLICT,REF-072,YES,"•  «ফাতিমা আমার অংশ» (فاطمة بضعة مني) — সহীহ বুখারি ৩৭১৪, CONFIRMED (বাইবেল §৪)। «ফাতিমা আমার অন্তরের ধন» — বর্ণিত আছে।"
B1-C00192,2676,SUNNI_NARRATION,SUNNI,NAMED_SOURCE,HAD-TIRMIDHI-3874|HAD-TIRMIDHI-3874|HAD-TIRMIDHI-3868|HAD-TIRMIDHI-3868|HAD-TIRMIDHI-3819|HAD-TIRMIDHI-3819|SRC-HADITH-3874,E-00192,CONFLICT,REF-073,YES,"•  জুমাই ইবনে উমায়রের বর্ণনা (আয়েশা: ফাতিমা, পুরুষে তাঁর স্বামী) — সুনানে তিরমিযি, কিতাবুল মানাকিব, হাদীস ৩৮৭৪ — PAGE-CHECK। বুরাইদার বর্ণনা — তিরমিযি ৩৮৬৮ — PAGE-CHECK। উসামার বর্ণনা («ফাতিমা বিনতে মুহাম্মদ») — তিরমিযি ৩৮১৯ — PAGE-CHECK।"
B1-C00193,2677,SOURCE_BLOCK_NOTE,UNSPECIFIED,NARRATIVE_ONLY,,E-00193,PAGE-CHECK,REF-074,,"•  ফারসি কবিতা (খাতা ¶5003–5004): «مادی آن مرکز پرکار عشق / مادری آن کاروان سالار عشق» — খাতার বানান হুবহু; প্রথম শব্দ সম্ভবত «مادر» (ইকবাল, রুমুযে বেখুদি — PAGE-CHECK)।"
B1-C00194,2684,SHIA_NARRATION,SHIA,NAMED_SOURCE,,E-00194,EDITION-LOCK,,YES,"আমি বসেছি টেবিলের বাম পাশে, হাতে নাহজুল বালাগার অনুবাদ বই। বুরুল্লাহ পাশেই, এক হাতে চায়ের কাপ, অন্য হাতে তাসবিহ ঘুরাচ্ছে। শামস মোবাইল ফোনে কুরআনের তাফসির অ্যাপ খুলে রেখেছে। রাকিকা জানালার পাশে হেলান দিয়ে বসে, কানে হিজাবের ভেতরে হালকা সাদা"
B1-C00195,2695,SHIA_NARRATION,SHIA,NAMED_SOURCE,,E-00195,EDITION-LOCK,,YES,আমি নাহজুল বালাগা নামিয়ে খাতা খুললাম। এ বিষয়ে আগে কিছু টুকে রেখেছিলাম।
B1-C00196,2700,SUNNI_NARRATION,SUNNI,NAMED_SOURCE,,E-00196,PAGE-CHECK,,,বুখারির আরবি আর বাংলা
B1-C00197,2701,SUNNI_NARRATION,SUNNI,NAMED_SOURCE,,E-00197,PAGE-CHECK,,,"""এবার আপনার প্রশ্ন, রিপোন ভাই।"" আমি খাতাটা তাঁর দিকে ঘুরিয়ে দিলাম। ""মূল আরবি হাদীস: বুখারী, মুসলিমসহ প্রাচীন হাদীসগ্রন্থে বহুবার “ফাতিমা আলাইহাস সালাম” লেখা আছে। বাংলা অনুবাদ: কিছু অনুবাদক আরবি বাক্য রেখে দেন, আবার কিছু অনুবাদক একে পরিবর্ত"
B1-C00198,2706,SUNNI_NARRATION,SUNNI,NAMED_SOURCE,,E-00198,PAGE-CHECK,,,"খাতার পাতায় আমি বুখারির আরবি পাতার লাইন টুকে রেখেছিলাম, তার পাশে বাংলা অনুবাদের লাইন। রিপোন ভাই আঙুল দিয়ে একটি একটি করে মেলাতে লাগলেন।"
B1-C00199,2719,PROSE_ATTRIBUTION,UNSPECIFIED,NARRATIVE_ONLY,,E-00199,PAGE-CHECK,,,"ফয়সাল বলল, ""আরেকটা হাদিস শুনো—রাসূলুল্লাহ ﷺ বলেছেন: ""ফাতিমা আমার অংশ, যে তাকে কষ্ট দেয় সে আমাকেই কষ্ট দেয়। ফাতিমা যার প্রতি সন্তুষ্ট, আমিও তার প্রতি সন্তুষ্ট।"" এটি শুধু পারিবারিক সম্পর্ক নয়, বরং আধ্যাত্মিক সম্পর্কও বোঝায়।"""
B1-C00200,2730,SUNNI_NARRATION,SUNNI,NAMED_SOURCE,,E-00200,PAGE-CHECK,,,"""বুখারি শরীফ,"" রাহাত পিঠের লেখা পড়ল। ""বাংলা অনুবাদ।"""
B1-C00201,2735,SUNNI_NARRATION,SUNNI,NAMED_SOURCE,,E-00201,PAGE-CHECK,,,"""এই দেশেও লেখা হয়েছে, এই দেশেও পড়া হয়েছে,"" বুরুল্লাহ বলল। ""পুরোনোরাও লিখেছেন। ইমাম নাসায়ী তাঁর আস-সুনান আল-কুবরায় ইমাম হাসান ও হুসাইনের নামের সঙ্গে, ইবনে হাজার আসকালানি তাঁর আল-ইসাবায় আহলুল বাইতের জন্য। সেগুলো এখানে নেই। চাচার লাইব্রে"
B1-C00202,2740,SUNNI_NARRATION,SUNNI,NAMED_SOURCE,,E-00202,PAGE-CHECK,,,"রাহাত বুখারির খণ্ডটা বন্ধ করল না। খোলা পাতার ওপর হাত রেখে বসে রইল, যেন কেউ ওটা নিয়ে যাবে।"
B1-C00203,2750,FADAK,UNSPECIFIED,NARRATIVE_ONLY,,E-00203,PAGE-CHECK,,,"""সাদিক, এখানে বারবার একটি নাম আসছে। ফাতিমা আলাইহাস সালাম আবু বকরের কাছে মিরাস চেয়ে পাঠালেন… মদিনায়, আর ফাদাকে।"" সে মুখ তুলল। ""ফাদাক কী?"""
B1-C00204,2752,FADAK,UNSPECIFIED,NARRATIVE_ONLY,,E-00204,PAGE-CHECK,,,"শেষে বলল, ""কাল শুক্রবার। জুমার পর খিজির চাচার জমিতে যাব। ফাদাক বুঝতে হলে আগে একটি জমির আল দেখতে হয়।"""
B1-C00205,2755,SOURCE_BLOCK_NOTE,UNSPECIFIED,NARRATIVE_ONLY,,E-00205,PAGE-CHECK,,,•  এই অধ্যায়ের আলাপ গ্রামের মসজিদের লাইব্রেরির; সূত্র নিচে।
B1-C00206,2756,QURAN,QURAN,QURAN_REF,QUR-49-13|QUR-33-33|QUR-98-8|QUR-9-100|QUR-37-109|QUR-4-86|QUR-36-58|QUR-36-58,E-00206,VERIFIED,,,"•  কুরআন ৪৯:১৩ (إِنَّ أَكْرَمَكُمْ عِندَ ٱللَّهِ أَتْقَىٰكُمْ), ৩৩:৩৩ (আয়াতুত তাতহীর), ৯৮:৮ ও ৯:১০০ (رَضِيَ ٱللَّهُ عَنْهُمْ وَرَضُوا۟ عَنْهُ), ৩৭:১০৯ (سَلَٰمٌ عَلَىٰٓ إِبْرَٰهِيمَ), ৪:৮৬ (সালামের উত্তম জবাব), ৩৬:৫৮ (سَلَٰمٌ قَوْلًا مِّن ر"
B1-C00207,2757,SUNNI_NARRATION,SUNNI,NAMED_SOURCE,,E-00207,CONFLICT,REF-075,YES,"•  প্রমাণ ০১–০৪: সহীহ বুখারির আরবিতে «فَاطِمَةَ عَلَيْهَا السَّلاَمُ» — খাতার বাংলা-সংস্করণ নম্বর ২৮৭৪, ৩৪৪৬, ৬২৭০, ৪৯৬ — PAGE-CHECK (ছাপা ও ক্রমিক অনুযায়ী নম্বর বদলায়; sunnah.com নম্বর মেলাতে হবে)। প্রমাণ-০৪-এর আরবি অংশ: «…عَلَيْهَا السَ"
B1-C00208,2758,SUNNI_NARRATION,SUNNI,NAMED_SOURCE,HAD-BUKHARI-3714|HAD-BUKHARI-3714,E-00208,CONFLICT,REF-076,YES,"•  «ফাতিমা আমার অংশ, যে তাকে কষ্ট দেয়…» — বুখারি ৩৭১৪ (فمن أغضبها أغضبني), CONFIRMED; «যার প্রতি সে সন্তুষ্ট…» অংশ — বর্ণিত আছে।"
B1-C00209,2759,SUNNI_NARRATION,SUNNI,NAMED_SOURCE,,E-00209,PAGE-CHECK,REF-077,,"•  আহলুস সুন্নাহর লেখকদের তালিকা (বুখারি আদাবুল মুফরাদ, নাসায়ি সুনানুল কুবরা, ইবনে হাজার আল-ইসাবা, তাহেরুল কাদরি, ওয়াহিদুজ্জামান, দেহলভি, তাফসীরে নূরুল কুরআন) — খাতা ও শ্রোতা ০৪ L667; প্রতিটির পৃষ্ঠা PAGE-CHECK।"
B1-C00210,2761,FADAK,UNSPECIFIED,NARRATIVE_ONLY,,E-00210,PAGE-CHECK,,,"০৬  ফাদাক, আর চুপ না থাকার সাহস"
B1-C00211,2767,FADAK,UNSPECIFIED,NARRATIVE_ONLY,,E-00211,PAGE-CHECK,,,"""চাচা, ফাদাক কী?"""
B1-C00212,2770,FADAK,UNSPECIFIED,NARRATIVE_ONLY,,E-00212,PAGE-CHECK,,,"""এই জমি আমার বাপের। চল্লিশ বছর ধরে চাষ করি। মদিনার কাছে ফাদাক ছিল এমন এক খেজুর বাগান। যুদ্ধ ছাড়া, বিনা রক্তে আল্লাহ তা রাসূলুল্লাহ ﷺ-এর হাতে দিয়েছিলেন। আর তিনি তা দিয়েছিলেন নিজের মেয়েকে। রাসূলুল্লাহ ﷺ চলে যাওয়ার পর সেই বাগান কেড়ে নেওয"
B1-C00213,2772,FADAK,SUNNI,NAMED_SOURCE,,E-00213,PAGE-CHECK,,,"""সাদিকের খাতায় আছে, বুখারির বর্ণনা। আয়িশা থেকে, রাসূলুল্লাহ ﷺ-এর কন্যা ফাতিমা আবু বকরের নিকট রাসূলুল্লাহ ﷺ-এর পরিত্যক্ত সম্পত্তি মদিনা ও ফাদাক-এ অবস্থিত ফাই এবং খাইবারের খুমুসের অবশিষ্ট থেকে মিরাসী স্বত্ব চেয়ে পাঠালেন। তখন আবু বকর উত্তরে"
B1-C00214,2775,FADAK,SUNNI,NAMED_SOURCE,,E-00214,PAGE-CHECK,,,"রাকিকা আরেকটি লাইন পড়ল। ""আবু দাউদে আছে, উমর ইবনে আব্দুল আযীয খলিফা হয়ে মারওয়ানের পুত্রদের ডেকে বললেন, রাসূলুল্লাহ ﷺ ফাদাকের সম্পদের অধিকারী ছিলেন… অতঃপর মারওয়ান এ সম্পদ জায়গীর হিসাবে দখল করেন… উমর ইবনে আব্দুল আযীয বললেন, যে সম্পদ ফাতিম"
B1-C00215,2781,FADAK,UNSPECIFIED,NARRATIVE_ONLY,,E-00215,PAGE-CHECK,,,"খিজির চাচা বললেন, ""প্রথমত ফাদাক কোন উত্তরাধিকারীর সম্পত্তি ছিল না।"""
B1-C00216,2786,FADAK,UNSPECIFIED,NARRATIVE_ONLY,,E-00216,PAGE-CHECK,,,"""আর সে দরবারে আবুবকর, উমর, আয়িশা বিনতে আবু বকর ও হাফসা রাসূলুল্লাহ ﷺ-এর শশুরদ্বয় ও স্ত্রীদ্বয় উপস্থিত ছিলেন। যেহেতু তারা নিজেরাও সাক্ষী ছিলেন ফাদাকের বিষয়ে অথচ তারা যখন মিথ্যা বলছেন। সাক্ষী উপস্থিত করা তখন নিজেকে আরেকবার অপমানিত করা ছাড"
B1-C00217,2790,FADAK,UNSPECIFIED,ATTRIBUTION_FORMULA,,E-00217,CONFLICT,REF-078,YES,"ভাঙা কাপটা তিনি নিজের হাতে রাখলেন। এক চুমুক দিলেন। তারপর বললেন, ""এক নম্বর কথা। রাসূলুল্লাহ ﷺ নিজে মেয়েকে ফাদাক দিয়ে গেছেন। বর্ণিত আছে, লিখেও দিয়ে গেছেন। যাঁর কথা কুরআনের পরেই চূড়ান্ত, তাঁর দেওয়া জিনিসের জন্য আবার সাক্ষী লাগবে? এটা মেয়"
B1-C00218,2798,UMM_AYMAN,UNSPECIFIED,NARRATIVE_ONLY,,E-00218,PAGE-CHECK,,,"""দিয়েছিলেন। তিন নম্বর সেটাই।"" চাচা আবার কাপ তুললেন। ""উম্মে আইমান (আলাইহাস্ সালাম), যাঁকে রাসূলুল্লাহ ﷺ জান্নাতি বলে গেছেন, যিনি তাঁকে ছোটবেলায় কোলে-পিঠে মানুষ করেছেন। আর আলী (আলাইহিস্ সালাম)। দুজনের কথাই ফেরত গেল।"""
B1-C00219,2800,FADAK,UNSPECIFIED,NARRATIVE_ONLY,,E-00219,PAGE-CHECK,,,"""চার,"" তিনি বললেন। ""সত্য মাথা গুনে চলে না। চাইলে সালমান, আবুযার, মিকদাদ, আম্মারের মতো মানুষদের ডাকা যেত। ডাকেননি। মুবাহালার দিনে রাসূলুল্লাহ ﷺ গোটা উম্মত থেকে কাদের সঙ্গে নিয়েছিলেন? ঘরের মানুষদের। ফাদাকেও তাই। ঘরের মানুষ, আর একজন জান্নাতি "
B1-C00220,2802,FADAK,UNSPECIFIED,NARRATIVE_ONLY,,E-00220,PAGE-CHECK,,,"চায়ের শেষ চুমুকটা দিয়ে কাপটা তিনি উল্টে ঘাসে রাখলেন। ""পাঁচ নম্বরটা আমার সালিশের মাতবরের মতো। রায় আগে লেখা হয়ে গেলে সাক্ষী যত আনো, শোনার কান থাকে না। আবু বকর আর উমর তখন ক্ষমতায়। ফাদাক সরকারের হবে, এ ঠিক হয়েই ছিল। আমার তাই ধারণা।"""
B1-C00221,2804,FADAK,UNSPECIFIED,NARRATIVE_ONLY,,E-00221,PAGE-CHECK,,,"রাকিকা খাতায় কিছু লিখল, তারপর কেটে দিল। ""আমি ভাবতাম, ফাদাক শুধু ইতিহাসের একটি নাম, চাচা। এটা তো জমির মামলা। আপনার বাঁকা আলের মতো।"""
B1-C00222,2807,FADAK,UNSPECIFIED,NARRATIVE_ONLY,,E-00222,PAGE-CHECK,,,"""কিছুক্ষণপর আলী (আলাইহিস্ সালাম) আবু বকরের কাছে এলেন, যখন তিনি মসজিদে ছিলেন এবং তার চারপাশে মুহাজির ও আনসারগণ ছিলেন। তখন তিনি বললেন, ‘হে আবু বকর! কেন তুমি মা সাইয়্যিদা ফাতিমাতুয্ যাহরা (আলাইহাস্ সালাম)-কে রাসূলুল্লাহ ﷺ-এর উত্তরাধিকারের অধি"
B1-C00223,2808,FADAK,SUNNI,NAMED_SOURCE,,E-00223,PAGE-CHECK,,,"খিজির চাচা রাকিকার দিকে ঝুঁকলেন। ""ঠিক সেসময় আলী (আলাইহিস্ সালাম) আবু বকরের কাছে উল্টা প্রশ্ন করলেন, ""ধরো, মুসলমানদের হাতে কোনো সম্পদ আছে এবং তারা সেটির মালিকানা দাবি করছে। আর আমি যদি সেটির ওপর আমার অধিকার দাবি করি, তাহলে তুমি কাকে সে সম্পদ"
B1-C00224,2810,FADAK,UNSPECIFIED,NARRATIVE_ONLY,,E-00224,PAGE-CHECK,,,"""এ কথা শুনে আবু বকর নীরব হয়ে গেলেন,"" খিজির চাচা বললেন। ""তখন উমর বলল, ‘হে আলী! আমাদের সামনে তোমার বক্তব্য তুলে ধরো না, কারণ আমরা তোমার সাথে বিতর্ক করতে সক্ষম নই। যদি তিনি সাক্ষী আনতে পারেন, তাহলে আমরা একে ফিরিয়ে দেব, অন্যথায় এটি মুসলমানদে"
B1-C00225,2827,FADAK,UNSPECIFIED,NARRATIVE_ONLY,,E-00225,PAGE-CHECK,,,"খিজির চাচা হেসে ফেললেন, মুখে দাঁতের ফাঁক দেখা গেল। ""দেখলে মা, এইটুকু ছেলে ফাদাক বুঝে গেছে।"""
B1-C00226,2841,SOURCE_BLOCK_NOTE,UNSPECIFIED,NARRATIVE_ONLY,,E-00226,PAGE-CHECK,,,•  এই অধ্যায়ের আলাপ খিজির চাচার জমিতে; বর্ণনার সূত্র নিচে।
B1-C00227,2842,FADAK,SUNNI,NAMED_SOURCE,HAD-BUKHARI-4240|HAD-BUKHARI-4241|HAD-BUKHARI-4240|HAD-BUKHARI-4241|HAD-ABUDAWUD-2968|HAD-ABUDAWUD-2968,E-00227,CONFLICT,REF-079,YES,"•  প্রমাণ ০৫–০৭ (খাতা ¶1870–1886): সহীহ বুখারি ৪২৪০–৪২৪১ (ফাতিমা আলাইহাস সালাম মদিনা, ফাদাক ও খাইবারের খুমুসের অবশিষ্ট থেকে মিরাস চাইলেন; «فَأَبَى أَبُو بَكْرٍ أَنْ يَدْفَعَ إِلَى فَاطِمَةَ…») — বাইবেল §৪-এ ৪২৪০ উল্লিখিত, CONFIRMED (একবচন «"
B1-C00228,2843,QURAN,SUNNI,QURAN_REF,HAD-MUSLIM-2404|HAD-MUSLIM-2404|QUR-33-33|QUR-3-61,E-00228,CONFLICT,REF-080,YES,"•  কুরআন ৩৩:৩৩ (আয়াতুত তাতহীর) — CONFIRMED। মুবাহালা ৩:৬১ — CONFIRMED; মুবাহালায় আলী, ফাতিমা, হাসান, হুসাইন — সহীহ মুসলিম ২৪০৪ — PAGE-CHECK।"
B1-C00229,2844,UMM_AYMAN,SHIA,NAMED_SOURCE,SRC-al-Ihtijaj-1|SRC-al-Ihtijaj-1,E-00229,CONFLICT,REF-081,YES,"•  উম্মে আইমানের সাক্ষ্য, আলী (আলাইহিস্ সালাম)-এর সাক্ষ্য, মসজিদে আবু বকরের সাথে বিতর্ক, আউস ইবনুল হাদাসান — কিতাবু সুলাইম ইবনে কায়স; আত-তাবারসি, আল-ইহতিজাজ, খণ্ড ১ — PAGE-CHECK; খাতার নিজের নোট অনুযায়ী আউসের বিবরণ আলাদাভাবে মেলানো যায়নি"
B1-C00230,2845,UMM_AYMAN,SUNNI,NAMED_SOURCE,,E-00230,CONFLICT,REF-082,YES,"•  «উম্মে আইমান জান্নাতি» — ইবনে সা'দ, আত-তাবাকাত — PAGE-CHECK।"
B1-C00231,2846,SOURCE_BLOCK_NOTE,UNSPECIFIED,NARRATIVE_ONLY,,E-00231,PAGE-CHECK,,,"•  খিজির চাচার «ওয়াসিম» উদাহরণ ও পাঁচ কারণ — খাতায় বৃদ্ধ খিজিরের নিজের বিশ্লেষণ, বর্ণনা নয়।"
B1-C00232,2907,SOURCE_BLOCK_NOTE,UNSPECIFIED,NARRATIVE_ONLY,,E-00232,PAGE-CHECK,,,•  এই অধ্যায়ের ঘটনা তাহারা সেন্টারের; হাদীসের সূত্র নিচে।
B1-C00233,2908,MIXED_CITATION,SHIA|SUNNI,NAMED_SOURCE,HAD-MUSLIM-3|HAD-MUSLIM-1478|HAD-MUSLIM-3|HAD-MUSLIM-1478|HAD-MUSLIM-1851|HAD-MUSLIM-1851|SRC-al-Kafi-1|SRC-al-Kafi-1|SRC-HADITH-1851,E-00233,CONFLICT,REF-083,YES,"•  «যে ইমামকে না চিনে মারা যায়, তার মৃত্যু জাহিলিয়াতের মৃত্যু»: খাতায় সূত্র «সহীহ মুসলিম, খণ্ড ৩, পৃ. ১৪৭৮»। মুসলিমের কিতাবুল ইমারাহ (হাদীস ১৮৫১)-এ শব্দ «مَنْ مَاتَ وَلَيْسَ فِي عُنُقِهِ بَيْعَةٌ مَاتَ مِيتَةً جَاهِلِيَّةً» (গলায় বাইয়া"
B1-C00234,2909,ATTRIBUTION_ONLY,UNSPECIFIED,ATTRIBUTION_FORMULA,,E-00234,PAGE-CHECK,REF-084,,•  সালমানের প্রশ্ন ও «মুশরিক/জাহিল» ভাগ — বর্ণিত আছে (মূল কিতাব মেলানো বাকি)।
B1-C00235,2910,SOURCE_BLOCK_NOTE,UNSPECIFIED,NARRATIVE_ONLY,,E-00235,PAGE-CHECK,,,•  «من لا إمام له فإمامه الشيطان» এই অধ্যায়ে ব্যবহার করা হয়নি (হাদীস নয় — বাইবেল §৪)।
B1-C00236,2941,SUNNI_NARRATION,SUNNI,NAMED_SOURCE,,E-00236,PAGE-CHECK,,,"বুরুল্লাহ বলল, ""আল্লাহ বলেন: “আল্লাহকে যথাযথভাবে ভয় করো এবং মৃত্যুবরণ করো না মুসলিম (আত্মসমর্পণকারী) না হয়ে।” এই আয়াত যেন এক আসমানী বজ্রনিনাদ, যা আত্মার গহীনে প্রতিধ্বনিত হয়, হৃদয়ের গভীরে স্পন্দন তোলে। এটি শুধুই কোনো বাহ্যিক আহ্বান নয়"
B1-C00237,2944,SUNNI_NARRATION,SUNNI,NAMED_SOURCE,,E-00237,PAGE-CHECK,,,"বুরুল্লাহ বলল, ""একজন প্রকৃত মুসলিম তখনই আল্লাহর কাছে আত্মসমর্পণকারী হতে পারে, যখন সে নিজের আত্মার তিনটি স্তর— নফসে আম্মারা, পাপপ্রবণ আত্মা, নফসে লওয়ামা, নিজেকে তিরস্কার করে যে আত্মা, নফসে মুতমাইন্না, শান্ত আত্মা— গভীরভাবে চিনতে শিখবে এবং ত"
B1-C00238,2961,SOURCE_BLOCK_NOTE,UNSPECIFIED,NARRATIVE_ONLY,,E-00238,PAGE-CHECK,,,•  এই অধ্যায়ের আলাপ চাচার লাইব্রেরির; আয়াতের সূত্র নিচে।
B1-C00239,2962,QURAN,QURAN,QURAN_REF,QUR-17-72,E-00239,VERIFIED,,,"•  কুরআন ১৭:৭২ (وَمَن كَانَ فِى هَٰذِهِۦٓ أَعْمَىٰ فَهُوَ فِى ٱلْءَاخِرَةِ أَعْمَىٰ وَأَضَلُّ سَبِيلًا) — api.alquran.cloud, CONFIRMED।"
B1-C00240,2963,QURAN,QURAN,QURAN_REF,QUR-3-102,E-00240,VERIFIED,,,•  কুরআন ৩:১০২ (يَٰٓأَيُّهَا ٱلَّذِينَ ءَامَنُوا۟ ٱتَّقُوا۟ ٱللَّهَ حَقَّ تُقَاتِهِۦ وَلَا تَمُوتُنَّ إِلَّا وَأَنتُم مُّسْلِمُونَ) — CONFIRMED।
B1-C00241,2964,QURAN,QURAN,QURAN_REF,QUR-2-124,E-00241,VERIFIED,,,•  কুরআন ২:১২৪ (لَا يَنَالُ عَهْدِى ٱلظَّٰلِمِينَ) — CONFIRMED (ভাগ ১-এর তালিকাতেও)।
B1-C00242,2965,QURAN,QURAN,QURAN_REF,QUR-24-35,E-00242,VERIFIED,,,"•  কুরআন ২৪:৩৫ (نُّورٌ عَلَىٰ نُورٍ) — CONFIRMED। «আলোর ওপর আলো = ইমামের পর ইমাম» ব্যাখ্যা সিরিজের চিত্রকল্প (S-114), আয়াতের সরাসরি অনুবাদ নয়।"
B1-C00243,2966,QURAN,QURAN,QURAN_REF,QUR-12-53|QUR-75-2|QUR-89-27,E-00243,VERIFIED,,,"•  নফসে আম্মারা (১২:৫৩), লওয়ামা (৭৫:২), মুতমাইন্না (৮৯:২৭) — CONFIRMED।"
B1-C00244,2981,PROSE_ATTRIBUTION,UNSPECIFIED,NARRATIVE_ONLY,,E-00244,PAGE-CHECK,,,"শামসের চোখে আবেগ। ""কী সুন্দর কথা, ভাই! ভাবো তো, কুরআন যাঁকে ভালোবাসার জন্য আদেশ করে, তাঁকে না জানলে বা বুঝলে আমরা কী করে জান্নাতের পথে এগোতে পারি? উনি শুধু রাসূলুল্লাহ ﷺ-এর কন্যা না, উনি পুরো জান্নাতি নারীজাতির নেত্রী—রাসূলুল্লাহ ﷺ নিজেই তো"
B1-C00245,2987,SUNNI_NARRATION,SUNNI,NAMED_SOURCE,,E-00245,PAGE-CHECK,,,"""বুখারিতে। মানাকিবে। ছাত্রদের পড়াই।"" রিপোন ভাই একটু থামলেন, তারপর মসজিদের ভেতরের মিম্বরের দিকে তাকালেন। ""এই মসজিদের ইমাম সাহেবও জুমার আরবি খুতবার শেষে বলেন, 'সাইয়্যিদাতু নিসাই আহলিল জান্নাহ'। আমি শুনেছি। প্রতি জুমায় শুনি। কখনো ভাবিনি, কথ"
B1-C00246,2998,QURAN,QURAN,QURAN_REF,QUR-17-71,E-00246,VERIFIED,,,"রাহাতের ঠোঁট নড়ল। বি-ইমামিহিম। সে কাগজটা বুকপকেট থেকে বের করে পেছনে কিছু লিখল, সূরার নাম আর আয়াতের নম্বর। আমি দেখলাম: «১৭:৭১ — আব্বুকে।»"
B1-C00247,3015,SOURCE_BLOCK_NOTE,UNSPECIFIED,NARRATIVE_ONLY,,E-00247,PAGE-CHECK,,,•  এই অধ্যায়ের আলাপ মসজিদের বারান্দার; আয়াত ও হাদীসের সূত্র নিচে।
B1-C00248,3016,QURAN,QURAN,QURAN_REF,QUR-42-23,E-00248,VERIFIED,,,"•  কুরআন ৪২:২৩ (قُل لَّآ أَسْـَٔلُكُمْ عَلَيْهِ أَجْرًا إِلَّا ٱلْمَوَدَّةَ فِى ٱلْقُرْبَىٰ) — api.alquran.cloud, CONFIRMED।"
B1-C00249,3017,QURAN,QURAN,QURAN_REF,QUR-17-71,E-00249,VERIFIED,,,•  কুরআন ১৭:৭১ (يَوْمَ نَدْعُوا۟ كُلَّ أُنَاسٍۭ بِإِمَٰمِهِمْ) — CONFIRMED।
B1-C00250,3018,QURAN,QURAN,QURAN_REF,QUR-2-255,E-00250,VERIFIED,,,•  কুরআন ২:২৫৫ (مَن ذَا ٱلَّذِى يَشْفَعُ عِندَهُۥٓ إِلَّا بِإِذْنِهِۦ) — CONFIRMED।
B1-C00251,3019,SUNNI_NARRATION,SUNNI,NAMED_SOURCE,HAD-BUKHARI-3624|HAD-BUKHARI-3624|HAD-TIRMIDHI-3768|HAD-TIRMIDHI-3768|SRC-HADITH-3624,E-00251,CONFLICT,REF-085,YES,"•  «ফাতিমা জান্নাতি নারীদের সর্দার» (سَيِّدَةُ نِسَاءِ أَهْلِ الْجَنَّةِ) — সহীহ বুখারি, কিতাবুল মানাকিব, হাদীস ৩৬২৪ — PAGE-CHECK। «হাসান ও হুসাইন জান্নাতের যুবকদের সর্দার» — সুনানে তিরমিযি ৩৭৬৮ — PAGE-CHECK।"
B1-C00252,3020,SOURCE_BLOCK_NOTE,UNSPECIFIED,NARRATIVE_ONLY,,E-00252,PAGE-CHECK,,,"•  জুমার খুতবায় «সাইয়্যিদাতু নিসাই আহলিল জান্নাহ» উচ্চারণ — প্রচলিত খুতবার পাঠ (খাতার বক্তব্য), নির্দিষ্ট সূত্র নয়।"
B1-C00253,3045,FADAK,UNSPECIFIED,NARRATIVE_ONLY,,E-00253,PAGE-CHECK,,,"রাকিকা বলল, ""আমি ছয় নম্বরে আটকে গেছি। ক্যাম্পাস পত্রিকায় লিখি, অন্যায়ের কথা লিখি। কিন্তু নিজের ক্লাসে একজন মেয়েকে সবাই মিলে হেনস্থা করেছিল, আমি চুপ ছিলাম। ফাদাকের দিন থেকে সেই মেয়ের মুখ ভুলতে পারছি না।"""
B1-C00254,3066,SUNNI_NARRATION,SUNNI,NAMED_SOURCE,,E-00254,PAGE-CHECK,,,"""কাল সকালে মসজিদের লাইব্রেরিতে আয়। যে বিশ্বাস করে, আর যে বিশ্বাস করে বলে মনে করে, তারা এক না। মুসলিম, মুমিন, মুত্তাকী, তিন সিঁড়ি।"" বুরুল্লাহ কুরআনটা রাহাতের খালি হাতে দিল। ""দেখব, তুই কোন সিঁড়িতে।"""
B1-C00255,3070,SOURCE_BLOCK_NOTE,UNSPECIFIED,NARRATIVE_ONLY,,E-00255,PAGE-CHECK,,,•  এই অধ্যায়ের হিসাব তাহারা সেন্টারের ছাদের; আয়াতের সূত্র নিচে।
B1-C00256,3071,QURAN,QURAN,QURAN_REF,QUR-4-136,E-00256,VERIFIED,,,"•  কুরআন ৪:১৩৬ (يَٰٓأَيُّهَا ٱلَّذِينَ ءَامَنُوٓا۟ ءَامِنُوا۟ بِٱللَّهِ وَرَسُولِهِۦ) — api.alquran.cloud, CONFIRMED।"
B1-C00257,3072,SOURCE_BLOCK_NOTE,UNSPECIFIED,NARRATIVE_ONLY,,E-00257,PAGE-CHECK,,,•  ১০ আগস্ট ২০১৪ পূর্ণিমা — সাধারণ জ্যোতির্বিদ্যার তথ্য (সে বছরের সবচেয়ে বড় চাঁদ); ছাপার আগে একবার মেলানো যায়।
B1-C00258,3132,SUNNI_NARRATION,SUNNI,NAMED_SOURCE,,E-00258,PAGE-CHECK,,,"রাহাতের চোখ তখন কোণের কাঠের মইটার দিকে, যেটায় একটু আগে আমি উঠেছিলাম। তিনটি ধাপ, মাঝেরটার কাঠ ক্ষয়ে পাতলা। রাহাত বলল, “কাল রাতে তুমি বলেছিলে তিন সিঁড়ি। মুসলিম, মুমিন, মুত্তাকী।”"
B1-C00259,3135,SUNNI_NARRATION,SUNNI,NAMED_SOURCE,,E-00259,PAGE-CHECK,,,“হে মুমিনগণ! আল্লাহকে যথাযথভাবে ভয় করো এবং অবশ্যই মুসলিম না হয়ে মৃত্যুবরণ করো না।”
B1-C00260,3136,SUNNI_NARRATION,SUNNI,NAMED_SOURCE,,E-00260,PAGE-CHECK,,,"পড়া শেষ করে রাহাতের আঙুল আয়াতের ওপর থেমে রইল, কপালে ভাঁজ। “এখানে তো মুমিনদের বলা হচ্ছে, মুসলিম হয়ে মরতে। মুমিন তো মুসলিমের চেয়ে ওপরে। তাহলে?”"
B1-C00261,3140,SUNNI_NARRATION,SUNNI,NAMED_SOURCE,,E-00261,PAGE-CHECK,,,"“এই মহিমান্বিত আয়াতের প্রতিটি শব্দ যেন এক একটি দরজা, যা খুলে দেয় জীবনের তিনটি অলৌকিক স্তরের দ্বার— মুসলিম — আত্মসমর্পিত প্রেমিক। যে বাহ্যিক পরিচয়ের সীমা পেরিয়ে হৃদয় খুলে দিয়েছে প্রভুর দিকে, যে নিজের সকল আশা-ভরসা নামিয়ে রেখে মাথা নত ক"
B1-C00262,3143,SUNNI_NARRATION,SUNNI,NAMED_SOURCE,,E-00262,PAGE-CHECK,,,"পুরোটা সময় রাহাত একটুও নড়ল না। তারপর আস্তে বলল, “মুসলিম হয়ে মরা মানে তাহলে জন্মের নামটা নিয়ে মরা না। ‘আমি আল্লাহর’ — এটা নিয়ে মরা।”"
B1-C00263,3147,MIXED_CITATION,SHIA|SUNNI,NAMED_SOURCE,,E-00263,EDITION-LOCK,,YES,"খাতাটা পুরো বন্ধ হয়নি। মাঝখানের একটি পাতা বাইরে বেরিয়ে আছে। তাতে ওপর থেকে নিচে সাতটি শব্দ লেখা, একটির নিচে আরেকটি। কাফির। মুশরিক। মুমিন। মুসলিম। প্রকৃত মুমিন। তারপর একটি শব্দ, যার নিচে লাল কালিতে দুটো দাগ। তার পরেরটা মুত্তাকী।"
B1-C00264,3157,QURAN,QURAN,QURAN_REF,QUR-11-24,E-00264,VERIFIED,,,"•  কুরআন ১১:২৪ (مَثَلُ الْفَرِيقَيْنِ…) — api.alquran.cloud, CONFIRMED।"
B1-C00265,3158,QURAN,QURAN,QURAN_REF,QUR-49-14,E-00265,VERIFIED,,,"•  কুরআন ৪৯:১৪ (قَالَتِ الْأَعْرَابُ آمَنَّا…) — api.alquran.cloud, CONFIRMED।"
B1-C00266,3159,QURAN,QURAN,QURAN_REF,QUR-3-102,E-00266,VERIFIED,,,"•  কুরআন ৩:১০২ — api.alquran.cloud, CONFIRMED (ভাগ ০৩-এও যাচাই)।"
B1-C00267,3160,SOURCE_BLOCK_NOTE,UNSPECIFIED,NARRATIVE_ONLY,,E-00267,PAGE-CHECK,,,•  ১০ আগস্ট ২০১৪-এর পূর্ণিমা — ভাগ ০৩ অধ্যায় ১০-এর মতো; ছাপার আগে একবার মেলানো যায়।
B1-C00268,3162,SHIA_NARRATION,SHIA,NAMED_SOURCE,,E-00268,EDITION-LOCK,,YES,০২  কাফির থেকে মুত্তাকী পর্যন্ত ধাপগুলো
B1-C00269,3179,SHIA_NARRATION,SHIA,NAMED_SOURCE,,E-00269,EDITION-LOCK,,YES,রাহাত প্রথম শব্দে আঙুল রাখল। “কাফির।”
B1-C00270,3185,SUNNI_NARRATION,SUNNI,NAMED_SOURCE,,E-00270,PAGE-CHECK,,,"“মুসলিম,” রাহাত পড়ল।"
B1-C00271,3234,SOURCE_BLOCK_NOTE,UNSPECIFIED,NARRATIVE_ONLY,,E-00271,PAGE-CHECK,,,•  এই অধ্যায়ে কোনো আয়াত বা হাদীস উদ্ধৃত নয়; সাত ধাপের তালিকা খাতা ¶2315–2321 অনুযায়ী।
B1-C00272,3250,SHIA_NARRATION,SHIA,NAMED_SOURCE,,E-00272,EDITION-LOCK,,YES,"না—তাহলে তুমি কি অবিশ্বাসীদের (কাফির) দলে থাকতে চাও, যারা চিরঅন্ধকারের কারাগারে আবদ্ধ?"
B1-C00273,3267,SUNNI_NARRATION,SUNNI,NAMED_SOURCE,,E-00273,PAGE-CHECK,,,"«প্রশ্ন ৪: তুমি কি কেবল নামেমাত্র মুসলিম, নাকি তোমার অন্তর সত্যিই ঈমানের আলোয় উদ্ভাসিত?"
B1-C00274,3268,SUNNI_NARRATION,SUNNI,NAMED_SOURCE,,E-00274,PAGE-CHECK,,,"যদি বলো: “আমি মুসলিম তো, কিন্তু আমার ঈমান দুর্বল. . .” তাহলে একটু থামো—জানো কি? জন্মসূত্রে মুসলিম হওয়াটা কোনো নিরাপত্তার গ্যারান্টি নয়। কারণ আল্লাহর কাছে পরিচয়ের নয়, আত্মার পরিচ্ছন্নতার হিসাব চলবে।"
B1-C00275,3269,SUNNI_NARRATION,SUNNI,NAMED_SOURCE,,E-00275,PAGE-CHECK,,,"তুমি কি আজও শুধুই মুসলিম নামধারী, নাকি আত্মার ভিতর থেকে সত্যিকার ঈমান খুঁজে পেয়েছ?»"
B1-C00276,3297,MIXED_CITATION,SHIA|SUNNI,NAMED_SOURCE,,E-00276,EDITION-LOCK,,YES,"«আমাদের ঈমান কোথায় দাঁড়িয়ে? তুমি যদি শিকড়ে থাকো—(কাফির/মুশরিক), তবে প্রশ্ন: তুমি কি সেই অন্ধকার থেকে উঠে আসতে চাও, যেখানে আলো ছুঁতে পারো না আলোতে বিলিন হওয়ার যন্ত্রণা ভেতরে কুরে কুরে খায়? তুমি যদি কাণ্ডে থাকো—(শুধু নামে মাত্র মুসলিম),"
B1-C00277,3321,QURAN,QURAN,QURAN_REF,QUR-12-53|QUR-75-2|QUR-89-27,E-00277,VERIFIED,,,"•  এই অধ্যায়ে আয়াত বা হাদীস উদ্ধৃত নয়; নফসের তিন স্তরের নাম (আম্মারা ১২:৫৩, লাওয়ামা ৭৫:২, মুতমাইন্না ৮৯:২৭) কুরআনের শব্দ — পাঠে আয়াত নম্বর নেই, তাই শুধু এখানে উল্লেখ।"
B1-C00278,3336,MIXED_CITATION,SHIA|SUNNI,NAMED_SOURCE,,E-00278,EDITION-LOCK,,YES,"“বুরুল্লাহ ভাই, তুমি কি আমাদের একটু বিস্তারিত বুঝিয়ে বলতে পারো— কাফির, মুশরিক, মুসলিম, সাধারণ মুমিন, প্রকৃত মুমিন, মুমিন-মুনাফিক এবং মুত্তাকী—প্রত্যেকের অবস্থান ও বৈশিষ্ট্য কীভাবে আলাদা?”"
B1-C00279,3339,SHIA_NARRATION,SHIA,NAMED_SOURCE,,E-00279,EDITION-LOCK,,YES,“কাফির অর্থ হলো যিনি সত্য গোপন করেন এবং আল্লাহ ও তাঁর প্রেরিত বিধানসমূহকে প্রত্যাখ্যান করেন। তারা কুরআনের বাণী এবং নাবুয়্যাতের অস্বীকার করে এবং শত্রুতায় লিপ্ত হতে দ্বিধা করে না। তারা কিয়ামত ও আখিরাতের প্রতি বিশ্বাস রাখে না। অনেক কাফির ঈম
B1-C00280,3352,SUNNI_NARRATION,SUNNI,NAMED_SOURCE,,E-00280,PAGE-CHECK,,,"“মুসলিম। বাহ্যিক আমলের মাধ্যমে ইসলামকে গ্রহণকারী, অর্থাৎ যারা ইসলামের বিধি-বিধান মেনে চলে, আল্লাহ ও তাঁর রাসূলুল্লাহ ﷺ এবং তাঁদের রেখে যাওয়া উলিল আমরের আনুগত্য করে আত্মসমর্পণ করে। আল্লাহ বলেন—” সে তাকাভির দিকে তাকাল। “আলে ইমরান, পঁচাশি।”"
B1-C00281,3364,SUNNI_NARRATION,SUNNI,NAMED_SOURCE,,E-00281,PAGE-CHECK,,,"“বুরুল্লাহ ভাই... পরশু তুমি যখন ঈমানের স্তরগুলোর কথা বলেছিলে, আমি শুধু শুনিনি—আমি ভেঙে পড়েছিলাম। নিজেকে মুসলিম ভাবতাম, কিন্তু বুঝতে পারলাম—আমার ভেতরে কতটা নফস, কতটা অভ্যাসের ইবাদত লুকিয়ে ছিল।”"
B1-C00282,3367,SUNNI_NARRATION,SUNNI,NAMED_SOURCE,,E-00282,PAGE-CHECK,,,"“হ্যাঁ... সেই ভাঙনেই হয়তো শুরু হবে আমার যাত্রা। আমি বুঝতে শিখছি—মুসলিম হওয়া আর মুমিন হওয়ার মাঝে কতটা দূরত্ব। আমল ছিল, কিন্তু তাকওয়া ছিল না। দোয়া ছিল, কিন্তু আত্মসমর্পণ ছিল শর্তসাপেক্ষ।”"
B1-C00283,3377,SUNNI_NARRATION,SUNNI,NAMED_SOURCE,,E-00283,PAGE-CHECK,,,"এবার প্রশ্ন করল বুরুল্লাহ, “নাম তো গায়ে লেগেই আছে, রাহাত। মুসলিম। সেটা নিয়ে কী করবি?”"
B1-C00284,3395,SUNNI_NARRATION,SUNNI,NAMED_SOURCE,,E-00284,PAGE-CHECK,,,"তার নিচে আরেকটি লাইন: রাহাতের গল্প এখানেই শেষ নয়। বরং এখান থেকেই শুরু—মুসলিম থেকে মুমিন হওয়ার নীরব, দীর্ঘ, রক্তক্ষয়ী নয়—বরং আত্মক্ষয়ী সেই পথচলা।"
B1-C00285,3398,QURAN,QURAN,QURAN_REF,QUR-35-7,E-00285,VERIFIED,,,"•  কুরআন ৩৫:৭ — api.alquran.cloud, CONFIRMED।"
B1-C00286,3399,QURAN,QURAN,QURAN_REF,QUR-4-48,E-00286,VERIFIED,,,"•  কুরআন ৪:৪৮ — api.alquran.cloud, CONFIRMED।"
B1-C00287,3400,QURAN,QURAN,QURAN_REF,QUR-3-85,E-00287,VERIFIED,,,"•  কুরআন ৩:৮৫ — api.alquran.cloud, CONFIRMED।"
B1-C00288,3412,SUNNI_NARRATION,SUNNI,NAMED_SOURCE,,E-00288,PAGE-CHECK,,,"ঠিক এই ভঙ্গিতে সে নিজের কথা বলেছিল সেদিন লাইব্রেরিতে, আঙুলে ধুলো দেখিয়ে। কিছুদিন আগেও সে ছিল কেবল নামধারী মুসলিম। নামাজে ফাঁকি, কুরআনে ধুলো, আর অন্তরে লুকানো অহংকারের রাজত্ব। এখন সে ঠিক সময়ে দাঁড়াচ্ছে। তবু কপালের ভাঁজ যায়নি।"
B1-C00289,3421,SUNNI_NARRATION,SUNNI,NAMED_SOURCE,,E-00289,PAGE-CHECK,,,"“কিন্তু একদিন হঠাৎ হৃদয়ে একটি প্রশ্ন বিদ্যুতের মতো নেমে আসে— তোমার নাম মুসলিম, কিন্তু তোমার নফস? সে কি আত্মসমর্পণ করেছে— নাকি এখনো নিজের খেয়ালের গোলাম?”"
B1-C00290,3423,SUNNI_NARRATION,SUNNI,NAMED_SOURCE,,E-00290,PAGE-CHECK,,,"“এই প্রশ্নে আত্মার আয়নায় যেন সূক্ষ্ম একটি ফাটল ধরে,” বুরুল্লাহ বলল। “সেই ফাটল দিয়েই শুরু হয় অন্তরদর্শনের যাত্রা। আমি কি কেবল পরিচয়ে মুসলিম? নাকি আমার আত্মা সত্যিই রবের প্রেমে নত হয়েছে? এই প্রশ্ন গভীরে ঢুকলে একে একে প্রকাশ পায়— হৃদয়ে"
B1-C00291,3469,SUNNI_NARRATION,SUNNI,NAMED_SOURCE,,E-00291,PAGE-CHECK,,,"“শুধু মুসলিম নাম ধারণ করা যথেষ্ট নয়,” বুরুল্লাহ বলল। “আসল পরিচয় আসে হৃদয়ের বদল থেকে। যখন আত্মা বলে—‘আমি তাঁরই, যিনি আমাকে সৃষ্টি করেছেন।’ তখন ‘মুসলিম’ পরিচয় হয়ে ওঠে জীবনের প্রতিটি শ্বাসে প্রবাহিত এক সত্য।”"
B1-C00292,3474,PROSE_ATTRIBUTION,UNSPECIFIED,NARRATIVE_ONLY,,E-00292,PAGE-CHECK,,,“আর জাহান্নাম থেকে আলাদা করার একটি নাম আছে। রাসূলুল্লাহ ﷺ বলেছেন—” সে খাতাটা রাহাতের হাতে দিল। “আরবিটা তুই পড়।”
B1-C00293,3514,QURAN,QURAN,QURAN_REF,QUR-89-27,E-00293,VERIFIED,,,"তারপর সে কুরআনটা রেহালে রাখল, পকেট থেকে নিজের খাতা আর কলম বের করল। নতুন পাতার মাথায় লিখল: «৮৯:২৭–২৮»। নিচে একটি লাইন লিখে কলম থামাল। আমি তার কাঁধের পাশ থেকে পড়লাম: «ফিরিয়ে দিলাম।»"
B1-C00294,3530,QURAN,QURAN,QURAN_REF,QUR-13-28|QUR-29-45|QUR-2-222|QUR-10-57|QUR-91-9|QUR-26-88|QUR-89-27,E-00294,VERIFIED,,,"•  কুরআন ১৩:২৮, ২৯:৪৫, ২:২২২, ১০:৫৭, ৯১:৯, ২৬:৮৮–৮৯, ৮৯:২৭–২৮ — api.alquran.cloud, CONFIRMED।"
B1-C00295,3531,SUNNI_NARRATION,SUNNI,NAMED_SOURCE,SRC-Kanz_al-Ummal-6|SRC-Kanz_al-Ummal-219|SRC-Kanz_al-Ummal-6|SRC-Kanz_al-Ummal-219,E-00295,CONFLICT,REF-086,YES,"•  «إن الله فطم ابنتي فاطمة…» — খাতায় কানযুল উম্মাল, খণ্ড ৬, পৃ. ২১৯; খণ্ড/পৃষ্ঠা মেলানো হয়নি — PAGE-CHECK।"
B1-C00296,3532,ATTRIBUTION_ONLY,UNSPECIFIED,ATTRIBUTION_FORMULA,,E-00296,CONFLICT,REF-087,YES,•  «অন্তরে সরিষা দানা পরিমাণ অহংকার» — এই শব্দে সূত্র খাতায় নেই — «বর্ণিত আছে»।
B1-C00297,3545,SHIA_NARRATION,SHIA,NAMED_SOURCE,,E-00297,EDITION-LOCK,,YES,"“চার নম্বর, সাধারণ মুমিন। সাধারণ মুমিন হলো সেই ব্যক্তি, যে ইসলামকে সত্য ধর্ম হিসেবে মেনে নিয়েছে, তবে তার ঈমান ও আমল দৃঢ় নয়। সে কখনো কখনো গুনাহ করে, কিন্তু তা বুঝতে পারলে অনুতপ্ত হয়। তার ঈমানের দুর্বলতা থাকতে পারে, তবে সে কাফির বা মুনাফি"
B1-C00298,3554,SUNNI_NARRATION,SUNNI,NAMED_SOURCE,,E-00298,PAGE-CHECK,,,"বুরুল্লাহ বলল, “মুমিন-মুনাফিক। মুনাফিক মুমিন হলো যারা বাহ্যিকভাবে নিজেদের মুমিন বলে দাবি করে, কিন্তু তাদের অন্তরে ঈমান নেই। তারা মুসলিমদের সঙ্গে থাকে, কিন্তু সুযোগ পেলে ইসলামবিরোধী কর্মকাণ্ড করে। তাদের স্বভাব হচ্ছে প্রতারণা, মিথ্যা ও দ্বিমু"
B1-C00299,3634,QURAN,QURAN,QURAN_REF,QUR-29-10|QUR-23-1|QUR-4-145|QUR-4-143|QUR-54-54|QUR-72-26|QUR-7-199|QUR-22-35|QUR-22-35,E-00299,VERIFIED,,,"•  কুরআন ২৯:১০, ২৩:১–২, ৪:১৪৫, ৪:১৪৩, ৫৪:৫৪–৫৫, ৭২:২৬–২৭, ৭:১৯৯, ২২:৩৫ — api.alquran.cloud, CONFIRMED। (২২:৩৫-এর উদ্ধৃত অংশ আয়াতের মাঝের বাক্য।)"
B1-C00300,3635,SHIA_NARRATION,SHIA,NAMED_SOURCE,,E-00300,EDITION-LOCK,REF-088,YES,"•  ইমাম জাফর আস-সাদিক (আলাইহিস্ সালাম)-এর «মুমিনের বৈশিষ্ট্য» (দীর্ঘ তালিকা) — আল-কাফি, কিতাবুল ঈমান ওয়াল কুফর (সিফাতুল মুমিন) অধ্যায়ের সাথে মিল; শব্দে মেলানো হয়নি — PAGE-CHECK।"
B1-C00301,3636,SHIA_NARRATION,SHIA,NAMED_SOURCE,SRC-al-Kafi-2|SRC-al-Kafi-2,E-00301,CONFLICT,REF-089,YES,"•  ইমাম রেযা (আলাইহিস্ সালাম): «মুমিন হবে না যতক্ষণ না তিন সুন্নাত — রবের, নবীর, ওলীর» — আল-কাফি খণ্ড ২ ও উয়ুন আখবারির রিদা-য় বর্ণিত বলে জানা; পৃষ্ঠা মেলানো হয়নি — PAGE-CHECK।"
B1-C00302,3637,ATTRIBUTION_ONLY,UNSPECIFIED,ATTRIBUTION_FORMULA,,E-00302,PAGE-CHECK,REF-090,,"•  «তিনটি গুণ… ঈমান পূর্ণ হবে», «আমানতদার… প্রাচুর্যকে বিপদ», «সবকিছুই তাকে ভয় করে», «ফেরেশতারা মুমিনদের নূর দেখে» — খাতায় সূত্রহীন — «বর্ণিত আছে»।"
B1-C00303,3638,ATTRIBUTION_ONLY,UNSPECIFIED,ATTRIBUTION_FORMULA,,E-00303,PAGE-CHECK,REF-091,,•  «আল্লাহ মুমিনকে দুনিয়ার বিপদ থেকে মুক্ত রাখেননি…» — খাতায় সূত্রহীন — «বর্ণিত আছে»।
B1-C00304,3689,QURAN,QURAN,QURAN_REF,QUR-10-20,E-00304,VERIFIED,,,"তাকাভি কুরআনটা ফেরত নিল। সূচিপত্রে আঙুল চালাল, তারপর অনেকটা সামনে উল্টে গেল, সূরা ইউনুস। একটি আয়াতের নিচে নখ দিয়ে দাগ টেনে কুরআনটা রাকিকার দিকে ঘুরিয়ে দিল। রাকিকা নিজে পড়ল, নিঃশব্দে, ঠোঁট নড়ছিল। তারপর নিজের নোটপ্যাডে লিখল: ১০:২০।"
B1-C00305,3744,QURAN,QURAN,QURAN_REF,QUR-2-2|QUR-2-3|QUR-10-20,E-00305,VERIFIED,,,"•  কুরআন ২:২, ২:৩ («যারা অদৃশ্যে বিশ্বাস করে»), ১০:২০ — api.alquran.cloud, CONFIRMED।"
B1-C00306,3745,QURAN,QURAN,QURAN_REF,QUR-2-3,E-00306,VERIFIED,REF-092,,•  ২:৩-এর «অদৃশ্য» = ইমাম মাহদী (আলাইহিস্ সালাম)-এর গায়বত — শিয়া রেওয়ায়েতে বর্ণিত (কামালুদ্দীন ধাঁচের); নির্দিষ্ট খণ্ড-পৃষ্ঠা মেলানো হয়নি — «বর্ণিত আছে»।
B1-C00307,3746,SOURCE_BLOCK_NOTE,UNSPECIFIED,NARRATIVE_ONLY,,E-00307,PAGE-CHECK,REF-093,,•  সাফা পাহাড়ের বাণী — খাতায় সনদ: মুহাম্মাদ ইবনে মুসা ইবনুল মুতাওয়াক্কিল ← মুহাম্মাদ ইবনে জাফর আল-হিমইয়ারী ← আহমাদ ইবনে মুহাম্মাদ ইবনে আলী ← হাসান ইবনে মাহবুব ← আলী ইবনে রিয়াব ← আবু উবাইদা আল-হাজ্জা ← ইমাম জাফর আস-সাদিক (আলাইহিস্ সালাম
B1-C00308,3747,SOURCE_BLOCK_NOTE,UNSPECIFIED,NARRATIVE_ONLY,,E-00308,PAGE-CHECK,,,"•  বুরুল্লাহর স্বপ্ন — খাতা ¶3096–3108; সাক্ষ্য হিসেবে, সূত্র-দাবি নয় (S-80)।"
B1-C00309,3867,QURAN,QURAN,QURAN_REF,QUR-45-19|QUR-11-113|QUR-9-103,E-00309,VERIFIED,,,"•  কুরআন ৪৫:১৯ («وَاللَّهُ وَلِيُّ الْمُتَّقِينَ»), ১১:১১৩, ৯:১০৩ — api.alquran.cloud, CONFIRMED।"
B1-C00310,3868,SUNNI_NARRATION,SUNNI,NAMED_SOURCE,SRC-al-Bayhaqi-373|SRC-al-Bayhaqi-373|SRC-HADITH-373,E-00310,CONFLICT,REF-094,YES,"•  «নিজের নফসের বিরুদ্ধে জিহাদই সর্বশ্রেষ্ঠ জিহাদ» — খাতায়: আল-বায়হাকী, আল-যুহদ আল-কাবীর, হাদীস ৩৭৩ (জাবির থেকে); মেলানো হয়নি — PAGE-CHECK।"
B1-C00311,3869,ATTRIBUTION_ONLY,UNSPECIFIED,ATTRIBUTION_FORMULA,,E-00311,CONFLICT,REF-095,YES,•  «তোমার সবচেয়ে বড় শত্রু… তোমার নফস» — ইমাম আলী (আলাইহিস্ সালাম)-এর নামে প্রচলিত; সূত্র খাতায় নেই — «বর্ণিত আছে»।
B1-C00312,3870,SOURCE_BLOCK_NOTE,UNSPECIFIED,NARRATIVE_ONLY,,E-00312,PAGE-CHECK,,,•  «লাব্বাইক ইয়া মাহদি… أنت المقصود» — চাচার খাতার শপথ-বাক্য; কোনো হাদীস-দাবি নয়।
B1-C00313,3871,SOURCE_BLOCK_NOTE,UNSPECIFIED,NARRATIVE_ONLY,,E-00313,PAGE-CHECK,,,•  চাচার স্বপ্ন — খাতা ¶3448–3462; সাক্ষ্য হিসেবে (S-80)।
B1-C00314,3950,QURAN,QURAN,QURAN_REF,QUR-33-33,E-00314,VERIFIED,,,পেনসিলের প্রথম সংখ্যাটার ওপর রাহাতের আঙুল থামল। ৩৩:৩৩।
B1-C00315,3954,QURAN,QURAN,QURAN_REF,QUR-28-68,E-00315,VERIFIED,,,"•  কুরআন ২৮:৬৮ — api.alquran.cloud, CONFIRMED।"
B1-C00316,3955,SOURCE_BLOCK_NOTE,UNSPECIFIED,NARRATIVE_ONLY,,E-00316,PAGE-CHECK,,,•  পাতলা বইয়ের ভূমিকা — খাতা ১ ¶4562–4569; গল্পের ভেতরের বই (S-183)।
B1-C00317,3956,SOURCE_BLOCK_NOTE,UNSPECIFIED,NARRATIVE_ONLY,,E-00317,PAGE-CHECK,,,"•  চাচা ও বুরুল্লাহর কথা — শ্রোতা – বুরুল্লাহ ০৪ (০৩.০৮.২০২২) L399, L440, L444 (দুই বাক্য), L445–446; জনির নিজের লেখা।"
B1-C00318,4058,QURAN,QURAN,QURAN_REF,QUR-33-33|QUR-83-27,E-00318,VERIFIED,,,"•  কুরআন ৩৩:৩৩, ৮৩:২৭–২৮ — api.alquran.cloud, CONFIRMED।"
B1-C00319,4059,SUNNI_NARRATION,SUNNI,NAMED_SOURCE,,E-00319,CONFLICT,REF-096,YES,"•  চাদরের হাদীস (হাদীসে কিসা, জাবির ইবনে আব্দুল্লাহ আনসারীর বর্ণনা) — শ্রোতা ০৪ L478; জনির নোটে আহলে সুন্নাহর একাধিক উৎসের তালিকা (সহীহ মুসলিম, তিরমিযি…) — এই দীর্ঘ পাঠের শব্দে মেলানো হয়নি — «বর্ণিত আছে»; সংক্ষিপ্ত চাদর-রেওয়ায়েত সহীহ মুস"
B1-C00320,4060,ATTRIBUTION_ONLY,UNSPECIFIED,ATTRIBUTION_FORMULA,,E-00320,PAGE-CHECK,REF-097,,"•  তাসনিম-সংক্রান্ত হাদীসগুলো (ক্ষুধার্তকে খাওয়ানো, মাদক পরিত্যাগ, «আমি প্রথম ব্যক্তি হব», আবু জাফর ও ইমাম সাদিক (আলাইহিমাস্ সালাম)-এর ব্যাখ্যা) — খাতায় সূত্রহীন — «বর্ণিত আছে»।"
B1-C00321,4061,SOURCE_BLOCK_NOTE,UNSPECIFIED,NARRATIVE_ONLY,,E-00321,PAGE-CHECK,,,•  শিশু-ধোয়ানোর উপমা — খাতা ১ ¶10028 + জনির মৌখিক বর্ণনা (S-85e)।
B1-C00322,4115,PROSE_ATTRIBUTION,UNSPECIFIED,NARRATIVE_ONLY,,E-00322,PAGE-CHECK,,,"“ইমাম আলী (আলাইহিস্ সালাম) বর্ণনা করেন যে, আমাকে রাসূলুল্লাহ ﷺ বলেছেন, ‘সর্বপ্রথম জান্নাতে প্রবেশকারীদের মধ্যে হবেন আমি, ফাতেমা, হাসান ও হুসাইন।’ আমি আরজ করলাম, ‘হে রাসূলুল্লাহ ﷺ, আমাদের সাথে ভালবাসা পোষণকারীরা কোথায় হবে?’ রাসূলুল্লাহ ﷺ বল"
B1-C00323,4133,QURAN,QURAN,QURAN_REF,QUR-42-23|QUR-98-7,E-00323,VERIFIED,,,"•  কুরআন ৪২:২৩, ৯৮:৭ — api.alquran.cloud, CONFIRMED।"
B1-C00324,4134,SOURCE_BLOCK_NOTE,UNSPECIFIED,NARRATIVE_ONLY,,E-00324,PAGE-CHECK,REF-098,,"•  «আলে মুহাম্মাদের ভালবাসার ওপর মৃত্যু… শহীদের মৃত্যু» — জনির নোটে তাফসীরে কাশ্শাফ, রুহুল বায়ান, তাফসীরে কাবীর, দুররে মানসূর-এর নাম; খণ্ড-পৃষ্ঠা মেলানো হয়নি — PAGE-CHECK।"
B1-C00325,4135,QURAN,QURAN,QURAN_REF,QUR-98-7|QUR-98-7,E-00325,CONFLICT,REF-099,YES,•  ৯৮:৭ ও «খাইরুল বারিয়্যাহ» — জাবির (রা.)-এর বর্ণনা; সুয়ুতির দুররে মানসূর-এ ৯৮:৭-এর অধীনে বর্ণিত বলে প্রচলিত — PAGE-CHECK।
B1-C00326,4136,ATTRIBUTION_ONLY,UNSPECIFIED,NO_SOURCE_STATED,,E-00326,NOT_FOUND,REF-100,YES,"•  «সর্বপ্রথম জান্নাতে… আশেকরা পশ্চাতে», «আশেকরা একই স্থানে… পানাহার একত্রে» — খাতায় আরবি পাঠ আছে, সূত্র নেই — «বর্ণিত আছে»।"
B1-C00327,4205,PROSE_ATTRIBUTION,UNSPECIFIED,NARRATIVE_ONLY,,E-00327,PAGE-CHECK,,,"“আবু আবদুল্লাহ (আলাইহিস্ সালাম) বলেছেন: ‘যে ব্যক্তি ফরজ ও নফল নামাজে একবারও إِنَّآ أَعْطَيْنَٰكَ ٱلْكَوْثَرَ পাঠ করবে, কিয়ামতের দিন তার পিপাসার উত্তাপে দগ্ধ ঠোঁট আল্লাহর করুণায় সিক্ত হবে। সে তৃপ্তি খুঁজে পাবে তুবা বৃক্ষের ছায়ায়, যেখানে "
B1-C00328,4221,QURAN,QURAN,QURAN_REF,QUR-108-1,E-00328,VERIFIED,,,"•  কুরআন ১০৮:১–৩ — api.alquran.cloud, CONFIRMED।"
B1-C00329,4222,SHIA_NARRATION,SHIA,NAMED_SOURCE,,E-00329,CONFLICT,REF-101,YES,"•  বিদ্রূপকারী আমর ইবনুল আস («হে আবুল আবতার»), মসজিদে, হাকাম ইবনুল আসের সাথে — তাফসীরে হুব্বে আলী, সূরা আল-কাউসার, হা. ১০ (ইবনে বাবুওয়াইহ; হুবেআলী.কম হা. ৯৪৯৯) — VERIFIED (স্থানীয় কপি: [LOCAL-PATH-REDACTED] Fatima Zahra SA Nobuwat & Imama"
B1-C00330,4223,SOURCE_BLOCK_NOTE,UNSPECIFIED,NARRATIVE_ONLY,,E-00330,PAGE-CHECK,REF-102,,"•  তিন ভবিষ্যদ্বাণী ও বংশহীন শত্রু — খাতায়: আলোকিত তাফসীর (An Enlightening Commentary into the Light of the Holy Quran), খণ্ড ২০, সূরা কাওসার — PAGE-CHECK।"
B1-C00331,4224,SUNNI_NARRATION,SUNNI,NAMED_SOURCE,,E-00331,CONFLICT,REF-103,YES,•  «আল্লাহ সকল নবির বংশ তাঁদের ঔরসে… আমার বংশ আলীর ঔরসে» — আহলুস সুন্নাহর কিতাবে (তাবারানী ধাঁচের) বর্ণিত বলে খাতায়; নির্দিষ্ট সূত্র নেই — «বর্ণিত আছে»।
B1-C00332,4225,ATTRIBUTION_ONLY,UNSPECIFIED,ATTRIBUTION_FORMULA,,E-00332,PAGE-CHECK,REF-104,,•  আবু আবদুল্লাহ (আলাইহিস্ সালাম): নামাজে কাওসার পাঠের ফজিলত; «আত্মার সন্তান» — খাতায় সূত্রহীন — «বর্ণিত আছে»।
B1-C00333,4226,ATTRIBUTION_ONLY,UNSPECIFIED,ATTRIBUTION_FORMULA,,E-00333,CONFLICT,REF-105,YES,•  ইবনে আব্বাস: «আল কাওসার কী?» — খাতায় সূত্রহীন — «বর্ণিত আছে»।
B1-C00334,4266,SUNNI_NARRATION,SUNNI,NAMED_SOURCE,,E-00334,EDITION-LOCK,,YES,"“তাফসিরে জালালাইন, বায়দ্বাভী, দুররুল মানসুর।” চাচা হাসলেন। “আপনার মাদ্রাসার হুজুররা যেগুলো পড়েন।”"
B1-C00335,4268,SUNNI_NARRATION,SUNNI,NAMED_SOURCE,,E-00335,PAGE-CHECK,,,"রাকিকা এতক্ষণ চুপ ছিল। এবার সে বলল, “চাচা, আমি একটা হাদীস বলতে পারি? সহীহ মুসলিম থেকে। আমার ফুপুর কাছে মুসলিম শরীফের বাংলা খণ্ড আছে, রাতে মিলিয়ে এসেছি।”"
B1-C00336,4269,SUNNI_NARRATION,SUNNI,NAMED_SOURCE,,E-00336,PAGE-CHECK,,,আব্বা তার দিকে ফিরলেন। “মুসলিম? বলো।”
B1-C00337,4270,PROSE_ATTRIBUTION,UNSPECIFIED,NARRATIVE_ONLY,,E-00337,PAGE-CHECK,,,"রাকিকা মোবাইলে তোলা একটি পাতার ছবি খুলল, পড়ল: “আমির বিন সা’দ বিন আবি ওয়াক্কাস বর্ণনা করেন তার পিতার কাছ থেকে যে মুয়াবিয়া বিন আবু সুফিয়ান সা’দ কে গভর্নর পদে নিয়োগ দিলেন এবং বললেন, আপনি আবু তোরাবকে কেন মন্দ বলেন না? সা’দ বললেন, রাসূলুল্"
B1-C00338,4315,QURAN,QURAN,QURAN_REF,QUR-3-61,E-00338,VERIFIED,,,"•  কুরআন ৩:৬১ — api.alquran.cloud, CONFIRMED।"
B1-C00339,4316,SUNNI_NARRATION,SUNNI,NAMED_SOURCE,SRC-al-Durr_al-Manthur-2|SRC-al-Durr_al-Manthur-39|SRC-al-Durr_al-Manthur-2|SRC-al-Durr_al-Manthur-39,E-00339,CONFLICT,REF-106,YES,"•  মুবাহালার ঘটনা (হুসাইন কোলে, হাসান হাত ধরে, পেছনে ফাতিমা ও আলী (আলাইহিমুস্ সালাম), খ্রিস্টান যাজকের উক্তি, «বানর-শূকর») — জনির নোটে: তাফসিরে জালালাইন ১/৬০, বায়দ্বাভী ১/১১৮, দুররুল মানসুর ২/৩৯ (মিশর মুদ্রণ) — PAGE-CHECK।"
B1-C00340,4317,SUNNI_NARRATION,SUNNI,NAMED_SOURCE,HAD-MUSLIM-2|HAD-MUSLIM-2|SRC-HADITH-6062,E-00340,CONFLICT,REF-107,YES,"•  সা’দ ইবনে আবি ওয়াক্কাসের হাদীস (তিন কথা; মুবাহালার আয়াতে আলী, ফাতিমা, হাসান, হুসাইনকে ডাকা — «এরাই আমার পরিবার») — সহীহ মুসলিম, ফাযায়েলুস সাহাবা (আন্তর্জাতিক নম্বর ২৪০৪); জনির নোটে বাংলা সংস্করণ পৃ. ৯১৭, হাদীস ৬০৬২ — PAGE-CHECK।"
B1-C00341,4318,SOURCE_BLOCK_NOTE,UNSPECIFIED,NARRATIVE_ONLY,,E-00341,PAGE-CHECK,,,•  «মুবাহালা» শব্দের অর্থ — জনির নোট (শ্রোতা ০৪ L453); ভাষাগত।
B1-C00342,4396,QURAN,QURAN,QURAN_REF,QUR-76-8,E-00342,VERIFIED,,,"•  কুরআন ৭৬:৮–৯ — api.alquran.cloud, CONFIRMED।"
B1-C00343,4397,ATTRIBUTION_ONLY,UNSPECIFIED,ATTRIBUTION_FORMULA,,E-00343,PAGE-CHECK,REF-108,,"•  «আমি ইলমের পাল্লা, আলী তার বাটখারা… ফাতেমা দস্তা…» — খাতা ১ ¶4809–4811 (ইবনে আব্বাস থেকে); কিতাবের নাম খাতায় নেই — «বর্ণিত আছে»।"
B1-C00344,4398,QURAN,QURAN,QURAN_REF,QUR-76-8,E-00344,VERIFIED,REF-109,,•  ৭৬:৮–৯-এর নাজিল আহলে বাইতের তিন দিনের রোজা ও দানের প্রসঙ্গে — শিয়া ও সুন্নি তাফসিরে বর্ণিত; এখানে শুধু ইঙ্গিত — «বর্ণিত আছে»।
B1-C00345,4399,ATTRIBUTION_ONLY,UNSPECIFIED,ATTRIBUTION_FORMULA,,E-00345,PAGE-CHECK,REF-110,,•  «ক্ষুধার্তকে আহার করানো → জান্নাতের ফল» ও «আশেকদের পানাহার একত্রে» — অধ্যায় ২ ও ৩-এর সূত্র দেখো («বর্ণিত আছে»)।
B1-C00346,4463,QURAN,QURAN,QURAN_REF,QUR-4-59,E-00346,VERIFIED,,,"রাহাত একা বসে রইল। আমি দরজার কাছে, জুতা পরছিলাম। সে পাতলা বইটা খুলে শেষ মলাটে পেনসিলের সাতটি সংখ্যার দিকে তাকাল। ছয়টার পাশে ছোট ছোট টিক। সাত নম্বর, ৪:৫৯— আজ সকালে।"
B1-C00347,4470,QURAN,QURAN,QURAN_REF,QUR-4-59,E-00347,VERIFIED,,,"•  কুরআন ৪:৫৯ — api.alquran.cloud, CONFIRMED।"
B1-C00348,4471,SOURCE_BLOCK_NOTE,UNSPECIFIED,NARRATIVE_ONLY,,E-00348,PAGE-CHECK,,,"•  বুরুল্লাহর খাতার পাতা — খাতা ১ ¶4297–4310; জনির নিজের লেখা, কোনো হাদীস-দাবি নয়।"
B1-C00349,4511,QURAN,QURAN,QURAN_REF,QUR-33-33|QUR-83-28|QUR-42-23|QUR-3-61|QUR-9-119|QUR-4-59,E-00349,VERIFIED,,,"«৩৩:৩৩ — আমি কি সত্যিই পবিত্র হতে চাই, নাকি শুধু পবিত্রদের পাশে বসতে চাই? ৮৩:২৮ — শেষ কবে কাউকে পানি দিয়েছি, যে চায়নি? ৪২:২৩ — যাঁদের ভালোবাসি বলি, তাঁদের কোন একটা কাজ আজ করেছি? ১০৮ — কার কাছে আমি আবতার— কাকে আমি ছেড়ে এসেছি? ৩:৬১ — কাল আ"
B1-C00350,4553,QURAN,QURAN,QURAN_REF,QUR-8-2|QUR-10-62|QUR-89-27|QUR-8-2,E-00350,VERIFIED,,,"•  কুরআন ৮:২ («زَادَتْهُمْ إِيمَانًا»), ১০:৬২–৬৩, ৮৯:২৭–৩০ — api.alquran.cloud, CONFIRMED (৮:২-এর আরবিতে খাতার «إِيمَٰن» → «إِيمَٰنًا», তানউইন পূর্ণ)।"
B1-C00351,4554,SOURCE_BLOCK_NOTE,UNSPECIFIED,NARRATIVE_ONLY,,E-00351,PAGE-CHECK,,,•  কবিতা «প্রশান্ত আত্মা» — খাতা ১ ¶4478–4521; জনির নিজের লেখা।
B1-C00352,4668,SOURCE_BLOCK_NOTE,UNSPECIFIED,NARRATIVE_ONLY,,E-00352,PAGE-CHECK,,,•  এই অধ্যায়ে কোনো আয়াত বা হাদীস উদ্ধৃত হয়নি।
B1-C00353,4669,ATTRIBUTION_ONLY,UNSPECIFIED,ATTRIBUTION_FORMULA,,E-00353,PAGE-CHECK,REF-111,,"•  মসজিদে নববীর গা-ঘেঁষা মা সাইয়্যিদা (আলাইহাস্ সালাম)-এর ঘরের দরজা ও বাকির কিনারের ছোট ঘর — বর্ণিত আছে; মানচিত্রটি গল্পের ভেতরে বোঝার জন্য আঁকা, মাপজোখ নয়।"
B1-C00354,4761,ATTRIBUTION_ONLY,UNSPECIFIED,ATTRIBUTION_FORMULA,,E-00354,PAGE-CHECK,REF-112,,"“আমিরুল মুমিনীন (আলাইহিস্ সালাম) প্রথম জনের হাত ধরে দেখালেন, এমন বর্ণিত আছে।” বুরুল্লাহ বোর্ডের দিকে পিঠ দিয়ে দাঁড়াল। “তুই হাফেজ, ফয়সাল। একশো উনসত্তর তো তোর মুখস্থ। আল্লাহর পথে যারা নিহত, তাদের মৃত বলো না, তারা জীবিত। শহীদ জীবিত, আর যিনি"
B1-C00355,4797,SOURCE_BLOCK_NOTE,UNSPECIFIED,NARRATIVE_ONLY,,E-00355,PAGE-CHECK,,,•  এই অধ্যায়ের মদিনার দৃশ্য বুরুল্লাহর মুখে বলা গল্প; আয়াত ও রেওয়ায়েতের সূত্র নিচে।
B1-C00356,4798,QURAN,QURAN,QURAN_REF,QUR-33-56|QUR-3-169,E-00356,VERIFIED,,,"•  কুরআন ৩৩:৫৬, ৩:১৬৯ — api.alquran.cloud-এ মেলানো, CONFIRMED।"
B1-C00357,4799,SHIA_NARRATION,SHIA,NAMED_SOURCE,SRC-Bihar_al-Anwar-22|SRC-Bihar_al-Anwar-22,E-00357,EDITION-LOCK,REF-113,YES,•  রাসূলুল্লাহ ﷺ-কে বিষ দেওয়ার রেওয়ায়েত (ইমাম জাফর সাদিক (আলাইহিস্ সালাম) থেকে) — খাতায়: তাফসীরে কুম্মী (সূরা তাহরীম প্রসঙ্গে); বিহারুল আনওয়ার খণ্ড ২২ — PAGE-CHECK (খণ্ড-পৃষ্ঠা ও শব্দ মেলানো বাকি)।
B1-C00358,4800,SHIA_NARRATION,SHIA,NAMED_SOURCE,SRC-al-Kafi-1|SRC-al-Kafi-1,E-00358,EDITION-LOCK,REF-114,YES,"•  দশজন দশজন করে জানাজার নামাজ, দাফনের স্থান (ইমাম বাকির (আলাইহিস্ সালাম)) — বর্ণিত আছে; আল-কাফি খণ্ড ১ (রাসূলুল্লাহ ﷺ-এর জন্ম-অধ্যায়) — PAGE-CHECK।"
B1-C00359,4801,ATTRIBUTION_ONLY,UNSPECIFIED,NO_SOURCE_STATED,,E-00359,NOT_FOUND,REF-115,YES,•  আমিরুল মুমিনীন (আলাইহিস্ সালাম) আবু বকরের হাত ধরে দেখান — বর্ণিত আছে; PAGE-CHECK (খাতায় সূত্র নেই)।
B1-C00360,4802,SOURCE_BLOCK_NOTE,UNSPECIFIED,NARRATIVE_ONLY,,E-00360,PAGE-CHECK,,,•  «শয়তান রাসূলুল্লাহ ﷺ-এর রূপ ধরতে পারে না» — S-174; উৎস-যাচাই খোলা (STORY_LOCKS খোলা প্রশ্ন)।
B1-C00361,4812,FADAK,UNSPECIFIED,NARRATIVE_ONLY,,E-00361,PAGE-CHECK,,,দাবি: ফাদাক যুদ্ধে পাওয়া গনিমত। গনিমত সব মুসলমানের। তাই রাষ্ট্রের। জবাব: ?
B1-C00362,4815,FADAK,UNSPECIFIED,NARRATIVE_ONLY,,E-00362,PAGE-CHECK,,,"“যুদ্ধে জেতা?” রাহাত পকেট থেকে ফোন বের করল। “বুরুল্লাহ ভাই একদিন বলেছিল, ফাদাকে যুদ্ধ হয়নি। একটা আয়াত আছে… দাঁড়াও।”"
B1-C00363,4819,QURAN,QURAN,QURAN_REF,QUR-59-6,E-00363,VERIFIED,,,"রাকিকা কলমটা নিল, ফাঁকা ঘরে লিখল: «যুদ্ধ হয়নি। ঘোড়া না, উট না (৫৯:৬)। তাহলে গনিমত না।» তারপর কলম থামাল।"
B1-C00364,4832,FADAK,UNSPECIFIED,NARRATIVE_ONLY,,E-00364,PAGE-CHECK,,,"সূর্য দিগন্তের কোণে ঝুঁকে পড়েছে, আকাশ রঙিন হয়ে উঠেছে লাল আর সোনালি আভায়। আমি এগিয়ে চলেছি এক প্রাচীন জনপদের দিকে—ফাদাক।"
B1-C00365,4834,FADAK,UNSPECIFIED,NARRATIVE_ONLY,,E-00365,PAGE-CHECK,,,"মাত্র কিছুক্ষণ আগে আমি বুরুল্লাহর সাথে মা সাইয়্যিদা ফাতিমাতুয্ যাহরা (আলাইহাস্ সালাম)-এর নেতৃত্ব নিয়ে তর্ক করছিলাম, আর পরের মুহূর্তেই—আমি নিজেকে এক ভিন্ন সময়ের ফাদাকে আবিষ্কার করলাম! সম্পূর্ণ বিভ্রান্ত কিন্তু পথভ্রষ্ট বা লক্ষভ্রষ্টতা ছিল"
B1-C00366,4850,FADAK,UNSPECIFIED,NARRATIVE_ONLY,,E-00366,PAGE-CHECK,,,"রাকিকা: হ্যাঁ! আমি ফাদাকের সুজলা-সুফলা উপত্যকায় যেতে চাই—সেখানে প্রশান্তি আছে, জ্ঞান আছে, সত্য আছে।"
B1-C00367,4894,FADAK,UNSPECIFIED,NARRATIVE_ONLY,,E-00367,PAGE-CHECK,,,ফাদাক—ইতিহাসের ধূসর পাতা
B1-C00368,4895,FADAK,UNSPECIFIED,NARRATIVE_ONLY,,E-00368,PAGE-CHECK,,,রাকিকা: আমি এখন দাঁড়িয়ে আছি ফাদাকের মাটিতে। অবশেষে সমস্ত বিভ্রান্তি পেছনে ফেলে এখানে পৌঁছেছি।
B1-C00369,4899,FADAK,UNSPECIFIED,NARRATIVE_ONLY,,E-00369,PAGE-CHECK,,,আমি এসেছি এক হারিয়ে যাওয়া ন্যায়বিচারের গল্পের খোঁজে—ফাদাকের সত্য জানার জন্য।
B1-C00370,4901,FADAK,UNSPECIFIED,NARRATIVE_ONLY,,E-00370,PAGE-CHECK,,,"সে প্রথমবার ফাদাকের প্রসঙ্গ তোলে। রাসূলুল্লাহ ﷺ-এর কন্যা মা সাইয়্যিদা ফাতিমাতুয্ যাহরা (আলাইহাস্ সালাম) ও খিলাফতের আসনে যিনি বসলেন, তাঁর মধ্যকার ঘটনা শোনার পর, আমার মধ্যে এক অদম্য কৌতূহল জন্ম নেয়।"
B1-C00371,4904,FADAK,UNSPECIFIED,NARRATIVE_ONLY,,E-00371,PAGE-CHECK,,,"এবং আজ, সেই সাধনারই ফলস্বরূপ আমি দাঁড়িয়ে আছি ফাদাকের মাটিতে!"
B1-C00372,4912,FADAK,UNSPECIFIED,NARRATIVE_ONLY,,E-00372,PAGE-CHECK,,,ফাদাক: নাবুয়্যাতের উত্তরাধিকার ও মা সাইয়্যিদা ফাতিমাতুয্ যাহরা (আলাইহাস্ সালাম)-এর অধিকার
B1-C00373,4913,FADAK,UNSPECIFIED,NARRATIVE_ONLY,,E-00373,PAGE-CHECK,,,"ফাদাক—শুধু একখণ্ড ভূমি নয়, বরং ইতিহাসের বুকে খোদিত এক চিরন্তন উপাখ্যান। এই ভূমি ছিল নবী নূহ (আলাইহিস্ সালাম)-এর পুত্র হাম-এর উত্তরাধিকার, যুগ-যুগান্তরে বিভিন্ন জাতির হাতে ঘুরে শেষে এসে ঠেকে নাবুয়্যাতের সূর্য রাসূলুল্লাহ ﷺ-এর কাছে। এটি এক "
B1-C00374,4917,FADAK,UNSPECIFIED,NARRATIVE_ONLY,,E-00374,PAGE-CHECK,,,"এই আয়াতের মর্মার্থে প্রতিভাত হয়, নবী সুলায়মান (আলাইহিস্ সালাম) তাঁর পিতা দাউদ (আলাইহিস্ সালাম)-এর উত্তরাধিকার লাভ করেছিলেন—এটি কেবল জ্ঞান বা নাবুয়্যাতের নয়, বরং বস্তুগত ও আধ্যাত্মিক উত্তরাধিকারের এক অনন্য দৃষ্টান্ত। সেই সূত্রেই রাসূলুল"
B1-C00375,4930,QURAN,QURAN,QURAN_REF,QUR-27-16,E-00375,VERIFIED,,,"রাকিকা স্ক্রিনটার দিকে তাকিয়ে রইল। তারপর নিজের খাতা টেনে নিল, আর লাইনের পাশে মার্জিনে পেনসিলে লিখল: «এই শব্দে কুরআনে নেই। অর্থের কাছের আয়াত: ২৭:১৬। আমার মনে রাখায় ভুল হতে পারে। যা দেখেছি, তাই লিখেছি।»"
B1-C00376,4949,FADAK,UNSPECIFIED,NARRATIVE_ONLY,,E-00376,PAGE-CHECK,,,•  এই অধ্যায়ের ফাদাক-অংশ রাকিকার নিজের খাতায় লেখা রূহানি সাক্ষ্য; আয়াতের সূত্র নিচে।
B1-C00377,4950,QURAN,QURAN,QURAN_REF,QUR-59-6|QUR-27-16|QUR-53-2,E-00377,VERIFIED,,,"•  কুরআন ৫৯:৬, ২৭:১৬, ৫৩:২ — api.alquran.cloud-এ মেলানো, CONFIRMED।"
B1-C00378,4951,FADAK,UNSPECIFIED,ATTRIBUTION_FORMULA,,E-00378,CONFLICT,REF-116,YES,"•  ফাদাকের খেজুরবাগান মুসা (আলাইহিস্ সালাম)-এর অনুসারীদের রোপণ, মদিনা থেকে «প্রায় ১৫৩ কিলোমিটার», নূহ (আলাইহিস্ সালাম)-এর পুত্র হামের উত্তরাধিকার — বর্ণিত আছে; PAGE-CHECK।"
B1-C00379,4958,SHIA_NARRATION,SHIA,NAMED_SOURCE,,E-00379,EDITION-LOCK,,YES,"“আল-ইহতিজাজ,” বুরুল্লাহ বলল। “খুতবাটা এর ভেতরে। বাংলাটা এক বুজুর্গের হাতের অনুবাদ, আব্বু বহু বছর আগে কপি করিয়ে রেখেছিলেন।” সে বইটা রাকিকার দিকে বাড়িয়ে দিল। “তুমি পড়বে বলেছিলে।”"
B1-C00380,4978,SUNNI_NARRATION,SUNNI,NAMED_SOURCE,,E-00380,PAGE-CHECK,,,"প্রতিশোধ (কিসাস), রক্ত (প্রাণ) সংরক্ষণ, নিজের পূর্ণতা থেকে দয়ার প্রতি সমর্পণ, ওজন ও পরিমাপে সম্পূর্ণতা—অন্যদের অধিকার উপেক্ষা প্রতিরোধের কারণ; মদপান নিষিদ্ধকরণ—অত্যাচার থেকে মুক্তি; অপবাদ এড়িয়ে চলা—অভিশাপ থেকে পর্দা; এবং চুরি ত্যাগ করা—প"
B1-C00381,5034,SHIA_NARRATION,SHIA,NAMED_SOURCE,,E-00381,EDITION-LOCK,,YES,"বুরুল্লাহ এ কথা বলল সেই গলায়, যে গলায় মানুষ বলে, বৃষ্টি হচ্ছে, ছাতা নিয়ে যাস। ভুরু একটুও ওঠেনি। কবজি-ধরা হাতটাও কাঁপেনি। সে আল-ইহতিজাজটা আলতো করে বন্ধ করল, সাদা সুতো আবার জড়াল, তারপর বইটা রাকিকার ডান হাতের ঠিক পাশে চৌকির ওপর রাখল, হাত ব"
B1-C00382,5037,FADAK,UNSPECIFIED,NARRATIVE_ONLY,,E-00382,PAGE-CHECK,,,ফাদাক থেকে মদিনা (দর্শন — রাকিকা পরদিন আমাদের যেমন বলেছিল)
B1-C00383,5038,FADAK,UNSPECIFIED,NARRATIVE_ONLY,,E-00383,PAGE-CHECK,,,"ফাদাক, সন্ধ্যার আগের মুহূর্ত"
B1-C00384,5040,FADAK,UNSPECIFIED,NARRATIVE_ONLY,,E-00384,PAGE-CHECK,,,"রাকিকা তখনো ফাদাকের সেই বিশাল খেজুর বাগানের মাঝে বসে ছিল। আকাশ যেন কিছুটা ভারী হয়ে আছে। সূর্য অস্ত যাওয়ার সময় তার লালচে আভা ফাদাকের আকাশকে আরও বিষণ্ন করে তুলেছে। বাতাসে শোকের গন্ধ, যেন পুরো নগরী এক অব্যক্ত শোকে স্তব্ধ হয়ে আছে।"
B1-C00385,5041,FADAK,UNSPECIFIED,NARRATIVE_ONLY,,E-00385,PAGE-CHECK,,,"রাকিকার মনে হল, সময় যেন থেমে গেছে। সে বৃদ্ধ খিজিরের কথা মনে করার চেষ্টা করল-“মা সাইয়্যিদা ফাতিমাতুয্ যাহরা (আলাইহাস্ সালাম)—যিনি ছিলেন রাসূলুল্লাহ ﷺ-এর অংশ, যাঁর প্রতি ভালোবাসা ছিল নবীর অকৃত্রিম অনুভূতি—তিনি তাঁর জীবনের শেষ দিনগুলোতে ক্রন"
B1-C00386,5047,FADAK,UNSPECIFIED,NARRATIVE_ONLY,,E-00386,PAGE-CHECK,,,"ঠিক তখনই বাতাস বদলে গেল। বৃদ্ধ খিজিরের সাথে গল্পটা চরমে পৌঁছেছিল, আর ঠিক তখনই— ফাদাকের আকাশের সেই রক্তিম আলো ক্রমে কালো হয়ে আসছিল।"
B1-C00387,5052,FADAK,UNSPECIFIED,NARRATIVE_ONLY,,E-00387,PAGE-CHECK,,,"ফাদাকের মাটি তাকে যেন কোথায় অজানা গন্তব্যে এগিয়ে নিয়ে চলেছিল। সে মাটিকে ডেকে বলল “হে মাটি তোমার কি হয়েছে।” মাটি তখন বলল, আমি তোমাকে মদিনায় নিয়ে যাচ্ছি!"
B1-C00388,5057,FADAK,UNSPECIFIED,NARRATIVE_ONLY,,E-00388,PAGE-CHECK,,,রাকিকার মনে হলো সে ৩৬০ স্পীডের থেকে হঠাৎ ০ স্পীডে ফাদাকের মাটি থেকে মদিনার মাটিতে এসে ধপ করে ল্যান্ড করল। মাটি বলল চিন্তা নেই পৌছে গেছি।
B1-C00389,5058,FADAK,UNSPECIFIED,NARRATIVE_ONLY,,E-00389,PAGE-CHECK,,,"তার শ্বাস বন্ধ হয়ে আসছিল, যেন সে এক মুহূর্ত আগেও ফাদাকের ঠান্ডা বাতাসে ছিল, আর এখন হঠাৎ উষ্ণ, ধূলোময় বাতাসের মাঝে পড়ে গেছে।"
B1-C00390,5071,FADAK,UNSPECIFIED,NARRATIVE_ONLY,,E-00390,PAGE-CHECK,,,"একটা মুহূর্ত আগে সে ফাদাকে ছিল, এখন সে রাসূলুল্লাহ ﷺ-এর ইন্তেকালের সময় মদিনায়?"
B1-C00391,5119,FADAK,UNSPECIFIED,NARRATIVE_ONLY,,E-00391,PAGE-CHECK,,,"আবদুল্লাহ ইবনে হাসান থেকে বর্ণিত—“যখন মা সাইয়্যিদা ফাতিমাতুয্ যাহরা (আলাইহাস্ সালাম) বুঝতে পারলেন যে, আবু বকর ও উমর ইবনুল খাত্তাব পরস্পরের সঙ্গে আঁতাত করে তাঁকে ফাদাক থেকে বঞ্চিত করেছে, তখন তিনি পর্দা গ্রহণ করলেন এবং ঢিলেঢালা পোশাক পরিধান "
B1-C00392,5148,SUNNI_NARRATION,SUNNI,NAMED_SOURCE,,E-00392,PAGE-CHECK,,,"একটি খুতবা, যা সত্য ও ন্যায়ের প্রতিচ্ছবি হয়ে যুগ যুগ ধরে মুসলিম ইতিহাসে প্রতিধ্বনিত হবে।"
B1-C00393,5194,SHIA_NARRATION,SHIA,NAMED_SOURCE,,E-00393,EDITION-LOCK,,YES,"রাকিকা চৌকি থেকে নামল। চাচির হাত ধরল কিছুক্ষণ। তারপর আল-ইহতিজাজটা বুকের কাছে তুলে নিল, সাদা সুতোর গিঁটের ওপর আঙুল রাখল। এবার আঙুল কাঁপল না।"
B1-C00394,5202,FADAK,UNSPECIFIED,NARRATIVE_ONLY,,E-00394,PAGE-CHECK,,,"“এই আয়াতগুলো দিয়ে তিনি উত্তরাধিকারের কথা বললেন,” রাহাত বলল। “উত্তরাধিকার মানে বাবা মারা গেলে যা পাওয়া যায়। কিন্তু রাকিকার খাতায় ছিল, রাসূলুল্লাহ ﷺ জীবিত থাকতেই ফাদাক দিয়ে দিয়েছিলেন। জীবিত থাকতে দিলে তো সেটা উপহার। তাহলে কোনটা? উত্তরা"
B1-C00395,5211,SOURCE_BLOCK_NOTE,UNSPECIFIED,NARRATIVE_ONLY,,E-00395,PAGE-CHECK,,,"•  এই অধ্যায়ের দর্শন-অংশ রাকিকার রূহানি সাক্ষ্য; দর্শনে মা সাইয়্যিদা (আলাইহাস্ সালাম)-এর মুখে যে দুটি বাক্য, তা সেই সাক্ষ্যের অংশ। খুতবার পাঠ ও আয়াত-হাদীসের সূত্র নিচে।"
B1-C00396,5212,FADAK,SHIA,NAMED_SOURCE,SRC-al-Ihtijaj-1|SRC-al-Ihtijaj-1,E-00396,CONFLICT,REF-117,YES,"•  ফাদাকের খুতবা — আল-ইহতিজাজ (তাবারসি), খণ্ড ১, মা সাইয়্যিদা (আলাইহাস্ সালাম)-এর ইহতিজাজ-অধ্যায়; বালাগাতুন নিসা (ইবনে তাইফুর)-তেও আছে — PAGE-CHECK (খণ্ড-পৃষ্ঠা ও বাংলা অনুবাদের উৎস মেলানো বাকি)।"
B1-C00397,5213,QURAN,QURAN,QURAN_REF,QUR-9-128|QUR-5-50|QUR-3-85|QUR-27-16|QUR-19-5|QUR-8-75|QUR-33-6|QUR-4-11|QUR-2-180|QUR-35-28|QUR-3-102,E-00397,VERIFIED,,,"•  খুতবার ভেতরের আয়াত: ৯:১২৮, ৫:৫০, ৩:৮৫, ২৭:১৬, ১৯:৫–৬, ৮:৭৫ (৩৩:৬), ৪:১১, ২:১৮০, ৩৫:২৮, ৩:১০২ — api.alquran.cloud-এ মেলানো, CONFIRMED।"
B1-C00398,5214,SHIA_NARRATION,SHIA,NAMED_SOURCE,SRC-al-Ihtijaj-1|SRC-al-Ihtijaj-1,E-00398,CONFLICT,REF-118,YES,•  আবদুল্লাহ ইবনে হাসান থেকে «পর্দা গ্রহণ করে মসজিদে আসা» — আল-ইহতিজাজ খণ্ড ১ — PAGE-CHECK।
B1-C00399,5215,SHIA_NARRATION,SHIA,NAMED_SOURCE,SRC-Bihar_al-Anwar-43|SRC-Bihar_al-Anwar-43,E-00399,EDITION-LOCK,REF-119,YES,•  ক্রন্দনের ঘর (বাইতুল আহযান) — বিহারুল আনওয়ার খণ্ড ৪৩ (শোক-অধ্যায়) — PAGE-CHECK।
B1-C00400,5216,ATTRIBUTION_ONLY,UNSPECIFIED,ATTRIBUTION_FORMULA,,E-00400,PAGE-CHECK,REF-120,,"•  মুসা (আলাইহিস্ সালাম)-কে «যে জবান কখনো অবাধ্য হয়নি» — বর্ণিত আছে (উদ্দাতুদ দাঈ, ইবনে ফাহদ হিল্লি) — PAGE-CHECK; শেখ আবদুল করিম হামেদ ও তলবে ইলমের স্বপ্ন — বুজুর্গদের মুখে শোনা, বর্ণিত আছে।"
B1-C00401,5223,FADAK,UNSPECIFIED,NARRATIVE_ONLY,,E-00401,PAGE-CHECK,,,"“আচ্ছা চাচা,” সে বলল, গলায় এমন ঝাঁঝ, যা আমি তার মুখে আগে শুনিনি। “একটা সোজা প্রশ্ন করি? এত বছর পরে কী লাভ? ফাদাক উপহার ছিল না উত্তরাধিকার, এটা জেনে আজ কার কী হবে? জমিটা তো আর ফেরত আসবে না। যারা নিয়েছিল, তারাও নেই। আমরা শুধু শুধু…”"
B1-C00402,5229,FADAK,UNSPECIFIED,NARRATIVE_ONLY,,E-00402,PAGE-CHECK,,,"“বৃহস্পতিবার রাতে এখানে এসে আমি আর লিখতে পারিনি,” রাকিকা বলল। “ধ্বংসস্তূপের ভেতর একটি বই, তার পাতা উল্টাচ্ছি, আর তারপর কী পড়েছিলাম, মনে আসছিল না। কাল রাতে, মদিনায় যাওয়ার আগে, আমি আবার সেই ফাদাকে ছিলাম। এবার পুরো পাতাটা পড়লাম। বাড়ি ফিরে"
B1-C00403,5233,FADAK,UNSPECIFIED,NARRATIVE_ONLY,,E-00403,PAGE-CHECK,,,"“রাসূলুল্লাহ ﷺ যখন খাইবার বিজয় করলেন, তখন যুদ্ধলব্ধ সম্পদ সাধারণ মুসলমানদের মধ্যে বণ্টন করেন। কিন্তু ফাদাকের জমি ছিল ব্যতিক্রম। কোরআনের আয়াত নাযিল হওয়ার পর, রাসূলুল্লাহ ﷺ ফাদাককে তার কন্যা মা সাইয়্যিদা ফাতিমাতুয্ যাহরা (আলাইহাস্ সালাম)-"
B1-C00404,5235,FADAK,UNSPECIFIED,NARRATIVE_ONLY,,E-00404,PAGE-CHECK,,,"৬৩২ খ্রিস্টাব্দে রাসূলুল্লাহ ﷺ-এর শাহাদাতের পর, খিলাফতের আসনে যিনি বসলেন, তিনি ফাদাককে রাষ্ট্রীয় সম্পত্তি বলে ঘোষণা করেন।"
B1-C00405,5237,FADAK,UNSPECIFIED,NARRATIVE_ONLY,,E-00405,PAGE-CHECK,,,"তিনি 'খুতবা-ই-ফাদাকিয়া' নামে এক হৃদয়স্পর্শী ভাষণ দেন, যেখানে তিনি ন্যায়বিচারের দাবি জানান।"
B1-C00406,5241,FADAK,UNSPECIFIED,NARRATIVE_ONLY,,E-00406,PAGE-CHECK,,,"এই ফাদাক শুধুমাত্র এক টুকরো জমি নয়, এটি সত্যের বিরুদ্ধে বাতিলের এক সূক্ষ্ম দ্বন্দ্ব, যা ইতিহাসের গতিপথকে চিরতরে বদলে দিয়েছিল।"
B1-C00407,5242,FADAK,UNSPECIFIED,NARRATIVE_ONLY,,E-00407,PAGE-CHECK,,,বৃদ্ধের উক্তি—ফাদাকের চিরন্তন শিক্ষা
B1-C00408,5247,FADAK,UNSPECIFIED,NARRATIVE_ONLY,,E-00408,PAGE-CHECK,,,“আপনি কি ফাদাকের গল্প জানেন?”
B1-C00409,5250,FADAK,UNSPECIFIED,NARRATIVE_ONLY,,E-00409,PAGE-CHECK,,,"“ফাদাক শুধুই এক টুকরো জমি নয়,” তিনি বললেন, “এটি ন্যায়বিচারের প্রতীক। এটি এক কন্যার কান্না, এক উত্তরাধিকারীর মালিকানার অধিকার।”"
B1-C00410,5253,FADAK,UNSPECIFIED,NARRATIVE_ONLY,,E-00410,PAGE-CHECK,,,"গোধূলির শেষ রশ্মি মিলিয়ে যেতেই আকাশ ভরে উঠল অসংখ্য নক্ষত্রের আলোয়। আমি অনুভব করলাম, ইতিহাসের ঢেউ আমার হৃদয় স্পর্শ করছে। ফাদাক শুধু একখণ্ড ভূমি নয়; এটি এক নারীর সংগ্রামের চিহ্ন, যিনি প্রতিকূলতার বিরুদ্ধে নিজের অধিকার পুনরুদ্ধারের জন্য অব"
B1-C00411,5254,FADAK,UNSPECIFIED,NARRATIVE_ONLY,,E-00411,PAGE-CHECK,,,"আমি ফাদাকের প্রবেশদ্বারে দাঁড়িয়ে ছিলাম। বাতাস আমার পোশাকের কিনারা ছুঁয়ে যাচ্ছিল, আর আমার চিন্তাগুলো মরুর ধূলিঝড়ের মতো উড়ে যাচ্ছিল। ফাদাকের কথা বলতে গেলে বলতে হয় সম্মান, ন্যায়বিচার এবং সর্বোপরি সত্যের কথা। সত্য? সত্যের নখর তলোয়ার অপে"
B1-C00412,5256,FADAK,UNSPECIFIED,NARRATIVE_ONLY,,E-00412,PAGE-CHECK,,,"এক অনির্বচনীয় শিহরণ আমার সারা দেহে ছড়িয়ে পড়ল, যেন ইতিহাস নিজেই আমার সামনে জাগ্রত হয়ে উঠেছে। এই শুষ্ক মরুর বুকে দাঁড়িয়ে, নক্ষত্রের আলোয় স্নাত হয়ে আমি উপলব্ধি করলাম—ফাদাক এক জীবন্ত জান্নাত, এক অনন্ত ইতিহাসের দর্পণ, যেখানে সত্যের প্রত"
B1-C00413,5262,FADAK,UNSPECIFIED,NARRATIVE_ONLY,,E-00413,PAGE-CHECK,,,"“তবে শুনো, ফাদাক শুধুই এক জমি নয়, এটি এক সাক্ষ্য। এটি সেই ধ্বনির প্রতিধ্বনি, যা কখনো নিভে যায়নি; সেই প্রতিশ্রুতি, যা কখনো ভঙ্গ হয়নি; সেই উত্তরাধিকার, যা চিরন্তন। যারা হৃদয় দিয়ে শোনে, তারা একদিন এর সত্য উপলব্ধি করবেই. . .”"
B1-C00414,5264,FADAK,UNSPECIFIED,NARRATIVE_ONLY,,E-00414,PAGE-CHECK,,,"যুদ্ধের পরে একদিন, রাসূলুল্লাহ ﷺ-এর দরবারে এক ইহুদি সম্প্রদায়ের প্রতিনিধি এসে আত্মসমর্পণ করল। বিনিময়ে, তারা উপহার দিল ফাদাক—এক খণ্ড উর্বর ভূমি, যা দানাদার খেজুর গাছে পূর্ণ ছিল। এটি শুধু একখণ্ড জমি ছিল না, ছিল সমৃদ্ধির প্রতীক। রাসূলুল্লাহ "
B1-C00415,5265,FADAK,UNSPECIFIED,NARRATIVE_ONLY,,E-00415,PAGE-CHECK,,,"কিন্তু রাসূলুল্লাহ ﷺ-এর ওফাতের পর দৃশ্যপট বদলে গেল। প্রথম জন খেলাফতের দায়িত্ব নিলেন, আর তাঁর শাসনেই ফাদাক নিয়ে বিতর্ক শুরু হলো। হঠাৎ করেই ঘোষণা করা হলো—ফাদাক আর ফাতিমার ব্যক্তিগত সম্পত্তি নয়, বরং এটি উম্মাহর সম্পদ। খলিফার যুক্তি ছিল এক হ"
B1-C00416,5270,FADAK,UNSPECIFIED,NARRATIVE_ONLY,,E-00416,PAGE-CHECK,,,‘ফাদাক সাইয়্যেদা খাদিজা (আলাইহাস্ সালাম)-এর মোহরানা’
B1-C00417,5272,FADAK,UNSPECIFIED,NARRATIVE_ONLY,,E-00417,PAGE-CHECK,,,বৃদ্ধ(খিজির): তুমি কি জান! ফাদাক. . .
B1-C00418,5281,SHIA_NARRATION,SHIA,NAMED_SOURCE,,E-00418,EDITION-LOCK,,YES,"“যে ব্যক্তি আল্লাহ এবং তাঁর রাসূল সম্পর্কে সন্দেহ পোষণ করে, সে কাফির।”"
B1-C00419,5284,SHIA_NARRATION,SHIA,NAMED_SOURCE,,E-00419,EDITION-LOCK,,YES,"তিনি (আলাইহিস্ সালাম) বললেন, “সে কাফির।”"
B1-C00420,5287,SUNNI_NARRATION,SUNNI,NAMED_SOURCE,,E-00420,PAGE-CHECK,,,"আরেকটি বর্ণনায় এসেছে: একটি নির্ভরযোগ্য সূত্রে আবু আবদিল্লাহ (আলাইহিস্ সালাম) থেকে বর্ণিত, যেখানে মুহাম্মাদ বিন মুসলিম বলেন:"
B1-C00421,5289,SHIA_NARRATION,SHIA,NAMED_SOURCE,,E-00421,EDITION-LOCK,,YES,"তিনি (আলাইহিস্ সালাম) বললেন, “সে কাফির, হে আবু মুহাম্মাদ!”"
B1-C00422,5291,SHIA_NARRATION,SHIA,NAMED_SOURCE,,E-00422,EDITION-LOCK,,YES,"তিনি (আলাইহিস্ সালাম) বললেন, “সে-ও কাফির!”"
B1-C00423,5292,SHIA_NARRATION,SHIA,NAMED_SOURCE,,E-00423,EDITION-LOCK,,YES,"তারপর তিনি (আলাইহিস্ সালাম) যুরারার দিকে ফিরে বললেন, “কিন্তু সে তখনই কাফির হয়, যখন সে সত্যকে প্রত্যাখ্যান করে।”"
B1-C00424,5293,FADAK,UNSPECIFIED,NARRATIVE_ONLY,,E-00424,PAGE-CHECK,,,"বৃদ্ধ(খিজির): ইসলাম ও ঈমানের মূল ভিত্তি হলো আল্লাহ এবং তাঁর রাসূলের প্রতি দৃঢ় বিশ্বাস। ওরা (জালিমরা) ফাদাক নিয়ে এতে সন্দেহ করে, কুফরের অন্তর্ভুক্ত হয়েছে। সেসময় থেকে আজ পর্যন্ত যারা তাদের করা কুফরের ব্যাপারে সন্দেহ করে, তারাও একই পরিণতির"
B1-C00425,5294,SHIA_NARRATION,SHIA,NAMED_SOURCE,,E-00425,EDITION-LOCK,,YES,"রাকিকা এখানে চোখ তুলল। রাহাতের মুখ শক্ত হয়ে গেছে। “কাফির?” সে বলল, প্রায় ফিসফিস করে। “এত বড় কথা?”"
B1-C00426,5296,SHIA_NARRATION,SHIA,NAMED_SOURCE,,E-00426,EDITION-LOCK,,YES,"রাকিকা আঙুল দিয়ে খুঁজল। পড়ল ধীরে: “কিন্তু সে তখনই কাফির হয়, যখন সে সত্যকে প্রত্যাখ্যান করে।”"
B1-C00427,5300,FADAK,UNSPECIFIED,NARRATIVE_ONLY,,E-00427,PAGE-CHECK,,,"বৃদ্ধ(খিজির): (গল্পে ফিরে. .) দরবারে চাপা গুঞ্জন ছড়িয়ে পড়ল। নিজেদেরকে কুফরির আসনে দেখে জালিমদের হৃদয়ে ভয়ের সৃষ্টি হলেও, কিন্তু আসনের দুই জন নিজের অবস্থানে অনড় রইলেন। “হে আল্লাহর রাসূলের কন্যা, আমরা যা বিশ্বাস করি, তার বিপরীতে যেতে পার"
B1-C00428,5301,FADAK,UNSPECIFIED,NARRATIVE_ONLY,,E-00428,PAGE-CHECK,,,"বৃদ্ধ(খিজির): এটি শুধুই ফাদাকের ভূমির বিষয় ছিল না। এটি ছিল উত্তরাধিকার, ক্ষমতা এবংপবিত্র ব্যক্তিদের সত্যনিষ্ঠতা বনাম জালিমদের নাপাকির বহি: প্রকাশ। রাসূলুল্লাহ ﷺ-এর ইন্তেকালের পর আলীর (আলাইহিস্ সালাম) ন্যায়সঙ্গত খিলাফত হরণ করা—এই বিশ্বাসঘা"
B1-C00429,5305,FADAK,UNSPECIFIED,NARRATIVE_ONLY,,E-00429,PAGE-CHECK,,,"বৃদ্ধ(খিজির): মা সাইয়্যিদা ফাতিমাতুয্ যাহরা (আলাইহাস্ সালাম) চরম দুঃখ ও বেদনায় তাঁর চোখ থেকে অঝর ধারায় অশ্রু ঝরছিল এবং তিনি রিক্ত হস্তে, নিরাশা ও হতাশায় ফিরে যাচ্ছেন. . . তাঁর হাতে ছিল না ফাদাকের দলিল, কিন্তু তাঁর মুখে ছিল ন্যায়ের ডাক—"
B1-C00430,5314,FADAK,UNSPECIFIED,NARRATIVE_ONLY,,E-00430,PAGE-CHECK,,,"দ্বিতীয় ঘরে আঙুল। “রাকিকার খাতার বিবর্ণ পাতায় লেখা, আয়াত নাজিলের পর রাসূলুল্লাহ ﷺ জীবিত অবস্থায় ফাদাক তাঁকে দিয়ে দেন। জীবিত অবস্থায় দেওয়াকে বলে হিবা। উপহার। আর উপহার একবার হাতে দিয়ে দিলে, দখল বুঝিয়ে দিলে, তা আর দাতার থাকে না। যাকে "
B1-C00431,5319,FADAK,UNSPECIFIED,NARRATIVE_ONLY,,E-00431,PAGE-CHECK,,,"রাকিকা খাতা উল্টে পড়ল: “ফাদাক শুধুই এক টুকরো জমি নয়। এটি ন্যায়বিচারের প্রতীক। এটি এক কন্যার কান্না, এক উত্তরাধিকারীর মালিকানার অধিকার।”"
B1-C00432,5341,SOURCE_BLOCK_NOTE,UNSPECIFIED,NARRATIVE_ONLY,,E-00432,PAGE-CHECK,,,"•  এই অধ্যায়ের খাতার অংশ রাকিকার রূহানি সাক্ষ্য; দর্শনে মা সাইয়্যিদা (আলাইহাস্ সালাম)-এর আনসারদের প্রতি কথা (¶17207) ও «আল্লাহ সাক্ষী থাকুন» (¶17212) খিজিরের বলা গল্পের ভেতরে, সেই সাক্ষ্যের অংশ।"
B1-C00433,5342,QURAN,QURAN,QURAN_REF,QUR-4-150|QUR-17-26,E-00433,VERIFIED,,,"•  কুরআন ৪:১৫০, ১৭:২৬ (বিবর্ণ পাতার «আয়াত নাযিল হওয়ার পর») — api.alquran.cloud-এ মেলানো, CONFIRMED।"
B1-C00434,5343,FADAK,SUNNI,QURAN_REF,QUR-17-26,E-00434,CONFLICT,REF-121,YES,"•  খাইবারের পরে ফাদাক দান (১৭:২৬ প্রসঙ্গে) — খাতায়: তাবারানী, আল-মু‘জামুল কাবীর; সুয়ূতী, আদ-দুররুল মানসূর — PAGE-CHECK।"
B1-C00435,5344,SUNNI_NARRATION,SUNNI,NAMED_SOURCE,,E-00435,CONFLICT,REF-122,YES,"•  আবু বকরের রাষ্ট্রীয় সম্পত্তি ঘোষণা — খাতায়: বালাযুরী, ফুতুহুল বুলদান; তাবারী — PAGE-CHECK। দলিল ছিঁড়ে ফেলা — খাতায়: সুয়ূতী, তারিখুল খুলাফা; ইবনে আবিল হাদীদ, শারহু নাহজিল বালাগা খণ্ড ১৬ — PAGE-CHECK।"
B1-C00436,5345,SUNNI_NARRATION,SUNNI,NAMED_SOURCE,HAD-BUKHARI-1759|HAD-BUKHARI-1759|HAD-MUSLIM-1759|HAD-MUSLIM-1759,E-00436,CONFLICT,REF-123,YES,"•  «আমরা নবীগণ উত্তরাধিকার রেখে যাই না» — খাতায়: বুখারি (খুমুস/ফারায়িদ), মুসলিম ১৭৫৯ — PAGE-CHECK।"
B1-C00437,5346,MIXED_CITATION,SHIA|SUNNI,NAMED_SOURCE,HAD-MUSLIM-2|HAD-MUSLIM-2|SRC-al-Kafi-2|SRC-al-Kafi-2,E-00437,EDITION-LOCK,REF-124,YES,"•  সন্দেহ ও কুফরের হাদীস (মানসুর ইবনে হাযিম; মুহাম্মাদ ইবনে মুসলিম, যুরারা, আবু বাসির) — আল-কাফি খণ্ড ২, বাবুশ শাক্ক — PAGE-CHECK।"
B1-C00438,5347,FADAK,UNSPECIFIED,ATTRIBUTION_FORMULA,,E-00438,CONFLICT,REF-125,YES,•  ফাদাক সাইয়্যেদা খাদিজা (আলাইহাস্ সালাম)-এর মোহরানা — বর্ণিত আছে; সূত্র খোলা।
B1-C00439,5349,FADAK,UNSPECIFIED,NARRATIVE_ONLY,,E-00439,PAGE-CHECK,,,০৬  বারবার ফাদাকে ফেরা কেন?
B1-C00440,5359,FADAK,UNSPECIFIED,NARRATIVE_ONLY,,E-00440,PAGE-CHECK,,,"“কাজের মানুষের হাত, মা। ময়লা তো লাগেই।” তিনি আবার হাসলেন, তারপর গামছা দিয়ে হাত মুছলেন। “ফাদাকের গল্প আরও শুনবে? সেদিন তো অর্ধেক বলেছিলাম।”"
B1-C00441,5370,FADAK,UNSPECIFIED,NARRATIVE_ONLY,,E-00441,PAGE-CHECK,,,"“ভালো। প্রশ্ন না করলে মানুষ মরা গাছ।” চশমার ফাঁক দিয়ে এবার রাকিকার দিকে তাঁর চোখ। “কিন্তু এই মেয়েটা আজকাল প্রশ্ন করে না। শুধু ফাদাক, ফাদাক। রাতে ঘুমের মধ্যেও নাকি ফাদাক বলে। তোর আম্মা বলল।”"
B1-C00442,5379,FADAK,UNSPECIFIED,NARRATIVE_ONLY,,E-00442,PAGE-CHECK,,,"তাই, আজও আমি ফিরে ফিরে আসি ফাদাকের সেই মাটিতে। খেজুর গাছের ফিসফিসানি শুনি, তালগাছের পাতায় বাতাসের মৃদু কলরব শুনি। মনে হয়, মরুর হাওয়ায় প্রতিধ্বনিত হচ্ছে তাঁর কণ্ঠস্বর—"
B1-C00443,5383,FADAK,UNSPECIFIED,NARRATIVE_ONLY,,E-00443,PAGE-CHECK,,,"ফাদাকের মাটিতে দাঁড়িয়ে বাতাসের ফিসফিসানির মাঝে যেন প্রতিধ্বনিত হয় এই বাক্য। রাকিকা অনুভব করে, তার জীবন যেন ফাদাকের সেই চিরন্তন ইতিহাসেরই আরেকটি প্রতিচ্ছবি।"
B1-C00444,5391,FADAK,UNSPECIFIED,NARRATIVE_ONLY,,E-00444,PAGE-CHECK,,,ফাদাকের ইতিহাস কি তবে চিরন্তন সত্যের সাক্ষী হয়ে আজও ফিরে ফিরে আসছে না?
B1-C00445,5394,SUNNI_NARRATION,SUNNI,NAMED_SOURCE,,E-00445,PAGE-CHECK,,,"ফুপু চুপ করে রইলেন। তারপর ব্যাগ থেকে সেই মোটা সবুজ বইটা বের করলেন। মলাটের ওপর আরবিতে লেখা, তার নিচে বাংলায়: সহীহ বুখারি।"
B1-C00446,5396,FADAK,UNSPECIFIED,NARRATIVE_ONLY,,E-00446,PAGE-CHECK,,,"“তুই ভাবিস, ফাদাকের কথা শুধু তোদের বইয়ে আছে?” বলতে বলতে তিনি পাতা উল্টাতে লাগলেন। পাতাগুলো পাতলা, কোনায় হলদেটে। মাঝে মাঝে পেনসিলের দাগ। “আমার আব্বা এই খণ্ড পড়তেন। মাগরিবের পরে, প্রতিদিন। আমার বিয়ের সময় আমাকে দিয়ে গেছেন।”"
B1-C00447,5402,SUNNI_NARRATION,SUNNI,NAMED_SOURCE,,E-00447,PAGE-CHECK,,,"রাহাত সোফায় সামনে ঝুঁকে বসেছে। “মৃত্যু পর্যন্ত কথা বলেননি,” সে বলল, আস্তে। “এটা বুখারিতে আছে?”"
B1-C00448,5415,FADAK,UNSPECIFIED,NARRATIVE_ONLY,,E-00448,PAGE-CHECK,,,"ফাদাক আজও সাক্ষী এক চিরন্তন সত্যের—অন্যায় কখনোই মুছে যায় না, ন্যায় কখনোই মরে না। যুগ যুগ ধরে সত্যের পথের পথিকরা এই অন্যায়ের বিরুদ্ধে দাঁড়িয়েছে, আজও দাঁড়াবে, যতক্ষণ না ন্যায়বিচার প্রতিষ্ঠিত হয়।"
B1-C00449,5422,FADAK,UNSPECIFIED,NARRATIVE_ONLY,,E-00449,PAGE-CHECK,,,•  এই অধ্যায়ের রাকিকার ফাদাক-বাক্যগুলো তার রূহানি সাক্ষ্য।
B1-C00450,5423,SUNNI_NARRATION,SUNNI,NAMED_SOURCE,HAD-BUKHARI-4240|HAD-BUKHARI-4240,E-00450,CONFLICT,REF-126,YES,"•  সহীহ বুখারি ৪২৪০ (কিতাবুল মাগাযি, খায়বার অধ্যায়, আয়িশা থেকে): «فَوَجَدَتْ فَاطِمَةُ عَلَى أَبِي بَكْرٍ فِي ذَلِكَ فَهَجَرَتْهُ فَلَمْ تُكَلِّمْهُ حَتَّى تُوُفِّيَتْ، وَعَاشَتْ بَعْدَ النَّبِيِّ صلى الله عليه وسلم سِتَّةَ أَشْهُرٍ» — C"
B1-C00451,5430,SUNNI_NARRATION,SUNNI,NAMED_SOURCE,,E-00451,PAGE-CHECK,,,"রাহাত প্রথম কথা বলল। “চাচা, কাল রাকিকার ফুপু বুখারি পড়ছিলেন। ‘ছয় মাস বেঁচে ছিলেন’, এই পর্যন্ত পড়ে থামলেন। পরের লাইনটা পড়লেন না। বললেন, আপনাকে জিজ্ঞেস করতে। বললেন, তাঁর গলায় আসবে না।”"
B1-C00452,5446,FADAK,UNSPECIFIED,NARRATIVE_ONLY,,E-00452,PAGE-CHECK,,,"মদীনা থেকে কিছু দূরত্বে 'ফাদাক' নামে একটি গ্রাম ছিল যেখানে খায়বারের এক মজবুত দুর্গও ছিল। সেখানে ইহুদীরা বসবাস করত। যখন খায়বারের কামুস দুর্গ বিজয় হয় এবং রাসূলুল্লাহ ﷺ সার্বিকভাবে তাদের ওপর বিজয়ী হন, তখন ফাদাকের বাগান ও অর্ধেক ভূখণ্ড বিন"
B1-C00453,5451,FADAK,UNSPECIFIED,NARRATIVE_ONLY,,E-00453,PAGE-CHECK,,,"উক্ত বক্তব্য থেকে জানা যায় যে, মা সাইয়্যিদা ফাতিমাতুয্ যাহরা (আলাইহাস্ সালাম) কে বাগে ফাদাকের সম্পত্তি দান করা প্রসঙ্গে আলোচ্য আয়াত অবতীর্ণ হয়। আর রাসূলুল্লাহ ﷺ আল্লাহর তায়ালার নির্দেশ পালনার্থে সানন্দচিত্তে তাঁকে ফেদাকের সম্পত্তি প্রদ"
B1-C00454,5452,FADAK,SUNNI,NAMED_SOURCE,,E-00454,PAGE-CHECK,,,"বিভিন্ন মত ও পথের মুসলিম চিন্তাবিদগণ বাগে ফাদাক সম্পর্কে পৃথকভাবে অনেক কিতাব রচনা করেছেন। এসব গ্রন্থে তাঁরা হাদীস, সিরাত ও ইতিহাসের আলোকে ইসলামের এই গুরুত্বপূর্ণ ঘটনাকে নানাভাবে আলোচনা করেছেন। আমরা বিশ্বাস করি- ইবলিশি কর্মকান্ড প্রকাশ করার "
B1-C00455,5459,FADAK,UNSPECIFIED,NARRATIVE_ONLY,,E-00455,PAGE-CHECK,,,"মা সাইয়্যিদা ফাতিমাতুয্ যাহরা (আলাইহাস্ সালাম) নিজেই বলেগেছেন, “আমার উপর যে দুর্যোগ নেমে এসেছে, তা যদি দিনের উপর পড়তো তা রাতে পরিণত হতো।” তিনিই ছিলেন সত্যবাদীতারপ্রতীক অথচ তাকে ‘মিথ্যাবাদী’ সব্যস্ত করা হয়েছে। তিনিই ছিলেন বিশ্বাসভাজনদের অ"
B1-C00456,5502,QURAN,QURAN,QURAN_REF,QUR-30-38|QUR-30-38|QUR-17-26,E-00456,CONFLICT,REF-127,YES,"•  কুরআন ৩০:৩৮ — api.alquran.cloud-এ মেলানো, CONFIRMED (খাতায় «وَآتِ»; মুসহাফে ৩০:৩৮ «فَآتِ», ১৭:২৬ «وَآتِ» — দুটোর পার্থক্য PAGE-CHECK)।"
B1-C00457,5503,FADAK,SUNNI,QURAN_REF,QUR-30-38,E-00457,CONFLICT,REF-128,YES,"•  ৩০:৩৮ নাযিলে ফাদাক দান (ইবনে আব্বাস) — হাকিম হাসকানী, শাওয়াহিদুত তানযীল — PAGE-CHECK।"
B1-C00458,5504,ATTRIBUTION_ONLY,UNSPECIFIED,ATTRIBUTION_FORMULA,,E-00458,PAGE-CHECK,REF-129,,•  «আমার উপর যে দুর্যোগ নেমে এসেছে…» — মা সাইয়্যিদা (আলাইহাস্ সালাম)-এর শোকগাথা হিসেবে বর্ণিত আছে; PAGE-CHECK।
B1-C00459,5505,SHIA_NARRATION,SHIA,NAMED_SOURCE,SRC-Bihar_al-Anwar-43|SRC-Bihar_al-Anwar-43,E-00459,CONFLICT,REF-130,YES,•  ওফাতের পরে সময়কাল ও বয়সে ভিন্ন বর্ণনা (৪০ দিন থেকে ৮ মাস; ১৮ থেকে ২৮) — খাতায়: বিহারুল আনওয়ার খণ্ড ৪৩ — PAGE-CHECK।
B1-C00460,5506,SUNNI_NARRATION,SUNNI,NAMED_SOURCE,HAD-BUKHARI-4240|HAD-BUKHARI-13|HAD-BUKHARI-4240|HAD-BUKHARI-13|HAD-BUKHARI-4240|HAD-BUKHARI-4240,E-00460,CONFLICT,REF-131,YES,"•  ফুপুর না-পড়া লাইন — সহীহ বুখারি ৪২৪০-এর পরের অংশ (CITATION_RISK #১৩-এর একই হাদীস), CONFIRMED; রাতে গোসল-কাফন-দাফন ও কবর গোপন রাখার ওসিয়ত — বর্ণিত আছে, PAGE-CHECK (খাতায় বুখারি ৪২৪০ লেখা, কিন্তু সেখানে গোপনের ওসিয়তের শব্দ নেই)।"
B1-C00461,5519,FADAK,UNSPECIFIED,NARRATIVE_ONLY,,E-00461,PAGE-CHECK,,,"রাকিকার খাতা: «ফাদাকের টাইম ভ্যালু অফ মানি» (রাকিকার নিজের হাতে, রবিবার রাতের দেখা)"
B1-C00462,5520,FADAK,UNSPECIFIED,NARRATIVE_ONLY,,E-00462,PAGE-CHECK,,,ফাদাকের টাইম ভ্যালু অফ মানি
B1-C00463,5523,FADAK,UNSPECIFIED,NARRATIVE_ONLY,,E-00463,PAGE-CHECK,,,"খিজির: আমরা যদি ফাদাককে ভুলে যাই, তবে ইসলামকেই ভুলে যাবো। আর তখন অন্যায় শক্তিগুলো সত্যকে খেলনার মতো ব্যবহার করবে, নিজেদের স্বার্থে বিকৃত করবে।"
B1-C00464,5525,FADAK,UNSPECIFIED,NARRATIVE_ONLY,,E-00464,PAGE-CHECK,,,"রাকিকা: কিন্তু চাচা, ফাদাকের এত বিস্তৃত সীমানা নিয়ে ইমাম মুসা কাজিম (আলাইহিস্ সালাম) কেন হারুনের সামনে এত দৃঢ় দাবি করলেন? জানি, ইমাম কখনো মিথ্যা বলবেন না এবং তিনি যেটা বলবেন সেটাই হক, হক তাঁর পিছনে ছোটে। কিন্তু এত বড় এক এলাকা কীভাবে ফাদা"
B1-C00465,5537,FADAK,UNSPECIFIED,NARRATIVE_ONLY,,E-00465,PAGE-CHECK,,,রাকিকা: কিন্তু চাচা এ গল্পের সাথে ফাদাকের কি সম্পর্ক?
B1-C00466,5540,FADAK,UNSPECIFIED,NARRATIVE_ONLY,,E-00466,PAGE-CHECK,,,ফাদাক: ইতিহাসের জ্বলন্ত সাক্ষী
B1-C00467,5542,FADAK,UNSPECIFIED,NARRATIVE_ONLY,,E-00467,PAGE-CHECK,,,"খিজির: (গভীর স্বরে) আছে ফাদাকের সাথে আমার এ গল্পের পরিপূর্ণ সম্পর্ক রয়েছে রাকিকা, ফাদাক কেবল একটা জমি ছিল না? এটা ছিল সত্যের এক বিরাট পরীক্ষার ময়দান! একটা ন্যায়ের দাবির বিরুদ্ধে ক্ষমতার নির্মম খেলা!"
B1-C00468,5545,FADAK,SUNNI,NAMED_SOURCE,,E-00468,EDITION-LOCK,,YES,রাকিকা: এত বড় ঘটনাটি প্রথম জন আর দ্বিতীয় জন ঘটাল কেন? কেন ফাদাক এত গুরুত্বপূর্ণ হয়ে উঠল? ফাদাককে পাওয়ার জন্য মা সাইয়্যিদা ফাতিমাতুয্ যাহরা (আলাইহাস্ সালাম)-এর বিরুদ্ধে হাকিমরা কেন এতবড় ষড়যন্ত্র করল?
B1-C00469,5547,FADAK,UNSPECIFIED,NARRATIVE_ONLY,,E-00469,PAGE-CHECK,,,"রাসূলুল্লাহ ﷺ-এর ঘোষণা তারা পদদলিত করল, রাষ্ট্রক্ষমতা দখল করল এবং নিজেদেরকে ফাদাকের বিচারপতি সাজাল। অথচ রাষ্ট্রের পরিচালক কখনো বিচারপতি হতে পারে না! তবু তারা মিথ্যা হাদিস বানিয়ে ফাদাককে দখল করল।"
B1-C00470,5567,FADAK,UNSPECIFIED,NARRATIVE_ONLY,,E-00470,PAGE-CHECK,,,"খিজির: (গভীর দৃষ্টিতে তাকিয়ে) ঠিক তাই, রাকিকা! ফাদাক ছিল এক বিশাল বিনিয়োগ, তবে তা কেবল অর্থনৈতিক নয়—এটা ছিল ক্ষমতা, ন্যায়বিচার এবং সত্যের এক অনন্য পরীক্ষা!"
B1-C00471,5572,FADAK,UNSPECIFIED,NARRATIVE_ONLY,,E-00471,PAGE-CHECK,,,"খিজির: ফাদাক! হ্যাঁ, রাসূলুল্লাহ ﷺ যেটা তাঁর কন্যা মা সাইয়্যিদা ফাতিমাতুয্ যাহরা (আলাইহাস্ সালাম)-কে দিয়েছিলেন। সেটা তখনও ইসলামের বিশাল এক অর্থনৈতিক শক্তি ছিল। কারণ রাসূলুল্লাহ ﷺ জানতেন নাবুয়্যাত শেষ হচ্ছে ইমামতের বেলায়াত শুরু হচ্ছে। এখ"
B1-C00472,5576,FADAK,UNSPECIFIED,NARRATIVE_ONLY,,E-00472,PAGE-CHECK,,,"হিজরতের পর মদিনায় আলী (আলাইহিস্ সালাম)-এর কোনো ব্যক্তিগত সম্পদ ছিল না। আর এ কারণেই, আল্লাহ ইসলামী রাষ্ট্রের ভবিষ্যৎ পরিচালনার জন্য ফাদাকের মালিকানা মা সাইয়্যিদা ফাতিমাতুয্ যাহরা (আলাইহাস্ সালাম)-কে দিয়ে দিলেন।"
B1-C00473,5579,FADAK,UNSPECIFIED,NARRATIVE_ONLY,,E-00473,PAGE-CHECK,,,রাকিকা: (চোখে তীব্র হতাশার ছাপ) এই কঠিন পর্দা কি একটু সরাবেন আগত প্রজন্মের জন্য? আর একটি বিষয় পরিস্কার করবেন: রাসূলুল্লাহ ﷺ কি আগে থেকেই জানতেন যে এই জালিমরা ফাদাকের মালিকানা হিসাবে মা সাইয়্যিদা ফাতিমাতুয্ যাহরা (আলাইহাস্ সালাম)-কে মানবে 
B1-C00474,5580,FADAK,UNSPECIFIED,NARRATIVE_ONLY,,E-00474,PAGE-CHECK,,,"খিজির: (গভীর কণ্ঠে, দৃঢ় স্বরে) অবশ্যই! তিনি জানতেন। তিনি জানতেন যে সত্যের আলো নেভানোর জন্য মুনাফিকরা একের পর এক ষড়যন্ত্র করবে। তাই তিনি দলিল লিখে, সাক্ষর করে ও উম্মাহর সামনে প্রকাশ্যে ঘোষণা দিয়ে ফাদাককে মা সাইয়্যিদা ফাতিমাতুয্ যাহরা (আল"
B1-C00475,5591,FADAK,UNSPECIFIED,NARRATIVE_ONLY,,E-00475,PAGE-CHECK,,,খিজির: কেউ প্রশ্ন করলো না আপনার বয়স মাত্র ১৮/২৩ আপনি কি কারনে বা কোন রোগে মারা যাবেন? একনকি আয়িশা বিনতে আবু বকর হাদিসটি বর্ণনাকারী অথচ সেও কোন প্রশ্ন করল না? যেন মনে হয় এ সব কিছুই জালিমদের পূর্ব পরিকল্পিত ছিল যা আল্লাহ বলেছেন তাই তারা বা
B1-C00476,5596,SHIA_NARRATION,SHIA,NAMED_SOURCE,,E-00476,EDITION-LOCK,,YES,"হে রাসূল! তোমার প্রতিপালকের পক্ষ থেকে যা তোমার প্রতি অবতীর্ণ হয়েছে, তা প্রচার করো। যদি তুমি তা না করো, তবে তুমি তাঁর বার্তা পৌঁছালে না। আল্লাহ তোমাকে মানুষদের (ষড়যন্ত্র) থেকে রক্ষা করবেন। নিশ্চয়ই আল্লাহ কাফিরদের সুপথে পরিচালিত করেন না।"
B1-C00477,5618,FADAK,UNSPECIFIED,NARRATIVE_ONLY,,E-00477,PAGE-CHECK,,,খিজির: আল্লাহ তোমাকে মানুষদের (ষড়যন্ত্র) থেকে রক্ষা করবেন আয়াতটিতে বর্ণিত আল্লাহর সে দায়িত্ব সাইয়্যিদা ফাতিমা যাহরাই (আলাইহাস্ সালাম) পালন করেছিলেন। তিনি ফাদাকের দাবির মাধ্যমে ইসলামকে বাচিয়েছেন। মানুষদের (ষড়যন্ত্র) থেকে রক্ষা করেছেন।
B1-C00478,5620,FADAK,UNSPECIFIED,NARRATIVE_ONLY,,E-00478,PAGE-CHECK,,,খিজির: যদি ঐদিন জালিমরা ফাদাকের দাবি মেনে নিতো তাহলে মা সাইয়্যিদা ফাতিমাতুয্ যাহরা (আলাইহাস্ সালাম) খিলাফতের হক চেয়ে বসতেন। আর এ বিষয়টি দ্বিতীয় জন জানতেন তাই তারা তা দিতে চাইলো না। আর তাই মা সাইয়্যিদা ফাতিমাতুয্ যাহরা (আলাইহাস্ সালাম) 
B1-C00479,5621,FADAK,UNSPECIFIED,NARRATIVE_ONLY,,E-00479,PAGE-CHECK,,,"রাকিকা (উৎসুক কণ্ঠে): এতো গেল আল্লাহর ও ইমামতের বিচার। কিন্তু, জালিমরা তো ক্ষমতায় থেকেই গেল! তাহলে কিভাবে ফাদাকের মাধ্যমে ইসলাম রক্ষা পেল? বলবেন?"
B1-C00480,5623,FADAK,UNSPECIFIED,NARRATIVE_ONLY,,E-00480,PAGE-CHECK,,,"রাকিকা, মনে রেখো, ফাদাক ছিল শুধু এক টুকরো জমি নয়, এটি ছিল ন্যায়ের প্রতীক, সত্যের মানচিত্র। মা সাইয়্যিদা ফাতিমাতুয্ যাহরা (আলাইহাস্ সালাম) ফাদাকের দাবি করেছিলেন শুধু নিজের জন্য নয়, বরং উম্মতের জন্য। এটি ছিল হক ও বাতিলের পার্থক্য নির্ধারণ"
B1-C00481,5625,FADAK,UNSPECIFIED,NARRATIVE_ONLY,,E-00481,PAGE-CHECK,,,"মা সাইয়্যিদা ফাতিমাতুয্ যাহরা (আলাইহাস্ সালাম) ও তাঁর স্বামী শুধু নিজেদের জন্য নয়, বরং পুরো উম্মতের জন্য লড়াই করেছেন। জান্নাতের নারীদের সর্দারার এই সংগ্রাম ছিল শুধু ফাদাকের জন্য নয়, বরং খাঁটি ইসলামের অস্তিত্ব টিকিয়ে রাখার জন্য।"
B1-C00482,5628,FADAK,UNSPECIFIED,NARRATIVE_ONLY,,E-00482,PAGE-CHECK,,,"রাকিকা, তুমি কি জানো, জালিমরা এরপর কী করেছিল? তারা ন্যায়ের পথ বেছে নেয়নি। বরং, সত্যকে ধ্বংস করতে একটি মিথ্যা হাদিস রচনা করল! এমন এক হাদিস, যার রাবি ছিল মাত্র একজন! অথচ রাসূলুল্লাহ ﷺ-এর হাজার হাজার সাহাবির মধ্যে আর কেউ কখনো সেই কথাটি শোনেন"
B1-C00483,5629,FADAK,UNSPECIFIED,NARRATIVE_ONLY,,E-00483,PAGE-CHECK,,,"তাদের উদ্দেশ্য ছিল শুধুই সম্পদ দখল নয়, বরং সত্য ও ন্যায়ের শিকড়কে উপড়ে ফেলা। তারা জানত, ফাদাক যদি মা সাইয়্যিদা ফাতিমাতুয্ যাহরা (আলাইহাস্ সালাম) হাতে থাকে, তাহলে আলী (আলাইহিস্ সালাম)-এর অর্থনৈতিক শক্তি সুসংহত হবে। আর যদি অর্থনৈতিক ভিত্ত"
B1-C00484,5631,FADAK,UNSPECIFIED,NARRATIVE_ONLY,,E-00484,PAGE-CHECK,,,"তাই তো রাসূলুল্লাহ ﷺ-এর ওফাতের মাত্র তিন থেকে দশ দিনের মধ্যেই তারা ফাদাক দখল করতে মরিয়া হয়ে উঠল! কেন? কারণ, তাদের হাতে তখন যুদ্ধ পরিচালনার মতো কোনো অর্থ অবশিষ্ট ছিল না! তারা জানত, যদি ফাদাক আলী (আলাইহিস্ সালাম)-এর হাতে থাকে, তাহলে তাদের শ"
B1-C00485,5639,FADAK,UNSPECIFIED,NARRATIVE_ONLY,,E-00485,PAGE-CHECK,,,"খিজির (গভীরতা ও দৃঢ়তায় ভরা কণ্ঠে): ফাদাকের সম্পদকে ব্যবহার করা! কারণ, তারা ফাদাকের সম্পদ দিয়েই সৈন্যদের অস্ত্র, তলোয়ার, ঢাল, বর্ম ইত্যাদি কিনল এবং যুদ্ধ চালিয়ে গেল। এই বিনিয়োগের ফলে মুসলমানরা শত শত এলাকা জয় করল।"
B1-C00486,5640,FADAK,SUNNI,NAMED_SOURCE,,E-00486,PAGE-CHECK,,,"তাহলে বোঝ, মুসলিম জাহান আজ যেখানে যেখানে পৌঁছেছে, তা মূলত ফাদাকের বিনিয়োগেরই ফল!"
B1-C00487,5641,FADAK,UNSPECIFIED,NARRATIVE_ONLY,,E-00487,PAGE-CHECK,,,"রাকিকা (গভীর শ্বাস নিল, যেন তার মনের সমস্ত কুয়াশা কেটে গেল): তাহলে ইমাম মুসা কাজিম (আলাইহিস্ সালাম) সম্পূর্ণ সত্য বলেছিলেন! আজ পৃথিবীর যে প্রান্তেই ইসলাম পৌঁছেছে, তা সবই ফাদাকের ঐতিহাসিক বিনিয়োগের ধারাবাহিকতা। আর বর্তমান জামানায় ইমাম মাহ"
B1-C00488,5648,FADAK,UNSPECIFIED,NARRATIVE_ONLY,,E-00488,PAGE-CHECK,,,"ফাদাকের ভুমি থেকে ফিরে, রাকিকা যখন বুরুল্লাহ ও সাদিককে বৃদ্ধ খিজির চাচার গল্পটি শুনিয়েছিল, তখন তারা দুজনই মৃদু হেসে বলেছিল—"
B1-C00489,5673,SOURCE_BLOCK_NOTE,UNSPECIFIED,NARRATIVE_ONLY,,E-00489,PAGE-CHECK,,,•  এই অধ্যায়ের খাতা রাকিকার রূহানি সাক্ষ্য; দর্শনে মা সাইয়্যিদা (আলাইহাস্ সালাম)-এর উত্তর (¶17893–17895) রাসূলুল্লাহ ﷺ-এর গোপন কথার হাদীস হিসেবে খিজিরের মুখে।
B1-C00490,5674,QURAN,QURAN,QURAN_REF,QUR-5-67|QUR-5-3,E-00490,VERIFIED,,,"•  কুরআন ৫:৬৭, ৫:৩ — api.alquran.cloud-এ মেলানো, CONFIRMED।"
B1-C00491,5675,SUNNI_NARRATION,SUNNI,NAMED_SOURCE,HAD-BUKHARI-3623|HAD-BUKHARI-3624|HAD-BUKHARI-2450|HAD-BUKHARI-3623|HAD-BUKHARI-3624|HAD-BUKHARI-2450|HAD-MUSLIM-2450|HAD-MUSLIM-2450,E-00491,CONFLICT,REF-132,YES,"•  গোপন কথা, কান্না ও হাসি (আয়িশা থেকে) — সহীহ বুখারি ৩৬২৩–৩৬২৪, সহীহ মুসলিম ২৪৫০ — PAGE-CHECK (শব্দ মেলানো বাকি)।"
B1-C00492,5676,FADAK,UNSPECIFIED,ATTRIBUTION_FORMULA,,E-00492,PAGE-CHECK,REF-133,,•  ইমাম মুসা কাজিম (আলাইহিস্ সালাম) ও হারুনের সামনে ফাদাকের সীমানা — বর্ণিত আছে; PAGE-CHECK।
B1-C00493,5677,SUNNI_NARRATION,SUNNI,NAMED_SOURCE,,E-00493,CONFLICT,REF-134,YES,•  কাগজ-কলম ও «কোরআনই আমাদের জন্য যথেষ্ট» (বৃহস্পতিবারের ঘটনা) — সহীহ বুখারি (কিতাবুল ইলম ও মাগাযি) — PAGE-CHECK; «কাবা মানুষের কাছে যায় না» — বর্ণিত আছে।
B1-C00494,5678,SHIA_NARRATION,SHIA,NAMED_SOURCE,SRC-Bihar_al-Anwar-43|SRC-Bihar_al-Anwar-43,E-00494,CONFLICT,REF-135,YES,•  বয়স ও সময়কালের ভিন্নতা — খাতায়: বিহারুল আনওয়ার খণ্ড ৪৩ — PAGE-CHECK।
B1-C00495,5699,FADAK,UNSPECIFIED,NARRATIVE_ONLY,,E-00495,PAGE-CHECK,,,ইমাম সাদিক (আলাইহিস্ সালাম) থেকে বর্ণিত হয়েছে যে— “আয়াতটি রাসূলুল্লাহ ﷺ-এর নিকটবর্তীদেরকে নির্দেশ করে এবং এটি মা সাইয়্যিদা ফাতিমাতুয্ যাহরা (আলাইহাস্ সালাম)-এর ব্যাপারে নাজিল হয়েছিল এবং তিনি তাঁকে ‘ফাদাক’ দিয়েছিলেন।”
B1-C00496,5700,FADAK,UNSPECIFIED,NARRATIVE_ONLY,,E-00496,PAGE-CHECK,,,"ইবনে জারীর হযরত আলী ইবনুল হুসাইন যায়নুল আবেদীন (আলাইহিস্ সালাম) হতে বর্ণনা করেছেন। তিনি এক শামদেশীয় লোককে জিজ্ঞেস করেন, 'তুমি কুরআন পাঠ করেছ? ' সে বলল, 'হ্যাঁ।’ তিনি পুনরায় জিজ্ঞেস করলেন, 'তুমি সূরা বনী ইসরাইলের 'পরমাত্মীয়কে তার প্রাপ্য"
B1-C00497,5702,FADAK,UNSPECIFIED,NARRATIVE_ONLY,,E-00497,PAGE-CHECK,,,কেন এবং কখন রাসূলুল্লাহ ﷺ মা সাইয়্যিদা ফাতিমাতুয্ যাহরা (আলাইহাস্ সালাম)-কে ফাদাক প্রদান করেন?
B1-C00498,5703,FADAK,UNSPECIFIED,NARRATIVE_ONLY,,E-00498,PAGE-CHECK,,,"রাসূলুল্লাহ ﷺ খাইবার বিজয়ের পর (৬২৮ খ্রিস্টাব্দ, ৬ হিজরি) একদল ইহুদির পক্ষ থেকে ফাদাক বাগান লাভ করেন এবং মদিনায় প্রত্যাবর্তনের পর, যখন পবিত্র আয়াত নাজিল হয়, তখন তিনি ﷺ ফাদাককে মা সাইয়্যিদা ফাতিমাতুয্ যাহরা (আলাইহাস্ সালাম)-কে দান করেন।"
B1-C00499,5704,FADAK,UNSPECIFIED,NARRATIVE_ONLY,,E-00499,PAGE-CHECK,,,"রাসূলুল্লাহ ﷺ-এর ইন্তেকাল ৬৩২ খ্রিস্টাব্দে (১০ হিজরি) হয়। সুতরাং, ফাদাকের জমি মা সাইয়্যিদা ফাতিমাতুয্ যাহরা (আলাইহাস্ সালাম)-এর অধিকারে ছিল প্রায় ২ বছর।"
B1-C00500,5710,FADAK,UNSPECIFIED,NARRATIVE_ONLY,,E-00500,PAGE-CHECK,,,"‘যখন আল্লাহ খাইবারে রাসূলুল্লাহ ﷺ-কে বিজয় দান করলেন এবং ফাদাক তার ﷺ জন্য দান করলেন (৬২৮ খ্রিস্টাব্দে) এবং এই আয়াত নাজিল করলেন-সুতরাং আত্মীয়কে তার অধিকার দাও, তখন তিনি ﷺ বললেন, ‘হে মা সাইয়্যিদা ফাতিমাতুয্ যাহরা (আলাইহাস্ সালাম)! তোমার (আ"
B1-C00501,5712,FADAK,UNSPECIFIED,NARRATIVE_ONLY,,E-00501,PAGE-CHECK,,,"‘যখন এই আয়াত নাজিল হলো: সুতরাং আত্মীয়কে তার অধিকার দাও, তখন রাসূলুল্লাহ ﷺ মা সাইয়্যিদা ফাতিমাতুয্ যাহরা (আলাইহাস্ সালাম)-কে ফাদাক দিয়ে দিলেন।’"
B1-C00502,5715,FADAK,UNSPECIFIED,NARRATIVE_ONLY,,E-00502,PAGE-CHECK,,,"‘যখন এই আয়াত রাসূলুল্লাহ ﷺ-এর ওপর নাজিল হলো, তখন তিনি ﷺ ফাদাককে মা সাইয়্যিদা ফাতিমাতুয্ যাহরা (আলাইহাস্ সালাম)-কে দান করলেন এবং তাঁর কাছে হস্তান্তর করলেন।’"
B1-C00503,5721,FADAK,UNSPECIFIED,NARRATIVE_ONLY,,E-00503,PAGE-CHECK,,,"এখন যখন আয়াতটি রাসূলুল্লাহ ﷺ-এর প্রতি অবতীর্ণ হলো, তখন তিনি ﷺ বললেন: ‘আমার জন্য মা সাইয়্যিদা ফাতিমাতুয্ যাহরা (আলাইহাস্ সালাম)-কে ডাকো।’ তাই মা সাইয়্যিদা ফাতিমাতুয্ যাহরা (আলাইহাস্ সালাম)-কে তাঁর ﷺ জন্য ডাকা হলো। তিনি ﷺ বললেন: ‘হে ফাতিমা"
B1-C00504,5724,FADAK,UNSPECIFIED,NARRATIVE_ONLY,,E-00504,PAGE-CHECK,,,"তিনি (আলাইহিস্ সালাম) বলেন: ‘তখন যখন এই আয়াতটি রাসূলুল্লাহ ﷺ-এর উপর অবতীর্ণ হলো, তখন তিনি ﷺ বললেন: ‘আমার জন্য ফাতিমাকে (আলাইহাস্ সালাম) ডাকো।’ তাই তাঁকে (আলাইহাস্ সালাম) ডাকা হলো, তখন তিনি ﷺ বললেন: ‘হে ফাতিমা (আলাইহাস্ সালাম)! ’ তিনি (আলাই"
B1-C00505,5726,FADAK,UNSPECIFIED,NARRATIVE_ONLY,,E-00505,PAGE-CHECK,,,আল্লাহ ফাদাককে মা সাইয়্যিদা ফাতিমাতুয্ যাহরা (আলাইহাস্ সালাম)-কে দান করেছেন
B1-C00506,5728,FADAK,UNSPECIFIED,NARRATIVE_ONLY,,E-00506,PAGE-CHECK,,,"তিনি বলেন, ‘আমি আবু আবদুল্লাহ (আলাইহিস্ সালাম)-কে জিজ্ঞাসা করলাম, রাসূলুল্লাহ ﷺ কি মা সাইয়্যিদা ফাতিমাতুয্ যাহরা (আলাইহাস্ সালাম)-কে ফাদাক দান করেছিলেন? তিনি (আলাইহিস্ সালাম) বললেন: এটি তাঁর জন্য নির্ধারিত ছিল, তাই আল্লাহ এই আয়াত অবতীর্ণ "
B1-C00507,5730,FADAK,UNSPECIFIED,NARRATIVE_ONLY,,E-00507,PAGE-CHECK,,,"আবান বিন তাগলিব থেকে বর্ণিত: তিনি বলেন, ‘আমি আবু আবদুল্লাহ (আলাইহিস্ সালাম)-কে জিজ্ঞাসা করলাম, রাসূলুল্লাহ ﷺ-ই কি মা সাইয়্যিদা ফাতিমাতুয্ যাহরা (আলাইহাস্ সালাম)-কে ফাদাক দান করেছিলেন? তিনি (আলাইহিস্ সালাম) বললেন: এটি তাঁর জন্য আল্লাহর পক্ষ"
B1-C00508,5746,FADAK,UNSPECIFIED,NARRATIVE_ONLY,,E-00508,PAGE-CHECK,,,"একদিন আমার মা, মা সাইয়্যিদা ফাতিমাতুয্ যাহরা (আলাইহাস্ সালাম), ফাদাকের সম্পত্তি দাবি করেছিলেন।"
B1-C00509,5748,FADAK,UNSPECIFIED,NARRATIVE_ONLY,,E-00509,PAGE-CHECK,,,কিন্তু ফাদাক ছিল কেবল বাহানা —
B1-C00510,5754,FADAK,UNSPECIFIED,NARRATIVE_ONLY,,E-00510,PAGE-CHECK,,,"আয-জাওহারী তাঁর ‘আস-সাকিফা ওয়া ফাদাক’ (খণ্ড-৪, পৃষ্ঠা-৮১)-তে বর্ণনা করেন:"
B1-C00511,5762,FADAK,UNSPECIFIED,NARRATIVE_ONLY,,E-00511,PAGE-CHECK,,,"মা ফাতিমা বললেন: ‘অবশ্যই রেখে গেছেন — আর সেটি হচ্ছে ফাদাক,"
B1-C00512,5772,FADAK,UNSPECIFIED,NARRATIVE_ONLY,,E-00512,PAGE-CHECK,,,“তাহলে ফাদাক ছিল এক আয়না —
B1-C00513,5776,FADAK,UNSPECIFIED,NARRATIVE_ONLY,,E-00513,PAGE-CHECK,,,ফাদাক ছিল না কেবল জমি —
B1-C00514,5782,FADAK,UNSPECIFIED,NARRATIVE_ONLY,,E-00514,PAGE-CHECK,,,ফাদাকের দাবি ছিল আল্লাহর বিধান প্রতিষ্ঠার দাবী।
B1-C00515,5811,QURAN,QURAN,QURAN_REF,QUR-17-26|QUR-30-38|QUR-59-6,E-00515,VERIFIED,,,"•  কুরআন ১৭:২৬, ৩০:৩৮, ৫৯:৬ — api.alquran.cloud-এ মেলানো, CONFIRMED।"
B1-C00516,5812,FADAK,QURAN,QURAN_REF,QUR-17-26,E-00516,CONFLICT,REF-136,YES,•  ইমাম সাদিক (আলাইহিস্ সালাম) থেকে ১৭:২৬ ও ফাদাক — বর্ণিত আছে; PAGE-CHECK।
B1-C00517,5813,SOURCE_BLOCK_NOTE,UNSPECIFIED,NARRATIVE_ONLY,,E-00517,CONFLICT,REF-137,YES,"•  ইমাম যায়নুল আবেদীন (আলাইহিস্ সালাম) ও শামদেশীয় লোক — খাতায়: ইবনে জারীর তাবারী; বাজ্জার, আবু ইয়ালা, ইবনে আবি হাতিম, ইবনে মারদুইয়্যা (আবু সাঈদ খুদরী ও ইবনে আব্বাস); মিরাজুন নাবুয়্যাত — PAGE-CHECK।"
B1-C00518,5814,SOURCE_BLOCK_NOTE,UNSPECIFIED,NARRATIVE_ONLY,,E-00518,CONFLICT,REF-138,YES,•  আতিয়্যা আল-আউফির বর্ণনা ও আবু সাঈদ খুদরী পর্যন্ত সনদ — PAGE-CHECK; তাবারসী (মাজমাউল বায়ান) — PAGE-CHECK।
B1-C00519,5815,SOURCE_BLOCK_NOTE,UNSPECIFIED,NARRATIVE_ONLY,,E-00519,PAGE-CHECK,REF-139,,•  ইমাম রেযা (আলাইহিস্ সালাম)-এর «ইস্তিফা»-র হাদীস — উয়ূনু আখবারির রিদা (রাইয়ান ইবনে সালত থেকে) — PAGE-CHECK।
B1-C00520,5816,SOURCE_BLOCK_NOTE,UNSPECIFIED,NARRATIVE_ONLY,,E-00520,PAGE-CHECK,REF-140,,•  আবান ইবনে তাগলিবের দুটি বর্ণনা — PAGE-CHECK (খাতায় কিতাবের নাম নেই)।
B1-C00521,5817,FADAK,UNSPECIFIED,NARRATIVE_ONLY,,E-00521,CONFLICT,REF-141,YES,"•  উম্মে হানী ও আবু বকরের কথোপকথন — খাতায়: জাওহারী, আস-সাকিফা ওয়া ফাদাক, «খণ্ড ৪, পৃষ্ঠা ৮১» — PAGE-CHECK (এই খণ্ড-নম্বর সম্ভবত শারহু নাহজিল বালাগার; মেলানো বাকি)।"
B1-C00522,5826,SUNNI_NARRATION,SUNNI,NAMED_SOURCE,,E-00522,PAGE-CHECK,,,"—“সাদিক,” সে বলল, “আজ থেকে আমি বদলে যাবো। শুধু নামধারী মুসলিম হয়ে বাঁচতে চাই না। আমি মুত্তাকী হতে চাই। আমাকে তুই আর বুরুল্লাহ পথ দেখাস।”"
B1-C00523,5860,SUNNI_NARRATION,SUNNI,NAMED_SOURCE,,E-00523,PAGE-CHECK,,,"আমার মনে হচ্ছিল, এ গল্প কেবল ফয়সালের নয়। এটা আমাদের সকলের গল্প—যেখানে অজ্ঞতা থেকে জ্ঞানের পথে, নামধারী মুসলিম থেকে প্রকৃত মুত্তাকীর পথে হাঁটার ডাক আছে।"
B1-C00524,5897,SUNNI_NARRATION,SUNNI,NAMED_SOURCE,HAD-MUSLIM-2408|HAD-MUSLIM-3786|HAD-MUSLIM-2408|HAD-MUSLIM-3786|HAD-TIRMIDHI-3786|HAD-TIRMIDHI-3786,E-00524,VERIFIED,,,"•  সাকালাইনের হাদীস — সহীহ মুসলিম ২৪০৮ («أهل بيتي»), জামে তিরমিযি ৩৭৮৬ («كتاب الله وعترتي أهل بيتي»), মুসনাদে আহমাদ — CONFIRMED (S-173; sunnah.com)। «যতক্ষণ আঁকড়ে ধরবে, পথভ্রষ্ট হবে না» শব্দ তিরমিযির, মুসলিমের নয়।"
B1-C00525,5981,PROSE_ATTRIBUTION,UNSPECIFIED,NARRATIVE_ONLY,,E-00525,PAGE-CHECK,,,"ফয়সাল: “না, শুধু কুরআন পড়লেই হবে না। রাসূলুল্লাহ ﷺ বলেছেন—"
B1-C00526,6006,SUNNI_NARRATION,SUNNI,NAMED_SOURCE,HAD-BUKHARI-3714|HAD-BUKHARI-3714,E-00526,CONFLICT,REF-142,YES,"•  «ফাতিমা আমার অংশ; যে তাকে রাগান্বিত করে সে আমাকে রাগান্বিত করে» — সহীহ বুখারি ৩৭১৪ («فمن أغضبها أغضبني») — CONFIRMED (STYLE §৪ ফাঁদ-তালিকা); «যে তাকে খুশি করে…» অংশ — অন্য বর্ণনায়, PAGE-CHECK।"
B1-C00527,6007,SUNNI_NARRATION,SUNNI,NAMED_SOURCE,HAD-MUSLIM-2408|HAD-MUSLIM-3786|HAD-MUSLIM-2408|HAD-MUSLIM-3786|HAD-MUSLIM-173|HAD-TIRMIDHI-3786|HAD-TIRMIDHI-3786|HAD-TIRMIDHI-173,E-00527,VERIFIED,,,"•  সাকালাইন — সহীহ মুসলিম ২৪০৮, তিরমিযি ৩৭৮৬ — CONFIRMED (S-173)।"
B1-C00528,6008,SOURCE_BLOCK_NOTE,UNSPECIFIED,NARRATIVE_ONLY,,E-00528,PAGE-CHECK,,,"•  সীমোর্গ ও ত্রিশ পাখির গল্প — ফরিদুদ্দিন আত্তার, মানতিকুত তাইর — সাধারণ জ্ঞান (গল্পে নাম নেওয়া হয়নি)।"
B1-C00529,6025,PROSE_ATTRIBUTION,UNSPECIFIED,NARRATIVE_ONLY,,E-00529,PAGE-CHECK,,,"ফয়সাল: (কুরআনের দিকে তাকিয়ে) কুরআন অবশ্যই যথেষ্ট, কিন্তু রাসূলুল্লাহ ﷺ আমাদেরকে একটা সতর্কবার্তা দিয়ে গেছেন। তিনি বলেছেন:"
B1-C00530,6027,PROSE_ATTRIBUTION,UNSPECIFIED,NARRATIVE_ONLY,,E-00530,PAGE-CHECK,,,জারিয়া: ওহ! মানে রাসূলুল্লাহ ﷺ নিজেই বলেছেন—দুটো ছাড়া পথ পাওয়া যাবে না?
B1-C00531,6106,SUNNI_NARRATION,SUNNI,NAMED_SOURCE,HAD-MUSLIM-2408|HAD-MUSLIM-2408|HAD-MUSLIM-173|HAD-TIRMIDHI-3786|HAD-TIRMIDHI-3788|HAD-TIRMIDHI-2408|HAD-TIRMIDHI-3786|HAD-TIRMIDHI-3788|HAD-TIRMIDHI-2408|HAD-TIRMIDHI-1,E-00531,VERIFIED,,,"•  সাকালাইন («হাউজে না আসা পর্যন্ত আলাদা হবে না») — তিরমিযি ৩৭৮৬/৩৭৮৮, মুসলিম ২৪০৮ — CONFIRMED (S-173)।"
B1-C00532,6107,SUNNI_NARRATION,SUNNI,NAMED_SOURCE,HAD-BUKHARI-7222|HAD-BUKHARI-7222|HAD-MUSLIM-7222|HAD-MUSLIM-7222,E-00532,CONFLICT,REF-143,YES,"•  বারো খলিফা — সহীহ মুসলিম (কিতাবুল ইমারাহ), বুখারি ৭২২২ — PAGE-CHECK (খাতার শব্দ ও নম্বর মেলানো বাকি)।"
B1-C00533,6108,QURAN,SUNNI,QURAN_REF,HAD-TIRMIDHI-33|HAD-TIRMIDHI-33|HAD-TIRMIDHI-33|HAD-TIRMIDHI-33|QUR-33-33|QUR-33-33,E-00533,CONFLICT,REF-144,YES,"•  ছয় মাস ফজরে দরজায় ৩৩:৩৩ পাঠ (আনাস) — জামে তিরমিযি — PAGE-CHECK; কুরআন ৩৩:৩৩ — api.alquran.cloud, CONFIRMED।"
B1-C00534,6145,PROSE_ATTRIBUTION,UNSPECIFIED,NARRATIVE_ONLY,,E-00534,PAGE-CHECK,,,"ইমাম আলী (আলাইহিস্ সালাম) হতে বর্ণিত, রাসূলুল্লাহ ﷺ ইরশাদ করেন, আমার নিকট একজন ফেরেশতা এসে বলল, হে মুহাম্মদ! আল্লাহ তা'আলা আপনাকে সালাম দিয়েছেন এবং বলেছেন: আমি (আল্লাহ) আপনার কন্যা ফাতেমা (আলাইহাস্ সালাম)-এর বিয়ে হযরত আলী ইবনে আবি তালিবের"
B1-C00535,6178,SOURCE_BLOCK_NOTE,UNSPECIFIED,NARRATIVE_ONLY,,E-00535,PAGE-CHECK,REF-145,,"•  নিচের আরবি পাঠ খাতা থেকে (¶3852–3877; খাতার কয়েকটি মুদ্রণ-ত্রুটি এখানে ঠিক করে লেখা — ছাপার আগে মূল কিতাবে মেলাতে হবে), বইয়ের নাম খাতায় নেই — PAGE-CHECK:"
B1-C00536,6179,SOURCE_BLOCK_NOTE,UNSPECIFIED,NARRATIVE_ONLY,,E-00536,PAGE-CHECK,,,•  «أَمَرَ اللَّهُ النَّبِيَّ صلى الله عليه وسلم لِتَزْوِيجِ فَاطِمَةَ سَلَامُ اللَّهِ عَلَيْهَا مِنْ عَلِيِّ بْنِ أَبِي طَالِبٍ» (শিরোনাম)
B1-C00537,6180,SOURCE_BLOCK_NOTE,UNSPECIFIED,NARRATIVE_ONLY,,E-00537,PAGE-CHECK,REF-146,,•  ৬৩ — ইবনে মাসউদ: «إِنَّ اللَّهَ أَمَرَنِي أَنْ أُزَوِّجَ فَاطِمَةَ مِنْ عَلِيٍّ» — PAGE-CHECK।
B1-C00538,6181,SOURCE_BLOCK_NOTE,UNSPECIFIED,NARRATIVE_ONLY,,E-00538,PAGE-CHECK,REF-147,,•  ৬৪ — আনাস: «يَا أَنَسُ! أَتَدْرِي مَا جَاءَنِي بِهِ جِبْرِيلُ مِنْ عِنْدِ صَاحِبِ الْعَرْشِ؟ قَالَ: إِنَّ اللَّهَ أَمَرَنِي أَنْ أُزَوِّجَ فَاطِمَةَ مِنْ عَلِيٍّ» — PAGE-CHECK।
B1-C00539,6182,SOURCE_BLOCK_NOTE,UNSPECIFIED,NARRATIVE_ONLY,,E-00539,PAGE-CHECK,REF-148,,"•  ৬৫ — আনাস: চল্লিশ হাজার ফেরেশতা সাক্ষী, তুবা বৃক্ষ («…وَأَشْهَدُ عَلَى تَزْوِيجِكَ أَرْبَعِينَ أَلْفَ مَلَكٍ…») — PAGE-CHECK।"
B1-C00540,6183,SOURCE_BLOCK_NOTE,UNSPECIFIED,NARRATIVE_ONLY,,E-00540,PAGE-CHECK,REF-149,,•  ৬৬ — আলী (আলাইহিস্ সালাম): «إِنِّي قَدْ زَوَّجْتُ فَاطِمَةَ ابْنَتَكَ مِنْ عَلِيِّ بْنِ أَبِي طَالِبٍ فِي الْمَلَأِ الْأَعْلَى فَزَوِّجْهَا مِنْهُ فِي الْأَرْضِ» — PAGE-CHECK।
B1-C00541,6184,SOURCE_BLOCK_NOTE,UNSPECIFIED,NARRATIVE_ONLY,,E-00541,PAGE-CHECK,REF-150,,•  ৬৭ — আনাস: «اللَّهُمَّ إِنِّي أُعِيذُهَا بِكَ وَذُرِّيَّتَهَا مِنَ الشَّيْطَانِ الرَّجِيمِ» — PAGE-CHECK।
B1-C00542,6185,SOURCE_BLOCK_NOTE,UNSPECIFIED,NARRATIVE_ONLY,,E-00542,PAGE-CHECK,REF-151,,•  ৬৮ — ইবনে বুরাইদা: «اللَّهُمَّ بَارِكْ فِيهِمَا، وَبَارِكْ عَلَيْهِمَا، وَبَارِكْ لَهُمَا فِي شِبْلِهِمَا» (অন্য বর্ণনায় «فِي نَسْلِهِمَا») — PAGE-CHECK।
B1-C00543,6205,PROSE_ATTRIBUTION,UNSPECIFIED,NARRATIVE_ONLY,,E-00543,PAGE-CHECK,,,রাসূলুল্লাহ ﷺ বলেছেন:
B1-C00544,6229,PROSE_ATTRIBUTION,UNSPECIFIED,NARRATIVE_ONLY,,E-00544,PAGE-CHECK,,,"ফয়সাল: জানো, আল্লাহর রাসূল ﷺ বলেছেন, “ফাতিমা আমার অংশ। যে তাঁকে কষ্ট দেয়, সে যেন আমাকে কষ্ট দিল। যে তাঁকে ভালোবাসে, সে যেন আমাকে ভালোবাসে।”কিন্তু এই ভালোবাসা শুধু মুখের কথা নয়। মা সাইয়্যিদা ফাতিমাতুয্ যাহরা (আলাইহাস্ সালাম)-এর সুপারিশ চ"
B1-C00545,6274,QURAN,QURAN,QURAN_REF,QUR-24-35,E-00545,VERIFIED,,,"জারিয়া বইটা স্লেটের ওপর রাখল। বইয়ের শেষ মলাটের ভেতরে পেনসিলে লেখা সাতটি আয়াতের নম্বর, রাহাত তাকে দেখাল। তৃতীয় সংখ্যার পাশে, অন্য কালিতে, রাহাতের নিজের হাতে লেখা একটি ছোট সংখ্যা: ২৪:৩৫।"
B1-C00546,6287,SUNNI_NARRATION,SUNNI,NAMED_SOURCE,,E-00546,PAGE-CHECK,,,ফয়সাল (মাথা নেড়ে): ঠিক তাই। এজন্যই রাসূলুল্লাহ ﷺ তাঁকে বলেছেন—“ফাতিমা আমার প্রাণের অংশ।” তাঁকে ভুলে যাওয়ার মানে হলো সত্যকে ভুলে যাওয়া। তাই মুসলিম উম্মাহর পতনের শুরু হয়েছিল তাঁকে অবহেলা করার মাধ্যমেই।
B1-C00547,6304,QURAN,QURAN,QURAN_REF,QUR-4-59|QUR-24-35|QUR-24-35,E-00547,VERIFIED,,,"•  কুরআন ৪:৫৯, ২৪:৩৫ — api.alquran.cloud-এ মেলানো, CONFIRMED (২৪:৩৫-এর বাংলা এখানে সংক্ষেপিত)।"
B1-C00548,6305,SUNNI_NARRATION,SUNNI,NAMED_SOURCE,HAD-BUKHARI-7222|HAD-BUKHARI-7222|HAD-MUSLIM-7222|HAD-MUSLIM-7222,E-00548,CONFLICT,REF-152,YES,"•  বারো খলিফা — সহীহ মুসলিম (কিতাবুল ইমারাহ), বুখারি ৭২২২ — PAGE-CHECK।"
B1-C00549,6306,SUNNI_NARRATION,SUNNI,NAMED_SOURCE,HAD-BUKHARI-3714|HAD-BUKHARI-3714,E-00549,CONFLICT,REF-153,YES,"•  «ফাতিমা আমার অংশ…» — বুখারি ৩৭১৪ (শুধু «فمن أغضبها أغضبني»), বাকি অংশ — PAGE-CHECK।"
B1-C00550,6307,ATTRIBUTION_ONLY,UNSPECIFIED,ATTRIBUTION_FORMULA,,E-00550,CONFLICT,REF-154,YES,•  «সর্বপ্রথম আল্লাহ নূরকে সৃষ্টি করেছেন… সকল বস্তু আমার নূর থেকে» — বর্ণিত আছে (জাবির থেকে); PAGE-CHECK।
B1-C00551,6308,ATTRIBUTION_ONLY,UNSPECIFIED,ATTRIBUTION_FORMULA,,E-00551,CONFLICT,REF-155,YES,•  উম্মে আবিহা — বর্ণিত আছে; PAGE-CHECK।
B1-C00552,6333,SUNNI_NARRATION,SUNNI,NAMED_SOURCE,,E-00552,PAGE-CHECK,,,"“তাহলে বলো, এটি কি সহিহ বুখারি বা মুসলিম শরীফে আছে?”"
B1-C00553,6335,SUNNI_NARRATION,SUNNI,NAMED_SOURCE,,E-00553,PAGE-CHECK,,,"“তিরমিজি, আবু দাউদ, ইবনে মাজাহ কিংবা নাসায়ি—কোথাও কি এই হাদিস পাওয়া যায়?”"
B1-C00554,6340,SUNNI_NARRATION,SUNNI,NAMED_SOURCE,,E-00554,PAGE-CHECK,,,"“আরেকটি হাদিস রয়েছে, যা মুসলিম শরীফে পাওয়া যায়—”"
B1-C00555,6455,SUNNI_NARRATION,SUNNI,NAMED_SOURCE,SRC-Mustadrak_al-Hakim-318|SRC-Mustadrak_al-Hakim-319|SRC-Mustadrak_al-Hakim-318|SRC-Mustadrak_al-Hakim-319,E-00555,EDITION-LOCK,REF-156,YES,"•  «কিতাবুল্লাহ ও সুন্নাতি» — মুয়াত্তা মালিক (বালাগ), হাকিম, মুস্তাদরাক ৩১৮/৩১৯ — PAGE-CHECK (STYLE §৪ ফাঁদ-তালিকা)।"
B1-C00556,6456,SUNNI_NARRATION,SUNNI,NAMED_SOURCE,HAD-MUSLIM-2408|HAD-MUSLIM-3786|HAD-MUSLIM-2408|HAD-MUSLIM-3786|HAD-TIRMIDHI-3786|HAD-TIRMIDHI-3788|HAD-TIRMIDHI-3786|HAD-TIRMIDHI-3788|HAD-TIRMIDHI-173,E-00556,CONFLICT,REF-157,YES,"•  সাকালাইন («কিতাবুল্লাহ ও আমার ইতরাত, আহলুল বাইত») — মুসলিম ২৪০৮ (যায়েদ ইবনে আরকাম), তিরমিযি ৩৭৮৬ (জাবির), ৩৭৮৮ — CONFIRMED (S-173); আবু সাঈদ ও যায়েদ ইবনে সাবিতের বর্ণনা — PAGE-CHECK।"
B1-C00557,6457,QURAN,QURAN,QURAN_REF,QUR-16-108|QUR-2-174|QUR-33-36|QUR-4-115,E-00557,VERIFIED,,,"•  কুরআন ১৬:১০৮–১০৯, ২:১৭৪, ৩৩:৩৬, ৪:১১৫ — api.alquran.cloud-এ মেলানো, CONFIRMED।"
B1-C00558,6458,MIXED_CITATION,SHIA|SUNNI,NAMED_SOURCE,HAD-MUSLIM-3|HAD-MUSLIM-364|HAD-MUSLIM-2|HAD-MUSLIM-3|HAD-MUSLIM-364|HAD-MUSLIM-2|SRC-Bihar_al-Anwar-22|SRC-Bihar_al-Anwar-469|SRC-Bihar_al-Anwar-04|SRC-Bihar_al-Anwar-22|SRC-Bihar_al-Anwar-469|SRC-Bihar_al-Anwar-04,E-00558,CONFLICT,REF-158,YES,"•  কাগজ-কলমের ঘটনা — সহীহ বুখারি (কিতাবুল ইলম, মাগাযি, মারাদুন নবী), মুসলিম; মুসনাদে আহমাদ ৩/৩৬৪; বিহারুল আনওয়ার ২২/৪৬৯; শেখ মুফিদ, আল-ইরশাদ — শ্রোতা ০৪-এর তালিকা, PAGE-CHECK।"
B1-C00559,6459,ATTRIBUTION_ONLY,UNSPECIFIED,ATTRIBUTION_FORMULA,,E-00559,PAGE-CHECK,REF-159,,"•  হুজরাত ১–১০ ও প্রথম দুই খলিফা — শ্রোতা ০৪ (আব্বুর মুখে), বর্ণিত আছে; PAGE-CHECK।"
B1-C00560,6524,SUNNI_NARRATION,SUNNI,NAMED_SOURCE,,E-00560,PAGE-CHECK,,,ইমাম মাহদী (আলাইহিস্ সালাম)- যিনি শেষ ইমাম এবং যাঁর পুনরাগমন মুসলিম উম্মাহর চূড়ান্ত মুক্তির বার্তা।
B1-C00561,6528,PROSE_ATTRIBUTION,UNSPECIFIED,NARRATIVE_ONLY,,E-00561,PAGE-CHECK,,,"হযরত ইবনে আবী নুজাইহ স্বীয় পিতা হতে বর্ণনা করেন যে, তিনি বলেছেন, আমাকে জনৈক ব্যক্তি বলেছেন, যিনি কুফার মিম্বরে ইমাম আলী (আলাইহিস্ সালাম)-কে এ কথা বলতে শুনেছেন, রাসূলুল্লাহ ﷺ আমাদের ঘরে তশরিফ আনলেন এবং আমাদের তাকিয়ায় বসে পানির পাত্র তলব ক"
B1-C00562,6557,QURAN,QURAN,QURAN_REF,QUR-25-74|QUR-5-67|QUR-5-3,E-00562,VERIFIED,,,"•  কুরআন ২৫:৭৪, ৫:৬৭, ৫:৩ — api.alquran.cloud-এ মেলানো, CONFIRMED।"
B1-C00563,6558,SUNNI_NARRATION,SUNNI,NAMED_SOURCE,HAD-TIRMIDHI-3713|HAD-TIRMIDHI-3713|HAD-TIRMIDHI-173,E-00563,VERIFIED,,,"•  «যার মাওলা আমি, আলী তার মাওলা» — জামে তিরমিযি ৩৭১৩ — CONFIRMED (S-173)।"
B1-C00564,6559,SUNNI_NARRATION,SUNNI,NAMED_SOURCE,,E-00564,EDITION-LOCK,REF-160,YES,•  মিসওয়ারের বর্ণনা («ফাতেমা আমার ফলবান বৃক্ষের শাখা…») — PAGE-CHECK (মুস্তাদরাক হাকিম/মুসনাদে আহমাদে মেলানো বাকি)।
B1-C00565,6560,SOURCE_BLOCK_NOTE,UNSPECIFIED,NARRATIVE_ONLY,,E-00565,CONFLICT,REF-161,YES,•  ইবনে আবী নুজাইহ — কুফার মিম্বরে আলী (আলাইহিস্ সালাম): «আমি অধিক প্রিয় নাকি ফাতেমা?» — PAGE-CHECK।
B1-C00566,6576,ATTRIBUTION_ONLY,UNSPECIFIED,ATTRIBUTION_FORMULA,,E-00566,PAGE-CHECK,REF-162,,"“সা’লাবীর তাফসিরে বর্ণিত আছে, আবদুল্লাহ ইবনে আতা বলেন—আবদুল্লাহ বিন সালাম ঘোষণা দিতেন, ‘যার কাছে কিতাবের পূর্ণ জ্ঞান আছে’—এটি ইমাম আলী (আলাইহিস্ সালাম)। তাই তো তিনি বলতেন, ‘আমার মৃত্যুর পূর্বে যা চাও, জিজ্ঞেস করো।’ তাঁর জ্ঞানের গভীরতা ছিল এ"
B1-C00567,6581,PROSE_ATTRIBUTION,UNSPECIFIED,NARRATIVE_ONLY,,E-00567,PAGE-CHECK,,,"এর উত্তরে বুরুল্লাহ বলল, “এই আয়াতে কিতাবের জ্ঞান বলতে এমন এক মহাজাগতিক ও অলৌকিক জ্ঞানের কথা বোঝানো হয়েছে, যা একমাত্র নির্দিষ্ট ব্যক্তিত্বের জন্য সংরক্ষিত ছিল। রাসূলুল্লাহ ﷺ বলেছেন, ‘আমি জ্ঞানের শহর আর আলী (আলাইহিস্ সালাম) তার দ্বার বা দরজ"
B1-C00568,6592,PROSE_ATTRIBUTION,UNSPECIFIED,NARRATIVE_ONLY,,E-00568,PAGE-CHECK,,,"হাতের কাপটা নামিয়ে বুরুল্লাহ বলল, “শামস, শোন। মহান নামের মাত্র একটি অংশ দিয়েই আসিফ বিন বরখিয়া এক মুহূর্তে সিংহাসন উপস্থিত করেছিলেন। তবে ইমাম আলী (আলাইহিস্ সালাম) কেবল একটি অংশ নয়, বরং সমগ্র কিতাবের জ্ঞান ধারণ করতেন। রাসূলুল্লাহ ﷺ নিজেই "
B1-C00569,6610,PROSE_ATTRIBUTION,UNSPECIFIED,NARRATIVE_ONLY,,E-00569,PAGE-CHECK,,,"উত্তরটা এল বুরুল্লাহর কাছ থেকে, “কী মনোমুগ্ধকর এক প্রসঙ্গ, সাদিক! এই আয়াতের অন্তর্নিহিত সৌন্দর্য উপলব্ধি করতে হলে, আমাদের প্রথমেই জানতে হবে, যিকর বলতে এখানে কী বোঝানো হয়েছে। রাসূলুল্লাহ ﷺ নিজেই তো বলেছেন যে তিনি যিকর এবং তাঁর আহলুল বাইত হ"
B1-C00570,6615,PROSE_ATTRIBUTION,UNSPECIFIED,NARRATIVE_ONLY,,E-00570,PAGE-CHECK,,,"বাইরে একটা রিকশার ঘণ্টি বাজল। বুরুল্লাহ বলল, “চমৎকার প্রশ্ন! ইমাম জাফর সাদিক (আলাইহিস্ সালাম) বলেছেন, ‘যিকর’ হল আল্লাহর কিতাব এবং রাসূলুল্লাহ ﷺ। আর আহলুল বাইত হল সেই কিতাবের প্রকৃত ব্যাখ্যাকারী। কোরআনের আরেকটি আয়াতে এসেছে, ‘আল্লাহ তোমাদের "
B1-C00571,6617,SUNNI_NARRATION,SUNNI,NAMED_SOURCE,,E-00571,PAGE-CHECK,,,"রাকিকা আবার খাতায় টুকল। “তবে আমার মনে আরেকটি প্রশ্ন জাগছে। যদি আহলুল বাইতই প্রকৃত ব্যাখ্যাকারী হন, তাহলে মুসলিম সমাজে এত বিভ্রান্তি কেন?”"
B1-C00572,6620,PROSE_ATTRIBUTION,UNSPECIFIED,NARRATIVE_ONLY,,E-00572,PAGE-CHECK,,,"বিশ্বনবী ﷺ বলেছেন, আমি জ্ঞানের নগর আর আলী তার দরজা। অর্থাৎ বিশ্বনবী ﷺ-এর জ্ঞানের শহরে প্রবেশ করা সম্ভব নয় আলী (আলাইহিস্ সালাম)-এর মাধ্যম ছাড়া। আলী (আলাইহিস্ সালাম) নিজেও বলতেন, কুরআনের এমন কোনো আয়াত নেই যে বিষয়ে আমি রাসূলুল্লাহ ﷺ-এর সঙ্"
B1-C00573,6645,QURAN,QURAN,QURAN_REF,QUR-13-43|QUR-27-40|QUR-16-43|QUR-65-10,E-00573,VERIFIED,,,"•  কুরআন ১৩:৪৩, ২৭:৪০, ১৬:৪৩, ৬৫:১০–১১ — api.alquran.cloud-এ মেলানো, CONFIRMED।"
B1-C00574,6646,QURAN,QURAN,QURAN_REF,QUR-13-43,E-00574,VERIFIED,REF-163,,"•  সা’লাবীর তাফসির (আল-কাশফ ওয়াল-বায়ান), ১৩:৪৩ — আবদুল্লাহ ইবনে আতার বর্ণনা — PAGE-CHECK।"
B1-C00575,6647,SUNNI_NARRATION,SUNNI,NAMED_SOURCE,,E-00575,CONFLICT,REF-164,YES,"•  «আমি জ্ঞানের শহর, আলী তার দরজা» — PAGE-CHECK (তিরমিযি/হাকিম; নম্বর মেলানো বাকি)।"
B1-C00576,6648,ATTRIBUTION_ONLY,UNSPECIFIED,ATTRIBUTION_FORMULA,,E-00576,PAGE-CHECK,REF-165,,"•  ইবনে আব্বাস ও যাবের — আহলুয যিকর = আহলুল বাইত; ইমাম জাফর সাদিক ও ইমাম রেযা (আলাইহিমাস্ সালাম)-এর বাণী — বর্ণিত আছে, PAGE-CHECK।"
B1-C00577,6649,SHIA_NARRATION,SHIA,NAMED_SOURCE,SRC-Bihar_al-Anwar-2|SRC-Bihar_al-Anwar-2,E-00577,EDITION-LOCK,REF-166,YES,•  এক মহিলার প্রশ্ন ও মুক্তার প্রতিদান — ইমাম হাসান আসকারি (আলাইহিস্ সালাম)-এর তাফসির (বিহারুল আনওয়ার ২-এ উদ্ধৃত) — PAGE-CHECK।
B1-C00578,6695,SHIA_NARRATION,SHIA,NAMED_SOURCE,,E-00578,EDITION-LOCK,,YES,"“এই প্রশ্নটা ইমাম জাফর সাদিক (আলাইহিস্ সালাম)-কেও লোকে করেছিল,” চাচা বললেন। কিতাবের আরেক জায়গা খুললেন, উসূলে কাফির একটি খণ্ড, পাতায় পাতায় কাগজের চিরকুট গোঁজা। পড়লেন:"
B1-C00579,6721,ATTRIBUTION_ONLY,UNSPECIFIED,ATTRIBUTION_FORMULA,,E-00579,CONFLICT,REF-167,YES,"হাদিসে বর্ণিত আছে—একজন ব্যক্তি তার মাকে কাঁধে করে কাবার চারপাশে তাওয়াফ করালেন। তিনি ভাবলেন, হয়তো এভাবে তিনি তার মায়ের ঋণ শোধ করতে পারলেন। কিন্তু রাসূলুল্লাহ ﷺ বললেন, “না, এমনকি মায়ের এক মুহূর্তের কষ্টের প্রতিদানও হয়নি।” এটি এক মহাসত্য—"
B1-C00580,6738,QURAN,QURAN,QURAN_REF,QUR-7-128|QUR-57-11,E-00580,VERIFIED,,,"•  কুরআন ৭:১২৮, ৫৭:১১ — api.alquran.cloud-এ মেলানো, CONFIRMED।"
B1-C00581,6739,SOURCE_BLOCK_NOTE,UNSPECIFIED,NARRATIVE_ONLY,,E-00581,CONFLICT,REF-168,YES,•  মা সাইয়্যিদার মোহর পৃথিবীর এক-পঞ্চমাংশ; জিবরাঈলের পায়ের আঘাতে পাঁচ নদী — ফিকহুর রেজা (খাতার উল্লেখ) — PAGE-CHECK।
B1-C00582,6740,ATTRIBUTION_ONLY,UNSPECIFIED,ATTRIBUTION_FORMULA,,E-00582,CONFLICT,REF-169,YES,"•  «এতিমের এক দিরহাম… আমরাই সেই এতিম» — ইমাম রেজা (আলাইহিস্ সালাম) — বর্ণিত আছে, PAGE-CHECK।"
B1-C00583,6741,QURAN,SHIA,QURAN_REF,QUR-57-11,E-00583,CONFLICT,REF-170,YES,"•  ৫৭:১১-এর ব্যাখ্যায় ইমাম কাযিম, ইমাম সাদিক (আলাইহিমাস্ সালাম)-এর হাদিস; «এক দিরহাম ওহুদের চেয়ে ভারী» (মায়াহ); «তোমাদের পবিত্র করার জন্য গ্রহণ করি» — আল-কাফি, কিতাবুল হুজ্জা (বাবু সিলাতিল ইমাম) — PAGE-CHECK।"
B1-C00584,6742,ATTRIBUTION_ONLY,UNSPECIFIED,ATTRIBUTION_FORMULA,,E-00584,CONFLICT,REF-171,YES,"•  মাকে কাঁধে নিয়ে তাওয়াফ — বর্ণিত আছে, PAGE-CHECK।"
B1-C00585,6753,PROSE_ATTRIBUTION,UNSPECIFIED,NARRATIVE_ONLY,,E-00585,PAGE-CHECK,,,"হাফেযে হাদীস হাসকাফী অপর এক বর্ণনায় হযরত আব্দুল্লাহ ইবনে আব্বাস (রাদিয়াল্লাহু আনহুম)’র সূত্রে বর্ণনা করেন যে, তিনি আল্লাহ তায়ালার বাণী “আমাদের সঠিক (ও সত্য) পথ দেখাও।”-এর তাফসীরে মন্তব্য করেন যে, আল্লাহ তায়ালা বলেন, 'হে আমার বান্দারা, ত"
B1-C00586,6757,SUNNI_NARRATION,SUNNI,NAMED_SOURCE,,E-00586,PAGE-CHECK,,,"আমার ফোনে সহীহ মুসলিমের একটি অ্যাপ। গতকাল রাতে একটি হাদিস খুঁজে বুকমার্ক করে রেখেছিলাম, রাকিকার খাতার পাশে লিখে রাখার জন্য। এখন সেটাই খুললাম।"
B1-C00587,6767,PROSE_ATTRIBUTION,UNSPECIFIED,NARRATIVE_ONLY,,E-00587,PAGE-CHECK,,,"ফয়সাল বলতে শুরু করার আগে আমি বললাম, “এটা প্রমাণ করে যে তাঁদের আদর্শ ও শিক্ষার প্রতি আনুগত্য কেবল পছন্দ নয়; এটি মুক্তির জন্য অপরিহার্য। আর এই নির্দেশনা অত্যন্ত সুন্দরভাবে রাসূলুল্লাহ ﷺ দৃষ্টান্তের মাধ্যমে ব্যাখ্যা করে বলেছেন: “সূর্যের দ্বা"
B1-C00588,6791,ATTRIBUTION_ONLY,UNSPECIFIED,ATTRIBUTION_FORMULA,,E-00588,CONFLICT,REF-172,YES,"বুরুল্লাহ আস্তে যোগ করল, “বর্ণিত আছে, কিয়ামতের দিন রাসূলুল্লাহ ﷺ এবং ইমাম আলী (আলাইহিস্ সালাম) সেই সেতুর উপর থাকবেন এবং কেবল তাঁদের ওয়ালিয়াতের উপর দৃঢ়পদে বহাল থাকা ব্যক্তিদেরই পার হতে দেবেন।"
B1-C00589,6802,QURAN,QURAN,QURAN_REF,QUR-1-6|QUR-2-142|QUR-3-101|QUR-7-16|QUR-22-54|QUR-67-22|QUR-33-33,E-00589,VERIFIED,,,"•  কুরআন ১:৬, ২:১৪২, ৩:১০১, ৭:১৬, ২২:৫৪, ৬৭:২২, ৩৩:৩৩ — api.alquran.cloud-এ মেলানো, CONFIRMED।"
B1-C00590,6803,SUNNI_NARRATION,SUNNI,NAMED_SOURCE,HAD-MUSLIM-2424|HAD-MUSLIM-2424,E-00590,VERIFIED,,,•  চাদরের হাদিস (আয়িশা — সফিয়্যা বিনতে শায়বার সূত্রে) — সহীহ মুসলিম ২৪২৪ — CONFIRMED (SECOND_NOTEBOOK/CITATION_RISK)।
B1-C00591,6804,QURAN,QURAN,QURAN_REF,QUR-1-6,E-00591,CONFLICT,REF-173,YES,"•  হাসকানী, শাওয়াহিদুত তানযীল (১:৬) — PAGE-CHECK। সা’লাবী, ইবনে বুরাইদা ও ইবনে আব্বাসের বর্ণনা — PAGE-CHECK।"
B1-C00592,6805,QURAN,SHIA,QURAN_REF,QUR-67-22,E-00592,CONFLICT,REF-174,YES,"•  ইমাম বাকির (আ.): «আমরা স্পষ্ট পথ…»; ইমাম সাদিক (আ.): সেতু চুলের চেয়ে সূক্ষ্ম; ইমাম কাযিম (আ.) — ৬৭:২২-এর ব্যাখ্যা — তাফসীরে কুম্মী/আইয়াশী, মাআনিল আখবার (খাতার উল্লেখ) — PAGE-CHECK।"
B1-C00593,6806,ATTRIBUTION_ONLY,UNSPECIFIED,ATTRIBUTION_FORMULA,,E-00593,PAGE-CHECK,REF-175,,"•  «সূর্য, চাঁদ, শুক্রতারা, দুই তারকা» — বর্ণিত আছে, PAGE-CHECK।"
B1-C00594,6826,ATTRIBUTION_ONLY,UNSPECIFIED,ATTRIBUTION_FORMULA,,E-00594,CONFLICT,REF-176,YES,"বুরুল্লাহ বলল, “বর্ণিত আছে, আবু আবদুল্লাহ (আলাইহিস্ সালাম)-কে আয়াতের এই অংশটি, “এবং নিশ্চয়ই এটি আমার সরল পথ, সুতরাং এ পথ অনুসরণ করো, ” সম্পর্কে জিজ্ঞাসা করা হলে, তিনি বললেন: “আল্লাহর কসম, এটি আলী (আলাইহিস্ সালাম)-কে বোঝায়। আল্লাহর কসম, ত"
B1-C00595,6853,QURAN,QURAN,QURAN_REF,QUR-6-153,E-00595,VERIFIED,,,"•  কুরআন ৬:১৫৩ — api.alquran.cloud-এ মেলানো, CONFIRMED।"
B1-C00596,6854,SUNNI_NARRATION,SUNNI,NAMED_SOURCE,HAD-TIRMIDHI-3713|HAD-TIRMIDHI-3713|HAD-TIRMIDHI-173,E-00596,VERIFIED,,,"•  «যার মাওলা আমি, আলী তার মাওলা» — জামে তিরমিযি ৩৭১৩ — CONFIRMED (S-173)।"
B1-C00597,6855,SOURCE_BLOCK_NOTE,UNSPECIFIED,NARRATIVE_ONLY,,E-00597,CONFLICT,REF-177,YES,"•  কান্দুযী, ইয়ানাবিউল মাওয়াদ্দা (আল-মানাকিব থেকে) — ইমাম বাকির ও ইমাম সাদিক (আলাইহিমাস্ সালাম) — PAGE-CHECK।"
B1-C00598,6856,SHIA_NARRATION,SHIA,NAMED_SOURCE,,E-00598,CONFLICT,REF-178,YES,"•  আবু আবদুল্লাহ (আ.): «আল্লাহর কসম, তিনিই সরল পথ ও মিজান»; বুরাইদ আল-আজালির সূত্রে আবু জাফর (আ.) — তাফসীরে আইয়াশী — PAGE-CHECK।"
B1-C00599,6975,QURAN,QURAN,QURAN_REF,QUR-13-7|QUR-2-44|QUR-82-6,E-00599,VERIFIED,,,"•  কুরআন ১৩:৭, ২:৪৪, ৮২:৬ — api.alquran.cloud-এ মেলানো, CONFIRMED।"
B1-C00600,6976,SOURCE_BLOCK_NOTE,UNSPECIFIED,NARRATIVE_ONLY,,E-00600,PAGE-CHECK,REF-179,,"•  «আমিই সতর্ককারী… হে আলী, তুমিই পথপ্রদর্শক» — ইবনে মারদুইয়া, ইবনে জারীর (তাবারী), আবু নুআইম, ইবনে আসাকির, দাইলামী, ইবনুন নাজ্জার (খাতার উল্লেখ) — PAGE-CHECK।"
B1-C00601,6977,QURAN,QURAN,QURAN_REF,QUR-13-7,E-00601,VERIFIED,REF-180,,•  ১৩:৭-এর তিন মত (আল্লাহ / প্রত্যেক নবী / আলী) — তাফসীরে তাবারীতে একত্রে — PAGE-CHECK।
B1-C00602,6997,PROSE_ATTRIBUTION,UNSPECIFIED,NARRATIVE_ONLY,,E-00602,PAGE-CHECK,,,"“জি, কাকা। শাফেয়ী আলেম।” আমি পাতা উল্টালাম। “হাদিস এবং তাফসিরের ভিত্তিতে দেখা যায়, এখানে “আনআমতা আলাইহিম” বা “যাদের প্রতি অনুগ্রহ করা হয়েছে, ” তারা হচ্ছেন নবী রাসূলুল্লাহ ﷺ, তাঁর আহলুল বাইত এবং তাদের অনুসারীরা। উদাহরণস্বরূপ, মা’আনি আল-আখ"
B1-C00603,7032,PROSE_ATTRIBUTION,UNSPECIFIED,NARRATIVE_ONLY,,E-00603,PAGE-CHECK,,,রাসূলুল্লাহ ﷺ বলেছেন:
B1-C00604,7044,QURAN,QURAN,QURAN_REF,QUR-1-7|QUR-9-119|QUR-4-69,E-00604,VERIFIED,,,"•  কুরআন ১:৭, ৯:১১৯, ৪:৬৯ — api.alquran.cloud-এ মেলানো, CONFIRMED।"
B1-C00605,7045,SOURCE_BLOCK_NOTE,UNSPECIFIED,NARRATIVE_ONLY,,E-00605,PAGE-CHECK,REF-181,,"•  আবু বকর হাযরামী শাফেয়ী, রাশফাতুস সাদী — আবুল আলিয়ার বর্ণনা — PAGE-CHECK। মাআনিল আখবার — ইমাম সাদিক (আ.) — PAGE-CHECK।"
B1-C00606,7046,SOURCE_BLOCK_NOTE,UNSPECIFIED,NARRATIVE_ONLY,,E-00606,PAGE-CHECK,REF-182,,"•  ইমাম বাকির (আ.): সত্যবাদীরা আলী, ফাতিমা, হাসান, হুসাইন (আলাইহিমুস সালাম) ও তাঁদের বংশধর — PAGE-CHECK।"
B1-C00607,7047,SHIA_NARRATION,SHIA,NAMED_SOURCE,SRC-Nahj_al-Balagha-455|SRC-Nahj_al-Balagha-4|SRC-Nahj_al-Balagha-455|SRC-Nahj_al-Balagha-4,E-00607,EDITION-LOCK,REF-183,YES,"•  «ঈমান হলো লাভের মিথ্যার ওপর ক্ষতির সত্যকে প্রাধান্য দেওয়া» — নাহজুল বালাগা, হিকমত ৪৫৫ (খাতার উল্লেখ; সংস্করণভেদে ৪৫৮) — PAGE-CHECK।"
B1-C00608,7048,SOURCE_BLOCK_NOTE,UNSPECIFIED,NARRATIVE_ONLY,,E-00608,PAGE-CHECK,REF-184,,•  «লা তানযুরু ইলা কাসরাতি সালাতিহিম… সিদকিল হাদিস ওয়া আদায়িল আমানাহ» — খাতার উল্লেখ: উয়ূনু আখবারির রিদা খ. ২ পৃ. ৫১ হা. ১৯৭; মিশকাতুল আনওয়ার (তাবারসী) খ. ১ পৃ. ১১৬ — PAGE-CHECK।
B1-C00609,7049,SOURCE_BLOCK_NOTE,UNSPECIFIED,NARRATIVE_ONLY,,E-00609,PAGE-CHECK,REF-185,,•  ঢাকা আলিয়া মাদ্রাসার প্রথম অধ্যক্ষরা (১৮৫০–১৯২৭) — মাদ্রাসা-ই-আলিয়ার ইতিহাস (ইসলামিক ফাউন্ডেশন) — PAGE-CHECK।
B1-C00610,7086,SUNNI_NARRATION,SUNNI,NAMED_SOURCE,,E-00610,PAGE-CHECK,,,"ইমাম সাহেব অনেকক্ষণ রাকিকার খাতার দিকে তাকিয়ে রইলেন। “এইটা তো তিরমিযিতেও আছে,” তিনি বললেন, প্রায় নিজের মনে। “উমর ইবনে আবি সালামার রেওয়ায়েত।”"
B1-C00611,7115,QURAN,QURAN,QURAN_REF,QUR-33-33,E-00611,VERIFIED,,,"•  কুরআন ৩৩:৩৩ — api.alquran.cloud-এ মেলানো, CONFIRMED।"
B1-C00612,7116,SUNNI_NARRATION,SUNNI,NAMED_SOURCE,,E-00612,CONFLICT,REF-186,YES,"•  উম্মে সালামার ঘরে চাদর; «তুমি স্বস্থানে, কল্যাণের মধ্যে» — উমর ইবনে আবি সালামার সূত্রে জামে তিরমিযি — PAGE-CHECK (নম্বর মেলানো বাকি)।"
B1-C00613,7117,SOURCE_BLOCK_NOTE,UNSPECIFIED,NARRATIVE_ONLY,,E-00613,CONFLICT,REF-187,YES,"•  ইবনে আব্বাস: নয় মাস প্রতি নামাজে আলীর ঘরের দরজায় সালাম — PAGE-CHECK; আনাস, আবু বারযা, আবুল হামরা, আবু সাঈদের অনুরূপ বর্ণনা — PAGE-CHECK।"
B1-C00614,7118,SUNNI_NARRATION,SUNNI,NAMED_SOURCE,HAD-BUKHARI-3714|HAD-BUKHARI-3714,E-00614,VERIFIED,,,•  «ফাতিমা আমার অংশ» — বুখারি ৩৭১৪ — CONFIRMED (SECOND_NOTEBOOK/CITATION_RISK)।
B1-C00615,7129,QURAN,QURAN,QURAN_REF,QUR-33-33,E-00615,VERIFIED,,,"উক্ত ৩৩: ৩৩ আয়াতে আহলুল বাইত শব্দের উদ্দেশ্য হল: রাসূলুল্লাহ ﷺ, ইমাম আলী (আলাইহিস্ সালাম), মা সাইয়্যিদা ফাতিমাতুয্ যাহরা (আলাইহাস্ সালাম), ইমাম হাসান (আলাইহিস্ সালাম) এবং ইমাম হুসাইন (আলাইহিস্ সালাম)।"
B1-C00616,7143,QURAN,QURAN,QURAN_REF,QUR-33-33,E-00616,VERIFIED,,,"হে আমার আহলুল বাইত, ফজর সালাতের সময় হয়েছে। অতঃপর তাতহিরের আয়াতটি (৩৩: ৩৩) তেলাওয়াত করতেন। এবং এ কাজ প্রায়৬ মাস একাধারে প্রতিদিন পুনরাবৃত্তি করেন।"
B1-C00617,7152,PROSE_ATTRIBUTION,UNSPECIFIED,NARRATIVE_ONLY,,E-00617,PAGE-CHECK,,,"আমি বললাম, “তুমি ঠিকই বলেছ। ঐ চাদরের ভিতরেই তোমার নানাজান আছেন। তখন হোসেন ইবনে আলী চাদরের নিকট এগিয়ে যেয়ে বলল, হে আমার নানাজান, আপনার উপর দরুদ ও সালাম। আমি কি আপনার চাদরের নীচে আসতে পারি? রাসূলুল্লাহ ﷺ বললেন, হে আমার সন্তান, আমার উম্মতের "
B1-C00618,7181,SUNNI_NARRATION,SUNNI,NAMED_SOURCE,HAD-MUSLIM-2424|HAD-MUSLIM-2424,E-00618,CONFLICT,REF-188,YES,"•  কিসার সংক্ষিপ্ত রূপ (উম্মে সালামা ও আয়িশার সূত্রে) — সহীহ মুসলিম ২৪২৪ — CONFIRMED (SECOND_NOTEBOOK/CITATION_RISK; D-017); তিরমিযি, মুস্তাদরাক, বায়হাকী, দুররে মানসুর, শাওয়াহিদুত তানযীল, মুসনাদে আহমাদ (খাতার তালিকা) — PAGE-CHECK।"
B1-C00619,7182,SOURCE_BLOCK_NOTE,UNSPECIFIED,NARRATIVE_ONLY,,E-00619,CONFLICT,REF-189,YES,"•  আনাস: ফজরের আগে আলী ও ফাতিমার দরজায় «আস-সালাত, ইয়া আহলাল বাইত» — শাওয়াহিদুত তানযীল — PAGE-CHECK।"
B1-C00620,7183,SOURCE_BLOCK_NOTE,UNSPECIFIED,NARRATIVE_ONLY,,E-00620,CONFLICT,REF-190,YES,•  জাবিরের সূত্রে মা সাইয়্যিদার জবানিতে হাদিসে কিসা (দীর্ঘ রূপ) — আওয়ালিমুল উলুম / মাফাতিহুল জিনান-এ সংকলিত — PAGE-CHECK।
B1-C00621,7184,SUNNI_NARRATION,SUNNI,NAMED_SOURCE,,E-00621,CONFLICT,REF-191,YES,"•  আবু যারের কাবার দরজায় বাণী: «আমার আহলুল বাইত নূহের কিস্তির মতো» — বর্ণিত আছে, PAGE-CHECK (মুস্তাদরাক হাকিম)।"
B1-C00622,7234,SUNNI_NARRATION,SUNNI,NAMED_SOURCE,,E-00622,PAGE-CHECK,,,"বুরুল্লাহ আস্তে বলল, “মা সাইয়্যিদা ফাতিমাতুয্ যাহরা (আলাইহাস্ সালাম) হলেন এই উসুলে দ্বীনের নাবুয়্যাত ও ইমামতের মধ্যেকার সবচেয়ে উত্তম যোগসুত্র বা সেতু বন্ধন। তিনি হলেন রাসূলুল্লাহ ﷺ-এর কন্যা, প্রথম ইমাম আলী (আলাইহিস্ সালাম)-এর স্ত্রী এবং "
B1-C00623,7294,QURAN,QURAN,QURAN_REF,QUR-98-5|QUR-17-71,E-00623,VERIFIED,,,"•  কুরআন ৯৮:৫, ১৭:৭১ — api.alquran.cloud-এ মেলানো, CONFIRMED।"
B1-C00624,7295,QURAN,SHIA,QURAN_REF,QUR-98-5,E-00624,VERIFIED,REF-192,,"•  ৯৮:৫-এর ব্যাখ্যায় ইমাম বাকির (আ.): নামাজ = আমিরুল মুমিনীন, দ্বীনুল কাইয়্যিমা = মা সাইয়্যিদা — বর্ণিত আছে, PAGE-CHECK (তাফসীরে কুম্মী/তাবিলুল আয়াত)।"
B1-C00625,7296,SOURCE_BLOCK_NOTE,UNSPECIFIED,NARRATIVE_ONLY,,E-00625,PAGE-CHECK,,,"•  উসুলে দ্বীন (তাওহিদ, আদল, নাবুয়্যাত, ইমামত, কিয়ামত) — শিয়া আকিদার প্রচলিত বিভাজন; কোনো হাদিস-দাবি নেই।"
B1-C00626,7317,SUNNI_NARRATION,SUNNI,NAMED_SOURCE,,E-00626,PAGE-CHECK,,,"এরপর, বাড়ি ফেরার পথে আব্বুর মুখাবয়বে গভীর চিন্তার ছাপ পড়ল। তিনি কোরআনের কয়েকটি বাংলা অনুবাদ এবং বুখারির (এমদাদিয়ার) সাতটি খণ্ডসহ অন্যান্য হাদিসের বই সংগ্রহ করলেন। আমি পাশে ছিলাম, যেন তার সহযোগী হয়ে উঠেছি। কিন্তু বাড়ি ফেরার পর থেকেই আ"
B1-C00627,7318,SUNNI_NARRATION,SUNNI,NAMED_SOURCE,,E-00627,PAGE-CHECK,,,“বই জোগাড় করলেন কোথা থেকে?” কাকার প্রশ্ন। “বুখারির সাত খণ্ড তো অনেক দামের।”
B1-C00628,7345,SOURCE_BLOCK_NOTE,UNSPECIFIED,NARRATIVE_ONLY,,E-00628,PAGE-CHECK,,,•  এই অধ্যায়ে কোনো আয়াত বা হাদিস উদ্ধৃত নেই।
B1-C00629,7423,ATTRIBUTION_ONLY,UNSPECIFIED,ATTRIBUTION_FORMULA,,E-00629,PAGE-CHECK,REF-193,,"•  আমিরুল মুমিনীন (আ.): «لَا خَیْرَ فِی مَنْ لَا یَتَحَبَّبُ وَ لَا یَتَبَغَّضُ» — বর্ণিত আছে, PAGE-CHECK (গুরারুল হিকাম?)।"
B1-C00630,7424,SHIA_NARRATION,SHIA,NAMED_SOURCE,SRC-Nahj_al-Balagha-179|SRC-Nahj_al-Balagha-179,E-00630,EDITION-LOCK,REF-194,YES,"•  «আমি এমন আল্লাহর ইবাদত করি না যাঁকে দেখি না» — নাহজুল বালাগা, খুতবা ১৭৯ (জি'লিব আল-ইয়ামানির প্রশ্ন) — PAGE-CHECK (অধ্যায় ৯-এ বিস্তারিত)।"
B1-C00631,7425,SOURCE_BLOCK_NOTE,UNSPECIFIED,NARRATIVE_ONLY,,E-00631,PAGE-CHECK,,,"•  ইবনে সিনা ও ছাত্রের আজান-গল্প; উরফীর কবিতা — প্রচলিত গল্প/কবিতা, কোনো হাদিস-দাবি নেই।"
B1-C00632,7433,SHIA_NARRATION,SHIA,NAMED_SOURCE,,E-00632,EDITION-LOCK,,YES,"তিনি জায়নামাজটা তাকে রাখলেন, আর তাক থেকে নামালেন একটি পুরোনো বাংলা নাহজুল বালাগা, মলাটে সোনালি অক্ষর মুছে গেছে। রাহাতের পাশে বসে খুললেন। অধ্যায়ের শুরুতে অনুবাদকের কয়েকটি লাইন; চাচা সেখান থেকেই পড়তে শুরু করলেন, আঙুল লাইনের নিচে রেখে:"
B1-C00633,7496,SHIA_NARRATION,SHIA,NAMED_SOURCE,SRC-Nahj_al-Balagha-179|SRC-Nahj_al-Balagha-179,E-00633,EDITION-LOCK,REF-195,YES,"•  «যাঁকে দেখিনি, তাঁর ইবাদত করি না… চোখ নয়, অন্তর ঈমানের বাস্তবতায় তাঁকে দেখে» — নাহজুল বালাগা, খুতবা ১৭৯ (যি’লিব আল-ইয়ামানির প্রশ্ন) — PAGE-CHECK (সংস্করণভেদে নম্বর)।"
B1-C00634,7497,ATTRIBUTION_ONLY,UNSPECIFIED,ATTRIBUTION_FORMULA,,E-00634,PAGE-CHECK,REF-196,,"•  «সাত আসমানের আড়ালে লুক্কায়িত» শপথকারীকে তিরস্কার — বর্ণিত আছে, PAGE-CHECK।"
B1-C00635,7498,SHIA_NARRATION,SHIA,NAMED_SOURCE,,E-00635,EDITION-LOCK,REF-197,YES,"•  ইহুদি আলেমের প্রশ্ন «আল্লাহ কখন থেকে আছেন?» — বর্ণিত আছে (আল-কাফি, কিতাবুত তাওহিদ?) — PAGE-CHECK।"
B1-C00636,7553,QURAN,QURAN,QURAN_REF,QUR-2-207|QUR-3-195|QUR-3-198,E-00636,VERIFIED,,,"•  কুরআন ২:২০৭, ৩:১৯৫, ৩:১৯৮ — api.alquran.cloud-এ মেলানো, CONFIRMED।"
B1-C00637,7554,SOURCE_BLOCK_NOTE,UNSPECIFIED,NARRATIVE_ONLY,,E-00637,PAGE-CHECK,REF-198,,"•  লাইলাতুল মাবিত — ইবনে হিশাম, আস-সিরাতুন নাবাবিয়্যা, ১ম খণ্ড (খাতার উল্লেখ) — PAGE-CHECK।"
B1-C00638,7555,SHIA_NARRATION,SHIA,NAMED_SOURCE,SRC-Bihar_al-Anwar-5,E-00638,EDITION-LOCK,REF-199,YES,"•  কুরাইশদের ভুলের কারণ «একই নূর» — বিহারুল আনওয়ার, ৫ম খণ্ড (খাতার উল্লেখ) — PAGE-CHECK।"
B1-C00639,7556,QURAN,QURAN,QURAN_REF,QUR-3-195|QUR-3-198,E-00639,VERIFIED,REF-200,,"•  ৩:১৯৫ «পুরুষটি তুমি, হে আলী; নারীটি ফাতিমা»; ৩:১৯৮ «হে আলী, তুমিই সেই পুরস্কার» — বর্ণিত আছে, PAGE-CHECK।"
B1-C00640,7599,QURAN,QURAN,QURAN_REF,QUR-9-84,E-00640,VERIFIED,,,"•  কুরআন ৯:৮৪ — api.alquran.cloud-এ মেলানো, CONFIRMED।"
B1-C00641,7600,SUNNI_NARRATION,SUNNI,NAMED_SOURCE,,E-00641,CONFLICT,REF-201,YES,"•  «যে স্বপ্নে আমাকে দেখল, সে সত্যিই আমাকে দেখল» — বর্ণিত আছে, PAGE-CHECK (বুখারি/মুসলিম; নম্বর মেলানো বাকি)।"
B1-C00642,7601,SUNNI_NARRATION,SUNNI,NAMED_SOURCE,HAD-BUKHARI-1350|HAD-BUKHARI-1350,E-00642,CONFLICT,REF-202,YES,"•  আবদুল্লাহ ইবনে উবাইকে জামা দান ও জানাজা — সহীহ বুখারি, কিতাবুল জানাইয (খাতার উল্লেখ ১৩৫০) — PAGE-CHECK; «এক হাজার খাযরাজি» — PAGE-CHECK।"
B1-C00643,7602,SOURCE_BLOCK_NOTE,UNSPECIFIED,NARRATIVE_ONLY,,E-00643,PAGE-CHECK,REF-203,,"•  রাসূলুল্লাহ ﷺ-কে হত্যার জন্য গোত্রগুলোর একত্র হওয়া — ইবনে হিশাম, আস-সিরাতুন নাবাবিয়্যা (খাতার উল্লেখ) — PAGE-CHECK।"
B1-C00644,7659,QURAN,QURAN,QURAN_REF,QUR-38-75|QUR-8-62,E-00644,VERIFIED,,,"•  কুরআন ৩৮:৭৫, ৮:৬২ — api.alquran.cloud-এ মেলানো, CONFIRMED।"
B1-C00645,7660,SHIA_NARRATION,SHIA,NAMED_SOURCE,,E-00645,EDITION-LOCK,REF-204,YES,"•  ইউনুস ইবনে যিবইয়ানের রেওয়ায়েত (আল্লাহর ‘চেহারা’ ও ‘হাত’; বারো ইমাম; «প্রতিটি সময়ের জন্য একটি হাদিস») — শাইখ সাদুক, কামালুদ্দীন ওয়া তামামুন নি'মা; খাযযায কুম্মী, কিফায়াতুল আসার (খাতার উল্লেখ) — PAGE-CHECK (নকশার নির্দেশ: যাচাই)।"
B1-C00646,7759,PROSE_ATTRIBUTION,UNSPECIFIED,NARRATIVE_ONLY,,E-00646,PAGE-CHECK,,,"ইমাম আলী (আলাইহিস্ সালাম) — জ্ঞানের দরজা—রাসূলুল্লাহ ﷺ বলেছেন: ""আমি জ্ঞানের শহর, আর আলী তার দরজা।” এই দরজা এড়িয়ে কেউ নবীর শহরে প্রবেশ করতে পারে না।"
B1-C00647,7766,PROSE_ATTRIBUTION,UNSPECIFIED,NARRATIVE_ONLY,,E-00647,PAGE-CHECK,,,"ফয়সাল এতক্ষণে নড়েচড়ে বসল। “বুরুল্লাহ ভাই, একটা কথা আমি শুনেছি, কোথায় শুনেছি মনে নেই। আল্লাহ যেন বলেছেন, আমাকে ভালোবাসো, তার আগে আমার রাসূলকে ভালোবাসো।”"
B1-C00648,7768,ATTRIBUTION_ONLY,UNSPECIFIED,ATTRIBUTION_FORMULA,,E-00648,CONFLICT,REF-205,YES,"“বর্ণিত আছে, আল্লাহ বলেছেন— আমাকে ভালোবাসো, তার আগে আমার রাসূলকে ভালোবাসো, আর রাসূলকে ভালোবাসো, তার আগে আমার ওলিকে ভালোবাসো।”"
B1-C00649,7780,PROSE_ATTRIBUTION,UNSPECIFIED,NARRATIVE_ONLY,,E-00649,PAGE-CHECK,,,"“আল্লাহ যাকে চান, তাকে হেদায়াত দেন।” তিনি একমাত্র মালিক—এই আলো তাঁরই। কিন্তু তিনি নিজেই বলেছেন: “তোমরা যদি আমাকে ভালোবাসো, তবে রাসূলের অনুসরণ করো।” অর্থাৎ, হেদায়াতের দরজা তিনি খুলেছেন তাঁর প্রিয়তমের হাতে। আর সেই দরজার চাবি? আহলুল বাইতের "
B1-C00650,7810,SOURCE_BLOCK_NOTE,UNSPECIFIED,NARRATIVE_ONLY,,E-00650,PAGE-CHECK,,,"•  রাজার গল্প, সারণি, মইয়ের ধাপ ও «হেদায়াত কাকে বলে» লেখকের নিজের খাতা থেকে; গল্পটি রূপক।"
B1-C00651,7811,QURAN,QURAN,QURAN_REF,QUR-3-31,E-00651,VERIFIED,,,"•  কুরআন ৩:৩১–৩২ — api.alquran.cloud-এ মেলানো, CONFIRMED।"
B1-C00652,7812,SUNNI_NARRATION,SUNNI,NAMED_SOURCE,HAD-MUSLIM-2408|HAD-MUSLIM-2408|HAD-TIRMIDHI-3786|HAD-TIRMIDHI-3786|HAD-TIRMIDHI-3788|HAD-TIRMIDHI-3788,E-00652,CONFLICT,REF-206,YES,"•  সাকালাইনের হাদীস: «কিতাবুল্লাহ ও আহলুল বাইত» সহীহ মুসলিম ২৪০৮ (শব্দ «أهل بيتي»; CONFIRMED, সংস্করণ-পাঠ); «যদি আঁকড়ে ধরো, কখনো বিভ্রান্ত হবে না» অংশটি জামে তিরমিযি ৩৭৮৬ («كتاب الله وعترتي أهل بيتي», হাসান গরিব; CONFIRMED, সংস্করণ-পাঠ; মা"
B1-C00653,7813,ATTRIBUTION_ONLY,UNSPECIFIED,ATTRIBUTION_FORMULA,,E-00653,CONFLICT,REF-207,YES,"•  «আমি জ্ঞানের শহর, আলী তার দরজা» — বর্ণিত আছে; PAGE-CHECK (কিতাব-খণ্ড-পৃষ্ঠা লাগবে)।"
B1-C00654,7814,ATTRIBUTION_ONLY,UNSPECIFIED,ATTRIBUTION_FORMULA,,E-00654,CONFLICT,REF-208,YES,"•  কিশতীর হাদীস («যে চড়বে, সে নাজাত পাবে») — বর্ণিত আছে; PAGE-CHECK।"
B1-C00655,7815,QURAN,QURAN,QURAN_REF,QUR-28-56|QUR-13-27,E-00655,VERIFIED,,,"•  «আল্লাহ যাকে চান, তাকে হেদায়াত দেন» — কুরআন ২৮:৫৬-এর ভাব; «যে ফেরে তাঁর দিকে, তাকে হেদায়াত দেন» — ১৩:২৭-এর ভাব; দুটোই api.alquran.cloud-এ মেলানো, CONFIRMED।"
B1-C00656,7816,ATTRIBUTION_ONLY,UNSPECIFIED,ATTRIBUTION_FORMULA,,E-00656,CONFLICT,REF-209,YES,"•  «আমাকে ভালোবাসো, তার আগে আমার রাসূলকে… ওলিকে» — বর্ণিত আছে; উৎস পাওয়া যায়নি, PAGE-CHECK।"
B1-C00657,7817,QURAN,QURAN,QURAN_REF,QUR-42-23,E-00657,VERIFIED,REF-210,,•  কুরআন ৪২:২৩ (REV1-এ যোগ) — PAGE-CHECK: api.alquran.cloud-এ বাংলা পাঠ মেলাতে হবে।
B1-C00658,7818,QURAN,QURAN,QURAN_REF,QUR-38-76,E-00658,VERIFIED,,,"•  ইবলিসের «আমি আগুন থেকে» — কুরআন ৩৮:৭৬-এর ভাব (CONFIRMED); «আদম আমার ওসীলা» বুরুল্লাহর ব্যাখ্যা, আয়াত নয়।"
B1-C00659,7871,ATTRIBUTION_ONLY,UNSPECIFIED,ATTRIBUTION_FORMULA,,E-00659,CONFLICT,REF-211,YES,"বুরুল্লাহ সোজা হয়ে বসল। হাত বাড়িয়ে আমার খাতাটা নিল; এই আয়াতের নিচে আমি একটি বর্ণনা টুকে রেখেছিলাম, সে জানত। মোবাইলের আলো পাতায় ফেলে পড়ল, “এই আয়াতের তাফসিরে ইমাম সাদিক (আলাইহিস্ সালাম) বলেছেন বলে বর্ণিত আছে— যেহেতু উল্লেখিত ‘গভীর অন্ধ"
B1-C00660,7884,SHIA_NARRATION,SHIA,NAMED_SOURCE,,E-00660,EDITION-LOCK,,YES,"বুরুল্লাহর ঠোঁটের কোণ উঠে গেল। “নিচে আব্বুর তাকে নাহজুল বালাগা আছে। সবুজ মলাট, তিন নম্বর তাকে। নিয়ে এসো। খুতবা খুঁজে বের করো, আমি দেখিয়ে দেব।”"
B1-C00661,7940,SHIA_NARRATION,SHIA,NAMED_SOURCE,,E-00661,EDITION-LOCK,,YES,তাকাভি নাহজুল বালাগাটা বন্ধ করে বুকে চেপে রাখল। “সেই আলো আমাদের হৃদয়ে প্রবেশ করুক। আজ রাত যেন তার শুরু হোক।”
B1-C00662,7957,SOURCE_BLOCK_NOTE,UNSPECIFIED,NARRATIVE_ONLY,,E-00662,PAGE-CHECK,,,"•  লবণের বাটির গল্প, «অন্ধত্ব শুধু চোখের নয়» ও কুফার খুতবার বর্ণনা লেখকের নিজের খাতা থেকে।"
B1-C00663,7958,QURAN,QURAN,QURAN_REF,QUR-6-50|QUR-24-40|QUR-24-40,E-00663,VERIFIED,,,"•  কুরআন ৬:৫০ (শেষাংশ) ও ২৪:৪০ — api.alquran.cloud-এ মেলানো, CONFIRMED। ২৪:৪০-এর অনুবাদ খাতার নিজের অনুবাদ।"
B1-C00664,7959,QURAN,QURAN,QURAN_REF,QUR-24-40,E-00664,CONFLICT,REF-212,YES,"•  ২৪:৪০-এর তাফসিরে ইমাম জাফর আস-সাদিক (আলাইহিস্ সালাম)-এর ব্যাখ্যা — বর্ণিত আছে; PAGE-CHECK (তাফসিরে কুম্মি বলে অনুমান, খোলা হয়নি)।"
B1-C00665,7960,SHIA_NARRATION,SHIA,NAMED_SOURCE,SRC-Nahj_al-Balagha-50|SRC-Nahj_al-Balagha-50,E-00665,EDITION-LOCK,REF-213,YES,"•  «ফিতনা শুরু হয় খেয়াল-খুশির অনুসরণ ও নতুন বিধান উদ্ভাবনে… মিশ্রিত সত্য-মিথ্যায় শয়তান বেঁধে ফেলে» — আমিরুল মুমিনিন (আলাইহিস্ সালাম)-এর বাণী, নাহজুল বালাগা খুতবা ৫০-এর ভাব; PAGE-CHECK।"
B1-C00666,7961,SHIA_NARRATION,SHIA,NAMED_SOURCE,SRC-Nahj_al-Balagha-93|SRC-Nahj_al-Balagha-93,E-00666,EDITION-LOCK,REF-214,YES,"•  নাহরাওয়ানের পর «আমি ফিতনার চোখ অন্ধ করেছি… আহলুল বাইতের দিকে তাকিয়ে থাকো… তাদের আগে এগিয়ো না» — নাহজুল বালাগা খুতবা ৯৩-এর অংশবিশেষের ভাব; খাতার বর্ণনা নাটকীয় পুনর্কথন, PAGE-CHECK (খুতবা নম্বর সংস্করণভেদে ভিন্ন)।"
B1-C00667,7991,PROSE_ATTRIBUTION,UNSPECIFIED,NARRATIVE_ONLY,,E-00667,PAGE-CHECK,,,"ইয়াকুব ইবনে ইয়াজিদ, সাধারণ মুসলমানদের মাধ্যমে বর্ণিত: রাসূলুল্লাহ ﷺ বলেছেন— ""আল্লাহ বিদআতির তওবা গ্রহণ করতে অস্বীকার করেন।” লোকেরা বলল, ""হে রাসূলুল্লাহ, কেন?” তিনি বললেন— ""তার হৃদয় বিদআতের প্রতি আসক্ত হয়ে গেছে।”"
B1-C00668,8000,ATTRIBUTION_ONLY,UNSPECIFIED,ATTRIBUTION_FORMULA,,E-00668,PAGE-CHECK,REF-215,,"“বর্ণিত আছে, একবার অতীতের যুগে এক ব্যক্তি হালাল উপায়ে দুনিয়া অর্জনের চেষ্টা করল, কিন্তু তাতে সফল হতে পারল না। সে হারাম উপায়েও চেষ্টা করল, কিন্তু তাতেও সফল হলো না।"
B1-C00669,8019,ATTRIBUTION_ONLY,UNSPECIFIED,ATTRIBUTION_FORMULA,,E-00669,CONFLICT,REF-216,YES,"“বর্ণিত আছে, ইমাম আল-রেযা (আলাইহিস্ সালাম)-এর সেবা করতেন এমন একজন বর্ণনা করেছেন, ইমাম বলেছেন— ‘একজন মুমিন কখনোই পরিপূর্ণ মুমিন হতে পারে না, যতক্ষণ না তার মধ্যে তিনটি গুণাবলি থাকে— তার প্রতিপালকের (আল্লাহ) একটি সুন্নাহ, তার নবীর একটি সুন্নাহ"
B1-C00670,8039,SHIA_NARRATION,SHIA,NAMED_SOURCE,,E-00670,EDITION-LOCK,,YES,"“আল-কাফিতে একটা হাদীস আছে, আমার খুব প্রিয়।” সে পর্দা থেকে পড়ল, “ইমাম জাফর আস-সাদিক (আলাইহিস্ সালাম) বর্ণনা করেছেন, রাসূলুল্লাহ ﷺ বলেছেন: আমার পরে ঈমানকে নষ্ট করার জন্য যত বিদআত আসবে, প্রত্যেকটার সামনে আমার আহলুল বাইত থেকে একজন অভিভাবক থাক"
B1-C00671,8081,SHIA_NARRATION,SHIA,NAMED_SOURCE,,E-00671,EDITION-LOCK,,YES,"“সাদিক ভাই, এই হাদীসগুলোর কিতাব খুঁজে দেবেন? উসুলে কাফির বাংলা কোথাও পাওয়া যায়?”"
B1-C00672,8090,SOURCE_BLOCK_NOTE,UNSPECIFIED,NARRATIVE_ONLY,,E-00672,PAGE-CHECK,,,"•  বিদআতের ভূমিকা, রাজার গল্পের দ্বিতীয় পর্ব ও «এটি কেবল একটি গল্প নয়» লেখকের নিজের খাতা থেকে; গল্পটি রূপক।"
B1-C00673,8091,SHIA_NARRATION,SHIA,NAMED_SOURCE,SRC-al-Kafi-1|SRC-al-Kafi-1|SRC-HADITH-8|SRC-HADITH-4|SRC-HADITH-3|SRC-HADITH-5,E-00673,CONFLICT,REF-217,YES,"•  «প্রত্যেক বিদআত পথভ্রষ্টতা, প্রত্যেক পথভ্রষ্টতা আগুনে» — আল-কাফি, খণ্ড ১, কিতাবু ফাদলিল ইলম, বাব: বিদআত, নিজস্ব মত ও কিয়াস, হাদীস ৮; «আল্লাহ বিদআতির তওবা গ্রহণে অস্বীকার করেন» — একই বাব, হাদীস ৪; «বিদআতকারীকে সম্মান দেখানো ইসলাম ধ্বংসের"
B1-C00674,8092,SHIA_NARRATION,SHIA,NAMED_SOURCE,SRC-al-Kafi-2|SRC-al-Kafi-2,E-00674,EDITION-LOCK,REF-218,YES,•  «বান্দার কাফের হওয়ার ন্যূনতম কারণ» — বর্ণিত আছে; PAGE-CHECK (আল-কাফি খণ্ড ২-এ খুঁজতে হবে)।
B1-C00675,8093,SHIA_NARRATION,SHIA,NAMED_SOURCE,,E-00675,EDITION-LOCK,REF-219,YES,"•  শিকল-পরা লোকের ঘটনা — বর্ণিত আছে; আল-কাফিতে পাওয়া যায়নি (লগ B3), উৎস PAGE-CHECK।"
B1-C00676,8094,ATTRIBUTION_ONLY,UNSPECIFIED,ATTRIBUTION_FORMULA,,E-00676,CONFLICT,REF-220,YES,•  ইমাম আল-রেযা (আলাইহিস্ সালাম)-এর «তিন সুন্নাহ» — বর্ণিত আছে; PAGE-CHECK।
B1-C00677,8095,ATTRIBUTION_ONLY,UNSPECIFIED,ATTRIBUTION_FORMULA,,E-00677,PAGE-CHECK,REF-221,,•  «মুহাম্মাদের হালাল কিয়ামত পর্যন্ত হালাল…» — বর্ণিত আছে; PAGE-CHECK।
B1-C00678,8096,QURAN,QURAN,QURAN_REF,QUR-72-26|QUR-7-199|QUR-2-177,E-00678,VERIFIED,,,"•  কুরআন ৭২:২৬–২৭, ৭:১৯৯, ২:১৭৭ (শেষাংশ) — api.alquran.cloud-এ মেলানো, CONFIRMED।"
B1-C00679,8113,SHIA_NARRATION,SHIA,NAMED_SOURCE,,E-00679,EDITION-LOCK,,YES,“উসুলে কাফির বাংলা আছে?” আমি জানতে চাইলাম।
B1-C00680,8131,SHIA_NARRATION,SHIA,NAMED_SOURCE,,E-00680,EDITION-LOCK,,YES,"“কাফির বাংলা পেলেন?” সে জানতে চাইল, জামার হাতায় কপাল মুছতে মুছতে।"
B1-C00681,8134,ATTRIBUTION_ONLY,UNSPECIFIED,ATTRIBUTION_FORMULA,,E-00681,CONFLICT,REF-222,YES,"ইবনু আব্বাস হতে বর্ণিত আছে, রাসূলুল্লাহ ﷺ বলেন: নিশ্চিতভাবে যা তোমাদের জানা আছে তা ব্যতীত আমার নিকট হতে হাদীস বর্ণনা করা থেকে তোমরা নিবৃত্ত থাকবে। কারণ যে ব্যক্তি ইচ্ছাকৃতভাবে আমার প্রতি মিথ্যা আরোপ করে সে যেন জাহান্নামকে নিজের আবাস বানিয়ে"
B1-C00682,8136,PROSE_ATTRIBUTION,UNSPECIFIED,NARRATIVE_ONLY,,E-00682,PAGE-CHECK,,,"তিনি বলেন, রাসূলুল্লাহ ﷺ বলেছেনঃ যে ব্যক্তি সঠিক ইলম ব্যতীত কুরআন প্রসঙ্গে কোন কথা বলে, সে যেন জাহান্নামকে নিজের জন্য বাসস্থান বানিয়ে নিল।"
B1-C00683,8139,PROSE_ATTRIBUTION,UNSPECIFIED,NARRATIVE_ONLY,,E-00683,PAGE-CHECK,,,"যুনদুবের সূত্রে বর্ণিত। তিনি বলেন, রাসূলুল্লাহ ﷺ বলেছেন: যে ব্যক্তি কুরআনের ব্যাখ্যায় নিজ মনগড়া কথা বলে, তার কথা সঠিক হয়ে গেলেও সে ভুল করেছে।"
B1-C00684,8192,SOURCE_BLOCK_NOTE,UNSPECIFIED,NARRATIVE_ONLY,,E-00684,PAGE-CHECK,,,"•  পোস্টার, যুবকের গল্প, «আলেমদের চশমা», «ব্যাখ্যা কার কাছ থেকে নেব» ও «জীবনের বাস্তবতা» লেখকের নিজের খাতা থেকে।"
B1-C00685,8193,SUNNI_NARRATION,SUNNI,NAMED_SOURCE,HAD-TIRMIDHI-2950|HAD-TIRMIDHI-2951|HAD-TIRMIDHI-2950|HAD-TIRMIDHI-2951,E-00685,CONFLICT,REF-223,YES,"•  ইবনে আব্বাসের হাদীস («যা জানা আছে তা ছাড়া হাদীস বর্ণনা থেকে বিরত থাকো… খেয়াল মর্জিমত কুরআন প্রসঙ্গে কথা বলে») — জামে তিরমিযি, তাফসির অধ্যায় (২৯৫০/২৯৫১, সংস্করণভেদে); PAGE-CHECK।"
B1-C00686,8194,SUNNI_NARRATION,SUNNI,NAMED_SOURCE,,E-00686,CONFLICT,REF-224,YES,"•  «যে ব্যক্তি সঠিক ইলম ব্যতীত কুরআন প্রসঙ্গে কোন কথা বলে…» (REV1-এ ফেরানো, ¶12200) — বর্ণিত আছে; PAGE-CHECK (তিরমিযি তাফসির অধ্যায় হতে পারে)।"
B1-C00687,8195,SUNNI_NARRATION,SUNNI,NAMED_SOURCE,HAD-ABUDAWUD-3652|HAD-ABUDAWUD-3652,E-00687,CONFLICT,REF-225,YES,•  যুনদুবের হাদীস («মনগড়া ব্যাখ্যা সঠিক হলেও ভুল») — সুনান আবু দাউদ ৩৬৫২ (খাতামতো) ও তিরমিযি; PAGE-CHECK।
B1-C00688,8196,SHIA_NARRATION,SHIA,NAMED_SOURCE,SRC-al-Kafi-1|SRC-al-Kafi-6|SRC-al-Kafi-1|SRC-al-Kafi-6|SRC-Nahj_al-Balagha-17|SRC-Nahj_al-Balagha-1|SRC-Nahj_al-Balagha-17|SRC-Nahj_al-Balagha-1|SRC-HADITH-6,E-00688,CONFLICT,REF-226,YES,"•  «আল্লাহর কাছে সবচেয়ে ঘৃণিত… জ্ঞানের নামে মূর্খতা বিক্রি করে» — আমিরুল মুমিনিন (আলাইহিস্ সালাম)-এর বাণী, নাহজুল বালাগা খুতবা ১৭-এর ভাব; আল-কাফি খণ্ড ১, বাব: বিদআত…, হাদীস ৬ (আগের পাসের যাচাই, PART_09 লগ B5); PAGE-CHECK।"
B1-C00689,8197,SOURCE_BLOCK_NOTE,UNSPECIFIED,NARRATIVE_ONLY,,E-00689,PAGE-CHECK,,,•  দাম «প্রায়» অর্থে (চা প্রায় ছয় টাকা)।
B1-C00690,8220,PROSE_ATTRIBUTION,UNSPECIFIED,NARRATIVE_ONLY,,E-00690,PAGE-CHECK,,,"বুরুল্লাহ ধীরে বলল, “ঠিকই বলছিস। তিনি নবী নন। কিন্তু তিনি ওসী, ইমাম, আর আল্লাহর পথে আলোর দিশারী। রাসূলুল্লাহ ﷺ নিজেই আলী (আলাইহিস্ সালাম)-কে বলেছেন: তুমি স্পষ্ট পথ, তুমি সরল পথ, আর তুমি মু’মিনদের ইয়াকুব।”"
B1-C00691,8237,SUNNI_NARRATION,SUNNI,NAMED_SOURCE,,E-00691,EDITION-LOCK,,YES,হাকিম
B1-C00692,8238,SUNNI_NARRATION,SUNNI,NAMED_SOURCE,,E-00692,EDITION-LOCK,,YES,"তার নাম হাকিম। তার কণ্ঠ ঝরতো সুরের মত, তরুণ হৃদয়ের খঞ্জনে ডাকের মতো— কুরআনের তিলাওয়াতে মোহিত করত সকলকে। সে তাফসীর করত এমন ভঙ্গিতে, যেন কুরআনের রহস্য শুধু তার কাছেই উন্মোচিত, আর গোটা উম্মাহ বুঝেই না কুরআনের ভাষা। তার চোখে জ্বলত আত্মবিশ্বাস"
B1-C00693,8240,SUNNI_NARRATION,SUNNI,NAMED_SOURCE,,E-00693,EDITION-LOCK,,YES,"“না,” বুরুল্লাহ বলল। “বুড়ো শুধু উপদেশ দেন। হাকিম নিজে নিয়ম বানাত। শোন।”"
B1-C00694,8243,SUNNI_NARRATION,SUNNI,NAMED_SOURCE,,E-00694,EDITION-LOCK,,YES,"তার বক্তব্যে ছিল আবেগ, তালমিল আর দর্শকের উল্লাস— তবে তার হৃদয়ে ছিল না নাবুয়্যাতের উত্তরাধিকারীদের দৃষ্টি, ছিল না ওহির ধ্বনি। অথচ-- সে সেজদাহ করেনি আহলুল বাইতের দরজায়, সে অশ্রু ফেলেনি মা সাইয়্যিদা ফাতিমাতুয্ যাহরা (আলাইহাস্ সালাম)'র নিভে"
B1-C00695,8252,SUNNI_NARRATION,SUNNI,NAMED_SOURCE,,E-00695,EDITION-LOCK,,YES,"রাত গভীর, কিন্তু মসজিদের মিম্বারে হাকিমের কণ্ঠ যেন অন্ধকারকে আরও কালো করে তোলে। ""আজ সকালে, এক নারী বাসে নেকাব ছাড়া আমার পাশে বসেছে! এটাই উম্মাহর ধ্বংসের আলামত। আমি ঘোষণা করছি— এই পরিবার সমাজচ্যুত, একঘরে হোক। এটাই ‘আমর বিল মারুফ ও নহি আনিল "
B1-C00696,8253,SUNNI_NARRATION,SUNNI,NAMED_SOURCE,,E-00696,EDITION-LOCK,,YES,"জনতা উত্তপ্ত— ধর্মের নামে জ্বলছে অন্ধ উন্মাদনা। সেই রাতেই ঘটে সর্বনাশ। উগ্র হাকিমের অনুসারীরা ঢুকে পড়ে সেই নারীর ঘরে, শিশু সন্তানকে ছুঁড়ে ফেলে দেয় মেঝেতে, সিঁড়ি থেকে ধাক্কা দেয় মাকে— কোমর ভেঙে যায়, চলার শক্তি হারান তিনি— চিরতরে।"
B1-C00697,8259,SHIA_NARRATION,SHIA,NAMED_SOURCE,,E-00697,EDITION-LOCK,,YES,"হারুন তাকে নিয়ে গেলেন এক জিকিরভরা সন্ধ্যায়— হযরত যায়নাব (আলাইহাস্ সালাম)-এর মাহফিলে, যেখানে বাতাসেও ছিল কান্না, তসবিহ, আর মিম্বারে দাঁড়িয়ে এক তরুণ পাঠ করছিল জ্ঞানের দীপ্তি। সে বলছিল— ""আমিরুল মু’মিনিন (আলাইহিস্ সালাম) এর সেই বাণী শুনুন,"
B1-C00698,8261,SUNNI_NARRATION,SUNNI,NAMED_SOURCE,,E-00698,EDITION-LOCK,,YES,"হারুন নিঃশব্দে বললেন— “এই হাকিম, আজ মিম্বারে দাঁড়িয়ে নিজের মতামতের খঞ্জর দিয়ে মানুষকে পঙ্গু করেছে— সে যেন এই হাদিসেরই জীবন্ত প্রতিচ্ছবি।”"
B1-C00699,8264,MIXED_CITATION,SHIA|SUNNI,NAMED_SOURCE,,E-00699,EDITION-LOCK,,YES,"হাকিমের ঘটনাটি যেন আগুনে ঘি ঢেলে দিল— সারা সমাজে আলোড়ন, তর্ক, কান্না আর জাগরণ। এবার হারুন চুপ থাকেন না। তিনি উঠে দাঁড়ান মসজিদের মিম্বারে, যেখানে একসময় দাঁড়িয়েছিল সেই জাহেল ফতোয়াবাজ। হারুন বলেন— ""যখন জাহেল ব্যক্তি আলেমের আসনে বসে, আর প"
B1-C00700,8286,SUNNI_NARRATION,SUNNI,NAMED_SOURCE,,E-00700,EDITION-LOCK,,YES,"«সাদিক ভাই, আমার ফজরের ভিডিওটাতে আজ পর্যন্ত সাতাশটা লাইক। আজ রাতে গুনলাম। হাকিমের দলীলের কথা শোনার পর থেকে গুনতে ইচ্ছা করছিল না, তবু গুনলাম।»"
B1-C00701,8289,SOURCE_BLOCK_NOTE,UNSPECIFIED,NARRATIVE_ONLY,,E-00701,PAGE-CHECK,,,"•  «আলো ও সরল পথ»-এর আলোচনা ও দুই আলেমের গল্প লেখকের নিজের খাতা থেকে; গল্পটি শোনা গল্প হিসেবে বলা, কোনো বাস্তব গ্রাম বা মানুষ নয়।"
B1-C00702,8290,QURAN,QURAN,QURAN_REF,QUR-5-15,E-00702,VERIFIED,,,"•  কুরআন ৫:১৫–১৬ — api.alquran.cloud-এ মেলানো, CONFIRMED।"
B1-C00703,8291,QURAN,QURAN,QURAN_REF,QUR-5-15,E-00703,VERIFIED,REF-227,,•  ৫:১৫-এর «আলো» = আলী (আলাইহিস্ সালাম)-এর ওসিয়ত — তাফসীর নূরুস সাকালাইন (খাতামতো); «আলো ও সরল পথ দুটোই আলী» — তাফসির আল-আয়্যাশী (খাতামতো); দুটোই PAGE-CHECK।
B1-C00704,8292,ATTRIBUTION_ONLY,UNSPECIFIED,ATTRIBUTION_FORMULA,,E-00704,CONFLICT,REF-228,YES,"•  «রাসূলুল্লাহ ﷺ জাবিরকে বলেছিলেন… জ্ঞান-দ্বার» (REV1-এ ফেরানো, ¶12313–12315) — বর্ণিত আছে; PAGE-CHECK।"
B1-C00705,8293,ATTRIBUTION_ONLY,UNSPECIFIED,ATTRIBUTION_FORMULA,,E-00705,PAGE-CHECK,REF-229,,"•  «তুমি স্পষ্ট পথ, সরল পথ, মুমিনদের ইয়াকুব» — বর্ণিত আছে; PAGE-CHECK।"
B1-C00706,8294,ATTRIBUTION_ONLY,UNSPECIFIED,ATTRIBUTION_FORMULA,,E-00706,PAGE-CHECK,REF-230,,"•  «আমরাই আল্লাহর সরল পথ, আমরাই তাঁর রহমত» (ইমাম আল-বাকির (আলাইহিস্ সালাম)) — বর্ণিত আছে; PAGE-CHECK।"
B1-C00707,8295,SHIA_NARRATION,SHIA,NAMED_SOURCE,SRC-al-Kafi-1|SRC-al-Kafi-6|SRC-al-Kafi-1|SRC-al-Kafi-6|SRC-Nahj_al-Balagha-17|SRC-Nahj_al-Balagha-17|SRC-HADITH-6,E-00707,CONFLICT,REF-231,YES,"•  «আল্লাহর কাছে সবচেয়ে ঘৃণিত দুই মানুষ» — আল-কাফি খণ্ড ১, বাব: বিদআত…, হাদীস ৬ = নাহজুল বালাগা খুতবা ১৭ (আগের পাসের যাচাই, PART_09 লগ B5); PAGE-CHECK।"
B1-C00708,8296,SOURCE_BLOCK_NOTE,UNSPECIFIED,NARRATIVE_ONLY,,E-00708,PAGE-CHECK,REF-232,,•  ইমাম হুসাইন (আলাইহিস্ সালাম)-এর «সৎকাজের আদেশ দিতে বের হয়েছি» — মুহাম্মাদ ইবনুল হানাফিয়্যাকে লেখা অসিয়তের অংশ বলে প্রসিদ্ধ; PAGE-CHECK।
B1-C00709,8348,ATTRIBUTION_ONLY,UNSPECIFIED,ATTRIBUTION_FORMULA,,E-00709,CONFLICT,REF-233,YES,"“আর তুমি গাদিরের কথা তো শুনেছ।” চাচা ডান হাতের তর্জনী বাঁ হাতের কড়ে আঙুলে রাখলেন। “যার মাওলা আমি, আলী তার মাওলা। রাসূলুল্লাহ ﷺ বিদায় হজ থেকে ফেরার পথে, রোদের মধ্যে থেমে, আলী (আলাইহিস্ সালাম)-এর হাত তুলে এই কথা বলেছিলেন। বর্ণিত আছে, এরপর স"
B1-C00710,8354,ATTRIBUTION_ONLY,UNSPECIFIED,ATTRIBUTION_FORMULA,,E-00710,PAGE-CHECK,REF-234,,"“একটা কথা আছে,” চাচা বললেন, স্লেটের দিকে পিঠ রেখে। “বর্ণিত আছে, কেউ কেউ বলত, যে আমাকে চতুর্থ খলিফা স্বীকার করবে না, তার ওপর আল্লাহর লানত। মানুষ ভাবে, চতুর্থ মানে কারও পরে তিন জন শাসক। কিন্তু…”"
B1-C00711,8393,PROSE_ATTRIBUTION,UNSPECIFIED,NARRATIVE_ONLY,,E-00711,PAGE-CHECK,,,আমি এবার কথা বললাম। “সত্য ও মিথ্যার ইমামত চেনার জন্য আমাদের কুরআন ও নবীর শিক্ষায় ফিরে যেতে হবে। রাসূলুল্লাহ ﷺ ধৈর্য ধরতেন এবং আল্লাহ তাঁকে তাঁর পরিবার থেকে সত্যের ইমামদের সুসংবাদ দিয়েছিলেন। আবু জাফর মুহাম্মাদ বিন আলী (আলাইহিস্ সালাম) বলেছ
B1-C00712,8402,SHIA_NARRATION,SHIA,NAMED_SOURCE,,E-00712,EDITION-LOCK,,YES,"মুসা (আলাইহিস্ সালাম) যেমন ফিরআউনের বিরুদ্ধে বিজয় লাভ করেন, রাসূলও তেমনি কুরাইশ কাফির ও অন্য শত্রুদের বিরুদ্ধে বিজয় লাভ করেন; মুসা (আলাইহিস্ সালাম)’র স্ত্রী সাফুরা তাঁর প্রতিনিধি ইউশা বিন নূন’র বিরুদ্ধে লড়াই করেছিল, তেমনি রাসূলুল্লাহ ﷺ’র"
B1-C00713,8432,QURAN,QURAN,QURAN_REF,QUR-32-24,E-00713,VERIFIED,,,•  খিলাফতের আলোচনা ও ৩২:২৪-এর ব্যাখ্যা লেখকের নিজের খাতা থেকে।
B1-C00714,8433,QURAN,QURAN,QURAN_REF,QUR-2-30|QUR-38-26|QUR-7-142|QUR-32-24|QUR-28-41|QUR-3-61|QUR-6-165,E-00714,VERIFIED,,,"•  কুরআন ২:৩০, ৩৮:২৬, ৭:১৪২, ৩২:২৪, ২৮:৪১, ৩:৬১ ও ৬:১৬৫ — api.alquran.cloud-এ মেলানো, CONFIRMED।"
B1-C00715,8434,QURAN,QURAN,QURAN_REF,QUR-32-24,E-00715,VERIFIED,REF-235,,•  ৩২:২৪ মা সাইয়্যিদা (আলাইহাস্ সালাম)-এর সন্তানদের সম্পর্কে (ইমাম আল-বাকির (আলাইহিস্ সালাম)) — বর্ণিত আছে; PAGE-CHECK।
B1-C00716,8435,SUNNI_NARRATION,SUNNI,NAMED_SOURCE,HAD-BUKHARI-3706|HAD-BUKHARI-2404|HAD-BUKHARI-3706|HAD-BUKHARI-2404|HAD-MUSLIM-2404|HAD-MUSLIM-2404,E-00716,CONFLICT,REF-236,YES,"•  মানযিলাতের হাদীস («হারুন মূসার কাছে যে মর্যাদায়…») — সহীহ বুখারি ৩৭০৬, সহীহ মুসলিম ২৪০৪ (খাতামতো); PAGE-CHECK।"
B1-C00717,8436,SUNNI_NARRATION,SUNNI,NAMED_SOURCE,HAD-TIRMIDHI-3713|HAD-TIRMIDHI-3713,E-00717,CONFLICT,REF-237,YES,"•  «যার মাওলা আমি, আলী তার মাওলা» — জামে তিরমিযি ৩৭১৩ (CONFIRMED, সংস্করণ-পাঠ; SOURCE_REGISTER CL-HAD-003); গাদিরের অভিনন্দন-বাক্য — মুসনাদে আহমাদ (খাতামতো), PAGE-CHECK।"
B1-C00718,8437,SHIA_NARRATION,SHIA,NAMED_SOURCE,SRC-al-Kafi-1|SRC-al-Kafi-1,E-00718,EDITION-LOCK,REF-238,YES,"•  আদম (আলাইহিস্ সালাম)-এর খিলাফত = ইলম ও হেদায়াতের প্রতিনিধিত্ব — তাফসিরে কুম্মি ও নূরুস সাকালাইন (খাতামতো); হারুনের স্থলাভিষিক্তি আধ্যাত্মিক — আল-কাফি খণ্ড ১, কিতাবুল হুজ্জাহ (খাতামতো); দুটোই PAGE-CHECK।"
B1-C00719,8438,ATTRIBUTION_ONLY,UNSPECIFIED,ATTRIBUTION_FORMULA,,E-00719,PAGE-CHECK,REF-239,,•  «চতুর্থ খলিফা» উক্তি — বর্ণিত আছে; উৎস পাওয়া যায়নি।
B1-C00720,8439,SUNNI_NARRATION,SUNNI,NAMED_SOURCE,HAD-BUKHARI-30|HAD-BUKHARI-30|HAD-MUSLIM-30|HAD-MUSLIM-30,E-00720,CONFLICT,REF-240,YES,"•  «আমার পর বারো জন খলিফা, সবাই কুরাইশ» — সহীহ বুখারি ও মুসলিমে প্রসিদ্ধ; «খিলাফত ৩০ বছর» — সুনান আবু দাউদ/তিরমিযি; «তুমি আমার ওসী ও খলিফা», «প্রত্যেক নবীর ওসী আছে, আমার ওসী আলী», «আমি জ্ঞানের নগরী, আলী তার দরজা» — সবগুলো বর্ণিত আছে; নম্বর-"
B1-C00721,8440,QURAN,QURAN,QURAN_REF,QUR-32-23,E-00721,VERIFIED,REF-241,,•  জামাখশারীর কাশশাফ (৩২:২৩–২৪-এর তাফসির) — খাতামতো; PAGE-CHECK।
B1-C00722,8541,SOURCE_BLOCK_NOTE,UNSPECIFIED,NARRATIVE_ONLY,,E-00722,PAGE-CHECK,,,"•  দ্বীন মেলা, অন্ধের হাতি, তরুণের প্রশ্ন, আয়নার লাইন, বারো প্রশ্ন ও মূল্যায়ন লেখকের নিজের খাতা থেকে; মেলা, মঞ্চ ও বক্তারা কাল্পনিক, কোনো বাস্তব মানুষ বা সংগঠন নয়।"
B1-C00723,8542,QURAN,QURAN,QURAN_REF,QUR-5-54,E-00723,VERIFIED,,,"•  দোয়া «اللهم اجعلنا ممن تحبهم ويحبونك» — খাতামতো; কুরআন ৫:৫৪-এর «يُحِبُّهُمْ وَيُحِبُّونَهُ» (api.alquran.cloud-এ মেলানো, CONFIRMED)-এর ভাব থেকে দোয়ার রূপ; দোয়া হিসেবে পাঠ, হাদীস দাবি নয়।"
B1-C00724,8574,SHIA_NARRATION,SHIA,NAMED_SOURCE,,E-00724,EDITION-LOCK,,YES,"সেখানে কিবলা কেবল কোন দিকে মুখ করলাম তা মুখ্য নয়— বরং হৃদয়ের অভিমুখ, যেখানে নিয়ত স্থির হয় একমাত্র আল্লাহর দিকে, কোরবাতুনিন ইলাল্লাহ। রুকু হয় না শুধু পিঠ বাঁকানোর অনুশীলন, বরং নফসের অহংকার ভাঙার জন্য, যেখানে মানুষ নিজের শ্রেষ্ঠত্ব বিসর্"
B1-C00725,8594,PROSE_ATTRIBUTION,UNSPECIFIED,NARRATIVE_ONLY,,E-00725,PAGE-CHECK,,,"“ঠিক,” বুরুল্লাহ বলল। “প্রথম স্তরে তাই। অধিকাংশ তাফসিরকারক এটাই বলেছেন, আর সেটা বাতিল হয় না।” সে একটু থামল। বুকপকেট থেকে ছোট খাতাটা বের করে বাল্বের দিকে একটি পাতা মেলে ধরল, চোখ পাতায় রেখে বলল, “কিন্তু এই আয়াতের অন্তর্নিহিত অর্থ বোঝার জন্"
B1-C00726,8602,SHIA_NARRATION,SHIA,NAMED_SOURCE,,E-00726,EDITION-LOCK,,YES,"আমি খাতার পেছনের দিকের একটি পাতা খুললাম। আল-কাফির লম্বা ঘটনাটা বহুদিন আগে সেখানে নিজের হাতে সংক্ষেপে টুকে রেখেছিলাম। বাল্বের দিকে পাতা কাত করে পড়লাম, “সিরিয়ার দিক থেকে এক বৃদ্ধ খ্রিস্টান আলেম মদিনায় এলেন ইমাম মুসা আল-কাযিম (আলাইহিস্ সালা"
B1-C00727,8607,PROSE_ATTRIBUTION,UNSPECIFIED,NARRATIVE_ONLY,,E-00727,PAGE-CHECK,,,"বুরুল্লাহ ধৈর্য ধরে বলল, “কারণ ইমামগণ (আলাইহিমুস্ সালাম) হলেন সেই মহান ব্যক্তিত্ব, যাঁরা ওহির প্রকৃত ব্যাখ্যাকারী। রাসূলুল্লাহ ﷺ বলেছেন, আমি জ্ঞানের শহর, আর আলী তার দরজা। ইমামগণ সেই জ্ঞানের ধারক, যারা প্রতিটি যুগে মানুষকে প্রকৃত জ্ঞান ও হিক"
B1-C00728,8644,QURAN,QURAN,QURAN_REF,QUR-44-1|QUR-38-75,E-00728,VERIFIED,,,"•  রাহাতের প্রশ্ন, বুরুল্লাহর উত্তর, সত্যের প্রতিনিধি, ৪৪:১–৪ ও ৩৮:৭৫-এর আলোচনা লেখকের নিজের খাতা থেকে।"
B1-C00729,8645,QURAN,QURAN,QURAN_REF,QUR-44-1|QUR-38-75,E-00729,VERIFIED,,,"•  কুরআন ৪৪:১–৪ ও ৩৮:৭৫ — api.alquran.cloud-এ মেলানো, CONFIRMED (অনুবাদ খাতার নিজের)।"
B1-C00730,8646,SUNNI_NARRATION,SUNNI,NAMED_SOURCE,HAD-MUSLIM-2408|HAD-MUSLIM-2408|HAD-TIRMIDHI-3786|HAD-TIRMIDHI-3786|HAD-TIRMIDHI-3788|HAD-TIRMIDHI-3788,E-00730,CONFLICT,REF-242,YES,"•  সাকালাইন — সহীহ মুসলিম ২৪০৮ («أهل بيتي», CONFIRMED, সংস্করণ-পাঠ); «কখনো পথভ্রষ্ট হবে না» — জামে তিরমিযি ৩৭৮৬ (CONFIRMED, সংস্করণ-পাঠ; মান নিয়ে মতভেদ)। খাতার «তিরমিযি ৩৭৮৮» PAGE-CHECK।"
B1-C00731,8647,SHIA_NARRATION,SHIA,NAMED_SOURCE,SRC-al-Kafi-1|SRC-al-Kafi-1|SRC-HADITH-4,E-00731,EDITION-LOCK,REF-243,YES,"•  «হা-মীম = মুহাম্মাদ ﷺ, সুস্পষ্ট কিতাব = আলী, বরকতময় রাত = ফাতিমা (আলাইহাস্ সালাম)» — খ্রিস্টান আলেমের ঘটনা, আল-কাফি খণ্ড ১, কিতাবুল হুজ্জাহ, বাব: আবুল হাসান মুসা ইবনে জাফর (আলাইহিস্ সালাম)-এর জন্ম, হাদীস ৪ (আগের পাসের পাঠ); PAGE-CHECK।"
B1-C00732,8648,ATTRIBUTION_ONLY,UNSPECIFIED,ATTRIBUTION_FORMULA,,E-00732,CONFLICT,REF-244,YES,"•  «আমি, আলী, ফাতিমা, হাসান, হুসাইন আরশের কাছে ছিলাম… আদমের এক হাজার বছর আগে» — বর্ণিত আছে; PAGE-CHECK।"
B1-C00733,8649,ATTRIBUTION_ONLY,UNSPECIFIED,ATTRIBUTION_FORMULA,,E-00733,CONFLICT,REF-245,YES,"•  «আমি জ্ঞানের শহর, আলী তার দরজা» — বর্ণিত আছে; PAGE-CHECK।"
B1-C00734,8669,PROSE_ATTRIBUTION,UNSPECIFIED,NARRATIVE_ONLY,,E-00734,PAGE-CHECK,,,"“রাসূলুল্লাহ ﷺ বলেছেন: আমি, আলী (আলাইহিস্ সালাম), মা সাইয়্যিদা ফাতিমাতুয্ যাহরা (আলাইহাস্ সালাম), হাসান (আলাইহিস্ সালাম) ও হুসাইন (আলাইহিস্ সালাম) আরশের ছাউনিতে বসে আল্লাহর তসবিহ পাঠ করতাম, ফেরেশতারা আমাদের অনুসরণ করত। আল্লাহ আদম (আলাইহিস্"
B1-C00735,8733,ATTRIBUTION_ONLY,UNSPECIFIED,ATTRIBUTION_FORMULA,,E-00735,CONFLICT,REF-246,YES,"“বর্ণিত আছে,” আমি বললাম, “তাঁকে যাহরা বলা হতো, কারণ তিনি যখন মেহরাবে ইবাদতে দাঁড়াতেন, তাঁর নূর আসমানের অধিবাসীদের কাছে ঝলমল করে উঠত, যেমন পৃথিবীর মানুষের কাছে আকাশের তারা ঝলমল করে।”"
B1-C00736,8764,SOURCE_BLOCK_NOTE,UNSPECIFIED,NARRATIVE_ONLY,,E-00736,PAGE-CHECK,,,"•  ইবলিসের অহংকার, তিন রাজপুত্রের গল্প, প্রতীকধর্মী বিশ্লেষণ, «কোন ভাই», «আমি কে?» ও অন্তর্দৃষ্টির আলাপ লেখকের নিজের খাতা থেকে; গল্পটি রূপক।"
B1-C00737,8765,QURAN,QURAN,QURAN_REF,QUR-38-76|QUR-6-125|QUR-61-8|QUR-33-70|QUR-2-257,E-00737,VERIFIED,,,"•  কুরআন ৩৮:৭৬ (ইবলিসের উক্তি), ৬:১২৫, ৬১:৮, ৩৩:৭০–৭১, ২:২৫৭ — api.alquran.cloud-এ মেলানো, CONFIRMED।"
B1-C00738,8766,SHIA_NARRATION,SHIA,NAMED_SOURCE,SRC-Bihar_al-Anwar-15|SRC-Bihar_al-Anwar-15|SRC-Ilal_al-Sharai-15|SRC-Ilal_al-Sharai-15,E-00738,EDITION-LOCK,REF-247,YES,"•  «আরশের ছাউনিতে তসবিহ… সিজদার উদ্দেশ্য আমাদের সম্মান» — শায়খ সাদুক, ইলালুশ শারায়ি; বিহারুল আনওয়ার খণ্ড ১৫ (খাতামতো); PAGE-CHECK।"
B1-C00739,8767,ATTRIBUTION_ONLY,UNSPECIFIED,ATTRIBUTION_FORMULA,,E-00739,PAGE-CHECK,REF-248,,•  ফেরেশতাদের ইবলিসকে ঘিরে ফেলা ও সমুদ্রে নিক্ষেপ — বর্ণিত আছে; PAGE-CHECK।
B1-C00740,8768,SHIA_NARRATION,SHIA,NAMED_SOURCE,,E-00740,CONFLICT,REF-249,YES,"•  «যাহরা» নামের কারণ (মেহরাবে নূর) — বর্ণিত আছে; শায়খ সাদুকের ইলালুশ শারায়ি/মাআনিল আখবারে থাকার কথা, PAGE-CHECK।"
B1-C00741,8839,PROSE_ATTRIBUTION,UNSPECIFIED,NARRATIVE_ONLY,,E-00741,PAGE-CHECK,,,যা কিছু রাসূলুল্লাহ ﷺ মা সাইয়্যিদা ফাতিমাতুয্ যাহরা (আলাইহাস্ সালাম) সম্পর্কে বলেছেন তা তাঁর অন্যান্য বাণীর ন্যায় ওহী হতে সংগৃহীত।
B1-C00742,8861,SUNNI_NARRATION,SUNNI,NAMED_SOURCE,,E-00742,EDITION-LOCK,,YES,"হাকিম নিশাবুরীসহ সুন্নি মাযহাবের উল্লেখযোগ্য সংখ্যক আলেম নিজস্ব সনদে রাসূলুল্লাহ ﷺ হতে গুরুত্বপূর্ণ ও আশ্চর্যজনক বিভিন্ন রেওয়ায়েত বর্ণনা করেছেন যে, তিনি বলেন:"
B1-C00743,8903,SOURCE_BLOCK_NOTE,UNSPECIFIED,NARRATIVE_ONLY,,E-00743,PAGE-CHECK,,,•  হাদীস-সংকলনের ভূমিকা ও ব্যাখ্যা লেখকের নিজের খাতা থেকে।
B1-C00744,8904,QURAN,QURAN,QURAN_REF,QUR-53-3|QUR-33-57|QUR-21-102|QUR-2-156,E-00744,VERIFIED,,,"•  কুরআন ৫৩:৩–৪, ৩৩:৫৭, ২১:১০২–১০৩ (ফুরাতের বর্ণনার আয়াতাংশ), ২:১৫৬ — api.alquran.cloud-এ মেলানো, CONFIRMED।"
B1-C00745,8905,SUNNI_NARRATION,SUNNI,NAMED_SOURCE,HAD-BUKHARI-3714|HAD-BUKHARI-3714,E-00745,CONFLICT,REF-250,YES,"•  «ফাতিমা আমার অংশ, যে তাকে রাগান্বিত করে সে আমাকে রাগান্বিত করে» — সহীহ বুখারি ৩৭১৪ (শব্দ «فمن أغضبها أغضبني»; SOURCE_REGISTER CL-HAD-008); PAGE-CHECK।"
B1-C00746,8906,SUNNI_NARRATION,SUNNI,NAMED_SOURCE,HAD-BUKHARI-008|HAD-MUSLIM-008|SRC-Mustadrak_al-Hakim-4730|SRC-Mustadrak_al-Hakim-4730|SRC-Mustadrak_al-Hakim-008,E-00746,PAGE-CHECK,REF-251,,"•  «আল্লাহ তোমার ক্রোধে ক্রোধান্বিত হন» — আল-মুস্তাদরাক, হাকিম ৪৭৩০ (বুখারি/মুসলিমে নয়; CL-HAD-008); PAGE-CHECK।"
B1-C00747,8907,SUNNI_NARRATION,SUNNI,NAMED_SOURCE,,E-00747,CONFLICT,REF-252,YES,"•  আয়িশার বর্ণনা (দাঁড়িয়ে যাওয়া, চুমু, আসনে বসানো) — সুনান আবু দাউদ ও তিরমিযিতে বর্ণিত; PAGE-CHECK। চাদর বিছানো — বর্ণিত আছে; PAGE-CHECK।"
B1-C00748,8908,SOURCE_BLOCK_NOTE,UNSPECIFIED,NARRATIVE_ONLY,,E-00748,PAGE-CHECK,REF-253,,•  মিরাজের রাতে জান্নাতের দরজার লেখা — খতিব বাগদাদী (খাতামতো); PAGE-CHECK।
B1-C00749,8909,SOURCE_BLOCK_NOTE,UNSPECIFIED,NARRATIVE_ONLY,,E-00749,PAGE-CHECK,REF-254,,•  ফুরাত ইবনে ইব্রাহিমের তাফসিরের বর্ণনা — খাতামতো; PAGE-CHECK।
B1-C00750,8910,SHIA_NARRATION,SHIA,NAMED_SOURCE,SRC-Bihar_al-Anwar-43|SRC-Bihar_al-Anwar-2|SRC-Bihar_al-Anwar-43|SRC-Bihar_al-Anwar-2,E-00750,CONFLICT,REF-255,YES,"•  «উম্মু আবিহা» — বিহারুল আনওয়ার খণ্ড ৪৩, অধ্যায় ২ (মাকাতিলুত তালিবিয়্যিন থেকে, ইমাম জাফর আস-সাদিক (আলাইহিস্ সালাম)-এর সূত্রে), আগের পাসের পাঠ; PAGE-CHECK।"
B1-C00751,8911,SOURCE_BLOCK_NOTE,UNSPECIFIED,NARRATIVE_ONLY,,E-00751,PAGE-CHECK,,,"•  বুরুল্লাহর শেখানো দরুদ — উস্তাদের ক্লাসের আমল [লেখকের তাজরিবা], হাদীস নয়।"
B1-C00752,8960,PROSE_ATTRIBUTION,UNSPECIFIED,NARRATIVE_ONLY,,E-00752,PAGE-CHECK,,,"স্পিকারে বুরুল্লাহ বলল, “দেখো, এই প্রশ্নের উত্তর একেবারে স্পষ্টভাবে পাওয়া যায় হাদীস থেকে। রাসূলুল্লাহ ﷺ নিজেই বলেছেন: আমি তোমাদের মাঝে দুইটি ভারি জিনিস রেখে যাচ্ছি— কুরআন এবং আমার আহলুল বাইত। যতক্ষণ এদেরকে আঁকড়ে থাকবে, কখনো পথভ্রষ্ট হবে "
B1-C00753,8966,ATTRIBUTION_ONLY,UNSPECIFIED,ATTRIBUTION_FORMULA,,E-00753,CONFLICT,REF-256,YES,"বর্ণিত আছে, রাসূলুল্লাহ ﷺ বলেছেন: “নিশ্চয়ই আল্লাহ তোমাকে (হে ফাতেমা) এবং তোমার সন্তানদের জাহান্নামের আগুনে শাস্তি দিবেন না।”"
B1-C00754,8995,ATTRIBUTION_ONLY,UNSPECIFIED,ATTRIBUTION_FORMULA,,E-00754,CONFLICT,REF-257,YES,"«আহলুল বাইতের প্রতি ভালোবাসা শুধু আবেগ নয়, এটাই ইমানের ভিত্তি। আর তাঁদের বিরোধিতা মানেই— শয়তানী ফাঁদে পা দেওয়া। রাসূলুল্লাহ ﷺ বলেছেন বলে বর্ণিত আছে— ""আহলুল বাইত আমার, আর তাঁদের ভালোবাসা মানেই নাজাত।”»"
B1-C00755,9000,PROSE_ATTRIBUTION,UNSPECIFIED,NARRATIVE_ONLY,,E-00755,PAGE-CHECK,,,"“একটা হাদীস পড়লাম মোবাইলে,” রাহাত বলল, অন্ধকারে, পর্দার আলোয় পড়তে পড়তে। “আয়েশা বলেছেন— চাল-চলনে, স্বভাব-চরিত্রে, উঠা-বসায় মা সাইয়্যিদা ফাতিমাতুয্ যাহরা (আলাইহাস্ সালাম)-র মতো আর কাউকে রাসূলুল্লাহ ﷺ-এর সাথে এতটা মিলতে দেখিনি। ভাবো তো,"
B1-C00756,9005,PROSE_ATTRIBUTION,UNSPECIFIED,NARRATIVE_ONLY,,E-00756,PAGE-CHECK,,,"রাকিকা গভীর কণ্ঠে বলল, “কিন্তু বিষয়টা শুধু আবেগ নয়। আনাস ইবনে মালেকও বলেছেন— কোন ব্যক্তি হাসান ইবনে আলী ও মা সাইয়্যিদা ফাতেমাতুয যাহরার চেয়ে অধিক রাসূলুল্লাহ ﷺ-এর সাথে সাদৃশ্যশীল ছিলনা। অর্থাৎ, ঐতিহাসিকভাবে বলা যায় যে নবীর সবচেয়ে কাছে"
B1-C00757,9058,SOURCE_BLOCK_NOTE,UNSPECIFIED,NARRATIVE_ONLY,,E-00757,PAGE-CHECK,,,"•  আহলুল বাইতের পবিত্রতার আলাপ, ট্রেনের সংলাপ ও ফার্সি কবিতার ভাবার্থ-অনুবাদ লেখকের নিজের খাতা থেকে; কবিতার মূল: মাজিদ বানি ফাতিমা।"
B1-C00758,9059,QURAN,QURAN,QURAN_REF,QUR-42-23|QUR-33-33|QUR-3-33|QUR-39-53|QUR-108-1,E-00758,VERIFIED,,,"•  কুরআন ৪২:২৩, ৩৩:৩৩ (শেষাংশ), ৩:৩৩, ৩৯:৫৩, ১০৮:১ — api.alquran.cloud-এ মেলানো, CONFIRMED।"
B1-C00759,9060,SUNNI_NARRATION,SUNNI,NAMED_SOURCE,HAD-MUSLIM-2408|HAD-MUSLIM-2408|HAD-TIRMIDHI-3786|HAD-TIRMIDHI-3786|HAD-TIRMIDHI-3788|HAD-TIRMIDHI-3788,E-00759,CONFLICT,REF-258,YES,"•  সাকালাইন: সহীহ মুসলিম ২৪০৮ (মূল অংশ, CONFIRMED, সংস্করণ-পাঠ); «কখনো পথভ্রষ্ট হবে না» — তিরমিযি ৩৭৮৬ (CONFIRMED, সংস্করণ-পাঠ); «কিয়ামত পর্যন্ত একসাথে থাকবে» — তিরমিযি ৩৭৮৮ (PAGE-CHECK)। খাতায় পুরোটা «সহিহ মুসলিম» বলা — সংশোধিত।"
B1-C00760,9061,ATTRIBUTION_ONLY,UNSPECIFIED,ATTRIBUTION_FORMULA,,E-00760,CONFLICT,REF-259,YES,"•  «আল্লাহ তোমাকে ও তোমার সন্তানদের আগুনে শাস্তি দেবেন না»; «ফাতিমা সতীত্ব রক্ষা করেছেন, তাই আল্লাহ তাঁর সন্তানদের আগুন থেকে রক্ষা করেছেন»; «فطمها الله وفطم محبيها عن النار» — সবগুলো বর্ণিত আছে; PAGE-CHECK।"
B1-C00761,9062,SUNNI_NARRATION,SUNNI,NAMED_SOURCE,,E-00761,CONFLICT,REF-260,YES,"•  «আহলুল বাইত আমার, আর তাঁদের ভালোবাসা মানেই নাজাত» (REV1-এ ফেরানো, ¶13894) — খাতায় আত-তাবারানী, আল-মু'জামুল কাবীর, ইবনে আব্বাস সূত্র, «সনদ দুর্বল» লেখা; গল্পে «বর্ণিত আছে»; PAGE-CHECK।"
B1-C00762,9063,SUNNI_NARRATION,SUNNI,NAMED_SOURCE,,E-00762,CONFLICT,REF-261,YES,•  হাদীসে কুদসি «হে আদম সন্তান… আকাশমণ্ডলের মতো গুনাহ» — জামে তিরমিযিতে বর্ণিত; PAGE-CHECK।
B1-C00763,9064,SOURCE_BLOCK_NOTE,UNSPECIFIED,NARRATIVE_ONLY,,E-00763,PAGE-CHECK,,,•  «আমি গাদিরের উত্তরাধিকার» — «বলা হয়»; উৎস পাওয়া যায়নি।
B1-C00764,9065,SUNNI_NARRATION,SUNNI,NAMED_SOURCE,,E-00764,CONFLICT,REF-262,YES,"•  আয়িশার বর্ণনা (চাল-চলনে সাদৃশ্য; স্ত্রীদের মজলিসে আগমন, «স্বাগতম, হে আমার কন্যা») — সহীহ বুখারি/মুসলিম ও সুনান গ্রন্থে বর্ণিত; আনাসের বর্ণনা (হাসান ও ফাতিমার সাদৃশ্য) — PAGE-CHECK।"
B1-C00765,9082,PROSE_ATTRIBUTION,UNSPECIFIED,NARRATIVE_ONLY,,E-00765,PAGE-CHECK,,,"কখনও আবার আল্লাহ ওহীর পর্দার আড়াল দিয়ে কথা বলেছেন। যেমন রাসূলুল্লাহ ﷺ-এর ক্ষেত্রে। তাঁর হৃদয়ে নাজিল হয়েছে সেই অমর বাণী, যা আজও পৃথিবীর প্রতিটি কোণায় আলো ছড়িয়ে দিচ্ছে।"
B1-C00766,9096,ATTRIBUTION_ONLY,UNSPECIFIED,ATTRIBUTION_FORMULA,,E-00766,CONFLICT,REF-263,YES,"যখন তুমি কুরআন তিলাওয়াত করো, তখন শুনছো আল্লাহর বাণী। দোয়া হলো তোমার বক্তব্য, আর কুরআন হলো তাঁর উত্তর। বর্ণিত আছে: ‘তুমি যদি চাও আল্লাহ তোমার সঙ্গে কথা বলুন, তবে কুরআন পড়ো। আর তুমি যদি আল্লাহর সঙ্গে কথা বলতে চাও, তবে তাঁর কাছে দোয়া করো।’"
B1-C00767,9107,PROSE_ATTRIBUTION,UNSPECIFIED,NARRATIVE_ONLY,,E-00767,PAGE-CHECK,,,"“হ্যাঁ। সূরা ফাতিহা কোনো নিছক পুনরাবৃত্তি নয়, বরং প্রেমের আলাপন। রাসূলুল্লাহ ﷺ বলেছেন যে, আল্লাহ বলেন:"
B1-C00768,9140,SOURCE_BLOCK_NOTE,UNSPECIFIED,NARRATIVE_ONLY,,E-00768,PAGE-CHECK,,,•  দরসের বক্তব্য লেখকের নিজের খাতা থেকে।
B1-C00769,9141,QURAN,QURAN,QURAN_REF,QUR-4-164|QUR-5-48|QUR-15-9|QUR-96-19|QUR-1-2,E-00769,VERIFIED,,,"•  কুরআন ৪:১৬৪, ৫:৪৮, ১৫:৯, ৯৬:১৯, ১:২–৬ — api.alquran.cloud-এ মেলানো, CONFIRMED।"
B1-C00770,9142,SUNNI_NARRATION,SUNNI,NAMED_SOURCE,HAD-MUSLIM-395|HAD-MUSLIM-395,E-00770,CONFLICT,REF-264,YES,•  ফাতিহার দুই ভাগের হাদীসে কুদসি («আমার বান্দা আমার প্রশংসা করেছে…») — সহীহ মুসলিম ৩৯৫ (খাতামতো); PAGE-CHECK।
B1-C00771,9143,ATTRIBUTION_ONLY,UNSPECIFIED,ATTRIBUTION_FORMULA,,E-00771,CONFLICT,REF-265,YES,"•  «কুরআন পড়ো, আল্লাহ কথা বলবেন; দোয়া করো, তুমি কথা বলবে» — বর্ণিত আছে; PAGE-CHECK।"
B1-C00772,9144,SOURCE_BLOCK_NOTE,UNSPECIFIED,NARRATIVE_ONLY,,E-00772,PAGE-CHECK,REF-266,,"•  «নামাজ মুমিনের মেরাজ» — বহুল প্রচলিত উক্তি; হাদীস-গ্রন্থে সূত্র খোঁজা বাকি, তাই «বলা হয়»; PAGE-CHECK।"
B1-C00773,9172,PROSE_ATTRIBUTION,UNSPECIFIED,NARRATIVE_ONLY,,E-00773,PAGE-CHECK,,,"চাচা ধীরে ধীরে বললেন— “রাসূলুল্লাহ ﷺ বলেছেন: ‘নামাজ জান্নাতের চাবি।’ আর জাবির ইবনে আবদুল্লাহ থেকে বর্ণিত— আল্লাহর রাসূল ﷺ বলেছেন: ‘জান্নাতের চাবি হলো নামাজ, আর নামাজের চাবি হলো ওজু।’”"
B1-C00774,9191,ATTRIBUTION_ONLY,UNSPECIFIED,ATTRIBUTION_FORMULA,,E-00774,CONFLICT,REF-267,YES,"চাচা একটু ঝুঁকে বললেন— “আমাদের মাওলা আলী (আলাইহিস্ সালাম)-এর কথা বলে বর্ণিত আছে— ‘নামাজ যেদিকে, আমি সেদিকে। আর আমি যেদিকে, নামাজ সেদিকে।’ তাঁর রুকু যেদিকে, আমাদের রুকুও সেদিকে হওয়া উচিত। যদি আনুগত্য ও কায়েম ছাড়া কেবল খালি আদায় করি, তবে "
B1-C00775,9199,ATTRIBUTION_ONLY,UNSPECIFIED,ATTRIBUTION_FORMULA,,E-00775,PAGE-CHECK,REF-268,,"বর্ণিত আছে, ঠিক তখনই সালমান ফারসী শুনলেন। তিনি তাকে ডেকে বললেন— ‘ভাই, নবীর ব্যাপারে এভাবে বলো না। তুমি বিষয়টা ভুল বুঝেছো। এসো, আমি তোমাকে দেখাই কিভাবে করতে হয়।’"
B1-C00776,9218,ATTRIBUTION_ONLY,UNSPECIFIED,ATTRIBUTION_FORMULA,,E-00776,CONFLICT,REF-269,YES,"“এই আয়াত নামার পর,” চাচা বললেন, খুব ধীরে, “বর্ণিত আছে, রাসূলুল্লাহ ﷺ প্রতিদিন ফজরের সময় মসজিদে যাওয়ার পথে মা সাইয়্যিদা ফাতিমাতুয্ যাহরা (আলাইহাস্ সালাম)-এর ঘরের দরজায় থামতেন। দরজায় দাঁড়িয়ে বলতেন, আস-সালাত, হে আহলুল বাইত। তারপর পড়তে"
B1-C00777,9250,SOURCE_BLOCK_NOTE,UNSPECIFIED,NARRATIVE_ONLY,,E-00777,PAGE-CHECK,,,"•  দরসের বক্তব্য, সাহাবি ও সালমানের ঘটনা, আনুগত্যের দাঁড়িপাল্লা লেখকের নিজের খাতা থেকে।"
B1-C00778,9251,QURAN,QURAN,QURAN_REF,QUR-98-5|QUR-20-132|QUR-33-33,E-00778,VERIFIED,,,"•  কুরআন ৯৮:৫, ২০:১৩২, ৩৩:৩৩ (শেষাংশ) — api.alquran.cloud-এ মেলানো, CONFIRMED।"
B1-C00779,9252,QURAN,QURAN,QURAN_REF,QUR-98-5,E-00779,VERIFIED,REF-270,,"•  ৯৮:৫-এর ব্যাখ্যা (সালাত = আলী, সঠিক দীন = ফাতিমা (আলাইহাস্ সালাম)) — ইমাম আল-বাকির (আলাইহিস্ সালাম) থেকে বর্ণিত; PAGE-CHECK।"
B1-C00780,9253,SUNNI_NARRATION,SUNNI,NAMED_SOURCE,,E-00780,CONFLICT,REF-271,YES,"•  «নামাজ জান্নাতের চাবি», «জান্নাতের চাবি নামাজ, নামাজের চাবি ওজু» (জাবির) — বর্ণিত আছে (মুসনাদে আহমাদ/তিরমিযিতে প্রসিদ্ধ); PAGE-CHECK।"
B1-C00781,9254,ATTRIBUTION_ONLY,UNSPECIFIED,ATTRIBUTION_FORMULA,,E-00781,PAGE-CHECK,REF-272,,"•  আলী (আলাইহিস্ সালাম)-এর বাজার-পরিদর্শন — বর্ণিত আছে; PAGE-CHECK। «নামাজ যেদিকে, আমি সেদিকে» — বর্ণিত আছে; উৎস পাওয়া যায়নি।"
B1-C00782,9255,QURAN,SUNNI,QURAN_REF,HAD-BUKHARI-8|HAD-BUKHARI-24|HAD-BUKHARI-8|HAD-BUKHARI-24|QUR-8-24,E-00782,CONFLICT,REF-273,YES,"•  নবীর ডাকে সাড়া না দেওয়া সাহাবি — সহীহ বুখারিতে আবু সাঈদ ইবনুল মুআল্লার বর্ণনা (৮:২৪ প্রসঙ্গে), খাতামতো; PAGE-CHECK। সালমানের দেখানোর অংশ — বর্ণিত আছে; উৎস পাওয়া যায়নি।"
B1-C00783,9256,SUNNI_NARRATION,SUNNI,NAMED_SOURCE,,E-00783,CONFLICT,REF-274,YES,"•  ফজরে মা সাইয়্যিদা (আলাইহাস্ সালাম)-এর দরজায় «আস-সালাত, হে আহলুল বাইত» — জামে তিরমিযিতে আনাস থেকে (ছয় মাস); অন্য বর্ণনায় আট/নয় মাস; PAGE-CHECK।"
B1-C00784,9344,SOURCE_BLOCK_NOTE,UNSPECIFIED,NARRATIVE_ONLY,,E-00784,PAGE-CHECK,,,"•  সময়ের ইতিহাস, তিন সময়, যোহর-আসরের পর আসরের ওয়াক্ত লেখকের নিজের খাতা থেকে।"
B1-C00785,9345,QURAN,QURAN,QURAN_REF,QUR-11-114|QUR-17-78,E-00785,VERIFIED,,,"•  কুরআন ১১:১১৪ ও ১৭:৭৮ — api.alquran.cloud-এ মেলানো, CONFIRMED (আব্বার পড়া অনুবাদ api-র বাংলা পাঠ)।"
B1-C00786,9346,SUNNI_NARRATION,SUNNI,NAMED_SOURCE,HAD-MUSLIM-705|HAD-MUSLIM-705,E-00786,CONFLICT,REF-275,YES,•  ইবনে আব্বাস: ভয় বা সফর ছাড়া মদীনায় যোহর-আসর ও মাগরিব-এশা একত্রে — সহীহ মুসলিম ৭০৫ (খাতামতো); PAGE-CHECK।
B1-C00787,9357,PROSE_ATTRIBUTION,UNSPECIFIED,NARRATIVE_ONLY,,E-00787,PAGE-CHECK,,,"বুরুল্লাহ বলল, গভীর স্বরে: “রাসূলুল্লাহ ﷺ বলেছেন, ‘তোমরা আমাকে যেভাবে নামাজ আদায় করতে দেখেছ, সেভাবে নামাজ আদায় করো।’ কিন্তু বলো তো, আজ কতজন ইমাম বুকের ভেতর হাত রেখে বলতে পারবেন— ‘আমার নামাজ রাসূলুল্লাহ ﷺ-এর নামাজের মতো?’”"
B1-C00788,9384,ATTRIBUTION_ONLY,UNSPECIFIED,ATTRIBUTION_FORMULA,,E-00788,CONFLICT,REF-276,YES,"“এমনকি,” বুরুল্লাহ বলল, “বর্ণিত আছে, সাহাবারা কুফার মসজিদে আলাপ করতেন, ‘এতদিন পর আমরা আলীর ইমামতে রাসূলের নামাজের রূপ ফিরে পেলাম।’”"
B1-C00789,9391,PROSE_ATTRIBUTION,UNSPECIFIED,NARRATIVE_ONLY,,E-00789,PAGE-CHECK,,,"বুরুল্লাহ ধীরে মাথা ঝোঁকাল। “ঠিক তাই। কারণ রাসূলুল্লাহ ﷺ নিজেই বলেছেন, ‘আলী হকের সাথে এবং হক আলীর সাথে।’ তাহলে হক কোথায় থাকবে?”"
B1-C00790,9418,SOURCE_BLOCK_NOTE,UNSPECIFIED,NARRATIVE_ONLY,,E-00790,CONFLICT,REF-277,YES,•  «তোমরা আমাকে যেভাবে নামাজ আদায় করতে দেখেছ…» — সহীহ বুখারী (মালিক ইবনুল হুওয়াইরিস); খণ্ড/নম্বর PAGE-CHECK।
B1-C00791,9419,QURAN,QURAN,QURAN_REF,QUR-19-59|QUR-107-4,E-00791,VERIFIED,,,"•  কুরআন ১৯:৫৯, ১০৭:৪–৫ — api.alquran.cloud, CONFIRMED।"
B1-C00792,9420,SOURCE_BLOCK_NOTE,UNSPECIFIED,NARRATIVE_ONLY,,E-00792,CONFLICT,REF-278,YES,"•  আনাস ইবনে মালিকের উক্তি ও দামেশকে কান্না (যুহরীর বর্ণনা) — সহীহ বুখারী, «নামাজের ওয়াক্ত» অধ্যায় (খাতামতো); নম্বর PAGE-CHECK।"
B1-C00793,9421,ATTRIBUTION_ONLY,UNSPECIFIED,ATTRIBUTION_FORMULA,,E-00793,CONFLICT,REF-279,YES,"•  ইমরান ইবনে হুসাইন, আলী (আলাইহিস্ সালাম)-এর পেছনে নামাজ — সহীহ বুখারী (খাতামতো); নম্বর PAGE-CHECK। কুফার মসজিদের আলাপ — খাতায় «মেশকাতুল মাসাবিহ, তাজরীদুল বুখারী»; PAGE-CHECK, তাই দৃশ্যে «বর্ণিত আছে»।"
B1-C00794,9422,SUNNI_NARRATION,SUNNI,NAMED_SOURCE,,E-00794,EDITION-LOCK,REF-280,YES,"•  «আলী হকের সাথে, হক আলীর সাথে» — আল-হাকিম, আল-মুসতাদরাক (হাকিমের মতে সহীহ, যাহাবীর আপত্তি); PAGE-CHECK।"
B1-C00795,9423,SOURCE_BLOCK_NOTE,UNSPECIFIED,NARRATIVE_ONLY,,E-00795,PAGE-CHECK,,,•  আবদুল করিম চাচা ও হাত-বাঁধার দৃশ্য — Claude (অধ্যায় ৫-এর প্রস্তুতি)।
B1-C00796,9455,ATTRIBUTION_ONLY,UNSPECIFIED,ATTRIBUTION_FORMULA,,E-00796,CONFLICT,REF-281,YES,"“আবু যার আল-গিফারী বলেন,” চাচা বললেন, “বর্ণিত আছে, সেদিন নামাজ শেষে রাসূলুল্লাহ ﷺ দুহাত তুলে আল্লাহর কাছে প্রার্থনা করলেন: ‘ইয়া প্রভু! যেমন তুমি মূসা (আলাইহিস্ সালাম)-এর জন্য তাঁর ভাই হারুনকে শক্তি ও পরামর্শদাতা হিসেবে নিয়োগ করেছিলে, তেমন"
B1-C00797,9498,QURAN,QURAN,QURAN_REF,QUR-5-55|QUR-2-257|QUR-20-29|QUR-19-31|QUR-5-55,E-00797,VERIFIED,,,"•  কুরআন ৫:৫৫, ২:২৫৭, ২০:২৯–৩১, ১৯:৩১ — api.alquran.cloud, CONFIRMED (৫:৫৫-এর বাংলা খাতার অনুবাদ, «সালাত» → «নামাজ»; বাকিগুলো api বাংলা)।"
B1-C00798,9499,ATTRIBUTION_ONLY,UNSPECIFIED,ATTRIBUTION_FORMULA,,E-00798,CONFLICT,REF-282,YES,"•  আবু যার আল-গিফারীর বর্ণনা ও নবীর দোয়া — খাতামতো; সূত্র উল্লেখ নেই, তাই «বর্ণিত আছে»; PAGE-CHECK।"
B1-C00799,9500,SOURCE_BLOCK_NOTE,UNSPECIFIED,NARRATIVE_ONLY,,E-00799,PAGE-CHECK,REF-283,,"•  ইবনে মারদুইয়া, খাতীব বাগদাদী (ইবনে আব্বাস সূত্রে), তাবরানী (আম্মার ইবনে ইয়াসির সূত্রে) — খাতামতো; PAGE-CHECK।"
B1-C00800,9501,SOURCE_BLOCK_NOTE,UNSPECIFIED,NARRATIVE_ONLY,,E-00800,CONFLICT,REF-284,YES,"•  ইমাম জাফর সাদিক (আলাইহিস্ সালাম): «ওলায়াহকে জানার পর…» — আল-কাফী, কিতাবুল ঈমান ওয়াল কুফর, বাবুল ওয়ালায়াহ (খাতামতো); PAGE-CHECK।"
B1-C00801,9565,SUNNI_NARRATION,SUNNI,NAMED_SOURCE,HAD-MUSLIM-667|HAD-MUSLIM-667,E-00801,CONFLICT,REF-285,YES,"•  নদীর উদাহরণ — সহীহ বুখারী ৫২৮, সহীহ মুসলিম ৬৬৭ (খাতামতো); PAGE-CHECK।"
B1-C00802,9566,QURAN,QURAN,QURAN_REF,QUR-2-43|QUR-23-1|QUR-87-14|QUR-29-45,E-00802,VERIFIED,,,"•  কুরআন ২:৪৩, ২৩:১–৩, ৮৭:১৪–১৫, ২৯:৪৫ — api.alquran.cloud, CONFIRMED (বাংলা api পাঠ)।"
B1-C00803,9567,QURAN,QURAN,QURAN_REF,QUR-28-76,E-00803,VERIFIED,,,•  কারুনের ধনভান্ডারের চাবি — কুরআন ২৮:৭৬-এর ইঙ্গিত (চাচার মুখে «নাকি»); আয়াত দৃশ্যে পড়া হয়নি।
B1-C00804,9568,SOURCE_BLOCK_NOTE,UNSPECIFIED,NARRATIVE_ONLY,,E-00804,PAGE-CHECK,,,"•  চাবির খাঁজ, জান্নাতের দরজা — লেখকের নিজের খাতা থেকে।"
B1-C00805,9596,PROSE_ATTRIBUTION,UNSPECIFIED,NARRATIVE_ONLY,,E-00805,PAGE-CHECK,,,"“না, কখনোই না,” বুরুল্লাহ বলল। “আমল কখনোই কাউকে জাহান্নাম থেকে নাজাত দিতে সক্ষম হবে না। রাসূলুল্লাহ ﷺ বলেছেন, ‘কস্মিনকালেও তোমাদের কাউকে তার নিজের আমল কক্ষনো নাজাত দিবে না।’”"
B1-C00806,9608,ATTRIBUTION_ONLY,UNSPECIFIED,ATTRIBUTION_FORMULA,,E-00806,PAGE-CHECK,REF-286,,"“কারণ ওই পাঁচজনের ইবাদতে লেনদেন ছিল না,” বুরুল্লাহ বলল। “আলী (আলাইহিস্ সালাম) বলেছেন, বর্ণিত আছে, এক দল জান্নাতের লোভে ইবাদত করে, সেটা ব্যবসায়ীর ইবাদত। এক দল ভয়ে করে, সেটা দাসের ইবাদত। আর এক দল কৃতজ্ঞতায় করে, সেটা মুক্ত মানুষের ইবাদত।”"
B1-C00807,9616,SUNNI_NARRATION,SUNNI,NAMED_SOURCE,,E-00807,PAGE-CHECK,,,"“মাত্র আঠারো বছরের সংক্ষিপ্ত জীবনেই মা সাইয়্যিদা ফাতিমাতুয্ যাহরা (আলাইহাস্ সালাম) এমন এক অনন্য মর্যাদায় আসীন হয়েছেন, যা চিরকাল মুসলিম উম্মাহর জন্য আলো ও পথপ্রদর্শক হয়ে থাকবে,” বুরুল্লাহ বলল। “তাঁর জীবন, তাঁর ইবাদত, তাঁর বিনয়—সব কিছুই "
B1-C00808,9617,ATTRIBUTION_ONLY,UNSPECIFIED,ATTRIBUTION_FORMULA,,E-00808,CONFLICT,REF-287,YES,"একটু থেমে সে বলল, “ইমাম হাসান (আলাইহিস্ সালাম) বলেছেন, বর্ণিত আছে, ‘আমি মায়ের মতো আর কোনো ইবাদতকারী দেখিনি।’ হাসান বসরী, যিনি নিজেও বিখ্যাত ইবাদতকারী, বলেছেন, ‘ফাতিমা এত বেশি নামাজে দাঁড়িয়ে থাকতেন যে, তাঁর পদযুগলে কড়া পড়ে যেত।’”"
B1-C00809,9619,ATTRIBUTION_ONLY,UNSPECIFIED,ATTRIBUTION_FORMULA,,E-00809,CONFLICT,REF-288,YES,"“তিনি শুধু নিয়মরক্ষার জন্য ইবাদত করতেন না; বরং ইবাদতের সময় তাঁর হৃদয় ছিল আল্লাহর ভয়ে কম্পমান। বর্ণিত আছে, ‘ফাতিমা (আলাইহাস্ সালাম) নামাজের সময় এতটাই গভীর ধ্যানে থাকতেন যে, আল্লাহ ফেরেশতাদের ডাক দিয়ে বলতেন—তাকিয়ে দেখো, আমার বান্দি ফাত"
B1-C00810,9626,SHIA_NARRATION,SHIA,NAMED_SOURCE,,E-00810,CONFLICT,REF-289,YES,"হারিকেনের কাচে একটি পোকা এসে বসল। বুরুল্লাহ সেদিকে তাকিয়ে বলল, “‘ইলালুশ শারায়ে’ গ্রন্থে বর্ণিত আছে, ‘তিনি যখন ইবাদতে দাঁড়াতেন, তখন আসমানের অধিবাসীদের জন্য এক উজ্জ্বল নক্ষত্রের মতো তাঁর পবিত্র দেহ থেকে আলো বিচ্ছুরিত হতো।’”"
B1-C00811,9643,ATTRIBUTION_ONLY,UNSPECIFIED,ATTRIBUTION_FORMULA,,E-00811,PAGE-CHECK,REF-290,,•  নামাজে মা সাইয়্যিদার ভয়ে কাঁপা ও ফেরেশতাদের ডেকে দেখানো — বর্ণিত আছে; PAGE-CHECK (আমালি সাদুক সম্ভাব্য)।
B1-C00812,9644,SHIA_NARRATION,SHIA,NAMED_SOURCE,,E-00812,CONFLICT,REF-291,YES,•  «তিনি যখন ইবাদতে দাঁড়াতেন… আলো বিচ্ছুরিত হতো» — খাতায় «ইলালুশ শারায়ে»; PAGE-CHECK।
B1-C00813,9645,QURAN,QURAN,QURAN_REF,QUR-3-61|QUR-20-1,E-00813,VERIFIED,,,"•  কুরআন ৩:৬১, ২০:১–২ — api.alquran.cloud, CONFIRMED।"
B1-C00814,9646,SOURCE_BLOCK_NOTE,UNSPECIFIED,NARRATIVE_ONLY,,E-00814,PAGE-CHECK,REF-292,,"•  মুবাহালা ও নাজরানের প্রতিনিধিদল — খাতামতো; পাদ্রির «নব্বই বছর» উক্তির সূত্র খাতায় নেই, PAGE-CHECK।"
B1-C00815,9647,SUNNI_NARRATION,SUNNI,NAMED_SOURCE,HAD-MUSLIM-2818|HAD-MUSLIM-2818,E-00815,CONFLICT,REF-293,YES,"•  «তোমাদের কাউকে তার আমল নাজাত দেবে না» — সহীহ বুখারী ৬৪৬৩, সহীহ মুসলিম ২৮১৮ (খাতামতো); PAGE-CHECK।"
B1-C00816,9648,SOURCE_BLOCK_NOTE,UNSPECIFIED,NARRATIVE_ONLY,,E-00816,CONFLICT,REF-294,YES,•  ইমাম হাসান (আলাইহিস্ সালাম) ও হাসান বসরীর উক্তি — খাতায় «Fatima Zahra in the Words of the Infallibles»; PAGE-CHECK।
B1-C00817,9649,ATTRIBUTION_ONLY,UNSPECIFIED,NO_SOURCE_STATED,,E-00817,NOT_FOUND,REF-295,YES,"•  রাসূলুল্লাহ ﷺ ও মা সাইয়্যিদার কথোপকথন (ইবাদতের তৌফিক) — খাতামতো; সূত্র নেই, «বর্ণিত আছে» ধাঁচে; PAGE-CHECK।"
B1-C00818,9650,SOURCE_BLOCK_NOTE,UNSPECIFIED,NARRATIVE_ONLY,,E-00818,PAGE-CHECK,REF-296,,"•  মা সাইয়্যিদার দুই রাকাত নামাজ — ইমাম জাফর সাদিক (আলাইহিস্ সালাম) থেকে, খাতায় al-islam.org; PAGE-CHECK।"
B1-C00819,9663,PROSE_ATTRIBUTION,UNSPECIFIED,NARRATIVE_ONLY,,E-00819,PAGE-CHECK,,,"“রাসূলুল্লাহ ﷺ বলেছেন, ‘মানুষের মধ্যে সেই ব্যক্তি শ্রেষ্ঠ, যে ইবাদতের প্রতি আকৃষ্ট থাকে, অন্তর দিয়ে এটিকে ভালোবাসে, উৎফুল্ল হয়ে দেহকে কাজে লাগায় এবং এর জন্য নিজেকে পুরোপুরি নিয়োজিত করে।’ আমরা যদি ইবাদতকে শুধুই কর্তব্য হিসেবে দেখি, তবে ত"
B1-C00820,9676,PROSE_ATTRIBUTION,UNSPECIFIED,NARRATIVE_ONLY,,E-00820,PAGE-CHECK,,,"“রাসূলুল্লাহ ﷺ বলেছেন,” বুরুল্লাহ বলল, চুপ থাকার প্রতিজ্ঞা আবার ভেঙে, “‘ইবাদতের দশটি অংশ আছে, যার নয়টি অংশ হলো হালাল জীবিকা অন্বেষণ।’”"
B1-C00821,9680,PROSE_ATTRIBUTION,UNSPECIFIED,NARRATIVE_ONLY,,E-00821,PAGE-CHECK,,,"রাহাত বলল, “এই ব্যাপারে রাসূলুল্লাহ ﷺ একটা সুন্দর কথা বলেছেন, ‘ব্যস্ত রাখার জন্য ইবাদতই যথেষ্ট।’ মানে, ইবাদত শুধু দায়িত্ব নয়, বরং এটি আমাদের সকল কাজের বরকত এনে দেয়।”"
B1-C00822,9691,PROSE_ATTRIBUTION,UNSPECIFIED,NARRATIVE_ONLY,,E-00822,PAGE-CHECK,,,"রাহাত কাগজে চোখ রাখল। “হ্যাঁ, কিন্তু ইবাদতের মধ্যে শুধু বাহ্যিকতা থাকলে হবে না। রাসূলুল্লাহ ﷺ বলেছেন, ‘নিশ্চিত বিশ্বাস ছাড়া কোনো ইবাদত নেই।’ ইয়াকিন। অর্থাৎ, যদি আমরা আল্লাহর অস্তিত্ব ও তাঁর প্রতি বিশ্বাস সম্পর্কে সন্দিহান থাকি, তাহলে আমাদ"
B1-C00823,9698,PROSE_ATTRIBUTION,UNSPECIFIED,NARRATIVE_ONLY,,E-00823,PAGE-CHECK,,,"শামস: “রাসূলুল্লাহ ﷺ বলেছেন, ‘শ্রেষ্ঠতম ইবাদত হলো উপলব্ধি বা ধর্মীয় বিধান সম্পর্কে অনুধাবন।’”"
B1-C00824,9727,QURAN,QURAN,QURAN_REF,QUR-51-56,E-00824,VERIFIED,,,"•  কুরআন ৫১:৫৬ — api.alquran.cloud, CONFIRMED (api বাংলা)।"
B1-C00825,9728,SOURCE_BLOCK_NOTE,UNSPECIFIED,NARRATIVE_ONLY,,E-00825,PAGE-CHECK,REF-297,,"•  এই অধ্যায়ের হাদীস ও উক্তিগুলো খাতায় মিজানুল হিকমা, «ইবাদত» অধ্যায় (২৬১), পৃ. ৬৭৬-এর বরাতে; প্রতিটির মূল উৎস PAGE-CHECK।"
B1-C00826,9729,SUNNI_NARRATION,SUNNI,NAMED_SOURCE,,E-00826,CONFLICT,REF-298,YES,"•  ইহসানের হাদীস («যেন তুমি তাঁকে দেখছ») — সহীহ মুসলিম, কিতাবুল ঈমান (জিবরাইলের হাদীস); নম্বর PAGE-CHECK।"
B1-C00827,9730,SOURCE_BLOCK_NOTE,UNSPECIFIED,NARRATIVE_ONLY,,E-00827,PAGE-CHECK,REF-299,,"•  «দাসত্ব পাঁচটি জিনিস দিয়ে গঠিত» — ইমাম আলী (আলাইহিস্ সালাম), মিজানুল হিকমার বরাতে; PAGE-CHECK।"
B1-C00828,9766,ATTRIBUTION_ONLY,UNSPECIFIED,ATTRIBUTION_FORMULA,,E-00828,PAGE-CHECK,REF-300,,"“আলী (আলাইহিস্ সালাম)-এর মুনাজাত,” সে বলল। “বর্ণিত আছে। ‘হে আমার ইলাহ, আমি তোমার আগুনের ভয়ে তোমার ইবাদত করিনি, তোমার জান্নাতের লোভেও না। বরং আমি তোমাকে ইবাদতের যোগ্য পেয়েছি, তাই ইবাদত করেছি।’”"
B1-C00829,9796,QURAN,QURAN,QURAN_REF,QUR-42-23,E-00829,VERIFIED,,,"•  কুরআন ৪২:২৩ — api.alquran.cloud, CONFIRMED (api বাংলা, অংশবিশেষ)।"
B1-C00830,9797,SHIA_NARRATION,SHIA,NAMED_SOURCE,SRC-Bihar_al-Anwar-41|SRC-Bihar_al-Anwar-14|SRC-Bihar_al-Anwar-41|SRC-Bihar_al-Anwar-14,E-00830,EDITION-LOCK,REF-301,YES,"•  আলী (আলাইহিস্ সালাম)-এর মুনাজাত «ইলাহি মা আবাদতুকা খাওফান…» — প্রচলিত বর্ণনা (ইবনে আবিল হাদীদ, শারহু নাহজিল বালাগা; আল্লামা মাজলিসী, বিহারুল আনওয়ার ৪১/১৪ হিসেবে উদ্ধৃত হয়); PAGE-CHECK।"
B1-C00831,9798,SOURCE_BLOCK_NOTE,UNSPECIFIED,NARRATIVE_ONLY,,E-00831,PAGE-CHECK,,,"•  ভয়ের/প্রেমের ইবাদত, নদীর বৃদ্ধা — লেখকের নিজের খাতা থেকে।"
B1-C00832,9926,PROSE_ATTRIBUTION,UNSPECIFIED,NARRATIVE_ONLY,,E-00832,PAGE-CHECK,,,"“কারণ আল্লাহ নিজে আর তাঁর ফেরেশতারা রাসূলুল্লাহ ﷺ-এর ওপর দরুদ পাঠান, আর মুমিনদেরও তা-ই করতে বলেছেন। আমার মনে হয়, যে দরজা দিয়ে আল্লাহর রহমত নামে, সেই দরজার নাম মুহাম্মাদ ও আলে মুহাম্মাদ। দরুদ সেই দরজায় কড়া নাড়া।”"
B1-C00833,9928,ATTRIBUTION_ONLY,UNSPECIFIED,ATTRIBUTION_FORMULA,,E-00833,CONFLICT,REF-302,YES,"“উস্তাদ আরেকটা জিনিস ঠিক করে দিয়েছিলেন,” বুরুল্লাহ বলল। “আমাদের দেশে অনেকে দরুদের শেষে আলে মুহাম্মাদ বাদ দিয়ে দেন। শুধু ‘সাল্লাল্লাহু আলাইহি ওয়া সাল্লাম’। পরিবারের নাম নেই। উস্তাদ এটাকে বলতেন লেজকাটা দরুদ। বর্ণিত আছে, রাসূলুল্লাহ ﷺ নিজেই"
B1-C00834,9956,SOURCE_BLOCK_NOTE,UNSPECIFIED,NARRATIVE_ONLY,,E-00834,PAGE-CHECK,,,"•  উস্তাদের সঙ্গে দেখা, ছয় রং, লতিফার সারণি, আমল — লেখকের নিজের খাতা থেকে; লেখকের তাজরিবা, উস্তাদের ক্লাসের আমল, হাদীস নয়।"
B1-C00835,9957,QURAN,QURAN,QURAN_REF,QUR-24-35,E-00835,VERIFIED,,,"•  সূরা নূর ২৪:৩৫ — api.alquran.cloud, CONFIRMED।"
B1-C00836,9958,QURAN,QURAN,QURAN_REF,QUR-33-56,E-00836,VERIFIED,,,•  দরুদের নির্দেশ: সূরা আহযাব ৩৩:৫৬ (দৃশ্যে ভাবার্থ)।
B1-C00837,9959,ATTRIBUTION_ONLY,UNSPECIFIED,ATTRIBUTION_FORMULA,,E-00837,CONFLICT,REF-303,YES,•  «লেজকাটা দরুদ» নিষেধের বর্ণনা — খাতামতো «বর্ণিত আছে»; PAGE-CHECK।
B1-C00838,9960,SOURCE_BLOCK_NOTE,UNSPECIFIED,NARRATIVE_ONLY,,E-00838,PAGE-CHECK,,,•  «আয়না বসায়ে দে মোর কলবের ভিতর» — হাসন রাজার গানের চরণ।
B1-C00839,9961,SOURCE_BLOCK_NOTE,UNSPECIFIED,NARRATIVE_ONLY,,E-00839,PAGE-CHECK,,,"•  চল্লিশ রাতের আমল ও উড়ার স্বপ্ন — লেখকের ক্লাসের খাতা (বই ৪, JONY_CLASSES/PRE_ENTRY_40_DAYS); পুরো পাঠ বই ৪-এ।"
B1-C00840,10008,ATTRIBUTION_ONLY,UNSPECIFIED,ATTRIBUTION_FORMULA,,E-00840,CONFLICT,REF-304,YES,"রাহাত পড়ল, আঙুল লাইনে রেখে: “বর্ণিত আছে, রাসূলুল্লাহ ﷺ বলেছেন, রাগ শয়তান থেকে, শয়তান আগুনের তৈরি, আর আগুন নেভে পানিতে। তাই রাগ উঠলে ওজু করো। দাঁড়িয়ে থাকলে বসে পড়ো, বসে থাকলে শুয়ে পড়ো।”"
B1-C00841,10059,SOURCE_BLOCK_NOTE,UNSPECIFIED,NARRATIVE_ONLY,,E-00841,PAGE-CHECK,,,"•  চার উপাদান, ১২০ দিন, আমল ও ফরিয়াদ — লেখকের নিজের খাতা (তৃতীয় পাঠ); লেখকের তাজরিবা, উস্তাদের ক্লাসের আমল, হাদীস নয়।"
B1-C00842,10060,QURAN,QURAN,QURAN_REF,QUR-2-156,E-00842,VERIFIED,,,"•  কুরআন ২:১৫৬ («ইন্না লিল্লাহি…») — দৃশ্যে উচ্চারণ ও অর্থ; api.alquran.cloud-এ মেলানো, CONFIRMED।"
B1-C00843,10061,SUNNI_NARRATION,SUNNI,NAMED_SOURCE,,E-00843,CONFLICT,REF-305,YES,"•  রাগ ও ওজু: সুনানে আবু দাউদ (কিতাবুল আদব, রাগের সময় যা বলতে হয়); বসা/শোয়া: একই কিতাব — নম্বর PAGE-CHECK।"
B1-C00844,10150,SOURCE_BLOCK_NOTE,UNSPECIFIED,NARRATIVE_ONLY,,E-00844,PAGE-CHECK,,,"•  শ্বাসের পাঠ, পাঁচ চল্লিশ দিন, প্রবেশের তিন শর্ত, জিকির — লেখকের নিজের খাতা (চতুর্থ পাঠ); লেখকের তাজরিবা, উস্তাদের ক্লাসের আমল, হাদীস নয়।"
B1-C00845,10151,QURAN,QURAN,QURAN_REF,QUR-51-56|QUR-51-58,E-00845,VERIFIED,,,"•  কুরআন ৫১:৫৬, ৫১:৫৮ — api.alquran.cloud, CONFIRMED (api বাংলা)।"
B1-C00846,10152,SOURCE_BLOCK_NOTE,UNSPECIFIED,NARRATIVE_ONLY,,E-00846,PAGE-CHECK,,,•  পুরো সময়ের দায়রা ও মিনিটের ছক — বই ৪।
B1-C00847,10175,ATTRIBUTION_ONLY,UNSPECIFIED,ATTRIBUTION_FORMULA,,E-00847,CONFLICT,REF-306,YES,"খাতা আমার হাত থেকে ফেরত নিয়ে বুরুল্লাহ পরের পাতা খুলল। “ঘটনাটা উস্তাদ যেভাবে বলেছিলেন, সেভাবেই লিখে রেখেছিলাম। বর্ণিত আছে,” সে বলল, তারপর পড়ল:"
B1-C00848,10232,QURAN,QURAN,QURAN_REF,QUR-54-1,E-00848,VERIFIED,,,"•  কুরআন ৫৪:১–২ — api.alquran.cloud, CONFIRMED (api বাংলা)।"
B1-C00849,10233,SUNNI_NARRATION,SUNNI,NAMED_SOURCE,,E-00849,CONFLICT,REF-307,YES,"•  চাঁদ দ্বিখণ্ডনের ঘটনা — সহীহ বুখারী (কিতাবুল মানাকিব, ইনশিকাকুল কামার) ও সহীহ মুসলিম (সিফাতুল মুনাফিকীন); খাতার বিবরণ (আকাবা, ১৪ জন) PAGE-CHECK।"
B1-C00850,10234,SOURCE_BLOCK_NOTE,UNSPECIFIED,NARRATIVE_ONLY,,E-00850,PAGE-CHECK,,,"•  আট অভ্যাস, পঞ্চম পাঠের উক্তি — লেখকের নিজের খাতা; লেখকের তাজরিবা, উস্তাদের ক্লাসের আমল, হাদীস নয়।"
B1-C00851,10321,SOURCE_BLOCK_NOTE,UNSPECIFIED,NARRATIVE_ONLY,,E-00851,PAGE-CHECK,,,"•  নফসের পশু-ছায়া, মুরশিদের প্রয়োজন, প্রথম মঞ্জিলের আলামত — লেখকের নিজের খাতা (ষষ্ঠ পাঠ); লেখকের তাজরিবা, উস্তাদের ক্লাসের আমল, হাদীস নয়।"
B1-C00852,10322,QURAN,QURAN,QURAN_REF,QUR-7-23,E-00852,VERIFIED,,,"•  কুরআন ৭:২৩ — api.alquran.cloud, CONFIRMED (api বাংলা)।"
B1-C00853,10323,SOURCE_BLOCK_NOTE,UNSPECIFIED,NARRATIVE_ONLY,,E-00853,PAGE-CHECK,,,•  মানুষের হক ও ক্ষমা — অধ্যায় ৭-এর সূত্র দেখুন।
B1-C00854,10375,ATTRIBUTION_ONLY,UNSPECIFIED,ATTRIBUTION_FORMULA,,E-00854,CONFLICT,REF-308,YES,"রাহাত পড়ল: “বর্ণিত আছে, রাসূলুল্লাহ ﷺ বলেছেন, ‘আমি জ্ঞানের নগরী, আর আলী তার দরজা।’ যে নগরে ঢুকতে চায়, তাকে দরজা দিয়েই আসতে হবে।”"
B1-C00855,10397,QURAN,QURAN,QURAN_REF,QUR-12-53|QUR-75-2|QUR-89-27,E-00855,VERIFIED,,,"•  কুরআন ১২:৫৩, ৭৫:২, ৮৯:২৭–২৮ — api.alquran.cloud, CONFIRMED (api বাংলা)।"
B1-C00856,10398,SUNNI_NARRATION,SUNNI,NAMED_SOURCE,,E-00856,CONFLICT,REF-309,YES,"•  «আমি জ্ঞানের নগরী, আলী তার দরজা» — আল-হাকিম, আল-মুসতাদরাক (কিতাবু মারিফাতিস সাহাবা); জামে তিরমিযী (মানাকিব, «আমি হিকমতের ঘর»); নম্বর PAGE-CHECK।"
B1-C00857,10399,SOURCE_BLOCK_NOTE,UNSPECIFIED,NARRATIVE_ONLY,,E-00857,PAGE-CHECK,,,"•  আঠারো ক্লাস ও নফসের স্তর — লেখকের নিজের খাতা; লেখকের তাজরিবা, হাদীস নয়।"
B1-C00858,10420,ATTRIBUTION_ONLY,UNSPECIFIED,ATTRIBUTION_FORMULA,,E-00858,PAGE-CHECK,REF-310,,"“বর্ণিত আছে, একবার রাসূলুল্লাহ ﷺ সাহাবাদের বললেন, ‘তোমরা কি জানো, প্রকৃত নিঃস্ব কে?’ সাহাবিরা বললেন, ‘আমাদের মধ্যে নিঃস্ব সেই ব্যক্তি, যার কাছে কোনো ধন-সম্পদ নেই, কোনো অর্থকড়ি নেই।’”"
B1-C00859,10440,ATTRIBUTION_ONLY,UNSPECIFIED,ATTRIBUTION_FORMULA,,E-00859,PAGE-CHECK,REF-311,,"“এর চেয়েও কঠিন কথা আছে,” চাচা বললেন। খাতার পাতা উল্টে পড়লেন: “বর্ণিত আছে, রাসূলুল্লাহ ﷺ বলেছেন, ‘যখন দু’জন মুসলমান তরবারি হাতে একে অপরের বিরুদ্ধে লড়াই করে, তখন হত্যাকারী ও নিহত—দু’জনই দোযখের অধিকারী।’ বর্ণনাকারী সাহাবি বলেন, ‘আমি বললাম, "
B1-C00860,10479,QURAN,QURAN,QURAN_REF,QUR-53-39|QUR-4-58|QUR-5-27|QUR-14-42|QUR-6-21|QUR-2-258,E-00860,VERIFIED,,,"•  কুরআন ৫৩:৩৯, ৪:৫৮, ৫:২৭, ১৪:৪২, ৬:২১, ২:২৫৮ — api.alquran.cloud, CONFIRMED (api বাংলা)।"
B1-C00861,10480,SUNNI_NARRATION,SUNNI,NAMED_SOURCE,HAD-MUSLIM-2581|HAD-MUSLIM-2581,E-00861,CONFLICT,REF-312,YES,•  «প্রকৃত নিঃস্ব কে» — সহীহ মুসলিম ২৫৮১ (খাতামতো); PAGE-CHECK।
B1-C00862,10481,SUNNI_NARRATION,SUNNI,NAMED_SOURCE,HAD-MUSLIM-2888|HAD-MUSLIM-2888,E-00862,CONFLICT,REF-313,YES,"•  «হত্যাকারী ও নিহত দুজনই আগুনে» — সহীহ বুখারী ৭০৮৩, সহীহ মুসলিম ২৮৮৮ (খাতামতো); PAGE-CHECK।"
B1-C00863,10503,ATTRIBUTION_ONLY,UNSPECIFIED,ATTRIBUTION_FORMULA,,E-00863,CONFLICT,REF-314,YES,"রাহাত পকেট থেকে নিজের টিক-খাতা বের করল। এক সপ্তাহ ধরে যা শুনেছে, টুকে রেখেছে। একটি পাতা খুলে পড়ল, প্রায় নিজেকে শুনিয়ে: “বর্ণিত আছে, রাসূলুল্লাহ ﷺ তো স্বপ্নে এমন কিছু লোককে দেখেছিলেন, যাদের মুখ আগুনের কাঁচি দিয়ে কাটা হচ্ছিল! কারণ? তারা "
B1-C00864,10511,ATTRIBUTION_ONLY,UNSPECIFIED,ATTRIBUTION_FORMULA,,E-00864,PAGE-CHECK,REF-315,,"“আর তিনজনের কথা,” বুরুল্লাহ বলল। “বর্ণিত আছে, রাসূলুল্লাহ ﷺ বলেছেন, ‘কিয়ামতের দিন তিন শ্রেণির মানুষকে বিচারকের কাঠগড়ায় দাঁড় করানো হবে এবং তাদের পরিণতি হবে ভয়াবহ। প্রথম জন—যে শহীদ হয়েছে, কিন্তু তার উদ্দেশ্য ছিল খ্যাতি। দ্বিতীয় জন—যে আলেম, কি"
B1-C00865,10551,QURAN,QURAN,QURAN_REF,QUR-61-2,E-00865,VERIFIED,,,"•  কুরআন ৬১:২–৩ — api.alquran.cloud, CONFIRMED।"
B1-C00866,10552,SUNNI_NARRATION,SUNNI,NAMED_SOURCE,HAD-MUSLIM-1905|HAD-MUSLIM-1905,E-00866,CONFLICT,REF-316,YES,"•  তিন শ্রেণি (শহীদ, আলেম, দাতা) — সহীহ মুসলিম ১৯০৫ (খাতামতো); PAGE-CHECK।"
B1-C00867,10553,SUNNI_NARRATION,SUNNI,NAMED_SOURCE,HAD-MUSLIM-2989|HAD-MUSLIM-2989,E-00867,CONFLICT,REF-317,YES,"•  জাঁতার গাধা — সহীহ বুখারী ৩২৬৭, সহীহ মুসলিম ২৯৮৯; PAGE-CHECK।"
B1-C00868,10554,SOURCE_BLOCK_NOTE,UNSPECIFIED,NARRATIVE_ONLY,,E-00868,CONFLICT,REF-318,YES,"•  আগুনের কাঁচি — মুসনাদে আহমাদ (আনাস থেকে, মিরাজ প্রসঙ্গে); PAGE-CHECK।"
B1-C00869,10634,QURAN,QURAN,QURAN_REF,QUR-99-7|QUR-2-286|QUR-18-57|QUR-58-19|QUR-41-30|QUR-23-99|QUR-2-286,E-00869,VERIFIED,,,"•  কুরআন ৯৯:৭–৮, ২:২৮৬, ১৮:৫৭, ৫৮:১৯, ৪১:৩০, ২৩:৯৯–১০০ — api.alquran.cloud, CONFIRMED (api বাংলা; ২:২৮৬-এর দোয়া-অংশ api অনুবাদ থেকে সংক্ষেপে)।"
B1-C00870,10635,SOURCE_BLOCK_NOTE,UNSPECIFIED,NARRATIVE_ONLY,,E-00870,PAGE-CHECK,,,•  «আত্মা ক্যামেরার মতো» — লেখকের নিজের খাতা।
B1-C00871,10710,ATTRIBUTION_ONLY,UNSPECIFIED,ATTRIBUTION_FORMULA,,E-00871,PAGE-CHECK,REF-319,,"“গোপন শিরক,” বুরুল্লাহ বলল। “রাসূলুল্লাহ ﷺ বলেছেন, বর্ণিত আছে, আমার উম্মতের জন্য আমি সবচেয়ে বেশি ভয় পাই ছোট শিরককে। সাহাবিরা জানতে চাইলেন, ছোট শিরক কী? বললেন, রিয়া। লোক দেখানো।”"
B1-C00872,10766,SOURCE_BLOCK_NOTE,UNSPECIFIED,NARRATIVE_ONLY,,E-00872,PAGE-CHECK,,,•  কবিতা দুটি — লেখকের নিজের খাতা থেকে।
B1-C00873,10767,SOURCE_BLOCK_NOTE,UNSPECIFIED,NARRATIVE_ONLY,,E-00873,PAGE-CHECK,REF-320,,•  ছোট শিরক = রিয়া — মুসনাদে আহমাদ (মাহমূদ ইবনে লাবীদ থেকে); PAGE-CHECK।
B1-C00874,10768,SOURCE_BLOCK_NOTE,UNSPECIFIED,NARRATIVE_ONLY,,E-00874,CONFLICT,REF-321,YES,"•  «আমি বিসমিল্লাহর বা-এর নিচের বিন্দু» — আলী (আলাইহিস্ সালাম)-এর নামে প্রচলিত; নির্ভরযোগ্য সূত্র পাওয়া যায়নি, PAGE-CHECK।"
B1-C00875,10769,SOURCE_BLOCK_NOTE,UNSPECIFIED,NARRATIVE_ONLY,,E-00875,PAGE-CHECK,REF-322,,•  চিশতীর উক্তি — খাতামতো; উৎস (দিওয়ান) PAGE-CHECK।
B1-C00876,10770,SOURCE_BLOCK_NOTE,UNSPECIFIED,NARRATIVE_ONLY,,E-00876,PAGE-CHECK,REF-323,,•  কারবালায় দাস/প্রাক্তন দাস শহীদ (যেমন জওন) ও খ্রিস্টান থেকে আসা ওয়াহাব — খাতার টীকামতো; PAGE-CHECK।
B1-C00877,10808,PROSE_ATTRIBUTION,UNSPECIFIED,NARRATIVE_ONLY,,E-00877,PAGE-CHECK,,,"“এ ক্ষেত্রে আরেকটি হাদিস উল্লেখ করা যায়। রাসূলুল্লাহ ﷺ বলেছেন, ‘যে ব্যক্তি এমন মোহরের বিনিময়ে বিয়ে করেছে, যা পরিশোধ করার নিয়ত নেই, সে ব্যক্তি ব্যভিচারী। আর যে ব্যক্তি এমন ঋণ গ্রহণ করেছে, যা পরিশোধ করার ইচ্ছা নেই, সে চোর।’ এই হাদিসে স্পষ্ট"
B1-C00878,10820,ATTRIBUTION_ONLY,UNSPECIFIED,ATTRIBUTION_FORMULA,,E-00878,PAGE-CHECK,REF-324,,"“বর্ণিত আছে, রাসূলুল্লাহ ﷺ বলেছেন,” বুরুল্লাহ বলল, “‘ইন্নামাল আ‘মালু বিন্নিয়্যাত।’ আমলসমূহ নিয়তের ওপর নির্ভরশীল। প্রতিটি ব্যক্তি তার নিয়তের ফল পাবে। সুতরাং, নিয়ত শুদ্ধ না হলে কাজও আল্লাহর কাছে গ্রহণযোগ্য হবে না। নিয়তই কর্মকে সার্থক বা ব্যর"
B1-C00879,10824,ATTRIBUTION_ONLY,UNSPECIFIED,ATTRIBUTION_FORMULA,,E-00879,PAGE-CHECK,REF-325,,"বুরুল্লাহ বুকপকেট থেকে সেই ছেঁড়া-মলাটের খাতা বের করল। শেষের দিকের একটি পাতা খুলে পড়ল: “এটাই আত্মসমালোচনার জায়গা। আর দেখো, বর্ণিত আছে, ইমাম মূসা কাযিম (আলাইহিস্ সালাম) এক হাদীসে ব্যাখ্যা করেছেন, ফেরেশতারাও মানুষের নিয়তের গন্ধ উপলব্ধি করেন।"
B1-C00880,10852,QURAN,QURAN,QURAN_REF,QUR-2-177,E-00880,VERIFIED,,,"•  কুরআন ২:১৭৭ — api.alquran.cloud, CONFIRMED (api বাংলা, অংশবিশেষ)।"
B1-C00881,10853,SUNNI_NARRATION,SUNNI,NAMED_SOURCE,HAD-MUSLIM-1907|HAD-MUSLIM-1907,E-00881,CONFLICT,REF-326,YES,"•  «ইন্নামাল আ‘মালু বিন্নিয়্যাত» — সহীহ বুখারী ১, সহীহ মুসলিম ১৯০৭ (খাতামতো); PAGE-CHECK।"
B1-C00882,10854,SUNNI_NARRATION,SUNNI,NAMED_SOURCE,SRC-al-Tabarani-1851|SRC-al-Tabarani-1851,E-00882,EDITION-LOCK,REF-327,YES,"•  মোহর ও ঋণের নিয়ত — মুসনাদে আহমাদ; তাবারানী, আল-মু‘জামুল আওসাত ১৮৫১ (খাতামতো); PAGE-CHECK।"
B1-C00883,10855,SOURCE_BLOCK_NOTE,UNSPECIFIED,NARRATIVE_ONLY,,E-00883,PAGE-CHECK,REF-328,,"•  ইমাম মূসা কাযিম (আলাইহিস্ সালাম): নিয়তের সুগন্ধ ও ফেরেশতা — আল-কাফী (কিতাবুল ঈমান ওয়াল কুফর, বাব «যে নেক কাজের ইচ্ছা করে») হিসেবে প্রচলিত; PAGE-CHECK।"
